2024-10-22T10:18:07.276+0530 [DEBUG] [org.gradle.launcher.daemon.bootstrap.DaemonMain] Assuming the daemon was started with following jvm opts: [--add-opens, java.base/java.util=ALL-UNNAMED, --add-opens, java.base/java.lang=ALL-UNNAMED, --add-opens, java.base/java.lang.invoke=ALL-UNNAMED, --add-opens, java.base/java.util=ALL-UNNAMED, --add-opens, java.prefs/java.util.prefs=ALL-UNNAMED, --add-opens, java.prefs/java.util.prefs=ALL-UNNAMED, --add-opens, java.base/java.nio.charset=ALL-UNNAMED, --add-opens, java.base/java.net=ALL-UNNAMED, --add-opens, java.base/java.util.concurrent.atomic=ALL-UNNAMED, -XX:MaxMetaspaceSize=256m, -XX:+HeapDumpOnOutOfMemoryError, -Xms256m, -Xmx512m, -Dfile.encoding=UTF-8, -Duser.country=IN, -Duser.language=en, -Duser.variant]
2024-10-22T10:18:07.912+0530 [DEBUG] [org.gradle.internal.nativeintegration.services.NativeServices] Native-platform posix files integration is not available. Continuing with fallback.
2024-10-22T10:18:07.956+0530 [INFO] [org.gradle.launcher.daemon.server.Daemon] start() called on daemon - DefaultDaemonContext[uid=e460b289-b636-4231-869f-96294793cfcf,javaHome=C:\Users\Prerana Shelke\.jdks\corretto-11.0.24,daemonRegistryDir=C:\Users\Prerana Shelke\Downloads\Android-Attendance-App-2023\daemon,pid=21848,idleTimeout=10800000,priority=NORMAL,daemonOpts=--add-opens,java.base/java.util=ALL-UNNAMED,--add-opens,java.base/java.lang=ALL-UNNAMED,--add-opens,java.base/java.lang.invoke=ALL-UNNAMED,--add-opens,java.base/java.util=ALL-UNNAMED,--add-opens,java.prefs/java.util.prefs=ALL-UNNAMED,--add-opens,java.prefs/java.util.prefs=ALL-UNNAMED,--add-opens,java.base/java.nio.charset=ALL-UNNAMED,--add-opens,java.base/java.net=ALL-UNNAMED,--add-opens,java.base/java.util.concurrent.atomic=ALL-UNNAMED,-XX:MaxMetaspaceSize=256m,-XX:+HeapDumpOnOutOfMemoryError,-Xms256m,-Xmx512m,-Dfile.encoding=UTF-8,-Duser.country=IN,-Duser.language=en,-Duser.variant]
2024-10-22T10:18:09.083+0530 [DEBUG] [org.gradle.internal.remote.internal.inet.InetAddresses] Adding IP addresses for network interface Software Loopback Interface 1
2024-10-22T10:18:09.086+0530 [DEBUG] [org.gradle.internal.remote.internal.inet.InetAddresses] Is this a loopback interface? true
2024-10-22T10:18:09.087+0530 [DEBUG] [org.gradle.internal.remote.internal.inet.InetAddresses] Adding loopback address /127.0.0.1
2024-10-22T10:18:09.088+0530 [DEBUG] [org.gradle.internal.remote.internal.inet.InetAddresses] Adding loopback address /0:0:0:0:0:0:0:1
2024-10-22T10:18:09.089+0530 [DEBUG] [org.gradle.internal.remote.internal.inet.InetAddresses] Adding IP addresses for network interface Microsoft 6to4 Adapter
2024-10-22T10:18:09.091+0530 [DEBUG] [org.gradle.internal.remote.internal.inet.InetAddresses] Is this a loopback interface? false
2024-10-22T10:18:09.091+0530 [DEBUG] [org.gradle.internal.remote.internal.inet.InetAddresses] Adding IP addresses for network interface Microsoft Wi-Fi Direct Virtual Adapter #3
2024-10-22T10:18:09.094+0530 [DEBUG] [org.gradle.internal.remote.internal.inet.InetAddresses] Is this a loopback interface? false
2024-10-22T10:18:09.095+0530 [DEBUG] [org.gradle.internal.remote.internal.inet.InetAddresses] Adding remote address /fe80:0:0:0:3b61:be13:f8e0:984f%wlan0
2024-10-22T10:18:09.095+0530 [DEBUG] [org.gradle.internal.remote.internal.inet.InetAddresses] Adding IP addresses for network interface WAN Miniport (PPPOE)
2024-10-22T10:18:09.098+0530 [DEBUG] [org.gradle.internal.remote.internal.inet.InetAddresses] Is this a loopback interface? false
2024-10-22T10:18:09.098+0530 [DEBUG] [org.gradle.internal.remote.internal.inet.InetAddresses] Adding IP addresses for network interface WAN Miniport (SSTP)
2024-10-22T10:18:09.100+0530 [DEBUG] [org.gradle.internal.remote.internal.inet.InetAddresses] Is this a loopback interface? false
2024-10-22T10:18:09.100+0530 [DEBUG] [org.gradle.internal.remote.internal.inet.InetAddresses] Adding IP addresses for network interface WAN Miniport (IP)
2024-10-22T10:18:09.102+0530 [DEBUG] [org.gradle.internal.remote.internal.inet.InetAddresses] Is this a loopback interface? false
2024-10-22T10:18:09.102+0530 [DEBUG] [org.gradle.internal.remote.internal.inet.InetAddresses] Adding IP addresses for network interface Microsoft IP-HTTPS Platform Adapter
2024-10-22T10:18:09.106+0530 [DEBUG] [org.gradle.internal.remote.internal.inet.InetAddresses] Is this a loopback interface? false
2024-10-22T10:18:09.106+0530 [DEBUG] [org.gradle.internal.remote.internal.inet.InetAddresses] Adding IP addresses for network interface WAN Miniport (Network Monitor)
2024-10-22T10:18:09.111+0530 [DEBUG] [org.gradle.internal.remote.internal.inet.InetAddresses] Is this a loopback interface? false
2024-10-22T10:18:09.111+0530 [DEBUG] [org.gradle.internal.remote.internal.inet.InetAddresses] Adding IP addresses for network interface Intel(R) Wi-Fi 6 AX201 160MHz
2024-10-22T10:18:09.114+0530 [DEBUG] [org.gradle.internal.remote.internal.inet.InetAddresses] Is this a loopback interface? false
2024-10-22T10:18:09.114+0530 [DEBUG] [org.gradle.internal.remote.internal.inet.InetAddresses] Adding remote address /172.17.1.157
2024-10-22T10:18:09.114+0530 [DEBUG] [org.gradle.internal.remote.internal.inet.InetAddresses] Adding remote address /fe80:0:0:0:737c:94ce:579f:b8ec%wlan1
2024-10-22T10:18:09.115+0530 [DEBUG] [org.gradle.internal.remote.internal.inet.InetAddresses] Adding IP addresses for network interface Microsoft Wi-Fi Direct Virtual Adapter #2
2024-10-22T10:18:09.117+0530 [DEBUG] [org.gradle.internal.remote.internal.inet.InetAddresses] Is this a loopback interface? false
2024-10-22T10:18:09.117+0530 [DEBUG] [org.gradle.internal.remote.internal.inet.InetAddresses] Adding IP addresses for network interface WAN Miniport (L2TP)
2024-10-22T10:18:09.122+0530 [DEBUG] [org.gradle.internal.remote.internal.inet.InetAddresses] Is this a loopback interface? false
2024-10-22T10:18:09.123+0530 [DEBUG] [org.gradle.internal.remote.internal.inet.InetAddresses] Adding IP addresses for network interface WAN Miniport (IKEv2)
2024-10-22T10:18:09.127+0530 [DEBUG] [org.gradle.internal.remote.internal.inet.InetAddresses] Is this a loopback interface? false
2024-10-22T10:18:09.127+0530 [DEBUG] [org.gradle.internal.remote.internal.inet.InetAddresses] Adding IP addresses for network interface WAN Miniport (IPv6)
2024-10-22T10:18:09.129+0530 [DEBUG] [org.gradle.internal.remote.internal.inet.InetAddresses] Is this a loopback interface? false
2024-10-22T10:18:09.130+0530 [DEBUG] [org.gradle.internal.remote.internal.inet.InetAddresses] Adding IP addresses for network interface Microsoft Kernel Debug Network Adapter
2024-10-22T10:18:09.133+0530 [DEBUG] [org.gradle.internal.remote.internal.inet.InetAddresses] Is this a loopback interface? false
2024-10-22T10:18:09.133+0530 [DEBUG] [org.gradle.internal.remote.internal.inet.InetAddresses] Adding IP addresses for network interface Microsoft Teredo Tunneling Adapter
2024-10-22T10:18:09.137+0530 [DEBUG] [org.gradle.internal.remote.internal.inet.InetAddresses] Is this a loopback interface? false
2024-10-22T10:18:09.138+0530 [DEBUG] [org.gradle.internal.remote.internal.inet.InetAddresses] Adding IP addresses for network interface Microsoft Wi-Fi Direct Virtual Adapter #4
2024-10-22T10:18:09.140+0530 [DEBUG] [org.gradle.internal.remote.internal.inet.InetAddresses] Is this a loopback interface? false
2024-10-22T10:18:09.141+0530 [DEBUG] [org.gradle.internal.remote.internal.inet.InetAddresses] Adding remote address /fe80:0:0:0:7015:96f7:bd45:c240%wlan3
2024-10-22T10:18:09.141+0530 [DEBUG] [org.gradle.internal.remote.internal.inet.InetAddresses] Adding IP addresses for network interface WAN Miniport (PPTP)
2024-10-22T10:18:09.144+0530 [DEBUG] [org.gradle.internal.remote.internal.inet.InetAddresses] Is this a loopback interface? false
2024-10-22T10:18:09.144+0530 [DEBUG] [org.gradle.internal.remote.internal.inet.InetAddresses] Adding IP addresses for network interface Bluetooth Device (Personal Area Network)
2024-10-22T10:18:09.147+0530 [DEBUG] [org.gradle.internal.remote.internal.inet.InetAddresses] Is this a loopback interface? false
2024-10-22T10:18:09.147+0530 [DEBUG] [org.gradle.internal.remote.internal.inet.InetAddresses] Adding IP addresses for network interface Microsoft Wi-Fi Direct Virtual Adapter
2024-10-22T10:18:09.149+0530 [DEBUG] [org.gradle.internal.remote.internal.inet.InetAddresses] Is this a loopback interface? false
2024-10-22T10:18:09.149+0530 [DEBUG] [org.gradle.internal.remote.internal.inet.InetAddresses] Adding IP addresses for network interface Intel(R) Wi-Fi 6 AX201 160MHz-WFP Native MAC Layer LightWeight Filter-0000
2024-10-22T10:18:09.152+0530 [DEBUG] [org.gradle.internal.remote.internal.inet.InetAddresses] Is this a loopback interface? false
2024-10-22T10:18:09.153+0530 [DEBUG] [org.gradle.internal.remote.internal.inet.InetAddresses] Adding IP addresses for network interface Intel(R) Wi-Fi 6 AX201 160MHz-Virtual WiFi Filter Driver-0000
2024-10-22T10:18:09.156+0530 [DEBUG] [org.gradle.internal.remote.internal.inet.InetAddresses] Is this a loopback interface? false
2024-10-22T10:18:09.156+0530 [DEBUG] [org.gradle.internal.remote.internal.inet.InetAddresses] Adding IP addresses for network interface Intel(R) Wi-Fi 6 AX201 160MHz-Native WiFi Filter Driver-0000
2024-10-22T10:18:09.159+0530 [DEBUG] [org.gradle.internal.remote.internal.inet.InetAddresses] Is this a loopback interface? false
2024-10-22T10:18:09.160+0530 [DEBUG] [org.gradle.internal.remote.internal.inet.InetAddresses] Adding IP addresses for network interface Intel(R) Wi-Fi 6 AX201 160MHz-QoS Packet Scheduler-0000
2024-10-22T10:18:09.163+0530 [DEBUG] [org.gradle.internal.remote.internal.inet.InetAddresses] Is this a loopback interface? false
2024-10-22T10:18:09.163+0530 [DEBUG] [org.gradle.internal.remote.internal.inet.InetAddresses] Adding IP addresses for network interface Intel(R) Wi-Fi 6 AX201 160MHz-WFP 802.3 MAC Layer LightWeight Filter-0000
2024-10-22T10:18:09.166+0530 [DEBUG] [org.gradle.internal.remote.internal.inet.InetAddresses] Is this a loopback interface? false
2024-10-22T10:18:09.166+0530 [DEBUG] [org.gradle.internal.remote.internal.inet.InetAddresses] Adding IP addresses for network interface Microsoft Wi-Fi Direct Virtual Adapter #4-WFP Native MAC Layer LightWeight Filter-0000
2024-10-22T10:18:09.168+0530 [DEBUG] [org.gradle.internal.remote.internal.inet.InetAddresses] Is this a loopback interface? false
2024-10-22T10:18:09.169+0530 [DEBUG] [org.gradle.internal.remote.internal.inet.InetAddresses] Adding IP addresses for network interface Microsoft Wi-Fi Direct Virtual Adapter #3-WFP Native MAC Layer LightWeight Filter-0000
2024-10-22T10:18:09.171+0530 [DEBUG] [org.gradle.internal.remote.internal.inet.InetAddresses] Is this a loopback interface? false
2024-10-22T10:18:09.171+0530 [DEBUG] [org.gradle.internal.remote.internal.inet.InetAddresses] Adding IP addresses for network interface Microsoft Wi-Fi Direct Virtual Adapter #3-Native WiFi Filter Driver-0000
2024-10-22T10:18:09.173+0530 [DEBUG] [org.gradle.internal.remote.internal.inet.InetAddresses] Is this a loopback interface? false
2024-10-22T10:18:09.174+0530 [DEBUG] [org.gradle.internal.remote.internal.inet.InetAddresses] Adding IP addresses for network interface Microsoft Wi-Fi Direct Virtual Adapter #3-QoS Packet Scheduler-0000
2024-10-22T10:18:09.177+0530 [DEBUG] [org.gradle.internal.remote.internal.inet.InetAddresses] Is this a loopback interface? false
2024-10-22T10:18:09.178+0530 [DEBUG] [org.gradle.internal.remote.internal.inet.InetAddresses] Adding IP addresses for network interface Microsoft Wi-Fi Direct Virtual Adapter #3-WFP 802.3 MAC Layer LightWeight Filter-0000
2024-10-22T10:18:09.181+0530 [DEBUG] [org.gradle.internal.remote.internal.inet.InetAddresses] Is this a loopback interface? false
2024-10-22T10:18:09.182+0530 [DEBUG] [org.gradle.internal.remote.internal.inet.InetAddresses] Adding IP addresses for network interface Microsoft Wi-Fi Direct Virtual Adapter #4-Native WiFi Filter Driver-0000
2024-10-22T10:18:09.184+0530 [DEBUG] [org.gradle.internal.remote.internal.inet.InetAddresses] Is this a loopback interface? false
2024-10-22T10:18:09.185+0530 [DEBUG] [org.gradle.internal.remote.internal.inet.InetAddresses] Adding IP addresses for network interface Microsoft Wi-Fi Direct Virtual Adapter #4-QoS Packet Scheduler-0000
2024-10-22T10:18:09.187+0530 [DEBUG] [org.gradle.internal.remote.internal.inet.InetAddresses] Is this a loopback interface? false
2024-10-22T10:18:09.188+0530 [DEBUG] [org.gradle.internal.remote.internal.inet.InetAddresses] Adding IP addresses for network interface Microsoft Wi-Fi Direct Virtual Adapter #4-WFP 802.3 MAC Layer LightWeight Filter-0000
2024-10-22T10:18:09.190+0530 [DEBUG] [org.gradle.internal.remote.internal.inet.InetAddresses] Is this a loopback interface? false
2024-10-22T10:18:09.190+0530 [DEBUG] [org.gradle.internal.remote.internal.inet.InetAddresses] Adding IP addresses for network interface WAN Miniport (IP)-WFP Native MAC Layer LightWeight Filter-0000
2024-10-22T10:18:09.192+0530 [DEBUG] [org.gradle.internal.remote.internal.inet.InetAddresses] Is this a loopback interface? false
2024-10-22T10:18:09.193+0530 [DEBUG] [org.gradle.internal.remote.internal.inet.InetAddresses] Adding IP addresses for network interface WAN Miniport (IP)-QoS Packet Scheduler-0000
2024-10-22T10:18:09.195+0530 [DEBUG] [org.gradle.internal.remote.internal.inet.InetAddresses] Is this a loopback interface? false
2024-10-22T10:18:09.195+0530 [DEBUG] [org.gradle.internal.remote.internal.inet.InetAddresses] Adding IP addresses for network interface WAN Miniport (IPv6)-WFP Native MAC Layer LightWeight Filter-0000
2024-10-22T10:18:09.197+0530 [DEBUG] [org.gradle.internal.remote.internal.inet.InetAddresses] Is this a loopback interface? false
2024-10-22T10:18:09.197+0530 [DEBUG] [org.gradle.internal.remote.internal.inet.InetAddresses] Adding IP addresses for network interface WAN Miniport (IPv6)-QoS Packet Scheduler-0000
2024-10-22T10:18:09.200+0530 [DEBUG] [org.gradle.internal.remote.internal.inet.InetAddresses] Is this a loopback interface? false
2024-10-22T10:18:09.200+0530 [DEBUG] [org.gradle.internal.remote.internal.inet.InetAddresses] Adding IP addresses for network interface WAN Miniport (Network Monitor)-WFP Native MAC Layer LightWeight Filter-0000
2024-10-22T10:18:09.203+0530 [DEBUG] [org.gradle.internal.remote.internal.inet.InetAddresses] Is this a loopback interface? false
2024-10-22T10:18:09.203+0530 [DEBUG] [org.gradle.internal.remote.internal.inet.InetAddresses] Adding IP addresses for network interface WAN Miniport (Network Monitor)-QoS Packet Scheduler-0000
2024-10-22T10:18:09.205+0530 [DEBUG] [org.gradle.internal.remote.internal.inet.InetAddresses] Is this a loopback interface? false
2024-10-22T10:18:09.209+0530 [DEBUG] [org.gradle.internal.remote.internal.inet.TcpIncomingConnector] Listening on [76474f7e-09d2-46a8-a3c1-8cec4a9515a2 port:51471, addresses:[localhost/127.0.0.1]].
2024-10-22T10:18:09.236+0530 [DEBUG] [org.gradle.launcher.daemon.server.Daemon] Daemon starting at: Tue Oct 22 10:18:09 IST 2024, with address: [76474f7e-09d2-46a8-a3c1-8cec4a9515a2 port:51471, addresses:[localhost/127.0.0.1]]
2024-10-22T10:18:09.237+0530 [INFO] [org.gradle.launcher.daemon.server.DaemonRegistryUpdater] Advertising the daemon address to the clients: [76474f7e-09d2-46a8-a3c1-8cec4a9515a2 port:51471, addresses:[localhost/127.0.0.1]]
2024-10-22T10:18:09.237+0530 [DEBUG] [org.gradle.launcher.daemon.server.DaemonRegistryUpdater] Advertised daemon context: DefaultDaemonContext[uid=e460b289-b636-4231-869f-96294793cfcf,javaHome=C:\Users\Prerana Shelke\.jdks\corretto-11.0.24,daemonRegistryDir=C:\Users\Prerana Shelke\Downloads\Android-Attendance-App-2023\daemon,pid=21848,idleTimeout=10800000,priority=NORMAL,daemonOpts=--add-opens,java.base/java.util=ALL-UNNAMED,--add-opens,java.base/java.lang=ALL-UNNAMED,--add-opens,java.base/java.lang.invoke=ALL-UNNAMED,--add-opens,java.base/java.util=ALL-UNNAMED,--add-opens,java.prefs/java.util.prefs=ALL-UNNAMED,--add-opens,java.prefs/java.util.prefs=ALL-UNNAMED,--add-opens,java.base/java.nio.charset=ALL-UNNAMED,--add-opens,java.base/java.net=ALL-UNNAMED,--add-opens,java.base/java.util.concurrent.atomic=ALL-UNNAMED,-XX:MaxMetaspaceSize=256m,-XX:+HeapDumpOnOutOfMemoryError,-Xms256m,-Xmx512m,-Dfile.encoding=UTF-8,-Duser.country=IN,-Duser.language=en,-Duser.variant]
2024-10-22T10:18:09.239+0530 [DEBUG] [org.gradle.launcher.daemon.registry.PersistentDaemonRegistry] Storing daemon address: [76474f7e-09d2-46a8-a3c1-8cec4a9515a2 port:51471, addresses:[localhost/127.0.0.1]], context: DefaultDaemonContext[uid=e460b289-b636-4231-869f-96294793cfcf,javaHome=C:\Users\Prerana Shelke\.jdks\corretto-11.0.24,daemonRegistryDir=C:\Users\Prerana Shelke\Downloads\Android-Attendance-App-2023\daemon,pid=21848,idleTimeout=10800000,priority=NORMAL,daemonOpts=--add-opens,java.base/java.util=ALL-UNNAMED,--add-opens,java.base/java.lang=ALL-UNNAMED,--add-opens,java.base/java.lang.invoke=ALL-UNNAMED,--add-opens,java.base/java.util=ALL-UNNAMED,--add-opens,java.prefs/java.util.prefs=ALL-UNNAMED,--add-opens,java.prefs/java.util.prefs=ALL-UNNAMED,--add-opens,java.base/java.nio.charset=ALL-UNNAMED,--add-opens,java.base/java.net=ALL-UNNAMED,--add-opens,java.base/java.util.concurrent.atomic=ALL-UNNAMED,-XX:MaxMetaspaceSize=256m,-XX:+HeapDumpOnOutOfMemoryError,-Xms256m,-Xmx512m,-Dfile.encoding=UTF-8,-Duser.country=IN,-Duser.language=en,-Duser.variant]
2024-10-22T10:18:09.255+0530 [DEBUG] [org.gradle.cache.internal.DefaultFileLockManager] Waiting to acquire exclusive lock on daemon addresses registry.
2024-10-22T10:18:09.265+0530 [DEBUG] [org.gradle.cache.internal.DefaultFileLockManager] Lock acquired on daemon addresses registry.
2024-10-22T10:18:09.273+0530 [DEBUG] [org.gradle.cache.internal.DefaultFileLockManager] Releasing lock on daemon addresses registry.
2024-10-22T10:18:09.274+0530 [LIFECYCLE] [org.gradle.launcher.daemon.server.Daemon] Daemon server started.
2024-10-22T10:18:09.278+0530 [DEBUG] [org.gradle.launcher.daemon.bootstrap.DaemonStartupCommunication] Completed writing the daemon greeting. Closing streams...
2024-10-22T10:18:09.286+0530 [DEBUG] [org.gradle.launcher.daemon.server.Daemon] stopOnExpiration() called on daemon
2024-10-22T10:18:09.288+0530 [DEBUG] [org.gradle.launcher.daemon.server.Daemon] awaitExpiration() called on daemon
2024-10-22T10:18:09.288+0530 [DEBUG] [org.gradle.launcher.daemon.server.DaemonStateCoordinator] daemon is running. Sleeping until state changes.
2024-10-22T10:18:09.297+0530 [DEBUG] [org.gradle.internal.remote.internal.inet.TcpIncomingConnector] Accepted connection from /127.0.0.1:51472 to /127.0.0.1:51471.
2024-10-22T10:18:09.373+0530 [DEBUG] [org.gradle.launcher.daemon.server.SynchronizedDispatchConnection] thread 20: received class org.gradle.launcher.daemon.protocol.Build
2024-10-22T10:18:09.374+0530 [DEBUG] [org.gradle.launcher.daemon.server.DefaultDaemonConnection] thread 20: Received non-IO message from client: Build{id=3c4c5c93-b3f6-4aad-a87d-ed97f86465e4, currentDir=C:\Users\Prerana Shelke\Downloads\Android-Attendance-App-2023}
2024-10-22T10:18:09.374+0530 [INFO] [org.gradle.launcher.daemon.server.DefaultIncomingConnectionHandler] Received command: Build{id=3c4c5c93-b3f6-4aad-a87d-ed97f86465e4, currentDir=C:\Users\Prerana Shelke\Downloads\Android-Attendance-App-2023}.
2024-10-22T10:18:09.375+0530 [DEBUG] [org.gradle.launcher.daemon.server.DefaultIncomingConnectionHandler] Starting executing command: Build{id=3c4c5c93-b3f6-4aad-a87d-ed97f86465e4, currentDir=C:\Users\Prerana Shelke\Downloads\Android-Attendance-App-2023} with connection: socket connection from /127.0.0.1:51471 to /127.0.0.1:51472.
2024-10-22T10:18:09.381+0530 [DEBUG] [org.gradle.launcher.daemon.server.DaemonStateCoordinator] Command execution: started DaemonCommandExecution[command = Build{id=3c4c5c93-b3f6-4aad-a87d-ed97f86465e4, currentDir=C:\Users\Prerana Shelke\Downloads\Android-Attendance-App-2023}, connection = DefaultDaemonConnection: socket connection from /127.0.0.1:51471 to /127.0.0.1:51472] after 0.0 minutes of idle
2024-10-22T10:18:09.382+0530 [INFO] [org.gradle.launcher.daemon.server.DaemonRegistryUpdater] Marking the daemon as busy, address: [76474f7e-09d2-46a8-a3c1-8cec4a9515a2 port:51471, addresses:[localhost/127.0.0.1]]
2024-10-22T10:18:09.382+0530 [DEBUG] [org.gradle.launcher.daemon.registry.PersistentDaemonRegistry] Marking busy by address: [76474f7e-09d2-46a8-a3c1-8cec4a9515a2 port:51471, addresses:[localhost/127.0.0.1]]
2024-10-22T10:18:09.384+0530 [DEBUG] [org.gradle.cache.internal.DefaultFileLockManager] Waiting to acquire exclusive lock on daemon addresses registry.
2024-10-22T10:18:09.385+0530 [DEBUG] [org.gradle.cache.internal.DefaultFileLockManager] Lock acquired on daemon addresses registry.
2024-10-22T10:18:09.389+0530 [DEBUG] [org.gradle.cache.internal.DefaultFileLockManager] Releasing lock on daemon addresses registry.
2024-10-22T10:18:09.390+0530 [DEBUG] [org.gradle.launcher.daemon.server.DaemonStateCoordinator] resetting idle timer
2024-10-22T10:18:09.390+0530 [DEBUG] [org.gradle.launcher.daemon.server.DaemonStateCoordinator] daemon is running. Sleeping until state changes.
2024-10-22T10:18:09.392+0530 [INFO] [org.gradle.launcher.daemon.server.exec.StartBuildOrRespondWithBusy] Daemon is about to start building Build{id=3c4c5c93-b3f6-4aad-a87d-ed97f86465e4, currentDir=C:\Users\Prerana Shelke\Downloads\Android-Attendance-App-2023}. Dispatching build started information...
2024-10-22T10:18:09.393+0530 [DEBUG] [org.gradle.launcher.daemon.server.SynchronizedDispatchConnection] thread 22: dispatching org.gradle.launcher.daemon.protocol.BuildStarted@12aa7e0a
2024-10-22T10:18:09.399+0530 [DEBUG] [org.gradle.launcher.daemon.server.exec.EstablishBuildEnvironment] Configuring env variables: [USERDOMAIN_ROAMINGPROFILE, IGCCSVC_DB, LOCALAPPDATA, EFC_14284, PROCESSOR_LEVEL, USERDOMAIN, LOGONSERVER, FPS_BROWSER_APP_PROFILE_STRING, SESSIONNAME, ALLUSERSPROFILE, PROCESSOR_ARCHITECTURE, PSModulePath, SystemDrive, OneDrive, APPDATA, USERNAME, ProgramFiles(x86), CommonProgramFiles, Path, FPS_BROWSER_USER_PROFILE_STRING, PyCharm, PATHEXT, DriverData, OS, OneDriveConsumer, COMPUTERNAME, PROCESSOR_REVISION, CommonProgramW6432, ComSpec, ProgramData, ProgramW6432, TEMP, HOMEPATH, SystemRoot, PROCESSOR_IDENTIFIER, HOMEDRIVE, USERPROFILE, TMP, POWERSHELL_DISTRIBUTION_CHANNEL, CommonProgramFiles(x86), ProgramFiles, PUBLIC, windir, NUMBER_OF_PROCESSORS, =::, ZES_ENABLE_SYSMAN]
2024-10-22T10:18:09.400+0530 [DEBUG] [org.gradle.launcher.daemon.server.SynchronizedDispatchConnection] thread 20: received class org.gradle.launcher.daemon.protocol.CloseInput
2024-10-22T10:18:09.400+0530 [DEBUG] [org.gradle.launcher.daemon.server.DefaultDaemonConnection] thread 20: Received IO message from client: org.gradle.launcher.daemon.protocol.CloseInput@2f3724bb
2024-10-22T10:18:09.414+0530 [DEBUG] [org.gradle.launcher.daemon.server.exec.LogToClient] About to start relaying all logs to the client via the connection.
2024-10-22T10:18:09.414+0530 [INFO] [org.gradle.launcher.daemon.server.exec.LogToClient] The client will now receive all logging from the daemon (pid: 21848). The daemon log file: C:\Users\Prerana Shelke\Downloads\Android-Attendance-App-2023\daemon\7.2\daemon-21848.out.log
2024-10-22T10:18:09.419+0530 [INFO] [org.gradle.launcher.daemon.server.exec.LogAndCheckHealth] Starting build in new daemon [memory: 512 MiB]
2024-10-22T10:18:09.422+0530 [INFO] [org.gradle.launcher.daemon.server.exec.ForwardClientInput] Closing daemon's stdin at end of input.
2024-10-22T10:18:09.423+0530 [INFO] [org.gradle.launcher.daemon.server.exec.ForwardClientInput] The daemon will no longer process any standard input.
2024-10-22T10:18:09.431+0530 [DEBUG] [org.gradle.launcher.daemon.server.exec.ExecuteBuild] The daemon has started executing the build.
2024-10-22T10:18:09.432+0530 [DEBUG] [org.gradle.launcher.daemon.server.exec.ExecuteBuild] Executing build with daemon context: DefaultDaemonContext[uid=e460b289-b636-4231-869f-96294793cfcf,javaHome=C:\Users\Prerana Shelke\.jdks\corretto-11.0.24,daemonRegistryDir=C:\Users\Prerana Shelke\Downloads\Android-Attendance-App-2023\daemon,pid=21848,idleTimeout=10800000,priority=NORMAL,daemonOpts=--add-opens,java.base/java.util=ALL-UNNAMED,--add-opens,java.base/java.lang=ALL-UNNAMED,--add-opens,java.base/java.lang.invoke=ALL-UNNAMED,--add-opens,java.base/java.util=ALL-UNNAMED,--add-opens,java.prefs/java.util.prefs=ALL-UNNAMED,--add-opens,java.prefs/java.util.prefs=ALL-UNNAMED,--add-opens,java.base/java.nio.charset=ALL-UNNAMED,--add-opens,java.base/java.net=ALL-UNNAMED,--add-opens,java.base/java.util.concurrent.atomic=ALL-UNNAMED,-XX:MaxMetaspaceSize=256m,-XX:+HeapDumpOnOutOfMemoryError,-Xms256m,-Xmx512m,-Dfile.encoding=UTF-8,-Duser.country=IN,-Duser.language=en,-Duser.variant]
AGPBI: {"kind":"warning","text":"We recommend using a newer Android Gradle plugin to use compileSdk = 33\n\nThis Android Gradle plugin (7.1.1) was tested up to compileSdk = 32\n\nThis warning can be suppressed by adding\n    android.suppressUnsupportedCompileSdk=33\nto this project's gradle.properties\n\nThe build will continue, but you are strongly encouraged to update your project to\nuse a newer Android Gradle Plugin that has been tested with compileSdk = 33","sources":[{}]}

Deprecated Gradle features were used in this build, making it incompatible with Gradle 8.0.

You can use '--warning-mode all' to show the individual deprecation warnings and determine if they come from your own scripts or plugins.

See https://docs.gradle.org/7.2/userguide/command_line_interface.html#sec:command_line_warnings

BUILD SUCCESSFUL in 27s
28 actionable tasks: 28 up-to-date
2024-10-22T10:18:31.474+0530 [DEBUG] [org.gradle.launcher.daemon.server.exec.ExecuteBuild] The daemon has finished executing the build.
2024-10-22T10:18:31.493+0530 [DEBUG] [org.gradle.launcher.daemon.server.DaemonStateCoordinator] daemon is running. Sleeping until state changes.
2024-10-22T10:18:31.493+0530 [DEBUG] [org.gradle.launcher.daemon.server.DaemonStateCoordinator] Command execution: finished waiting for DaemonCommandExecution[command = Build{id=3c4c5c93-b3f6-4aad-a87d-ed97f86465e4, currentDir=C:\Users\Prerana Shelke\Downloads\Android-Attendance-App-2023}, connection = DefaultDaemonConnection: socket connection from /127.0.0.1:51471 to /127.0.0.1:51472]. Result org.gradle.launcher.daemon.server.DaemonStateCoordinator@14d771d5 with state Busy
2024-10-22T10:18:31.494+0530 [DEBUG] [org.gradle.launcher.daemon.server.DaemonStateCoordinator] Command execution: completed DaemonCommandExecution[command = Build{id=3c4c5c93-b3f6-4aad-a87d-ed97f86465e4, currentDir=C:\Users\Prerana Shelke\Downloads\Android-Attendance-App-2023}, connection = DefaultDaemonConnection: socket connection from /127.0.0.1:51471 to /127.0.0.1:51472]
2024-10-22T10:18:31.494+0530 [DEBUG] [org.gradle.launcher.daemon.server.DaemonStateCoordinator] resetting idle timer
2024-10-22T10:18:31.494+0530 [INFO] [org.gradle.launcher.daemon.server.DaemonRegistryUpdater] Marking the daemon as idle, address: [76474f7e-09d2-46a8-a3c1-8cec4a9515a2 port:51471, addresses:[localhost/127.0.0.1]]
2024-10-22T10:18:31.494+0530 [DEBUG] [org.gradle.launcher.daemon.registry.PersistentDaemonRegistry] Marking busy by address: [76474f7e-09d2-46a8-a3c1-8cec4a9515a2 port:51471, addresses:[localhost/127.0.0.1]]
2024-10-22T10:18:31.496+0530 [DEBUG] [org.gradle.cache.internal.DefaultFileLockManager] Waiting to acquire exclusive lock on daemon addresses registry.
2024-10-22T10:18:31.497+0530 [DEBUG] [org.gradle.cache.internal.DefaultFileLockManager] Lock acquired on daemon addresses registry.
2024-10-22T10:18:31.499+0530 [DEBUG] [org.gradle.cache.internal.DefaultFileLockManager] Releasing lock on daemon addresses registry.
2024-10-22T10:18:31.500+0530 [DEBUG] [org.gradle.launcher.daemon.server.DaemonStateCoordinator] daemon is running. Sleeping until state changes.
2024-10-22T10:18:31.500+0530 [DEBUG] [org.gradle.launcher.daemon.server.exec.ReturnResult] Daemon is dispatching the build result: Success[value=org.gradle.launcher.exec.BuildActionResult@4c004fb4]
2024-10-22T10:18:31.501+0530 [DEBUG] [org.gradle.launcher.daemon.server.SynchronizedDispatchConnection] thread 19: dispatching Success[value=org.gradle.launcher.exec.BuildActionResult@4c004fb4]
2024-10-22T10:18:31.501+0530 [DEBUG] [org.gradle.launcher.daemon.server.DefaultIncomingConnectionHandler] Finishing executing command: Build{id=3c4c5c93-b3f6-4aad-a87d-ed97f86465e4, currentDir=C:\Users\Prerana Shelke\Downloads\Android-Attendance-App-2023}
2024-10-22T10:18:31.504+0530 [DEBUG] [org.gradle.launcher.daemon.server.SynchronizedDispatchConnection] thread 20: received class org.gradle.launcher.daemon.protocol.Finished
2024-10-22T10:18:31.504+0530 [DEBUG] [org.gradle.launcher.daemon.server.DefaultDaemonConnection] thread 20: Received non-IO message from client: org.gradle.launcher.daemon.protocol.Finished@628624f3
2024-10-22T10:18:31.505+0530 [DEBUG] [org.gradle.launcher.daemon.server.DefaultIncomingConnectionHandler] Received finished message: org.gradle.launcher.daemon.protocol.Finished@628624f3
2024-10-22T10:18:31.505+0530 [DEBUG] [org.gradle.launcher.daemon.server.SynchronizedDispatchConnection] thread 19: stopping connection
2024-10-22T10:18:31.506+0530 [DEBUG] [org.gradle.internal.remote.internal.inet.SocketConnection] Discarding EOFException: java.io.EOFException
2024-10-22T10:18:31.508+0530 [DEBUG] [org.gradle.launcher.daemon.server.SynchronizedDispatchConnection] thread 20: received null
2024-10-22T10:18:31.509+0530 [DEBUG] [org.gradle.launcher.daemon.server.DefaultDaemonConnection] thread 20: Received end-of-input from client.
2024-10-22T10:18:31.513+0530 [DEBUG] [org.gradle.launcher.daemon.server.SynchronizedDispatchConnection] thread 19: stopping connection
2024-10-22T10:18:32.621+0530 [DEBUG] [org.gradle.process.internal.health.memory.DefaultMemoryManager] 831603097 memory requested, 298442752 free
2024-10-22T10:18:32.621+0530 [DEBUG] [org.gradle.workers.internal.WorkerDaemonExpiration] Will attempt to release 793 of memory
2024-10-22T10:18:32.622+0530 [DEBUG] [org.gradle.process.internal.health.memory.DefaultMemoryManager] 831603097 memory requested, 0 released, 298442752 free
2024-10-22T10:18:37.456+0530 [DEBUG] [org.gradle.process.internal.health.memory.DefaultMemoryManager] 831603097 memory requested, 323436544 free
2024-10-22T10:18:37.457+0530 [DEBUG] [org.gradle.workers.internal.WorkerDaemonExpiration] Will attempt to release 793 of memory
2024-10-22T10:18:37.459+0530 [DEBUG] [org.gradle.process.internal.health.memory.DefaultMemoryManager] 831603097 memory requested, 0 released, 323436544 free
2024-10-22T10:18:39.296+0530 [DEBUG] [org.gradle.cache.internal.DefaultFileLockManager] Waiting to acquire shared lock on daemon addresses registry.
2024-10-22T10:18:39.297+0530 [DEBUG] [org.gradle.cache.internal.DefaultFileLockManager] Lock acquired on daemon addresses registry.
2024-10-22T10:18:39.298+0530 [DEBUG] [org.gradle.cache.internal.DefaultFileLockManager] Releasing lock on daemon addresses registry.
2024-10-22T10:18:39.300+0530 [DEBUG] [org.gradle.cache.internal.DefaultFileLockManager] Waiting to acquire shared lock on daemon addresses registry.
2024-10-22T10:18:39.300+0530 [DEBUG] [org.gradle.cache.internal.DefaultFileLockManager] Lock acquired on daemon addresses registry.
2024-10-22T10:18:39.301+0530 [DEBUG] [org.gradle.cache.internal.DefaultFileLockManager] Releasing lock on daemon addresses registry.
2024-10-22T10:18:42.465+0530 [DEBUG] [org.gradle.process.internal.health.memory.DefaultMemoryManager] 831603097 memory requested, 641728512 free
2024-10-22T10:18:42.466+0530 [DEBUG] [org.gradle.workers.internal.WorkerDaemonExpiration] Will attempt to release 793 of memory
2024-10-22T10:18:42.466+0530 [DEBUG] [org.gradle.process.internal.health.memory.DefaultMemoryManager] 831603097 memory requested, 0 released, 641728512 free
2024-10-22T10:18:47.477+0530 [DEBUG] [org.gradle.process.internal.health.memory.DefaultMemoryManager] 831603097 memory requested, 459898880 free
2024-10-22T10:18:47.480+0530 [DEBUG] [org.gradle.workers.internal.WorkerDaemonExpiration] Will attempt to release 793 of memory
2024-10-22T10:18:47.480+0530 [DEBUG] [org.gradle.process.internal.health.memory.DefaultMemoryManager] 831603097 memory requested, 0 released, 459898880 free
2024-10-22T10:18:49.298+0530 [DEBUG] [org.gradle.cache.internal.DefaultFileLockManager] Waiting to acquire shared lock on daemon addresses registry.
2024-10-22T10:18:49.299+0530 [DEBUG] [org.gradle.cache.internal.DefaultFileLockManager] Lock acquired on daemon addresses registry.
2024-10-22T10:18:49.302+0530 [DEBUG] [org.gradle.cache.internal.DefaultFileLockManager] Releasing lock on daemon addresses registry.
2024-10-22T10:18:49.304+0530 [DEBUG] [org.gradle.cache.internal.DefaultFileLockManager] Waiting to acquire shared lock on daemon addresses registry.
2024-10-22T10:18:49.305+0530 [DEBUG] [org.gradle.cache.internal.DefaultFileLockManager] Lock acquired on daemon addresses registry.
2024-10-22T10:18:49.305+0530 [DEBUG] [org.gradle.cache.internal.DefaultFileLockManager] Releasing lock on daemon addresses registry.
2024-10-22T10:18:49.307+0530 [DEBUG] [org.gradle.cache.internal.DefaultFileLockManager] Waiting to acquire shared lock on daemon addresses registry.
2024-10-22T10:18:49.308+0530 [DEBUG] [org.gradle.cache.internal.DefaultFileLockManager] Lock acquired on daemon addresses registry.
2024-10-22T10:18:49.309+0530 [DEBUG] [org.gradle.cache.internal.DefaultFileLockManager] Releasing lock on daemon addresses registry.
2024-10-22T10:18:52.463+0530 [DEBUG] [org.gradle.process.internal.health.memory.DefaultMemoryManager] 831603097 memory requested, 357359616 free
2024-10-22T10:18:52.463+0530 [DEBUG] [org.gradle.workers.internal.WorkerDaemonExpiration] Will attempt to release 793 of memory
2024-10-22T10:18:52.464+0530 [DEBUG] [org.gradle.process.internal.health.memory.DefaultMemoryManager] 831603097 memory requested, 0 released, 357359616 free
2024-10-22T10:18:57.467+0530 [DEBUG] [org.gradle.process.internal.health.memory.DefaultMemoryManager] 831603097 memory requested, 553422848 free
2024-10-22T10:18:57.468+0530 [DEBUG] [org.gradle.workers.internal.WorkerDaemonExpiration] Will attempt to release 793 of memory
2024-10-22T10:18:57.468+0530 [DEBUG] [org.gradle.process.internal.health.memory.DefaultMemoryManager] 831603097 memory requested, 0 released, 553422848 free
2024-10-22T10:18:59.304+0530 [DEBUG] [org.gradle.cache.internal.DefaultFileLockManager] Waiting to acquire shared lock on daemon addresses registry.
2024-10-22T10:18:59.305+0530 [DEBUG] [org.gradle.cache.internal.DefaultFileLockManager] Lock acquired on daemon addresses registry.
2024-10-22T10:18:59.306+0530 [DEBUG] [org.gradle.cache.internal.DefaultFileLockManager] Releasing lock on daemon addresses registry.
2024-10-22T10:18:59.307+0530 [DEBUG] [org.gradle.cache.internal.DefaultFileLockManager] Waiting to acquire shared lock on daemon addresses registry.
2024-10-22T10:18:59.308+0530 [DEBUG] [org.gradle.cache.internal.DefaultFileLockManager] Lock acquired on daemon addresses registry.
2024-10-22T10:18:59.308+0530 [DEBUG] [org.gradle.cache.internal.DefaultFileLockManager] Releasing lock on daemon addresses registry.
2024-10-22T10:18:59.309+0530 [DEBUG] [org.gradle.cache.internal.DefaultFileLockManager] Waiting to acquire shared lock on daemon addresses registry.
2024-10-22T10:18:59.309+0530 [DEBUG] [org.gradle.cache.internal.DefaultFileLockManager] Lock acquired on daemon addresses registry.
2024-10-22T10:18:59.310+0530 [DEBUG] [org.gradle.cache.internal.DefaultFileLockManager] Releasing lock on daemon addresses registry.
2024-10-22T10:19:02.477+0530 [DEBUG] [org.gradle.process.internal.health.memory.DefaultMemoryManager] 831603097 memory requested, 756695040 free
2024-10-22T10:19:02.477+0530 [DEBUG] [org.gradle.workers.internal.WorkerDaemonExpiration] Will attempt to release 793 of memory
2024-10-22T10:19:02.478+0530 [DEBUG] [org.gradle.process.internal.health.memory.DefaultMemoryManager] 831603097 memory requested, 0 released, 756695040 free
2024-10-22T10:19:07.458+0530 [DEBUG] [org.gradle.process.internal.health.memory.DefaultMemoryManager] 831603097 memory requested, 662884352 free
2024-10-22T10:19:07.458+0530 [DEBUG] [org.gradle.workers.internal.WorkerDaemonExpiration] Will attempt to release 793 of memory
2024-10-22T10:19:07.458+0530 [DEBUG] [org.gradle.process.internal.health.memory.DefaultMemoryManager] 831603097 memory requested, 0 released, 662884352 free
2024-10-22T10:19:09.298+0530 [DEBUG] [org.gradle.cache.internal.DefaultFileLockManager] Waiting to acquire shared lock on daemon addresses registry.
2024-10-22T10:19:09.298+0530 [DEBUG] [org.gradle.cache.internal.DefaultFileLockManager] Lock acquired on daemon addresses registry.
2024-10-22T10:19:09.299+0530 [DEBUG] [org.gradle.cache.internal.DefaultFileLockManager] Releasing lock on daemon addresses registry.
2024-10-22T10:19:09.300+0530 [DEBUG] [org.gradle.cache.internal.DefaultFileLockManager] Waiting to acquire shared lock on daemon addresses registry.
2024-10-22T10:19:09.301+0530 [DEBUG] [org.gradle.cache.internal.DefaultFileLockManager] Lock acquired on daemon addresses registry.
2024-10-22T10:19:09.302+0530 [DEBUG] [org.gradle.cache.internal.DefaultFileLockManager] Releasing lock on daemon addresses registry.
2024-10-22T10:19:09.303+0530 [DEBUG] [org.gradle.cache.internal.DefaultFileLockManager] Waiting to acquire shared lock on daemon addresses registry.
2024-10-22T10:19:09.303+0530 [DEBUG] [org.gradle.cache.internal.DefaultFileLockManager] Lock acquired on daemon addresses registry.
2024-10-22T10:19:09.304+0530 [DEBUG] [org.gradle.cache.internal.DefaultFileLockManager] Releasing lock on daemon addresses registry.
2024-10-22T10:19:12.471+0530 [DEBUG] [org.gradle.process.internal.health.memory.DefaultMemoryManager] 831603097 memory requested, 541065216 free
2024-10-22T10:19:12.471+0530 [DEBUG] [org.gradle.workers.internal.WorkerDaemonExpiration] Will attempt to release 793 of memory
2024-10-22T10:19:12.471+0530 [DEBUG] [org.gradle.process.internal.health.memory.DefaultMemoryManager] 831603097 memory requested, 0 released, 541065216 free
2024-10-22T10:19:17.462+0530 [DEBUG] [org.gradle.process.internal.health.memory.DefaultMemoryManager] 831603097 memory requested, 454447104 free
2024-10-22T10:19:17.462+0530 [DEBUG] [org.gradle.workers.internal.WorkerDaemonExpiration] Will attempt to release 793 of memory
2024-10-22T10:19:17.463+0530 [DEBUG] [org.gradle.process.internal.health.memory.DefaultMemoryManager] 831603097 memory requested, 0 released, 454447104 free
2024-10-22T10:19:19.297+0530 [DEBUG] [org.gradle.cache.internal.DefaultFileLockManager] Waiting to acquire shared lock on daemon addresses registry.
2024-10-22T10:19:19.299+0530 [DEBUG] [org.gradle.cache.internal.DefaultFileLockManager] Lock acquired on daemon addresses registry.
2024-10-22T10:19:19.300+0530 [DEBUG] [org.gradle.cache.internal.DefaultFileLockManager] Releasing lock on daemon addresses registry.
2024-10-22T10:19:19.301+0530 [DEBUG] [org.gradle.cache.internal.DefaultFileLockManager] Waiting to acquire shared lock on daemon addresses registry.
2024-10-22T10:19:19.302+0530 [DEBUG] [org.gradle.cache.internal.DefaultFileLockManager] Lock acquired on daemon addresses registry.
2024-10-22T10:19:19.302+0530 [DEBUG] [org.gradle.cache.internal.DefaultFileLockManager] Releasing lock on daemon addresses registry.
2024-10-22T10:19:19.305+0530 [DEBUG] [org.gradle.cache.internal.DefaultFileLockManager] Waiting to acquire shared lock on daemon addresses registry.
2024-10-22T10:19:19.306+0530 [DEBUG] [org.gradle.cache.internal.DefaultFileLockManager] Lock acquired on daemon addresses registry.
2024-10-22T10:19:19.308+0530 [DEBUG] [org.gradle.cache.internal.DefaultFileLockManager] Releasing lock on daemon addresses registry.
2024-10-22T10:19:22.471+0530 [DEBUG] [org.gradle.process.internal.health.memory.DefaultMemoryManager] 831603097 memory requested, 333463552 free
2024-10-22T10:19:22.471+0530 [DEBUG] [org.gradle.workers.internal.WorkerDaemonExpiration] Will attempt to release 793 of memory
2024-10-22T10:19:22.471+0530 [DEBUG] [org.gradle.process.internal.health.memory.DefaultMemoryManager] 831603097 memory requested, 0 released, 333463552 free
2024-10-22T10:19:27.470+0530 [DEBUG] [org.gradle.process.internal.health.memory.DefaultMemoryManager] 831603097 memory requested, 305623040 free
2024-10-22T10:19:27.470+0530 [DEBUG] [org.gradle.workers.internal.WorkerDaemonExpiration] Will attempt to release 793 of memory
2024-10-22T10:19:27.470+0530 [DEBUG] [org.gradle.process.internal.health.memory.DefaultMemoryManager] 831603097 memory requested, 0 released, 305623040 free
2024-10-22T10:19:29.294+0530 [DEBUG] [org.gradle.cache.internal.DefaultFileLockManager] Waiting to acquire shared lock on daemon addresses registry.
2024-10-22T10:19:29.294+0530 [DEBUG] [org.gradle.cache.internal.DefaultFileLockManager] Lock acquired on daemon addresses registry.
2024-10-22T10:19:29.295+0530 [DEBUG] [org.gradle.cache.internal.DefaultFileLockManager] Releasing lock on daemon addresses registry.
2024-10-22T10:19:29.296+0530 [DEBUG] [org.gradle.cache.internal.DefaultFileLockManager] Waiting to acquire shared lock on daemon addresses registry.
2024-10-22T10:19:29.297+0530 [DEBUG] [org.gradle.cache.internal.DefaultFileLockManager] Lock acquired on daemon addresses registry.
2024-10-22T10:19:29.298+0530 [DEBUG] [org.gradle.cache.internal.DefaultFileLockManager] Releasing lock on daemon addresses registry.
2024-10-22T10:19:29.299+0530 [DEBUG] [org.gradle.cache.internal.DefaultFileLockManager] Waiting to acquire shared lock on daemon addresses registry.
2024-10-22T10:19:29.299+0530 [DEBUG] [org.gradle.cache.internal.DefaultFileLockManager] Lock acquired on daemon addresses registry.
2024-10-22T10:19:29.300+0530 [DEBUG] [org.gradle.cache.internal.DefaultFileLockManager] Releasing lock on daemon addresses registry.
2024-10-22T10:19:32.474+0530 [DEBUG] [org.gradle.process.internal.health.memory.DefaultMemoryManager] 831603097 memory requested, 572477440 free
2024-10-22T10:19:32.474+0530 [DEBUG] [org.gradle.workers.internal.WorkerDaemonExpiration] Will attempt to release 793 of memory
2024-10-22T10:19:32.474+0530 [DEBUG] [org.gradle.process.internal.health.memory.DefaultMemoryManager] 831603097 memory requested, 0 released, 572477440 free
2024-10-22T10:19:37.466+0530 [DEBUG] [org.gradle.process.internal.health.memory.DefaultMemoryManager] 831603097 memory requested, 425627648 free
2024-10-22T10:19:37.466+0530 [DEBUG] [org.gradle.workers.internal.WorkerDaemonExpiration] Will attempt to release 793 of memory
2024-10-22T10:19:37.466+0530 [DEBUG] [org.gradle.process.internal.health.memory.DefaultMemoryManager] 831603097 memory requested, 0 released, 425627648 free
2024-10-22T10:19:39.291+0530 [DEBUG] [org.gradle.cache.internal.DefaultFileLockManager] Waiting to acquire shared lock on daemon addresses registry.
2024-10-22T10:19:39.292+0530 [DEBUG] [org.gradle.cache.internal.DefaultFileLockManager] Lock acquired on daemon addresses registry.
2024-10-22T10:19:39.293+0530 [DEBUG] [org.gradle.cache.internal.DefaultFileLockManager] Releasing lock on daemon addresses registry.
2024-10-22T10:19:39.295+0530 [DEBUG] [org.gradle.cache.internal.DefaultFileLockManager] Waiting to acquire shared lock on daemon addresses registry.
2024-10-22T10:19:39.296+0530 [DEBUG] [org.gradle.cache.internal.DefaultFileLockManager] Lock acquired on daemon addresses registry.
2024-10-22T10:19:39.296+0530 [DEBUG] [org.gradle.cache.internal.DefaultFileLockManager] Releasing lock on daemon addresses registry.
2024-10-22T10:19:39.300+0530 [DEBUG] [org.gradle.cache.internal.DefaultFileLockManager] Waiting to acquire shared lock on daemon addresses registry.
2024-10-22T10:19:39.300+0530 [DEBUG] [org.gradle.cache.internal.DefaultFileLockManager] Lock acquired on daemon addresses registry.
2024-10-22T10:19:39.301+0530 [DEBUG] [org.gradle.cache.internal.DefaultFileLockManager] Releasing lock on daemon addresses registry.
2024-10-22T10:19:42.471+0530 [DEBUG] [org.gradle.process.internal.health.memory.DefaultMemoryManager] 831603097 memory requested, 586256384 free
2024-10-22T10:19:42.472+0530 [DEBUG] [org.gradle.workers.internal.WorkerDaemonExpiration] Will attempt to release 793 of memory
2024-10-22T10:19:42.472+0530 [DEBUG] [org.gradle.process.internal.health.memory.DefaultMemoryManager] 831603097 memory requested, 0 released, 586256384 free
2024-10-22T10:19:47.459+0530 [DEBUG] [org.gradle.process.internal.health.memory.DefaultMemoryManager] 831603097 memory requested, 638734336 free
2024-10-22T10:19:47.459+0530 [DEBUG] [org.gradle.workers.internal.WorkerDaemonExpiration] Will attempt to release 793 of memory
2024-10-22T10:19:47.460+0530 [DEBUG] [org.gradle.process.internal.health.memory.DefaultMemoryManager] 831603097 memory requested, 0 released, 638734336 free
2024-10-22T10:19:49.298+0530 [DEBUG] [org.gradle.cache.internal.DefaultFileLockManager] Waiting to acquire shared lock on daemon addresses registry.
2024-10-22T10:19:49.298+0530 [DEBUG] [org.gradle.cache.internal.DefaultFileLockManager] Lock acquired on daemon addresses registry.
2024-10-22T10:19:49.299+0530 [DEBUG] [org.gradle.cache.internal.DefaultFileLockManager] Releasing lock on daemon addresses registry.
2024-10-22T10:19:49.300+0530 [DEBUG] [org.gradle.cache.internal.DefaultFileLockManager] Waiting to acquire shared lock on daemon addresses registry.
2024-10-22T10:19:49.300+0530 [DEBUG] [org.gradle.cache.internal.DefaultFileLockManager] Lock acquired on daemon addresses registry.
2024-10-22T10:19:49.301+0530 [DEBUG] [org.gradle.cache.internal.DefaultFileLockManager] Releasing lock on daemon addresses registry.
2024-10-22T10:19:49.302+0530 [DEBUG] [org.gradle.cache.internal.DefaultFileLockManager] Waiting to acquire shared lock on daemon addresses registry.
2024-10-22T10:19:49.302+0530 [DEBUG] [org.gradle.cache.internal.DefaultFileLockManager] Lock acquired on daemon addresses registry.
2024-10-22T10:19:49.303+0530 [DEBUG] [org.gradle.cache.internal.DefaultFileLockManager] Releasing lock on daemon addresses registry.
2024-10-22T10:19:52.469+0530 [DEBUG] [org.gradle.process.internal.health.memory.DefaultMemoryManager] 831603097 memory requested, 558518272 free
2024-10-22T10:19:52.469+0530 [DEBUG] [org.gradle.workers.internal.WorkerDaemonExpiration] Will attempt to release 793 of memory
2024-10-22T10:19:52.469+0530 [DEBUG] [org.gradle.process.internal.health.memory.DefaultMemoryManager] 831603097 memory requested, 0 released, 558518272 free
2024-10-22T10:19:57.456+0530 [DEBUG] [org.gradle.process.internal.health.memory.DefaultMemoryManager] 831603097 memory requested, 440410112 free
2024-10-22T10:19:57.457+0530 [DEBUG] [org.gradle.workers.internal.WorkerDaemonExpiration] Will attempt to release 793 of memory
2024-10-22T10:19:57.457+0530 [DEBUG] [org.gradle.process.internal.health.memory.DefaultMemoryManager] 831603097 memory requested, 0 released, 440410112 free
2024-10-22T10:19:59.298+0530 [DEBUG] [org.gradle.cache.internal.DefaultFileLockManager] Waiting to acquire shared lock on daemon addresses registry.
2024-10-22T10:19:59.302+0530 [DEBUG] [org.gradle.cache.internal.DefaultFileLockManager] Lock acquired on daemon addresses registry.
2024-10-22T10:19:59.303+0530 [DEBUG] [org.gradle.cache.internal.DefaultFileLockManager] Releasing lock on daemon addresses registry.
2024-10-22T10:19:59.304+0530 [DEBUG] [org.gradle.cache.internal.DefaultFileLockManager] Waiting to acquire shared lock on daemon addresses registry.
2024-10-22T10:19:59.305+0530 [DEBUG] [org.gradle.cache.internal.DefaultFileLockManager] Lock acquired on daemon addresses registry.
2024-10-22T10:19:59.306+0530 [DEBUG] [org.gradle.cache.internal.DefaultFileLockManager] Releasing lock on daemon addresses registry.
2024-10-22T10:19:59.307+0530 [DEBUG] [org.gradle.cache.internal.DefaultFileLockManager] Waiting to acquire shared lock on daemon addresses registry.
2024-10-22T10:19:59.307+0530 [DEBUG] [org.gradle.cache.internal.DefaultFileLockManager] Lock acquired on daemon addresses registry.
2024-10-22T10:19:59.308+0530 [DEBUG] [org.gradle.cache.internal.DefaultFileLockManager] Releasing lock on daemon addresses registry.
2024-10-22T10:20:02.469+0530 [DEBUG] [org.gradle.process.internal.health.memory.DefaultMemoryManager] 831603097 memory requested, 423669760 free
2024-10-22T10:20:02.469+0530 [DEBUG] [org.gradle.workers.internal.WorkerDaemonExpiration] Will attempt to release 793 of memory
2024-10-22T10:20:02.469+0530 [DEBUG] [org.gradle.process.internal.health.memory.DefaultMemoryManager] 831603097 memory requested, 0 released, 423669760 free
2024-10-22T10:20:07.462+0530 [DEBUG] [org.gradle.process.internal.health.memory.DefaultMemoryManager] 831603097 memory requested, 395980800 free
2024-10-22T10:20:07.462+0530 [DEBUG] [org.gradle.workers.internal.WorkerDaemonExpiration] Will attempt to release 793 of memory
2024-10-22T10:20:07.463+0530 [DEBUG] [org.gradle.process.internal.health.memory.DefaultMemoryManager] 831603097 memory requested, 0 released, 395980800 free
2024-10-22T10:20:09.299+0530 [DEBUG] [org.gradle.cache.internal.DefaultFileLockManager] Waiting to acquire shared lock on daemon addresses registry.
2024-10-22T10:20:09.299+0530 [DEBUG] [org.gradle.cache.internal.DefaultFileLockManager] Lock acquired on daemon addresses registry.
2024-10-22T10:20:09.300+0530 [DEBUG] [org.gradle.cache.internal.DefaultFileLockManager] Releasing lock on daemon addresses registry.
2024-10-22T10:20:09.301+0530 [DEBUG] [org.gradle.cache.internal.DefaultFileLockManager] Waiting to acquire shared lock on daemon addresses registry.
2024-10-22T10:20:09.301+0530 [DEBUG] [org.gradle.cache.internal.DefaultFileLockManager] Lock acquired on daemon addresses registry.
2024-10-22T10:20:09.302+0530 [DEBUG] [org.gradle.cache.internal.DefaultFileLockManager] Releasing lock on daemon addresses registry.
2024-10-22T10:20:09.303+0530 [DEBUG] [org.gradle.cache.internal.DefaultFileLockManager] Waiting to acquire shared lock on daemon addresses registry.
2024-10-22T10:20:09.303+0530 [DEBUG] [org.gradle.cache.internal.DefaultFileLockManager] Lock acquired on daemon addresses registry.
2024-10-22T10:20:09.303+0530 [DEBUG] [org.gradle.cache.internal.DefaultFileLockManager] Releasing lock on daemon addresses registry.
2024-10-22T10:20:12.458+0530 [DEBUG] [org.gradle.process.internal.health.memory.DefaultMemoryManager] 831603097 memory requested, 379179008 free
2024-10-22T10:20:12.459+0530 [DEBUG] [org.gradle.workers.internal.WorkerDaemonExpiration] Will attempt to release 793 of memory
2024-10-22T10:20:12.459+0530 [DEBUG] [org.gradle.process.internal.health.memory.DefaultMemoryManager] 831603097 memory requested, 0 released, 379179008 free
2024-10-22T10:20:17.469+0530 [DEBUG] [org.gradle.process.internal.health.memory.DefaultMemoryManager] 831603097 memory requested, 333369344 free
2024-10-22T10:20:17.469+0530 [DEBUG] [org.gradle.workers.internal.WorkerDaemonExpiration] Will attempt to release 793 of memory
2024-10-22T10:20:17.469+0530 [DEBUG] [org.gradle.process.internal.health.memory.DefaultMemoryManager] 831603097 memory requested, 0 released, 333369344 free
2024-10-22T10:20:19.290+0530 [DEBUG] [org.gradle.cache.internal.DefaultFileLockManager] Waiting to acquire shared lock on daemon addresses registry.
2024-10-22T10:20:19.291+0530 [DEBUG] [org.gradle.cache.internal.DefaultFileLockManager] Lock acquired on daemon addresses registry.
2024-10-22T10:20:19.292+0530 [DEBUG] [org.gradle.cache.internal.DefaultFileLockManager] Releasing lock on daemon addresses registry.
2024-10-22T10:20:19.293+0530 [DEBUG] [org.gradle.cache.internal.DefaultFileLockManager] Waiting to acquire shared lock on daemon addresses registry.
2024-10-22T10:20:19.293+0530 [DEBUG] [org.gradle.cache.internal.DefaultFileLockManager] Lock acquired on daemon addresses registry.
2024-10-22T10:20:19.294+0530 [DEBUG] [org.gradle.cache.internal.DefaultFileLockManager] Releasing lock on daemon addresses registry.
2024-10-22T10:20:19.295+0530 [DEBUG] [org.gradle.cache.internal.DefaultFileLockManager] Waiting to acquire shared lock on daemon addresses registry.
2024-10-22T10:20:19.295+0530 [DEBUG] [org.gradle.cache.internal.DefaultFileLockManager] Lock acquired on daemon addresses registry.
2024-10-22T10:20:19.296+0530 [DEBUG] [org.gradle.cache.internal.DefaultFileLockManager] Releasing lock on daemon addresses registry.
2024-10-22T10:20:22.467+0530 [DEBUG] [org.gradle.process.internal.health.memory.DefaultMemoryManager] 831603097 memory requested, 419958784 free
2024-10-22T10:20:22.467+0530 [DEBUG] [org.gradle.workers.internal.WorkerDaemonExpiration] Will attempt to release 793 of memory
2024-10-22T10:20:22.467+0530 [DEBUG] [org.gradle.process.internal.health.memory.DefaultMemoryManager] 831603097 memory requested, 0 released, 419958784 free
2024-10-22T10:20:27.466+0530 [DEBUG] [org.gradle.process.internal.health.memory.DefaultMemoryManager] 831603097 memory requested, 688238592 free
2024-10-22T10:20:27.467+0530 [DEBUG] [org.gradle.workers.internal.WorkerDaemonExpiration] Will attempt to release 793 of memory
2024-10-22T10:20:27.467+0530 [DEBUG] [org.gradle.process.internal.health.memory.DefaultMemoryManager] 831603097 memory requested, 0 released, 688238592 free
2024-10-22T10:20:29.294+0530 [DEBUG] [org.gradle.cache.internal.DefaultFileLockManager] Waiting to acquire shared lock on daemon addresses registry.
2024-10-22T10:20:29.294+0530 [DEBUG] [org.gradle.cache.internal.DefaultFileLockManager] Lock acquired on daemon addresses registry.
2024-10-22T10:20:29.294+0530 [DEBUG] [org.gradle.cache.internal.DefaultFileLockManager] Releasing lock on daemon addresses registry.
2024-10-22T10:20:29.298+0530 [DEBUG] [org.gradle.cache.internal.DefaultFileLockManager] Waiting to acquire shared lock on daemon addresses registry.
2024-10-22T10:20:29.298+0530 [DEBUG] [org.gradle.cache.internal.DefaultFileLockManager] Lock acquired on daemon addresses registry.
2024-10-22T10:20:29.299+0530 [DEBUG] [org.gradle.cache.internal.DefaultFileLockManager] Releasing lock on daemon addresses registry.
2024-10-22T10:20:29.299+0530 [DEBUG] [org.gradle.cache.internal.DefaultFileLockManager] Waiting to acquire shared lock on daemon addresses registry.
2024-10-22T10:20:29.300+0530 [DEBUG] [org.gradle.cache.internal.DefaultFileLockManager] Lock acquired on daemon addresses registry.
2024-10-22T10:20:29.300+0530 [DEBUG] [org.gradle.cache.internal.DefaultFileLockManager] Releasing lock on daemon addresses registry.
2024-10-22T10:20:32.459+0530 [DEBUG] [org.gradle.process.internal.health.memory.DefaultMemoryManager] 831603097 memory requested, 602828800 free
2024-10-22T10:20:32.459+0530 [DEBUG] [org.gradle.workers.internal.WorkerDaemonExpiration] Will attempt to release 793 of memory
2024-10-22T10:20:32.459+0530 [DEBUG] [org.gradle.process.internal.health.memory.DefaultMemoryManager] 831603097 memory requested, 0 released, 602828800 free
2024-10-22T10:20:37.462+0530 [DEBUG] [org.gradle.process.internal.health.memory.DefaultMemoryManager] 831603097 memory requested, 474877952 free
2024-10-22T10:20:37.462+0530 [DEBUG] [org.gradle.workers.internal.WorkerDaemonExpiration] Will attempt to release 793 of memory
2024-10-22T10:20:37.463+0530 [DEBUG] [org.gradle.process.internal.health.memory.DefaultMemoryManager] 831603097 memory requested, 0 released, 474877952 free
2024-10-22T10:20:39.303+0530 [DEBUG] [org.gradle.cache.internal.DefaultFileLockManager] Waiting to acquire shared lock on daemon addresses registry.
2024-10-22T10:20:39.304+0530 [DEBUG] [org.gradle.cache.internal.DefaultFileLockManager] Lock acquired on daemon addresses registry.
2024-10-22T10:20:39.305+0530 [DEBUG] [org.gradle.cache.internal.DefaultFileLockManager] Releasing lock on daemon addresses registry.
2024-10-22T10:20:39.309+0530 [DEBUG] [org.gradle.cache.internal.DefaultFileLockManager] Waiting to acquire shared lock on daemon addresses registry.
2024-10-22T10:20:39.310+0530 [DEBUG] [org.gradle.cache.internal.DefaultFileLockManager] Lock acquired on daemon addresses registry.
2024-10-22T10:20:39.311+0530 [DEBUG] [org.gradle.cache.internal.DefaultFileLockManager] Releasing lock on daemon addresses registry.
2024-10-22T10:20:39.312+0530 [DEBUG] [org.gradle.cache.internal.DefaultFileLockManager] Waiting to acquire shared lock on daemon addresses registry.
2024-10-22T10:20:39.312+0530 [DEBUG] [org.gradle.cache.internal.DefaultFileLockManager] Lock acquired on daemon addresses registry.
2024-10-22T10:20:39.313+0530 [DEBUG] [org.gradle.cache.internal.DefaultFileLockManager] Releasing lock on daemon addresses registry.
2024-10-22T10:20:42.465+0530 [DEBUG] [org.gradle.process.internal.health.memory.DefaultMemoryManager] 831603097 memory requested, 461910016 free
2024-10-22T10:20:42.465+0530 [DEBUG] [org.gradle.workers.internal.WorkerDaemonExpiration] Will attempt to release 793 of memory
2024-10-22T10:20:42.465+0530 [DEBUG] [org.gradle.process.internal.health.memory.DefaultMemoryManager] 831603097 memory requested, 0 released, 461910016 free
2024-10-22T10:20:47.468+0530 [DEBUG] [org.gradle.process.internal.health.memory.DefaultMemoryManager] 831603097 memory requested, 376995840 free
2024-10-22T10:20:47.468+0530 [DEBUG] [org.gradle.workers.internal.WorkerDaemonExpiration] Will attempt to release 793 of memory
2024-10-22T10:20:47.469+0530 [DEBUG] [org.gradle.process.internal.health.memory.DefaultMemoryManager] 831603097 memory requested, 0 released, 376995840 free
2024-10-22T10:20:49.295+0530 [DEBUG] [org.gradle.cache.internal.DefaultFileLockManager] Waiting to acquire shared lock on daemon addresses registry.
2024-10-22T10:20:49.296+0530 [DEBUG] [org.gradle.cache.internal.DefaultFileLockManager] Lock acquired on daemon addresses registry.
2024-10-22T10:20:49.297+0530 [DEBUG] [org.gradle.cache.internal.DefaultFileLockManager] Releasing lock on daemon addresses registry.
2024-10-22T10:20:49.297+0530 [DEBUG] [org.gradle.cache.internal.DefaultFileLockManager] Waiting to acquire shared lock on daemon addresses registry.
2024-10-22T10:20:49.298+0530 [DEBUG] [org.gradle.cache.internal.DefaultFileLockManager] Lock acquired on daemon addresses registry.
2024-10-22T10:20:49.298+0530 [DEBUG] [org.gradle.cache.internal.DefaultFileLockManager] Releasing lock on daemon addresses registry.
2024-10-22T10:20:49.299+0530 [DEBUG] [org.gradle.cache.internal.DefaultFileLockManager] Waiting to acquire shared lock on daemon addresses registry.
2024-10-22T10:20:49.299+0530 [DEBUG] [org.gradle.cache.internal.DefaultFileLockManager] Lock acquired on daemon addresses registry.
2024-10-22T10:20:49.299+0530 [DEBUG] [org.gradle.cache.internal.DefaultFileLockManager] Releasing lock on daemon addresses registry.
2024-10-22T10:20:52.469+0530 [DEBUG] [org.gradle.process.internal.health.memory.DefaultMemoryManager] 831603097 memory requested, 305782784 free
2024-10-22T10:20:52.469+0530 [DEBUG] [org.gradle.workers.internal.WorkerDaemonExpiration] Will attempt to release 793 of memory
2024-10-22T10:20:52.469+0530 [DEBUG] [org.gradle.process.internal.health.memory.DefaultMemoryManager] 831603097 memory requested, 0 released, 305782784 free
2024-10-22T10:20:57.470+0530 [DEBUG] [org.gradle.process.internal.health.memory.DefaultMemoryManager] 831603097 memory requested, 305393664 free
2024-10-22T10:20:57.470+0530 [DEBUG] [org.gradle.workers.internal.WorkerDaemonExpiration] Will attempt to release 793 of memory
2024-10-22T10:20:57.470+0530 [DEBUG] [org.gradle.process.internal.health.memory.DefaultMemoryManager] 831603097 memory requested, 0 released, 305393664 free
2024-10-22T10:20:59.294+0530 [DEBUG] [org.gradle.cache.internal.DefaultFileLockManager] Waiting to acquire shared lock on daemon addresses registry.
2024-10-22T10:20:59.294+0530 [DEBUG] [org.gradle.cache.internal.DefaultFileLockManager] Lock acquired on daemon addresses registry.
2024-10-22T10:20:59.295+0530 [DEBUG] [org.gradle.cache.internal.DefaultFileLockManager] Releasing lock on daemon addresses registry.
2024-10-22T10:20:59.297+0530 [DEBUG] [org.gradle.cache.internal.DefaultFileLockManager] Waiting to acquire shared lock on daemon addresses registry.
2024-10-22T10:20:59.297+0530 [DEBUG] [org.gradle.cache.internal.DefaultFileLockManager] Lock acquired on daemon addresses registry.
2024-10-22T10:20:59.298+0530 [DEBUG] [org.gradle.cache.internal.DefaultFileLockManager] Releasing lock on daemon addresses registry.
2024-10-22T10:20:59.299+0530 [DEBUG] [org.gradle.cache.internal.DefaultFileLockManager] Waiting to acquire shared lock on daemon addresses registry.
2024-10-22T10:20:59.300+0530 [DEBUG] [org.gradle.cache.internal.DefaultFileLockManager] Lock acquired on daemon addresses registry.
2024-10-22T10:20:59.301+0530 [DEBUG] [org.gradle.cache.internal.DefaultFileLockManager] Releasing lock on daemon addresses registry.
2024-10-22T10:21:02.457+0530 [DEBUG] [org.gradle.process.internal.health.memory.DefaultMemoryManager] 831603097 memory requested, 319340544 free
2024-10-22T10:21:02.457+0530 [DEBUG] [org.gradle.workers.internal.WorkerDaemonExpiration] Will attempt to release 793 of memory
2024-10-22T10:21:02.458+0530 [DEBUG] [org.gradle.process.internal.health.memory.DefaultMemoryManager] 831603097 memory requested, 0 released, 319340544 free
2024-10-22T10:21:07.461+0530 [DEBUG] [org.gradle.process.internal.health.memory.DefaultMemoryManager] 831603097 memory requested, 272211968 free
2024-10-22T10:21:07.461+0530 [DEBUG] [org.gradle.workers.internal.WorkerDaemonExpiration] Will attempt to release 793 of memory
2024-10-22T10:21:07.462+0530 [DEBUG] [org.gradle.process.internal.health.memory.DefaultMemoryManager] 831603097 memory requested, 0 released, 272211968 free
2024-10-22T10:21:09.292+0530 [DEBUG] [org.gradle.cache.internal.DefaultFileLockManager] Waiting to acquire shared lock on daemon addresses registry.
2024-10-22T10:21:09.293+0530 [DEBUG] [org.gradle.cache.internal.DefaultFileLockManager] Lock acquired on daemon addresses registry.
2024-10-22T10:21:09.294+0530 [DEBUG] [org.gradle.cache.internal.DefaultFileLockManager] Releasing lock on daemon addresses registry.
2024-10-22T10:21:09.295+0530 [DEBUG] [org.gradle.cache.internal.DefaultFileLockManager] Waiting to acquire shared lock on daemon addresses registry.
2024-10-22T10:21:09.296+0530 [DEBUG] [org.gradle.cache.internal.DefaultFileLockManager] Lock acquired on daemon addresses registry.
2024-10-22T10:21:09.296+0530 [DEBUG] [org.gradle.cache.internal.DefaultFileLockManager] Releasing lock on daemon addresses registry.
2024-10-22T10:21:09.297+0530 [DEBUG] [org.gradle.cache.internal.DefaultFileLockManager] Waiting to acquire shared lock on daemon addresses registry.
2024-10-22T10:21:09.297+0530 [DEBUG] [org.gradle.cache.internal.DefaultFileLockManager] Lock acquired on daemon addresses registry.
2024-10-22T10:21:09.297+0530 [DEBUG] [org.gradle.cache.internal.DefaultFileLockManager] Releasing lock on daemon addresses registry.
2024-10-22T10:21:12.459+0530 [DEBUG] [org.gradle.process.internal.health.memory.DefaultMemoryManager] 831603097 memory requested, 493768704 free
2024-10-22T10:21:12.459+0530 [DEBUG] [org.gradle.workers.internal.WorkerDaemonExpiration] Will attempt to release 793 of memory
2024-10-22T10:21:12.459+0530 [DEBUG] [org.gradle.process.internal.health.memory.DefaultMemoryManager] 831603097 memory requested, 0 released, 493768704 free
2024-10-22T10:21:17.468+0530 [DEBUG] [org.gradle.process.internal.health.memory.DefaultMemoryManager] 831603097 memory requested, 476241920 free
2024-10-22T10:21:17.468+0530 [DEBUG] [org.gradle.workers.internal.WorkerDaemonExpiration] Will attempt to release 793 of memory
2024-10-22T10:21:17.468+0530 [DEBUG] [org.gradle.process.internal.health.memory.DefaultMemoryManager] 831603097 memory requested, 0 released, 476241920 free
2024-10-22T10:21:19.302+0530 [DEBUG] [org.gradle.cache.internal.DefaultFileLockManager] Waiting to acquire shared lock on daemon addresses registry.
2024-10-22T10:21:19.303+0530 [DEBUG] [org.gradle.cache.internal.DefaultFileLockManager] Lock acquired on daemon addresses registry.
2024-10-22T10:21:19.303+0530 [DEBUG] [org.gradle.cache.internal.DefaultFileLockManager] Releasing lock on daemon addresses registry.
2024-10-22T10:21:19.305+0530 [DEBUG] [org.gradle.cache.internal.DefaultFileLockManager] Waiting to acquire shared lock on daemon addresses registry.
2024-10-22T10:21:19.306+0530 [DEBUG] [org.gradle.cache.internal.DefaultFileLockManager] Lock acquired on daemon addresses registry.
2024-10-22T10:21:19.307+0530 [DEBUG] [org.gradle.cache.internal.DefaultFileLockManager] Releasing lock on daemon addresses registry.
2024-10-22T10:21:19.307+0530 [DEBUG] [org.gradle.cache.internal.DefaultFileLockManager] Waiting to acquire shared lock on daemon addresses registry.
2024-10-22T10:21:19.308+0530 [DEBUG] [org.gradle.cache.internal.DefaultFileLockManager] Lock acquired on daemon addresses registry.
2024-10-22T10:21:19.309+0530 [DEBUG] [org.gradle.cache.internal.DefaultFileLockManager] Releasing lock on daemon addresses registry.
2024-10-22T10:21:22.467+0530 [DEBUG] [org.gradle.process.internal.health.memory.DefaultMemoryManager] 831603097 memory requested, 438829056 free
2024-10-22T10:21:22.467+0530 [DEBUG] [org.gradle.workers.internal.WorkerDaemonExpiration] Will attempt to release 793 of memory
2024-10-22T10:21:22.467+0530 [DEBUG] [org.gradle.process.internal.health.memory.DefaultMemoryManager] 831603097 memory requested, 0 released, 438829056 free
2024-10-22T10:21:27.455+0530 [DEBUG] [org.gradle.process.internal.health.memory.DefaultMemoryManager] 831603097 memory requested, 435032064 free
2024-10-22T10:21:27.455+0530 [DEBUG] [org.gradle.workers.internal.WorkerDaemonExpiration] Will attempt to release 793 of memory
2024-10-22T10:21:27.456+0530 [DEBUG] [org.gradle.process.internal.health.memory.DefaultMemoryManager] 831603097 memory requested, 0 released, 435032064 free
2024-10-22T10:21:29.298+0530 [DEBUG] [org.gradle.cache.internal.DefaultFileLockManager] Waiting to acquire shared lock on daemon addresses registry.
2024-10-22T10:21:29.298+0530 [DEBUG] [org.gradle.cache.internal.DefaultFileLockManager] Lock acquired on daemon addresses registry.
2024-10-22T10:21:29.298+0530 [DEBUG] [org.gradle.cache.internal.DefaultFileLockManager] Releasing lock on daemon addresses registry.
2024-10-22T10:21:29.300+0530 [DEBUG] [org.gradle.cache.internal.DefaultFileLockManager] Waiting to acquire shared lock on daemon addresses registry.
2024-10-22T10:21:29.300+0530 [DEBUG] [org.gradle.cache.internal.DefaultFileLockManager] Lock acquired on daemon addresses registry.
2024-10-22T10:21:29.301+0530 [DEBUG] [org.gradle.cache.internal.DefaultFileLockManager] Releasing lock on daemon addresses registry.
2024-10-22T10:21:29.302+0530 [DEBUG] [org.gradle.cache.internal.DefaultFileLockManager] Waiting to acquire shared lock on daemon addresses registry.
2024-10-22T10:21:29.302+0530 [DEBUG] [org.gradle.cache.internal.DefaultFileLockManager] Lock acquired on daemon addresses registry.
2024-10-22T10:21:29.303+0530 [DEBUG] [org.gradle.cache.internal.DefaultFileLockManager] Releasing lock on daemon addresses registry.
2024-10-22T10:21:32.460+0530 [DEBUG] [org.gradle.process.internal.health.memory.DefaultMemoryManager] 831603097 memory requested, 411353088 free
2024-10-22T10:21:32.460+0530 [DEBUG] [org.gradle.workers.internal.WorkerDaemonExpiration] Will attempt to release 793 of memory
2024-10-22T10:21:32.460+0530 [DEBUG] [org.gradle.process.internal.health.memory.DefaultMemoryManager] 831603097 memory requested, 0 released, 411353088 free
2024-10-22T10:21:37.462+0530 [DEBUG] [org.gradle.process.internal.health.memory.DefaultMemoryManager] 831603097 memory requested, 395468800 free
2024-10-22T10:21:37.462+0530 [DEBUG] [org.gradle.workers.internal.WorkerDaemonExpiration] Will attempt to release 793 of memory
2024-10-22T10:21:37.463+0530 [DEBUG] [org.gradle.process.internal.health.memory.DefaultMemoryManager] 831603097 memory requested, 0 released, 395468800 free
2024-10-22T10:21:39.300+0530 [DEBUG] [org.gradle.cache.internal.DefaultFileLockManager] Waiting to acquire shared lock on daemon addresses registry.
2024-10-22T10:21:39.300+0530 [DEBUG] [org.gradle.cache.internal.DefaultFileLockManager] Lock acquired on daemon addresses registry.
2024-10-22T10:21:39.301+0530 [DEBUG] [org.gradle.cache.internal.DefaultFileLockManager] Releasing lock on daemon addresses registry.
2024-10-22T10:21:39.301+0530 [DEBUG] [org.gradle.cache.internal.DefaultFileLockManager] Waiting to acquire shared lock on daemon addresses registry.
2024-10-22T10:21:39.302+0530 [DEBUG] [org.gradle.cache.internal.DefaultFileLockManager] Lock acquired on daemon addresses registry.
2024-10-22T10:21:39.302+0530 [DEBUG] [org.gradle.cache.internal.DefaultFileLockManager] Releasing lock on daemon addresses registry.
2024-10-22T10:21:39.303+0530 [DEBUG] [org.gradle.cache.internal.DefaultFileLockManager] Waiting to acquire shared lock on daemon addresses registry.
2024-10-22T10:21:39.303+0530 [DEBUG] [org.gradle.cache.internal.DefaultFileLockManager] Lock acquired on daemon addresses registry.
2024-10-22T10:21:39.304+0530 [DEBUG] [org.gradle.cache.internal.DefaultFileLockManager] Releasing lock on daemon addresses registry.
2024-10-22T10:21:42.460+0530 [DEBUG] [org.gradle.process.internal.health.memory.DefaultMemoryManager] 831603097 memory requested, 352010240 free
2024-10-22T10:21:42.460+0530 [DEBUG] [org.gradle.workers.internal.WorkerDaemonExpiration] Will attempt to release 793 of memory
2024-10-22T10:21:42.460+0530 [DEBUG] [org.gradle.process.internal.health.memory.DefaultMemoryManager] 831603097 memory requested, 0 released, 352010240 free
2024-10-22T10:21:47.458+0530 [DEBUG] [org.gradle.process.internal.health.memory.DefaultMemoryManager] 831603097 memory requested, 660025344 free
2024-10-22T10:21:47.460+0530 [DEBUG] [org.gradle.workers.internal.WorkerDaemonExpiration] Will attempt to release 793 of memory
2024-10-22T10:21:47.465+0530 [DEBUG] [org.gradle.process.internal.health.memory.DefaultMemoryManager] 831603097 memory requested, 0 released, 660025344 free
2024-10-22T10:21:49.300+0530 [DEBUG] [org.gradle.cache.internal.DefaultFileLockManager] Waiting to acquire shared lock on daemon addresses registry.
2024-10-22T10:21:49.300+0530 [DEBUG] [org.gradle.cache.internal.DefaultFileLockManager] Lock acquired on daemon addresses registry.
2024-10-22T10:21:49.301+0530 [DEBUG] [org.gradle.cache.internal.DefaultFileLockManager] Releasing lock on daemon addresses registry.
2024-10-22T10:21:49.304+0530 [DEBUG] [org.gradle.cache.internal.DefaultFileLockManager] Waiting to acquire shared lock on daemon addresses registry.
2024-10-22T10:21:49.304+0530 [DEBUG] [org.gradle.cache.internal.DefaultFileLockManager] Lock acquired on daemon addresses registry.
2024-10-22T10:21:49.305+0530 [DEBUG] [org.gradle.cache.internal.DefaultFileLockManager] Releasing lock on daemon addresses registry.
2024-10-22T10:21:49.307+0530 [DEBUG] [org.gradle.cache.internal.DefaultFileLockManager] Waiting to acquire shared lock on daemon addresses registry.
2024-10-22T10:21:49.308+0530 [DEBUG] [org.gradle.cache.internal.DefaultFileLockManager] Lock acquired on daemon addresses registry.
2024-10-22T10:21:49.310+0530 [DEBUG] [org.gradle.cache.internal.DefaultFileLockManager] Releasing lock on daemon addresses registry.
2024-10-22T10:21:52.468+0530 [DEBUG] [org.gradle.process.internal.health.memory.DefaultMemoryManager] 831603097 memory requested, 685637632 free
2024-10-22T10:21:52.469+0530 [DEBUG] [org.gradle.workers.internal.WorkerDaemonExpiration] Will attempt to release 793 of memory
2024-10-22T10:21:52.469+0530 [DEBUG] [org.gradle.process.internal.health.memory.DefaultMemoryManager] 831603097 memory requested, 0 released, 685637632 free
2024-10-22T10:21:57.466+0530 [DEBUG] [org.gradle.process.internal.health.memory.DefaultMemoryManager] 831603097 memory requested, 495824896 free
2024-10-22T10:21:57.466+0530 [DEBUG] [org.gradle.workers.internal.WorkerDaemonExpiration] Will attempt to release 793 of memory
2024-10-22T10:21:57.467+0530 [DEBUG] [org.gradle.process.internal.health.memory.DefaultMemoryManager] 831603097 memory requested, 0 released, 495824896 free
2024-10-22T10:21:59.303+0530 [DEBUG] [org.gradle.cache.internal.DefaultFileLockManager] Waiting to acquire shared lock on daemon addresses registry.
2024-10-22T10:21:59.304+0530 [DEBUG] [org.gradle.cache.internal.DefaultFileLockManager] Lock acquired on daemon addresses registry.
2024-10-22T10:21:59.304+0530 [DEBUG] [org.gradle.cache.internal.DefaultFileLockManager] Releasing lock on daemon addresses registry.
2024-10-22T10:21:59.305+0530 [DEBUG] [org.gradle.cache.internal.DefaultFileLockManager] Waiting to acquire shared lock on daemon addresses registry.
2024-10-22T10:21:59.305+0530 [DEBUG] [org.gradle.cache.internal.DefaultFileLockManager] Lock acquired on daemon addresses registry.
2024-10-22T10:21:59.305+0530 [DEBUG] [org.gradle.cache.internal.DefaultFileLockManager] Releasing lock on daemon addresses registry.
2024-10-22T10:21:59.306+0530 [DEBUG] [org.gradle.cache.internal.DefaultFileLockManager] Waiting to acquire shared lock on daemon addresses registry.
2024-10-22T10:21:59.306+0530 [DEBUG] [org.gradle.cache.internal.DefaultFileLockManager] Lock acquired on daemon addresses registry.
2024-10-22T10:21:59.307+0530 [DEBUG] [org.gradle.cache.internal.DefaultFileLockManager] Releasing lock on daemon addresses registry.
2024-10-22T10:22:02.460+0530 [DEBUG] [org.gradle.process.internal.health.memory.DefaultMemoryManager] 831603097 memory requested, 481271808 free
2024-10-22T10:22:02.460+0530 [DEBUG] [org.gradle.workers.internal.WorkerDaemonExpiration] Will attempt to release 793 of memory
2024-10-22T10:22:02.461+0530 [DEBUG] [org.gradle.process.internal.health.memory.DefaultMemoryManager] 831603097 memory requested, 0 released, 481271808 free
2024-10-22T10:22:07.457+0530 [DEBUG] [org.gradle.process.internal.health.memory.DefaultMemoryManager] 831603097 memory requested, 512577536 free
2024-10-22T10:22:07.458+0530 [DEBUG] [org.gradle.workers.internal.WorkerDaemonExpiration] Will attempt to release 793 of memory
2024-10-22T10:22:07.458+0530 [DEBUG] [org.gradle.process.internal.health.memory.DefaultMemoryManager] 831603097 memory requested, 0 released, 512577536 free
2024-10-22T10:22:09.289+0530 [DEBUG] [org.gradle.cache.internal.DefaultFileLockManager] Waiting to acquire shared lock on daemon addresses registry.
2024-10-22T10:22:09.289+0530 [DEBUG] [org.gradle.cache.internal.DefaultFileLockManager] Lock acquired on daemon addresses registry.
2024-10-22T10:22:09.290+0530 [DEBUG] [org.gradle.cache.internal.DefaultFileLockManager] Releasing lock on daemon addresses registry.
2024-10-22T10:22:09.290+0530 [DEBUG] [org.gradle.cache.internal.DefaultFileLockManager] Waiting to acquire shared lock on daemon addresses registry.
2024-10-22T10:22:09.290+0530 [DEBUG] [org.gradle.cache.internal.DefaultFileLockManager] Lock acquired on daemon addresses registry.
2024-10-22T10:22:09.291+0530 [DEBUG] [org.gradle.cache.internal.DefaultFileLockManager] Releasing lock on daemon addresses registry.
2024-10-22T10:22:09.291+0530 [DEBUG] [org.gradle.cache.internal.DefaultFileLockManager] Waiting to acquire shared lock on daemon addresses registry.
2024-10-22T10:22:09.291+0530 [DEBUG] [org.gradle.cache.internal.DefaultFileLockManager] Lock acquired on daemon addresses registry.
2024-10-22T10:22:09.292+0530 [DEBUG] [org.gradle.cache.internal.DefaultFileLockManager] Releasing lock on daemon addresses registry.
2024-10-22T10:22:12.462+0530 [DEBUG] [org.gradle.process.internal.health.memory.DefaultMemoryManager] 831603097 memory requested, 515989504 free
2024-10-22T10:22:12.462+0530 [DEBUG] [org.gradle.workers.internal.WorkerDaemonExpiration] Will attempt to release 793 of memory
2024-10-22T10:22:12.462+0530 [DEBUG] [org.gradle.process.internal.health.memory.DefaultMemoryManager] 831603097 memory requested, 0 released, 515989504 free
2024-10-22T10:22:17.468+0530 [DEBUG] [org.gradle.process.internal.health.memory.DefaultMemoryManager] 831603097 memory requested, 465371136 free
2024-10-22T10:22:17.469+0530 [DEBUG] [org.gradle.workers.internal.WorkerDaemonExpiration] Will attempt to release 793 of memory
2024-10-22T10:22:17.469+0530 [DEBUG] [org.gradle.process.internal.health.memory.DefaultMemoryManager] 831603097 memory requested, 0 released, 465371136 free
2024-10-22T10:22:19.295+0530 [DEBUG] [org.gradle.cache.internal.DefaultFileLockManager] Waiting to acquire shared lock on daemon addresses registry.
2024-10-22T10:22:19.295+0530 [DEBUG] [org.gradle.cache.internal.DefaultFileLockManager] Lock acquired on daemon addresses registry.
2024-10-22T10:22:19.296+0530 [DEBUG] [org.gradle.cache.internal.DefaultFileLockManager] Releasing lock on daemon addresses registry.
2024-10-22T10:22:19.297+0530 [DEBUG] [org.gradle.cache.internal.DefaultFileLockManager] Waiting to acquire shared lock on daemon addresses registry.
2024-10-22T10:22:19.297+0530 [DEBUG] [org.gradle.cache.internal.DefaultFileLockManager] Lock acquired on daemon addresses registry.
2024-10-22T10:22:19.298+0530 [DEBUG] [org.gradle.cache.internal.DefaultFileLockManager] Releasing lock on daemon addresses registry.
2024-10-22T10:22:19.299+0530 [DEBUG] [org.gradle.cache.internal.DefaultFileLockManager] Waiting to acquire shared lock on daemon addresses registry.
2024-10-22T10:22:19.299+0530 [DEBUG] [org.gradle.cache.internal.DefaultFileLockManager] Lock acquired on daemon addresses registry.
2024-10-22T10:22:19.300+0530 [DEBUG] [org.gradle.cache.internal.DefaultFileLockManager] Releasing lock on daemon addresses registry.
2024-10-22T10:22:22.471+0530 [DEBUG] [org.gradle.process.internal.health.memory.DefaultMemoryManager] 831603097 memory requested, 465199104 free
2024-10-22T10:22:22.471+0530 [DEBUG] [org.gradle.workers.internal.WorkerDaemonExpiration] Will attempt to release 793 of memory
2024-10-22T10:22:22.471+0530 [DEBUG] [org.gradle.process.internal.health.memory.DefaultMemoryManager] 831603097 memory requested, 0 released, 465199104 free
2024-10-22T10:22:27.464+0530 [DEBUG] [org.gradle.process.internal.health.memory.DefaultMemoryManager] 831603097 memory requested, 652718080 free
2024-10-22T10:22:27.465+0530 [DEBUG] [org.gradle.workers.internal.WorkerDaemonExpiration] Will attempt to release 793 of memory
2024-10-22T10:22:27.465+0530 [DEBUG] [org.gradle.process.internal.health.memory.DefaultMemoryManager] 831603097 memory requested, 0 released, 652718080 free
2024-10-22T10:22:29.305+0530 [DEBUG] [org.gradle.cache.internal.DefaultFileLockManager] Waiting to acquire shared lock on daemon addresses registry.
2024-10-22T10:22:29.306+0530 [DEBUG] [org.gradle.cache.internal.DefaultFileLockManager] Lock acquired on daemon addresses registry.
2024-10-22T10:22:29.306+0530 [DEBUG] [org.gradle.cache.internal.DefaultFileLockManager] Releasing lock on daemon addresses registry.
2024-10-22T10:22:29.307+0530 [DEBUG] [org.gradle.cache.internal.DefaultFileLockManager] Waiting to acquire shared lock on daemon addresses registry.
2024-10-22T10:22:29.307+0530 [DEBUG] [org.gradle.cache.internal.DefaultFileLockManager] Lock acquired on daemon addresses registry.
2024-10-22T10:22:29.307+0530 [DEBUG] [org.gradle.cache.internal.DefaultFileLockManager] Releasing lock on daemon addresses registry.
2024-10-22T10:22:29.308+0530 [DEBUG] [org.gradle.cache.internal.DefaultFileLockManager] Waiting to acquire shared lock on daemon addresses registry.
2024-10-22T10:22:29.308+0530 [DEBUG] [org.gradle.cache.internal.DefaultFileLockManager] Lock acquired on daemon addresses registry.
2024-10-22T10:22:29.309+0530 [DEBUG] [org.gradle.cache.internal.DefaultFileLockManager] Releasing lock on daemon addresses registry.
2024-10-22T10:22:32.463+0530 [DEBUG] [org.gradle.process.internal.health.memory.DefaultMemoryManager] 831603097 memory requested, 606121984 free
2024-10-22T10:22:32.464+0530 [DEBUG] [org.gradle.workers.internal.WorkerDaemonExpiration] Will attempt to release 793 of memory
2024-10-22T10:22:32.464+0530 [DEBUG] [org.gradle.process.internal.health.memory.DefaultMemoryManager] 831603097 memory requested, 0 released, 606121984 free
2024-10-22T10:22:37.470+0530 [DEBUG] [org.gradle.process.internal.health.memory.DefaultMemoryManager] 831603097 memory requested, 574377984 free
2024-10-22T10:22:37.470+0530 [DEBUG] [org.gradle.workers.internal.WorkerDaemonExpiration] Will attempt to release 793 of memory
2024-10-22T10:22:37.471+0530 [DEBUG] [org.gradle.process.internal.health.memory.DefaultMemoryManager] 831603097 memory requested, 0 released, 574377984 free
2024-10-22T10:22:39.304+0530 [DEBUG] [org.gradle.cache.internal.DefaultFileLockManager] Waiting to acquire shared lock on daemon addresses registry.
2024-10-22T10:22:39.304+0530 [DEBUG] [org.gradle.cache.internal.DefaultFileLockManager] Lock acquired on daemon addresses registry.
2024-10-22T10:22:39.304+0530 [DEBUG] [org.gradle.cache.internal.DefaultFileLockManager] Releasing lock on daemon addresses registry.
2024-10-22T10:22:39.307+0530 [DEBUG] [org.gradle.cache.internal.DefaultFileLockManager] Waiting to acquire shared lock on daemon addresses registry.
2024-10-22T10:22:39.307+0530 [DEBUG] [org.gradle.cache.internal.DefaultFileLockManager] Lock acquired on daemon addresses registry.
2024-10-22T10:22:39.307+0530 [DEBUG] [org.gradle.cache.internal.DefaultFileLockManager] Releasing lock on daemon addresses registry.
2024-10-22T10:22:39.308+0530 [DEBUG] [org.gradle.cache.internal.DefaultFileLockManager] Waiting to acquire shared lock on daemon addresses registry.
2024-10-22T10:22:39.308+0530 [DEBUG] [org.gradle.cache.internal.DefaultFileLockManager] Lock acquired on daemon addresses registry.
2024-10-22T10:22:39.309+0530 [DEBUG] [org.gradle.cache.internal.DefaultFileLockManager] Releasing lock on daemon addresses registry.
2024-10-22T10:22:42.468+0530 [DEBUG] [org.gradle.process.internal.health.memory.DefaultMemoryManager] 831603097 memory requested, 560799744 free
2024-10-22T10:22:42.468+0530 [DEBUG] [org.gradle.workers.internal.WorkerDaemonExpiration] Will attempt to release 793 of memory
2024-10-22T10:22:42.468+0530 [DEBUG] [org.gradle.process.internal.health.memory.DefaultMemoryManager] 831603097 memory requested, 0 released, 560799744 free
2024-10-22T10:22:47.469+0530 [DEBUG] [org.gradle.process.internal.health.memory.DefaultMemoryManager] 831603097 memory requested, 562044928 free
2024-10-22T10:22:47.469+0530 [DEBUG] [org.gradle.workers.internal.WorkerDaemonExpiration] Will attempt to release 793 of memory
2024-10-22T10:22:47.469+0530 [DEBUG] [org.gradle.process.internal.health.memory.DefaultMemoryManager] 831603097 memory requested, 0 released, 562044928 free
2024-10-22T10:22:49.293+0530 [DEBUG] [org.gradle.cache.internal.DefaultFileLockManager] Waiting to acquire shared lock on daemon addresses registry.
2024-10-22T10:22:49.293+0530 [DEBUG] [org.gradle.cache.internal.DefaultFileLockManager] Lock acquired on daemon addresses registry.
2024-10-22T10:22:49.294+0530 [DEBUG] [org.gradle.cache.internal.DefaultFileLockManager] Releasing lock on daemon addresses registry.
2024-10-22T10:22:49.296+0530 [DEBUG] [org.gradle.cache.internal.DefaultFileLockManager] Waiting to acquire shared lock on daemon addresses registry.
2024-10-22T10:22:49.296+0530 [DEBUG] [org.gradle.cache.internal.DefaultFileLockManager] Lock acquired on daemon addresses registry.
2024-10-22T10:22:49.296+0530 [DEBUG] [org.gradle.cache.internal.DefaultFileLockManager] Releasing lock on daemon addresses registry.
2024-10-22T10:22:49.297+0530 [DEBUG] [org.gradle.cache.internal.DefaultFileLockManager] Waiting to acquire shared lock on daemon addresses registry.
2024-10-22T10:22:49.297+0530 [DEBUG] [org.gradle.cache.internal.DefaultFileLockManager] Lock acquired on daemon addresses registry.
2024-10-22T10:22:49.297+0530 [DEBUG] [org.gradle.cache.internal.DefaultFileLockManager] Releasing lock on daemon addresses registry.
2024-10-22T10:22:52.460+0530 [DEBUG] [org.gradle.process.internal.health.memory.DefaultMemoryManager] 831603097 memory requested, 553664512 free
2024-10-22T10:22:52.460+0530 [DEBUG] [org.gradle.workers.internal.WorkerDaemonExpiration] Will attempt to release 793 of memory
2024-10-22T10:22:52.460+0530 [DEBUG] [org.gradle.process.internal.health.memory.DefaultMemoryManager] 831603097 memory requested, 0 released, 553664512 free
2024-10-22T10:22:57.462+0530 [DEBUG] [org.gradle.process.internal.health.memory.DefaultMemoryManager] 831603097 memory requested, 552128512 free
2024-10-22T10:22:57.462+0530 [DEBUG] [org.gradle.workers.internal.WorkerDaemonExpiration] Will attempt to release 793 of memory
2024-10-22T10:22:57.462+0530 [DEBUG] [org.gradle.process.internal.health.memory.DefaultMemoryManager] 831603097 memory requested, 0 released, 552128512 free
2024-10-22T10:22:59.295+0530 [DEBUG] [org.gradle.cache.internal.DefaultFileLockManager] Waiting to acquire shared lock on daemon addresses registry.
2024-10-22T10:22:59.295+0530 [DEBUG] [org.gradle.cache.internal.DefaultFileLockManager] Lock acquired on daemon addresses registry.
2024-10-22T10:22:59.295+0530 [DEBUG] [org.gradle.cache.internal.DefaultFileLockManager] Releasing lock on daemon addresses registry.
2024-10-22T10:22:59.296+0530 [DEBUG] [org.gradle.cache.internal.DefaultFileLockManager] Waiting to acquire shared lock on daemon addresses registry.
2024-10-22T10:22:59.296+0530 [DEBUG] [org.gradle.cache.internal.DefaultFileLockManager] Lock acquired on daemon addresses registry.
2024-10-22T10:22:59.296+0530 [DEBUG] [org.gradle.cache.internal.DefaultFileLockManager] Releasing lock on daemon addresses registry.
2024-10-22T10:22:59.296+0530 [DEBUG] [org.gradle.cache.internal.DefaultFileLockManager] Waiting to acquire shared lock on daemon addresses registry.
2024-10-22T10:22:59.297+0530 [DEBUG] [org.gradle.cache.internal.DefaultFileLockManager] Lock acquired on daemon addresses registry.
2024-10-22T10:22:59.298+0530 [DEBUG] [org.gradle.cache.internal.DefaultFileLockManager] Releasing lock on daemon addresses registry.
2024-10-22T10:23:02.460+0530 [DEBUG] [org.gradle.process.internal.health.memory.DefaultMemoryManager] 831603097 memory requested, 525074432 free
2024-10-22T10:23:02.460+0530 [DEBUG] [org.gradle.workers.internal.WorkerDaemonExpiration] Will attempt to release 793 of memory
2024-10-22T10:23:02.460+0530 [DEBUG] [org.gradle.process.internal.health.memory.DefaultMemoryManager] 831603097 memory requested, 0 released, 525074432 free
2024-10-22T10:23:07.456+0530 [DEBUG] [org.gradle.process.internal.health.memory.DefaultMemoryManager] 831603097 memory requested, 468226048 free
2024-10-22T10:23:07.456+0530 [DEBUG] [org.gradle.workers.internal.WorkerDaemonExpiration] Will attempt to release 793 of memory
2024-10-22T10:23:07.456+0530 [DEBUG] [org.gradle.process.internal.health.memory.DefaultMemoryManager] 831603097 memory requested, 0 released, 468226048 free
2024-10-22T10:23:09.297+0530 [DEBUG] [org.gradle.cache.internal.DefaultFileLockManager] Waiting to acquire shared lock on daemon addresses registry.
2024-10-22T10:23:09.298+0530 [DEBUG] [org.gradle.cache.internal.DefaultFileLockManager] Lock acquired on daemon addresses registry.
2024-10-22T10:23:09.298+0530 [DEBUG] [org.gradle.cache.internal.DefaultFileLockManager] Releasing lock on daemon addresses registry.
2024-10-22T10:23:09.299+0530 [DEBUG] [org.gradle.cache.internal.DefaultFileLockManager] Waiting to acquire shared lock on daemon addresses registry.
2024-10-22T10:23:09.299+0530 [DEBUG] [org.gradle.cache.internal.DefaultFileLockManager] Lock acquired on daemon addresses registry.
2024-10-22T10:23:09.300+0530 [DEBUG] [org.gradle.cache.internal.DefaultFileLockManager] Releasing lock on daemon addresses registry.
2024-10-22T10:23:09.302+0530 [DEBUG] [org.gradle.cache.internal.DefaultFileLockManager] Waiting to acquire shared lock on daemon addresses registry.
2024-10-22T10:23:09.303+0530 [DEBUG] [org.gradle.cache.internal.DefaultFileLockManager] Lock acquired on daemon addresses registry.
2024-10-22T10:23:09.303+0530 [DEBUG] [org.gradle.cache.internal.DefaultFileLockManager] Releasing lock on daemon addresses registry.
2024-10-22T10:23:12.467+0530 [DEBUG] [org.gradle.process.internal.health.memory.DefaultMemoryManager] 831603097 memory requested, 506060800 free
2024-10-22T10:23:12.467+0530 [DEBUG] [org.gradle.workers.internal.WorkerDaemonExpiration] Will attempt to release 793 of memory
2024-10-22T10:23:12.467+0530 [DEBUG] [org.gradle.process.internal.health.memory.DefaultMemoryManager] 831603097 memory requested, 0 released, 506060800 free
2024-10-22T10:23:17.464+0530 [DEBUG] [org.gradle.process.internal.health.memory.DefaultMemoryManager] 831603097 memory requested, 444727296 free
2024-10-22T10:23:17.464+0530 [DEBUG] [org.gradle.workers.internal.WorkerDaemonExpiration] Will attempt to release 793 of memory
2024-10-22T10:23:17.464+0530 [DEBUG] [org.gradle.process.internal.health.memory.DefaultMemoryManager] 831603097 memory requested, 0 released, 444727296 free
2024-10-22T10:23:19.290+0530 [DEBUG] [org.gradle.cache.internal.DefaultFileLockManager] Waiting to acquire shared lock on daemon addresses registry.
2024-10-22T10:23:19.290+0530 [DEBUG] [org.gradle.cache.internal.DefaultFileLockManager] Lock acquired on daemon addresses registry.
2024-10-22T10:23:19.290+0530 [DEBUG] [org.gradle.cache.internal.DefaultFileLockManager] Releasing lock on daemon addresses registry.
2024-10-22T10:23:19.291+0530 [DEBUG] [org.gradle.cache.internal.DefaultFileLockManager] Waiting to acquire shared lock on daemon addresses registry.
2024-10-22T10:23:19.291+0530 [DEBUG] [org.gradle.cache.internal.DefaultFileLockManager] Lock acquired on daemon addresses registry.
2024-10-22T10:23:19.292+0530 [DEBUG] [org.gradle.cache.internal.DefaultFileLockManager] Releasing lock on daemon addresses registry.
2024-10-22T10:23:19.292+0530 [DEBUG] [org.gradle.cache.internal.DefaultFileLockManager] Waiting to acquire shared lock on daemon addresses registry.
2024-10-22T10:23:19.293+0530 [DEBUG] [org.gradle.cache.internal.DefaultFileLockManager] Lock acquired on daemon addresses registry.
2024-10-22T10:23:19.293+0530 [DEBUG] [org.gradle.cache.internal.DefaultFileLockManager] Releasing lock on daemon addresses registry.
2024-10-22T10:23:22.457+0530 [DEBUG] [org.gradle.process.internal.health.memory.DefaultMemoryManager] 831603097 memory requested, 411308032 free
2024-10-22T10:23:22.457+0530 [DEBUG] [org.gradle.workers.internal.WorkerDaemonExpiration] Will attempt to release 793 of memory
2024-10-22T10:23:22.457+0530 [DEBUG] [org.gradle.process.internal.health.memory.DefaultMemoryManager] 831603097 memory requested, 0 released, 411308032 free
2024-10-22T10:23:27.469+0530 [DEBUG] [org.gradle.process.internal.health.memory.DefaultMemoryManager] 831603097 memory requested, 393867264 free
2024-10-22T10:23:27.469+0530 [DEBUG] [org.gradle.workers.internal.WorkerDaemonExpiration] Will attempt to release 793 of memory
2024-10-22T10:23:27.469+0530 [DEBUG] [org.gradle.process.internal.health.memory.DefaultMemoryManager] 831603097 memory requested, 0 released, 393867264 free
2024-10-22T10:23:29.299+0530 [DEBUG] [org.gradle.cache.internal.DefaultFileLockManager] Waiting to acquire shared lock on daemon addresses registry.
2024-10-22T10:23:29.299+0530 [DEBUG] [org.gradle.cache.internal.DefaultFileLockManager] Lock acquired on daemon addresses registry.
2024-10-22T10:23:29.300+0530 [DEBUG] [org.gradle.cache.internal.DefaultFileLockManager] Releasing lock on daemon addresses registry.
2024-10-22T10:23:29.301+0530 [DEBUG] [org.gradle.cache.internal.DefaultFileLockManager] Waiting to acquire shared lock on daemon addresses registry.
2024-10-22T10:23:29.301+0530 [DEBUG] [org.gradle.cache.internal.DefaultFileLockManager] Lock acquired on daemon addresses registry.
2024-10-22T10:23:29.302+0530 [DEBUG] [org.gradle.cache.internal.DefaultFileLockManager] Releasing lock on daemon addresses registry.
2024-10-22T10:23:29.302+0530 [DEBUG] [org.gradle.cache.internal.DefaultFileLockManager] Waiting to acquire shared lock on daemon addresses registry.
2024-10-22T10:23:29.302+0530 [DEBUG] [org.gradle.cache.internal.DefaultFileLockManager] Lock acquired on daemon addresses registry.
2024-10-22T10:23:29.303+0530 [DEBUG] [org.gradle.cache.internal.DefaultFileLockManager] Releasing lock on daemon addresses registry.
2024-10-22T10:23:32.464+0530 [DEBUG] [org.gradle.process.internal.health.memory.DefaultMemoryManager] 831603097 memory requested, 427769856 free
2024-10-22T10:23:32.464+0530 [DEBUG] [org.gradle.workers.internal.WorkerDaemonExpiration] Will attempt to release 793 of memory
2024-10-22T10:23:32.464+0530 [DEBUG] [org.gradle.process.internal.health.memory.DefaultMemoryManager] 831603097 memory requested, 0 released, 427769856 free
2024-10-22T10:23:37.461+0530 [DEBUG] [org.gradle.process.internal.health.memory.DefaultMemoryManager] 831603097 memory requested, 423755776 free
2024-10-22T10:23:37.461+0530 [DEBUG] [org.gradle.workers.internal.WorkerDaemonExpiration] Will attempt to release 793 of memory
2024-10-22T10:23:37.461+0530 [DEBUG] [org.gradle.process.internal.health.memory.DefaultMemoryManager] 831603097 memory requested, 0 released, 423755776 free
2024-10-22T10:23:39.298+0530 [DEBUG] [org.gradle.cache.internal.DefaultFileLockManager] Waiting to acquire shared lock on daemon addresses registry.
2024-10-22T10:23:39.298+0530 [DEBUG] [org.gradle.cache.internal.DefaultFileLockManager] Lock acquired on daemon addresses registry.
2024-10-22T10:23:39.299+0530 [DEBUG] [org.gradle.cache.internal.DefaultFileLockManager] Releasing lock on daemon addresses registry.
2024-10-22T10:23:39.299+0530 [DEBUG] [org.gradle.cache.internal.DefaultFileLockManager] Waiting to acquire shared lock on daemon addresses registry.
2024-10-22T10:23:39.299+0530 [DEBUG] [org.gradle.cache.internal.DefaultFileLockManager] Lock acquired on daemon addresses registry.
2024-10-22T10:23:39.300+0530 [DEBUG] [org.gradle.cache.internal.DefaultFileLockManager] Releasing lock on daemon addresses registry.
2024-10-22T10:23:39.300+0530 [DEBUG] [org.gradle.cache.internal.DefaultFileLockManager] Waiting to acquire shared lock on daemon addresses registry.
2024-10-22T10:23:39.300+0530 [DEBUG] [org.gradle.cache.internal.DefaultFileLockManager] Lock acquired on daemon addresses registry.
2024-10-22T10:23:39.301+0530 [DEBUG] [org.gradle.cache.internal.DefaultFileLockManager] Releasing lock on daemon addresses registry.
2024-10-22T10:23:42.468+0530 [DEBUG] [org.gradle.process.internal.health.memory.DefaultMemoryManager] 831603097 memory requested, 410066944 free
2024-10-22T10:23:42.468+0530 [DEBUG] [org.gradle.workers.internal.WorkerDaemonExpiration] Will attempt to release 793 of memory
2024-10-22T10:23:42.468+0530 [DEBUG] [org.gradle.process.internal.health.memory.DefaultMemoryManager] 831603097 memory requested, 0 released, 410066944 free
2024-10-22T10:23:47.458+0530 [DEBUG] [org.gradle.process.internal.health.memory.DefaultMemoryManager] 831603097 memory requested, 419504128 free
2024-10-22T10:23:47.458+0530 [DEBUG] [org.gradle.workers.internal.WorkerDaemonExpiration] Will attempt to release 793 of memory
2024-10-22T10:23:47.458+0530 [DEBUG] [org.gradle.process.internal.health.memory.DefaultMemoryManager] 831603097 memory requested, 0 released, 419504128 free
2024-10-22T10:23:49.300+0530 [DEBUG] [org.gradle.cache.internal.DefaultFileLockManager] Waiting to acquire shared lock on daemon addresses registry.
2024-10-22T10:23:49.300+0530 [DEBUG] [org.gradle.cache.internal.DefaultFileLockManager] Lock acquired on daemon addresses registry.
2024-10-22T10:23:49.301+0530 [DEBUG] [org.gradle.cache.internal.DefaultFileLockManager] Releasing lock on daemon addresses registry.
2024-10-22T10:23:49.302+0530 [DEBUG] [org.gradle.cache.internal.DefaultFileLockManager] Waiting to acquire shared lock on daemon addresses registry.
2024-10-22T10:23:49.302+0530 [DEBUG] [org.gradle.cache.internal.DefaultFileLockManager] Lock acquired on daemon addresses registry.
2024-10-22T10:23:49.302+0530 [DEBUG] [org.gradle.cache.internal.DefaultFileLockManager] Releasing lock on daemon addresses registry.
2024-10-22T10:23:49.302+0530 [DEBUG] [org.gradle.cache.internal.DefaultFileLockManager] Waiting to acquire shared lock on daemon addresses registry.
2024-10-22T10:23:49.303+0530 [DEBUG] [org.gradle.cache.internal.DefaultFileLockManager] Lock acquired on daemon addresses registry.
2024-10-22T10:23:49.303+0530 [DEBUG] [org.gradle.cache.internal.DefaultFileLockManager] Releasing lock on daemon addresses registry.
2024-10-22T10:23:52.470+0530 [DEBUG] [org.gradle.process.internal.health.memory.DefaultMemoryManager] 831603097 memory requested, 430383104 free
2024-10-22T10:23:52.470+0530 [DEBUG] [org.gradle.workers.internal.WorkerDaemonExpiration] Will attempt to release 793 of memory
2024-10-22T10:23:52.470+0530 [DEBUG] [org.gradle.process.internal.health.memory.DefaultMemoryManager] 831603097 memory requested, 0 released, 430383104 free
2024-10-22T10:23:57.457+0530 [DEBUG] [org.gradle.process.internal.health.memory.DefaultMemoryManager] 831603097 memory requested, 422977536 free
2024-10-22T10:23:57.457+0530 [DEBUG] [org.gradle.workers.internal.WorkerDaemonExpiration] Will attempt to release 793 of memory
2024-10-22T10:23:57.457+0530 [DEBUG] [org.gradle.process.internal.health.memory.DefaultMemoryManager] 831603097 memory requested, 0 released, 422977536 free
2024-10-22T10:23:59.293+0530 [DEBUG] [org.gradle.cache.internal.DefaultFileLockManager] Waiting to acquire shared lock on daemon addresses registry.
2024-10-22T10:23:59.293+0530 [DEBUG] [org.gradle.cache.internal.DefaultFileLockManager] Lock acquired on daemon addresses registry.
2024-10-22T10:23:59.293+0530 [DEBUG] [org.gradle.cache.internal.DefaultFileLockManager] Releasing lock on daemon addresses registry.
2024-10-22T10:23:59.294+0530 [DEBUG] [org.gradle.cache.internal.DefaultFileLockManager] Waiting to acquire shared lock on daemon addresses registry.
2024-10-22T10:23:59.294+0530 [DEBUG] [org.gradle.cache.internal.DefaultFileLockManager] Lock acquired on daemon addresses registry.
2024-10-22T10:23:59.295+0530 [DEBUG] [org.gradle.cache.internal.DefaultFileLockManager] Releasing lock on daemon addresses registry.
2024-10-22T10:23:59.296+0530 [DEBUG] [org.gradle.cache.internal.DefaultFileLockManager] Waiting to acquire shared lock on daemon addresses registry.
2024-10-22T10:23:59.296+0530 [DEBUG] [org.gradle.cache.internal.DefaultFileLockManager] Lock acquired on daemon addresses registry.
2024-10-22T10:23:59.296+0530 [DEBUG] [org.gradle.cache.internal.DefaultFileLockManager] Releasing lock on daemon addresses registry.
2024-10-22T10:24:02.470+0530 [DEBUG] [org.gradle.process.internal.health.memory.DefaultMemoryManager] 831603097 memory requested, 404525056 free
2024-10-22T10:24:02.470+0530 [DEBUG] [org.gradle.workers.internal.WorkerDaemonExpiration] Will attempt to release 793 of memory
2024-10-22T10:24:02.470+0530 [DEBUG] [org.gradle.process.internal.health.memory.DefaultMemoryManager] 831603097 memory requested, 0 released, 404525056 free
2024-10-22T10:24:07.469+0530 [DEBUG] [org.gradle.process.internal.health.memory.DefaultMemoryManager] 831603097 memory requested, 416489472 free
2024-10-22T10:24:07.469+0530 [DEBUG] [org.gradle.workers.internal.WorkerDaemonExpiration] Will attempt to release 793 of memory
2024-10-22T10:24:07.470+0530 [DEBUG] [org.gradle.process.internal.health.memory.DefaultMemoryManager] 831603097 memory requested, 0 released, 416489472 free
2024-10-22T10:24:09.298+0530 [DEBUG] [org.gradle.cache.internal.DefaultFileLockManager] Waiting to acquire shared lock on daemon addresses registry.
2024-10-22T10:24:09.298+0530 [DEBUG] [org.gradle.cache.internal.DefaultFileLockManager] Lock acquired on daemon addresses registry.
2024-10-22T10:24:09.299+0530 [DEBUG] [org.gradle.cache.internal.DefaultFileLockManager] Releasing lock on daemon addresses registry.
2024-10-22T10:24:09.302+0530 [DEBUG] [org.gradle.cache.internal.DefaultFileLockManager] Waiting to acquire shared lock on daemon addresses registry.
2024-10-22T10:24:09.302+0530 [DEBUG] [org.gradle.cache.internal.DefaultFileLockManager] Lock acquired on daemon addresses registry.
2024-10-22T10:24:09.304+0530 [DEBUG] [org.gradle.cache.internal.DefaultFileLockManager] Releasing lock on daemon addresses registry.
2024-10-22T10:24:09.306+0530 [DEBUG] [org.gradle.cache.internal.DefaultFileLockManager] Waiting to acquire shared lock on daemon addresses registry.
2024-10-22T10:24:09.307+0530 [DEBUG] [org.gradle.cache.internal.DefaultFileLockManager] Lock acquired on daemon addresses registry.
2024-10-22T10:24:09.307+0530 [DEBUG] [org.gradle.cache.internal.DefaultFileLockManager] Releasing lock on daemon addresses registry.
2024-10-22T10:24:12.465+0530 [DEBUG] [org.gradle.process.internal.health.memory.DefaultMemoryManager] 831603097 memory requested, 424562688 free
2024-10-22T10:24:12.465+0530 [DEBUG] [org.gradle.workers.internal.WorkerDaemonExpiration] Will attempt to release 793 of memory
2024-10-22T10:24:12.466+0530 [DEBUG] [org.gradle.process.internal.health.memory.DefaultMemoryManager] 831603097 memory requested, 0 released, 424562688 free
2024-10-22T10:24:17.462+0530 [DEBUG] [org.gradle.process.internal.health.memory.DefaultMemoryManager] 831603097 memory requested, 381689856 free
2024-10-22T10:24:17.462+0530 [DEBUG] [org.gradle.workers.internal.WorkerDaemonExpiration] Will attempt to release 793 of memory
2024-10-22T10:24:17.462+0530 [DEBUG] [org.gradle.process.internal.health.memory.DefaultMemoryManager] 831603097 memory requested, 0 released, 381689856 free
2024-10-22T10:24:19.297+0530 [DEBUG] [org.gradle.cache.internal.DefaultFileLockManager] Waiting to acquire shared lock on daemon addresses registry.
2024-10-22T10:24:19.297+0530 [DEBUG] [org.gradle.cache.internal.DefaultFileLockManager] Lock acquired on daemon addresses registry.
2024-10-22T10:24:19.297+0530 [DEBUG] [org.gradle.cache.internal.DefaultFileLockManager] Releasing lock on daemon addresses registry.
2024-10-22T10:24:19.298+0530 [DEBUG] [org.gradle.cache.internal.DefaultFileLockManager] Waiting to acquire shared lock on daemon addresses registry.
2024-10-22T10:24:19.298+0530 [DEBUG] [org.gradle.cache.internal.DefaultFileLockManager] Lock acquired on daemon addresses registry.
2024-10-22T10:24:19.298+0530 [DEBUG] [org.gradle.cache.internal.DefaultFileLockManager] Releasing lock on daemon addresses registry.
2024-10-22T10:24:19.299+0530 [DEBUG] [org.gradle.cache.internal.DefaultFileLockManager] Waiting to acquire shared lock on daemon addresses registry.
2024-10-22T10:24:19.299+0530 [DEBUG] [org.gradle.cache.internal.DefaultFileLockManager] Lock acquired on daemon addresses registry.
2024-10-22T10:24:19.299+0530 [DEBUG] [org.gradle.cache.internal.DefaultFileLockManager] Releasing lock on daemon addresses registry.
2024-10-22T10:24:22.458+0530 [DEBUG] [org.gradle.process.internal.health.memory.DefaultMemoryManager] 831603097 memory requested, 370540544 free
2024-10-22T10:24:22.458+0530 [DEBUG] [org.gradle.workers.internal.WorkerDaemonExpiration] Will attempt to release 793 of memory
2024-10-22T10:24:22.458+0530 [DEBUG] [org.gradle.process.internal.health.memory.DefaultMemoryManager] 831603097 memory requested, 0 released, 370540544 free
2024-10-22T10:24:27.464+0530 [DEBUG] [org.gradle.process.internal.health.memory.DefaultMemoryManager] 831603097 memory requested, 356487168 free
2024-10-22T10:24:27.464+0530 [DEBUG] [org.gradle.workers.internal.WorkerDaemonExpiration] Will attempt to release 793 of memory
2024-10-22T10:24:27.464+0530 [DEBUG] [org.gradle.process.internal.health.memory.DefaultMemoryManager] 831603097 memory requested, 0 released, 356487168 free
2024-10-22T10:24:29.290+0530 [DEBUG] [org.gradle.cache.internal.DefaultFileLockManager] Waiting to acquire shared lock on daemon addresses registry.
2024-10-22T10:24:29.291+0530 [DEBUG] [org.gradle.cache.internal.DefaultFileLockManager] Lock acquired on daemon addresses registry.
2024-10-22T10:24:29.292+0530 [DEBUG] [org.gradle.cache.internal.DefaultFileLockManager] Releasing lock on daemon addresses registry.
2024-10-22T10:24:29.292+0530 [DEBUG] [org.gradle.cache.internal.DefaultFileLockManager] Waiting to acquire shared lock on daemon addresses registry.
2024-10-22T10:24:29.293+0530 [DEBUG] [org.gradle.cache.internal.DefaultFileLockManager] Lock acquired on daemon addresses registry.
2024-10-22T10:24:29.294+0530 [DEBUG] [org.gradle.cache.internal.DefaultFileLockManager] Releasing lock on daemon addresses registry.
2024-10-22T10:24:29.295+0530 [DEBUG] [org.gradle.cache.internal.DefaultFileLockManager] Waiting to acquire shared lock on daemon addresses registry.
2024-10-22T10:24:29.295+0530 [DEBUG] [org.gradle.cache.internal.DefaultFileLockManager] Lock acquired on daemon addresses registry.
2024-10-22T10:24:29.295+0530 [DEBUG] [org.gradle.cache.internal.DefaultFileLockManager] Releasing lock on daemon addresses registry.
2024-10-22T10:24:32.464+0530 [DEBUG] [org.gradle.process.internal.health.memory.DefaultMemoryManager] 831603097 memory requested, 366137344 free
2024-10-22T10:24:32.464+0530 [DEBUG] [org.gradle.workers.internal.WorkerDaemonExpiration] Will attempt to release 793 of memory
2024-10-22T10:24:32.464+0530 [DEBUG] [org.gradle.process.internal.health.memory.DefaultMemoryManager] 831603097 memory requested, 0 released, 366137344 free
2024-10-22T10:24:37.465+0530 [DEBUG] [org.gradle.process.internal.health.memory.DefaultMemoryManager] 831603097 memory requested, 362590208 free
2024-10-22T10:24:37.465+0530 [DEBUG] [org.gradle.workers.internal.WorkerDaemonExpiration] Will attempt to release 793 of memory
2024-10-22T10:24:37.466+0530 [DEBUG] [org.gradle.process.internal.health.memory.DefaultMemoryManager] 831603097 memory requested, 0 released, 362590208 free
2024-10-22T10:24:39.292+0530 [DEBUG] [org.gradle.cache.internal.DefaultFileLockManager] Waiting to acquire shared lock on daemon addresses registry.
2024-10-22T10:24:39.292+0530 [DEBUG] [org.gradle.cache.internal.DefaultFileLockManager] Lock acquired on daemon addresses registry.
2024-10-22T10:24:39.292+0530 [DEBUG] [org.gradle.cache.internal.DefaultFileLockManager] Releasing lock on daemon addresses registry.
2024-10-22T10:24:39.293+0530 [DEBUG] [org.gradle.cache.internal.DefaultFileLockManager] Waiting to acquire shared lock on daemon addresses registry.
2024-10-22T10:24:39.293+0530 [DEBUG] [org.gradle.cache.internal.DefaultFileLockManager] Lock acquired on daemon addresses registry.
2024-10-22T10:24:39.294+0530 [DEBUG] [org.gradle.cache.internal.DefaultFileLockManager] Releasing lock on daemon addresses registry.
2024-10-22T10:24:39.294+0530 [DEBUG] [org.gradle.cache.internal.DefaultFileLockManager] Waiting to acquire shared lock on daemon addresses registry.
2024-10-22T10:24:39.294+0530 [DEBUG] [org.gradle.cache.internal.DefaultFileLockManager] Lock acquired on daemon addresses registry.
2024-10-22T10:24:39.295+0530 [DEBUG] [org.gradle.cache.internal.DefaultFileLockManager] Releasing lock on daemon addresses registry.
2024-10-22T10:24:42.469+0530 [DEBUG] [org.gradle.process.internal.health.memory.DefaultMemoryManager] 831603097 memory requested, 450310144 free
2024-10-22T10:24:42.469+0530 [DEBUG] [org.gradle.workers.internal.WorkerDaemonExpiration] Will attempt to release 793 of memory
2024-10-22T10:24:42.469+0530 [DEBUG] [org.gradle.process.internal.health.memory.DefaultMemoryManager] 831603097 memory requested, 0 released, 450310144 free
2024-10-22T10:24:47.460+0530 [DEBUG] [org.gradle.process.internal.health.memory.DefaultMemoryManager] 831603097 memory requested, 443908096 free
2024-10-22T10:24:47.460+0530 [DEBUG] [org.gradle.workers.internal.WorkerDaemonExpiration] Will attempt to release 793 of memory
2024-10-22T10:24:47.460+0530 [DEBUG] [org.gradle.process.internal.health.memory.DefaultMemoryManager] 831603097 memory requested, 0 released, 443908096 free
2024-10-22T10:24:49.300+0530 [DEBUG] [org.gradle.cache.internal.DefaultFileLockManager] Waiting to acquire shared lock on daemon addresses registry.
2024-10-22T10:24:49.301+0530 [DEBUG] [org.gradle.cache.internal.DefaultFileLockManager] Lock acquired on daemon addresses registry.
2024-10-22T10:24:49.301+0530 [DEBUG] [org.gradle.cache.internal.DefaultFileLockManager] Releasing lock on daemon addresses registry.
2024-10-22T10:24:49.301+0530 [DEBUG] [org.gradle.cache.internal.DefaultFileLockManager] Waiting to acquire shared lock on daemon addresses registry.
2024-10-22T10:24:49.301+0530 [DEBUG] [org.gradle.cache.internal.DefaultFileLockManager] Lock acquired on daemon addresses registry.
2024-10-22T10:24:49.302+0530 [DEBUG] [org.gradle.cache.internal.DefaultFileLockManager] Releasing lock on daemon addresses registry.
2024-10-22T10:24:49.302+0530 [DEBUG] [org.gradle.cache.internal.DefaultFileLockManager] Waiting to acquire shared lock on daemon addresses registry.
2024-10-22T10:24:49.302+0530 [DEBUG] [org.gradle.cache.internal.DefaultFileLockManager] Lock acquired on daemon addresses registry.
2024-10-22T10:24:49.302+0530 [DEBUG] [org.gradle.cache.internal.DefaultFileLockManager] Releasing lock on daemon addresses registry.
2024-10-22T10:24:52.456+0530 [DEBUG] [org.gradle.process.internal.health.memory.DefaultMemoryManager] 831603097 memory requested, 419205120 free
2024-10-22T10:24:52.456+0530 [DEBUG] [org.gradle.workers.internal.WorkerDaemonExpiration] Will attempt to release 793 of memory
2024-10-22T10:24:52.456+0530 [DEBUG] [org.gradle.process.internal.health.memory.DefaultMemoryManager] 831603097 memory requested, 0 released, 419205120 free
2024-10-22T10:24:57.462+0530 [DEBUG] [org.gradle.process.internal.health.memory.DefaultMemoryManager] 831603097 memory requested, 420327424 free
2024-10-22T10:24:57.462+0530 [DEBUG] [org.gradle.workers.internal.WorkerDaemonExpiration] Will attempt to release 793 of memory
2024-10-22T10:24:57.463+0530 [DEBUG] [org.gradle.process.internal.health.memory.DefaultMemoryManager] 831603097 memory requested, 0 released, 420327424 free
2024-10-22T10:24:59.298+0530 [DEBUG] [org.gradle.cache.internal.DefaultFileLockManager] Waiting to acquire shared lock on daemon addresses registry.
2024-10-22T10:24:59.299+0530 [DEBUG] [org.gradle.cache.internal.DefaultFileLockManager] Lock acquired on daemon addresses registry.
2024-10-22T10:24:59.300+0530 [DEBUG] [org.gradle.cache.internal.DefaultFileLockManager] Releasing lock on daemon addresses registry.
2024-10-22T10:24:59.300+0530 [DEBUG] [org.gradle.cache.internal.DefaultFileLockManager] Waiting to acquire shared lock on daemon addresses registry.
2024-10-22T10:24:59.301+0530 [DEBUG] [org.gradle.cache.internal.DefaultFileLockManager] Lock acquired on daemon addresses registry.
2024-10-22T10:24:59.301+0530 [DEBUG] [org.gradle.cache.internal.DefaultFileLockManager] Releasing lock on daemon addresses registry.
2024-10-22T10:24:59.301+0530 [DEBUG] [org.gradle.cache.internal.DefaultFileLockManager] Waiting to acquire shared lock on daemon addresses registry.
2024-10-22T10:24:59.301+0530 [DEBUG] [org.gradle.cache.internal.DefaultFileLockManager] Lock acquired on daemon addresses registry.
2024-10-22T10:24:59.302+0530 [DEBUG] [org.gradle.cache.internal.DefaultFileLockManager] Releasing lock on daemon addresses registry.
2024-10-22T10:25:02.462+0530 [DEBUG] [org.gradle.process.internal.health.memory.DefaultMemoryManager] 831603097 memory requested, 413675520 free
2024-10-22T10:25:02.462+0530 [DEBUG] [org.gradle.workers.internal.WorkerDaemonExpiration] Will attempt to release 793 of memory
2024-10-22T10:25:02.463+0530 [DEBUG] [org.gradle.process.internal.health.memory.DefaultMemoryManager] 831603097 memory requested, 0 released, 413675520 free
2024-10-22T10:25:07.457+0530 [DEBUG] [org.gradle.process.internal.health.memory.DefaultMemoryManager] 831603097 memory requested, 410116096 free
2024-10-22T10:25:07.457+0530 [DEBUG] [org.gradle.workers.internal.WorkerDaemonExpiration] Will attempt to release 793 of memory
2024-10-22T10:25:07.457+0530 [DEBUG] [org.gradle.process.internal.health.memory.DefaultMemoryManager] 831603097 memory requested, 0 released, 410116096 free
2024-10-22T10:25:09.302+0530 [DEBUG] [org.gradle.cache.internal.DefaultFileLockManager] Waiting to acquire shared lock on daemon addresses registry.
2024-10-22T10:25:09.302+0530 [DEBUG] [org.gradle.cache.internal.DefaultFileLockManager] Lock acquired on daemon addresses registry.
2024-10-22T10:25:09.302+0530 [DEBUG] [org.gradle.cache.internal.DefaultFileLockManager] Releasing lock on daemon addresses registry.
2024-10-22T10:25:09.303+0530 [DEBUG] [org.gradle.cache.internal.DefaultFileLockManager] Waiting to acquire shared lock on daemon addresses registry.
2024-10-22T10:25:09.303+0530 [DEBUG] [org.gradle.cache.internal.DefaultFileLockManager] Lock acquired on daemon addresses registry.
2024-10-22T10:25:09.303+0530 [DEBUG] [org.gradle.cache.internal.DefaultFileLockManager] Releasing lock on daemon addresses registry.
2024-10-22T10:25:09.304+0530 [DEBUG] [org.gradle.cache.internal.DefaultFileLockManager] Waiting to acquire shared lock on daemon addresses registry.
2024-10-22T10:25:09.304+0530 [DEBUG] [org.gradle.cache.internal.DefaultFileLockManager] Lock acquired on daemon addresses registry.
2024-10-22T10:25:09.304+0530 [DEBUG] [org.gradle.cache.internal.DefaultFileLockManager] Releasing lock on daemon addresses registry.
2024-10-22T10:25:12.478+0530 [DEBUG] [org.gradle.process.internal.health.memory.DefaultMemoryManager] 831603097 memory requested, 392044544 free
2024-10-22T10:25:12.478+0530 [DEBUG] [org.gradle.workers.internal.WorkerDaemonExpiration] Will attempt to release 793 of memory
2024-10-22T10:25:12.478+0530 [DEBUG] [org.gradle.process.internal.health.memory.DefaultMemoryManager] 831603097 memory requested, 0 released, 392044544 free
2024-10-22T10:25:17.469+0530 [DEBUG] [org.gradle.process.internal.health.memory.DefaultMemoryManager] 831603097 memory requested, 396611584 free
2024-10-22T10:25:17.470+0530 [DEBUG] [org.gradle.workers.internal.WorkerDaemonExpiration] Will attempt to release 793 of memory
2024-10-22T10:25:17.470+0530 [DEBUG] [org.gradle.process.internal.health.memory.DefaultMemoryManager] 831603097 memory requested, 0 released, 396611584 free
2024-10-22T10:25:19.292+0530 [DEBUG] [org.gradle.cache.internal.DefaultFileLockManager] Waiting to acquire shared lock on daemon addresses registry.
2024-10-22T10:25:19.292+0530 [DEBUG] [org.gradle.cache.internal.DefaultFileLockManager] Lock acquired on daemon addresses registry.
2024-10-22T10:25:19.292+0530 [DEBUG] [org.gradle.cache.internal.DefaultFileLockManager] Releasing lock on daemon addresses registry.
2024-10-22T10:25:19.293+0530 [DEBUG] [org.gradle.cache.internal.DefaultFileLockManager] Waiting to acquire shared lock on daemon addresses registry.
2024-10-22T10:25:19.293+0530 [DEBUG] [org.gradle.cache.internal.DefaultFileLockManager] Lock acquired on daemon addresses registry.
2024-10-22T10:25:19.293+0530 [DEBUG] [org.gradle.cache.internal.DefaultFileLockManager] Releasing lock on daemon addresses registry.
2024-10-22T10:25:19.293+0530 [DEBUG] [org.gradle.cache.internal.DefaultFileLockManager] Waiting to acquire shared lock on daemon addresses registry.
2024-10-22T10:25:19.293+0530 [DEBUG] [org.gradle.cache.internal.DefaultFileLockManager] Lock acquired on daemon addresses registry.
2024-10-22T10:25:19.294+0530 [DEBUG] [org.gradle.cache.internal.DefaultFileLockManager] Releasing lock on daemon addresses registry.
2024-10-22T10:25:22.469+0530 [DEBUG] [org.gradle.process.internal.health.memory.DefaultMemoryManager] 831603097 memory requested, 398045184 free
2024-10-22T10:25:22.469+0530 [DEBUG] [org.gradle.workers.internal.WorkerDaemonExpiration] Will attempt to release 793 of memory
2024-10-22T10:25:22.469+0530 [DEBUG] [org.gradle.process.internal.health.memory.DefaultMemoryManager] 831603097 memory requested, 0 released, 398045184 free
2024-10-22T10:25:27.466+0530 [DEBUG] [org.gradle.process.internal.health.memory.DefaultMemoryManager] 831603097 memory requested, 396894208 free
2024-10-22T10:25:27.466+0530 [DEBUG] [org.gradle.workers.internal.WorkerDaemonExpiration] Will attempt to release 793 of memory
2024-10-22T10:25:27.466+0530 [DEBUG] [org.gradle.process.internal.health.memory.DefaultMemoryManager] 831603097 memory requested, 0 released, 396894208 free
2024-10-22T10:25:29.292+0530 [DEBUG] [org.gradle.cache.internal.DefaultFileLockManager] Waiting to acquire shared lock on daemon addresses registry.
2024-10-22T10:25:29.293+0530 [DEBUG] [org.gradle.cache.internal.DefaultFileLockManager] Lock acquired on daemon addresses registry.
2024-10-22T10:25:29.293+0530 [DEBUG] [org.gradle.cache.internal.DefaultFileLockManager] Releasing lock on daemon addresses registry.
2024-10-22T10:25:29.294+0530 [DEBUG] [org.gradle.cache.internal.DefaultFileLockManager] Waiting to acquire shared lock on daemon addresses registry.
2024-10-22T10:25:29.294+0530 [DEBUG] [org.gradle.cache.internal.DefaultFileLockManager] Lock acquired on daemon addresses registry.
2024-10-22T10:25:29.295+0530 [DEBUG] [org.gradle.cache.internal.DefaultFileLockManager] Releasing lock on daemon addresses registry.
2024-10-22T10:25:29.296+0530 [DEBUG] [org.gradle.cache.internal.DefaultFileLockManager] Waiting to acquire shared lock on daemon addresses registry.
2024-10-22T10:25:29.296+0530 [DEBUG] [org.gradle.cache.internal.DefaultFileLockManager] Lock acquired on daemon addresses registry.
2024-10-22T10:25:29.296+0530 [DEBUG] [org.gradle.cache.internal.DefaultFileLockManager] Releasing lock on daemon addresses registry.
2024-10-22T10:25:32.466+0530 [DEBUG] [org.gradle.process.internal.health.memory.DefaultMemoryManager] 831603097 memory requested, 391487488 free
2024-10-22T10:25:32.466+0530 [DEBUG] [org.gradle.workers.internal.WorkerDaemonExpiration] Will attempt to release 793 of memory
2024-10-22T10:25:32.466+0530 [DEBUG] [org.gradle.process.internal.health.memory.DefaultMemoryManager] 831603097 memory requested, 0 released, 391487488 free
2024-10-22T10:25:37.460+0530 [DEBUG] [org.gradle.process.internal.health.memory.DefaultMemoryManager] 831603097 memory requested, 384888832 free
2024-10-22T10:25:37.461+0530 [DEBUG] [org.gradle.workers.internal.WorkerDaemonExpiration] Will attempt to release 793 of memory
2024-10-22T10:25:37.461+0530 [DEBUG] [org.gradle.process.internal.health.memory.DefaultMemoryManager] 831603097 memory requested, 0 released, 384888832 free
2024-10-22T10:25:39.302+0530 [DEBUG] [org.gradle.cache.internal.DefaultFileLockManager] Waiting to acquire shared lock on daemon addresses registry.
2024-10-22T10:25:39.303+0530 [DEBUG] [org.gradle.cache.internal.DefaultFileLockManager] Lock acquired on daemon addresses registry.
2024-10-22T10:25:39.304+0530 [DEBUG] [org.gradle.cache.internal.DefaultFileLockManager] Releasing lock on daemon addresses registry.
2024-10-22T10:25:39.305+0530 [DEBUG] [org.gradle.cache.internal.DefaultFileLockManager] Waiting to acquire shared lock on daemon addresses registry.
2024-10-22T10:25:39.305+0530 [DEBUG] [org.gradle.cache.internal.DefaultFileLockManager] Lock acquired on daemon addresses registry.
2024-10-22T10:25:39.305+0530 [DEBUG] [org.gradle.cache.internal.DefaultFileLockManager] Releasing lock on daemon addresses registry.
2024-10-22T10:25:39.306+0530 [DEBUG] [org.gradle.cache.internal.DefaultFileLockManager] Waiting to acquire shared lock on daemon addresses registry.
2024-10-22T10:25:39.306+0530 [DEBUG] [org.gradle.cache.internal.DefaultFileLockManager] Lock acquired on daemon addresses registry.
2024-10-22T10:25:39.306+0530 [DEBUG] [org.gradle.cache.internal.DefaultFileLockManager] Releasing lock on daemon addresses registry.
2024-10-22T10:25:42.458+0530 [DEBUG] [org.gradle.process.internal.health.memory.DefaultMemoryManager] 831603097 memory requested, 380563456 free
2024-10-22T10:25:42.458+0530 [DEBUG] [org.gradle.workers.internal.WorkerDaemonExpiration] Will attempt to release 793 of memory
2024-10-22T10:25:42.458+0530 [DEBUG] [org.gradle.process.internal.health.memory.DefaultMemoryManager] 831603097 memory requested, 0 released, 380563456 free
2024-10-22T10:25:47.457+0530 [DEBUG] [org.gradle.process.internal.health.memory.DefaultMemoryManager] 831603097 memory requested, 401973248 free
2024-10-22T10:25:47.457+0530 [DEBUG] [org.gradle.workers.internal.WorkerDaemonExpiration] Will attempt to release 793 of memory
2024-10-22T10:25:47.457+0530 [DEBUG] [org.gradle.process.internal.health.memory.DefaultMemoryManager] 831603097 memory requested, 0 released, 401973248 free
2024-10-22T10:25:49.299+0530 [DEBUG] [org.gradle.cache.internal.DefaultFileLockManager] Waiting to acquire shared lock on daemon addresses registry.
2024-10-22T10:25:49.299+0530 [DEBUG] [org.gradle.cache.internal.DefaultFileLockManager] Lock acquired on daemon addresses registry.
2024-10-22T10:25:49.300+0530 [DEBUG] [org.gradle.cache.internal.DefaultFileLockManager] Releasing lock on daemon addresses registry.
2024-10-22T10:25:49.302+0530 [DEBUG] [org.gradle.cache.internal.DefaultFileLockManager] Waiting to acquire shared lock on daemon addresses registry.
2024-10-22T10:25:49.302+0530 [DEBUG] [org.gradle.cache.internal.DefaultFileLockManager] Lock acquired on daemon addresses registry.
2024-10-22T10:25:49.303+0530 [DEBUG] [org.gradle.cache.internal.DefaultFileLockManager] Releasing lock on daemon addresses registry.
2024-10-22T10:25:49.304+0530 [DEBUG] [org.gradle.cache.internal.DefaultFileLockManager] Waiting to acquire shared lock on daemon addresses registry.
2024-10-22T10:25:49.304+0530 [DEBUG] [org.gradle.cache.internal.DefaultFileLockManager] Lock acquired on daemon addresses registry.
2024-10-22T10:25:49.304+0530 [DEBUG] [org.gradle.cache.internal.DefaultFileLockManager] Releasing lock on daemon addresses registry.
2024-10-22T10:25:52.467+0530 [DEBUG] [org.gradle.process.internal.health.memory.DefaultMemoryManager] 831603097 memory requested, 385478656 free
2024-10-22T10:25:52.468+0530 [DEBUG] [org.gradle.workers.internal.WorkerDaemonExpiration] Will attempt to release 793 of memory
2024-10-22T10:25:52.468+0530 [DEBUG] [org.gradle.process.internal.health.memory.DefaultMemoryManager] 831603097 memory requested, 0 released, 385478656 free
2024-10-22T10:25:57.458+0530 [DEBUG] [org.gradle.process.internal.health.memory.DefaultMemoryManager] 831603097 memory requested, 386670592 free
2024-10-22T10:25:57.458+0530 [DEBUG] [org.gradle.workers.internal.WorkerDaemonExpiration] Will attempt to release 793 of memory
2024-10-22T10:25:57.459+0530 [DEBUG] [org.gradle.process.internal.health.memory.DefaultMemoryManager] 831603097 memory requested, 0 released, 386670592 free
2024-10-22T10:25:59.298+0530 [DEBUG] [org.gradle.cache.internal.DefaultFileLockManager] Waiting to acquire shared lock on daemon addresses registry.
2024-10-22T10:25:59.298+0530 [DEBUG] [org.gradle.cache.internal.DefaultFileLockManager] Lock acquired on daemon addresses registry.
2024-10-22T10:25:59.299+0530 [DEBUG] [org.gradle.cache.internal.DefaultFileLockManager] Releasing lock on daemon addresses registry.
2024-10-22T10:25:59.300+0530 [DEBUG] [org.gradle.cache.internal.DefaultFileLockManager] Waiting to acquire shared lock on daemon addresses registry.
2024-10-22T10:25:59.300+0530 [DEBUG] [org.gradle.cache.internal.DefaultFileLockManager] Lock acquired on daemon addresses registry.
2024-10-22T10:25:59.301+0530 [DEBUG] [org.gradle.cache.internal.DefaultFileLockManager] Releasing lock on daemon addresses registry.
2024-10-22T10:25:59.302+0530 [DEBUG] [org.gradle.cache.internal.DefaultFileLockManager] Waiting to acquire shared lock on daemon addresses registry.
2024-10-22T10:25:59.302+0530 [DEBUG] [org.gradle.cache.internal.DefaultFileLockManager] Lock acquired on daemon addresses registry.
2024-10-22T10:25:59.303+0530 [DEBUG] [org.gradle.cache.internal.DefaultFileLockManager] Releasing lock on daemon addresses registry.
2024-10-22T10:26:02.471+0530 [DEBUG] [org.gradle.process.internal.health.memory.DefaultMemoryManager] 831603097 memory requested, 376213504 free
2024-10-22T10:26:02.474+0530 [DEBUG] [org.gradle.workers.internal.WorkerDaemonExpiration] Will attempt to release 793 of memory
2024-10-22T10:26:02.475+0530 [DEBUG] [org.gradle.process.internal.health.memory.DefaultMemoryManager] 831603097 memory requested, 0 released, 376213504 free
2024-10-22T10:26:07.469+0530 [DEBUG] [org.gradle.process.internal.health.memory.DefaultMemoryManager] 831603097 memory requested, 716734464 free
2024-10-22T10:26:07.469+0530 [DEBUG] [org.gradle.workers.internal.WorkerDaemonExpiration] Will attempt to release 793 of memory
2024-10-22T10:26:07.469+0530 [DEBUG] [org.gradle.process.internal.health.memory.DefaultMemoryManager] 831603097 memory requested, 0 released, 716734464 free
2024-10-22T10:26:09.304+0530 [DEBUG] [org.gradle.cache.internal.DefaultFileLockManager] Waiting to acquire shared lock on daemon addresses registry.
2024-10-22T10:26:09.304+0530 [DEBUG] [org.gradle.cache.internal.DefaultFileLockManager] Lock acquired on daemon addresses registry.
2024-10-22T10:26:09.305+0530 [DEBUG] [org.gradle.cache.internal.DefaultFileLockManager] Releasing lock on daemon addresses registry.
2024-10-22T10:26:09.307+0530 [DEBUG] [org.gradle.cache.internal.DefaultFileLockManager] Waiting to acquire shared lock on daemon addresses registry.
2024-10-22T10:26:09.308+0530 [DEBUG] [org.gradle.cache.internal.DefaultFileLockManager] Lock acquired on daemon addresses registry.
2024-10-22T10:26:09.308+0530 [DEBUG] [org.gradle.cache.internal.DefaultFileLockManager] Releasing lock on daemon addresses registry.
2024-10-22T10:26:09.309+0530 [DEBUG] [org.gradle.cache.internal.DefaultFileLockManager] Waiting to acquire shared lock on daemon addresses registry.
2024-10-22T10:26:09.309+0530 [DEBUG] [org.gradle.cache.internal.DefaultFileLockManager] Lock acquired on daemon addresses registry.
2024-10-22T10:26:09.309+0530 [DEBUG] [org.gradle.cache.internal.DefaultFileLockManager] Releasing lock on daemon addresses registry.
2024-10-22T10:26:12.456+0530 [DEBUG] [org.gradle.process.internal.health.memory.DefaultMemoryManager] 831603097 memory requested, 769331200 free
2024-10-22T10:26:12.456+0530 [DEBUG] [org.gradle.workers.internal.WorkerDaemonExpiration] Will attempt to release 793 of memory
2024-10-22T10:26:12.456+0530 [DEBUG] [org.gradle.process.internal.health.memory.DefaultMemoryManager] 831603097 memory requested, 0 released, 769331200 free
2024-10-22T10:26:17.457+0530 [DEBUG] [org.gradle.process.internal.health.memory.DefaultMemoryManager] 831603097 memory requested, 753168384 free
2024-10-22T10:26:17.457+0530 [DEBUG] [org.gradle.workers.internal.WorkerDaemonExpiration] Will attempt to release 793 of memory
2024-10-22T10:26:17.457+0530 [DEBUG] [org.gradle.process.internal.health.memory.DefaultMemoryManager] 831603097 memory requested, 0 released, 753168384 free
2024-10-22T10:26:19.297+0530 [DEBUG] [org.gradle.cache.internal.DefaultFileLockManager] Waiting to acquire shared lock on daemon addresses registry.
2024-10-22T10:26:19.297+0530 [DEBUG] [org.gradle.cache.internal.DefaultFileLockManager] Lock acquired on daemon addresses registry.
2024-10-22T10:26:19.298+0530 [DEBUG] [org.gradle.cache.internal.DefaultFileLockManager] Releasing lock on daemon addresses registry.
2024-10-22T10:26:19.299+0530 [DEBUG] [org.gradle.cache.internal.DefaultFileLockManager] Waiting to acquire shared lock on daemon addresses registry.
2024-10-22T10:26:19.299+0530 [DEBUG] [org.gradle.cache.internal.DefaultFileLockManager] Lock acquired on daemon addresses registry.
2024-10-22T10:26:19.299+0530 [DEBUG] [org.gradle.cache.internal.DefaultFileLockManager] Releasing lock on daemon addresses registry.
2024-10-22T10:26:19.300+0530 [DEBUG] [org.gradle.cache.internal.DefaultFileLockManager] Waiting to acquire shared lock on daemon addresses registry.
2024-10-22T10:26:19.300+0530 [DEBUG] [org.gradle.cache.internal.DefaultFileLockManager] Lock acquired on daemon addresses registry.
2024-10-22T10:26:19.300+0530 [DEBUG] [org.gradle.cache.internal.DefaultFileLockManager] Releasing lock on daemon addresses registry.
2024-10-22T10:26:22.469+0530 [DEBUG] [org.gradle.process.internal.health.memory.DefaultMemoryManager] 831603097 memory requested, 666238976 free
2024-10-22T10:26:22.469+0530 [DEBUG] [org.gradle.workers.internal.WorkerDaemonExpiration] Will attempt to release 793 of memory
2024-10-22T10:26:22.469+0530 [DEBUG] [org.gradle.process.internal.health.memory.DefaultMemoryManager] 831603097 memory requested, 0 released, 666238976 free
2024-10-22T10:26:27.465+0530 [DEBUG] [org.gradle.process.internal.health.memory.DefaultMemoryManager] 831603097 memory requested, 673144832 free
2024-10-22T10:26:27.466+0530 [DEBUG] [org.gradle.workers.internal.WorkerDaemonExpiration] Will attempt to release 793 of memory
2024-10-22T10:26:27.466+0530 [DEBUG] [org.gradle.process.internal.health.memory.DefaultMemoryManager] 831603097 memory requested, 0 released, 673144832 free
2024-10-22T10:26:29.298+0530 [DEBUG] [org.gradle.cache.internal.DefaultFileLockManager] Waiting to acquire shared lock on daemon addresses registry.
2024-10-22T10:26:29.298+0530 [DEBUG] [org.gradle.cache.internal.DefaultFileLockManager] Lock acquired on daemon addresses registry.
2024-10-22T10:26:29.298+0530 [DEBUG] [org.gradle.cache.internal.DefaultFileLockManager] Releasing lock on daemon addresses registry.
2024-10-22T10:26:29.299+0530 [DEBUG] [org.gradle.cache.internal.DefaultFileLockManager] Waiting to acquire shared lock on daemon addresses registry.
2024-10-22T10:26:29.300+0530 [DEBUG] [org.gradle.cache.internal.DefaultFileLockManager] Lock acquired on daemon addresses registry.
2024-10-22T10:26:29.300+0530 [DEBUG] [org.gradle.cache.internal.DefaultFileLockManager] Releasing lock on daemon addresses registry.
2024-10-22T10:26:29.300+0530 [DEBUG] [org.gradle.cache.internal.DefaultFileLockManager] Waiting to acquire shared lock on daemon addresses registry.
2024-10-22T10:26:29.300+0530 [DEBUG] [org.gradle.cache.internal.DefaultFileLockManager] Lock acquired on daemon addresses registry.
2024-10-22T10:26:29.300+0530 [DEBUG] [org.gradle.cache.internal.DefaultFileLockManager] Releasing lock on daemon addresses registry.
2024-10-22T10:26:32.457+0530 [DEBUG] [org.gradle.process.internal.health.memory.DefaultMemoryManager] 831603097 memory requested, 674521088 free
2024-10-22T10:26:32.457+0530 [DEBUG] [org.gradle.workers.internal.WorkerDaemonExpiration] Will attempt to release 793 of memory
2024-10-22T10:26:32.457+0530 [DEBUG] [org.gradle.process.internal.health.memory.DefaultMemoryManager] 831603097 memory requested, 0 released, 674521088 free
2024-10-22T10:26:37.459+0530 [DEBUG] [org.gradle.process.internal.health.memory.DefaultMemoryManager] 831603097 memory requested, 659521536 free
2024-10-22T10:26:37.459+0530 [DEBUG] [org.gradle.workers.internal.WorkerDaemonExpiration] Will attempt to release 793 of memory
2024-10-22T10:26:37.460+0530 [DEBUG] [org.gradle.process.internal.health.memory.DefaultMemoryManager] 831603097 memory requested, 0 released, 659521536 free
2024-10-22T10:26:39.298+0530 [DEBUG] [org.gradle.cache.internal.DefaultFileLockManager] Waiting to acquire shared lock on daemon addresses registry.
2024-10-22T10:26:39.298+0530 [DEBUG] [org.gradle.cache.internal.DefaultFileLockManager] Lock acquired on daemon addresses registry.
2024-10-22T10:26:39.298+0530 [DEBUG] [org.gradle.cache.internal.DefaultFileLockManager] Releasing lock on daemon addresses registry.
2024-10-22T10:26:39.299+0530 [DEBUG] [org.gradle.cache.internal.DefaultFileLockManager] Waiting to acquire shared lock on daemon addresses registry.
2024-10-22T10:26:39.299+0530 [DEBUG] [org.gradle.cache.internal.DefaultFileLockManager] Lock acquired on daemon addresses registry.
2024-10-22T10:26:39.300+0530 [DEBUG] [org.gradle.cache.internal.DefaultFileLockManager] Releasing lock on daemon addresses registry.
2024-10-22T10:26:39.300+0530 [DEBUG] [org.gradle.cache.internal.DefaultFileLockManager] Waiting to acquire shared lock on daemon addresses registry.
2024-10-22T10:26:39.300+0530 [DEBUG] [org.gradle.cache.internal.DefaultFileLockManager] Lock acquired on daemon addresses registry.
2024-10-22T10:26:39.300+0530 [DEBUG] [org.gradle.cache.internal.DefaultFileLockManager] Releasing lock on daemon addresses registry.
2024-10-22T10:26:42.462+0530 [DEBUG] [org.gradle.process.internal.health.memory.DefaultMemoryManager] 831603097 memory requested, 588107776 free
2024-10-22T10:26:42.462+0530 [DEBUG] [org.gradle.workers.internal.WorkerDaemonExpiration] Will attempt to release 793 of memory
2024-10-22T10:26:42.463+0530 [DEBUG] [org.gradle.process.internal.health.memory.DefaultMemoryManager] 831603097 memory requested, 0 released, 588107776 free
2024-10-22T10:26:47.469+0530 [DEBUG] [org.gradle.process.internal.health.memory.DefaultMemoryManager] 831603097 memory requested, 565317632 free
2024-10-22T10:26:47.469+0530 [DEBUG] [org.gradle.workers.internal.WorkerDaemonExpiration] Will attempt to release 793 of memory
2024-10-22T10:26:47.469+0530 [DEBUG] [org.gradle.process.internal.health.memory.DefaultMemoryManager] 831603097 memory requested, 0 released, 565317632 free
2024-10-22T10:26:49.305+0530 [DEBUG] [org.gradle.cache.internal.DefaultFileLockManager] Waiting to acquire shared lock on daemon addresses registry.
2024-10-22T10:26:49.305+0530 [DEBUG] [org.gradle.cache.internal.DefaultFileLockManager] Lock acquired on daemon addresses registry.
2024-10-22T10:26:49.305+0530 [DEBUG] [org.gradle.cache.internal.DefaultFileLockManager] Releasing lock on daemon addresses registry.
2024-10-22T10:26:49.306+0530 [DEBUG] [org.gradle.cache.internal.DefaultFileLockManager] Waiting to acquire shared lock on daemon addresses registry.
2024-10-22T10:26:49.306+0530 [DEBUG] [org.gradle.cache.internal.DefaultFileLockManager] Lock acquired on daemon addresses registry.
2024-10-22T10:26:49.307+0530 [DEBUG] [org.gradle.cache.internal.DefaultFileLockManager] Releasing lock on daemon addresses registry.
2024-10-22T10:26:49.307+0530 [DEBUG] [org.gradle.cache.internal.DefaultFileLockManager] Waiting to acquire shared lock on daemon addresses registry.
2024-10-22T10:26:49.307+0530 [DEBUG] [org.gradle.cache.internal.DefaultFileLockManager] Lock acquired on daemon addresses registry.
2024-10-22T10:26:49.307+0530 [DEBUG] [org.gradle.cache.internal.DefaultFileLockManager] Releasing lock on daemon addresses registry.
2024-10-22T10:26:59.303+0530 [DEBUG] [org.gradle.cache.internal.DefaultFileLockManager] Waiting to acquire shared lock on daemon addresses registry.
2024-10-22T10:26:59.303+0530 [DEBUG] [org.gradle.cache.internal.DefaultFileLockManager] Lock acquired on daemon addresses registry.
2024-10-22T10:26:59.304+0530 [DEBUG] [org.gradle.cache.internal.DefaultFileLockManager] Releasing lock on daemon addresses registry.
2024-10-22T10:26:59.305+0530 [DEBUG] [org.gradle.cache.internal.DefaultFileLockManager] Waiting to acquire shared lock on daemon addresses registry.
2024-10-22T10:26:59.305+0530 [DEBUG] [org.gradle.cache.internal.DefaultFileLockManager] Lock acquired on daemon addresses registry.
2024-10-22T10:26:59.306+0530 [DEBUG] [org.gradle.cache.internal.DefaultFileLockManager] Releasing lock on daemon addresses registry.
2024-10-22T10:26:59.306+0530 [DEBUG] [org.gradle.cache.internal.DefaultFileLockManager] Waiting to acquire shared lock on daemon addresses registry.
2024-10-22T10:26:59.307+0530 [DEBUG] [org.gradle.cache.internal.DefaultFileLockManager] Lock acquired on daemon addresses registry.
2024-10-22T10:26:59.307+0530 [DEBUG] [org.gradle.cache.internal.DefaultFileLockManager] Releasing lock on daemon addresses registry.
2024-10-22T10:27:07.463+0530 [DEBUG] [org.gradle.process.internal.health.memory.DefaultMemoryManager] 831603097 memory requested, 791085056 free
2024-10-22T10:27:07.463+0530 [DEBUG] [org.gradle.workers.internal.WorkerDaemonExpiration] Will attempt to release 793 of memory
2024-10-22T10:27:07.463+0530 [DEBUG] [org.gradle.process.internal.health.memory.DefaultMemoryManager] 831603097 memory requested, 0 released, 791085056 free
2024-10-22T10:27:09.295+0530 [DEBUG] [org.gradle.cache.internal.DefaultFileLockManager] Waiting to acquire shared lock on daemon addresses registry.
2024-10-22T10:27:09.295+0530 [DEBUG] [org.gradle.cache.internal.DefaultFileLockManager] Lock acquired on daemon addresses registry.
2024-10-22T10:27:09.295+0530 [DEBUG] [org.gradle.cache.internal.DefaultFileLockManager] Releasing lock on daemon addresses registry.
2024-10-22T10:27:09.298+0530 [DEBUG] [org.gradle.cache.internal.DefaultFileLockManager] Waiting to acquire shared lock on daemon addresses registry.
2024-10-22T10:27:09.298+0530 [DEBUG] [org.gradle.cache.internal.DefaultFileLockManager] Lock acquired on daemon addresses registry.
2024-10-22T10:27:09.299+0530 [DEBUG] [org.gradle.cache.internal.DefaultFileLockManager] Releasing lock on daemon addresses registry.
2024-10-22T10:27:09.300+0530 [DEBUG] [org.gradle.cache.internal.DefaultFileLockManager] Waiting to acquire shared lock on daemon addresses registry.
2024-10-22T10:27:09.300+0530 [DEBUG] [org.gradle.cache.internal.DefaultFileLockManager] Lock acquired on daemon addresses registry.
2024-10-22T10:27:09.300+0530 [DEBUG] [org.gradle.cache.internal.DefaultFileLockManager] Releasing lock on daemon addresses registry.
2024-10-22T10:27:12.457+0530 [DEBUG] [org.gradle.process.internal.health.memory.DefaultMemoryManager] 831603097 memory requested, 776736768 free
2024-10-22T10:27:12.457+0530 [DEBUG] [org.gradle.workers.internal.WorkerDaemonExpiration] Will attempt to release 793 of memory
2024-10-22T10:27:12.457+0530 [DEBUG] [org.gradle.process.internal.health.memory.DefaultMemoryManager] 831603097 memory requested, 0 released, 776736768 free
2024-10-22T10:27:17.462+0530 [DEBUG] [org.gradle.process.internal.health.memory.DefaultMemoryManager] 831603097 memory requested, 656461824 free
2024-10-22T10:27:17.462+0530 [DEBUG] [org.gradle.workers.internal.WorkerDaemonExpiration] Will attempt to release 793 of memory
2024-10-22T10:27:17.462+0530 [DEBUG] [org.gradle.process.internal.health.memory.DefaultMemoryManager] 831603097 memory requested, 0 released, 656461824 free
2024-10-22T10:27:19.301+0530 [DEBUG] [org.gradle.cache.internal.DefaultFileLockManager] Waiting to acquire shared lock on daemon addresses registry.
2024-10-22T10:27:19.301+0530 [DEBUG] [org.gradle.cache.internal.DefaultFileLockManager] Lock acquired on daemon addresses registry.
2024-10-22T10:27:19.302+0530 [DEBUG] [org.gradle.cache.internal.DefaultFileLockManager] Releasing lock on daemon addresses registry.
2024-10-22T10:27:19.303+0530 [DEBUG] [org.gradle.cache.internal.DefaultFileLockManager] Waiting to acquire shared lock on daemon addresses registry.
2024-10-22T10:27:19.303+0530 [DEBUG] [org.gradle.cache.internal.DefaultFileLockManager] Lock acquired on daemon addresses registry.
2024-10-22T10:27:19.303+0530 [DEBUG] [org.gradle.cache.internal.DefaultFileLockManager] Releasing lock on daemon addresses registry.
2024-10-22T10:27:19.304+0530 [DEBUG] [org.gradle.cache.internal.DefaultFileLockManager] Waiting to acquire shared lock on daemon addresses registry.
2024-10-22T10:27:19.304+0530 [DEBUG] [org.gradle.cache.internal.DefaultFileLockManager] Lock acquired on daemon addresses registry.
2024-10-22T10:27:19.304+0530 [DEBUG] [org.gradle.cache.internal.DefaultFileLockManager] Releasing lock on daemon addresses registry.
2024-10-22T10:27:22.467+0530 [DEBUG] [org.gradle.process.internal.health.memory.DefaultMemoryManager] 831603097 memory requested, 608419840 free
2024-10-22T10:27:22.467+0530 [DEBUG] [org.gradle.workers.internal.WorkerDaemonExpiration] Will attempt to release 793 of memory
2024-10-22T10:27:22.467+0530 [DEBUG] [org.gradle.process.internal.health.memory.DefaultMemoryManager] 831603097 memory requested, 0 released, 608419840 free
2024-10-22T10:27:27.463+0530 [DEBUG] [org.gradle.process.internal.health.memory.DefaultMemoryManager] 831603097 memory requested, 574173184 free
2024-10-22T10:27:27.463+0530 [DEBUG] [org.gradle.workers.internal.WorkerDaemonExpiration] Will attempt to release 793 of memory
2024-10-22T10:27:27.463+0530 [DEBUG] [org.gradle.process.internal.health.memory.DefaultMemoryManager] 831603097 memory requested, 0 released, 574173184 free
2024-10-22T10:27:29.298+0530 [DEBUG] [org.gradle.cache.internal.DefaultFileLockManager] Waiting to acquire shared lock on daemon addresses registry.
2024-10-22T10:27:29.298+0530 [DEBUG] [org.gradle.cache.internal.DefaultFileLockManager] Lock acquired on daemon addresses registry.
2024-10-22T10:27:29.299+0530 [DEBUG] [org.gradle.cache.internal.DefaultFileLockManager] Releasing lock on daemon addresses registry.
2024-10-22T10:27:29.300+0530 [DEBUG] [org.gradle.cache.internal.DefaultFileLockManager] Waiting to acquire shared lock on daemon addresses registry.
2024-10-22T10:27:29.300+0530 [DEBUG] [org.gradle.cache.internal.DefaultFileLockManager] Lock acquired on daemon addresses registry.
2024-10-22T10:27:29.300+0530 [DEBUG] [org.gradle.cache.internal.DefaultFileLockManager] Releasing lock on daemon addresses registry.
2024-10-22T10:27:29.301+0530 [DEBUG] [org.gradle.cache.internal.DefaultFileLockManager] Waiting to acquire shared lock on daemon addresses registry.
2024-10-22T10:27:29.301+0530 [DEBUG] [org.gradle.cache.internal.DefaultFileLockManager] Lock acquired on daemon addresses registry.
2024-10-22T10:27:29.303+0530 [DEBUG] [org.gradle.cache.internal.DefaultFileLockManager] Releasing lock on daemon addresses registry.
2024-10-22T10:27:32.465+0530 [DEBUG] [org.gradle.process.internal.health.memory.DefaultMemoryManager] 831603097 memory requested, 637743104 free
2024-10-22T10:27:32.465+0530 [DEBUG] [org.gradle.workers.internal.WorkerDaemonExpiration] Will attempt to release 793 of memory
2024-10-22T10:27:32.465+0530 [DEBUG] [org.gradle.process.internal.health.memory.DefaultMemoryManager] 831603097 memory requested, 0 released, 637743104 free
2024-10-22T10:27:37.459+0530 [DEBUG] [org.gradle.process.internal.health.memory.DefaultMemoryManager] 831603097 memory requested, 614043648 free
2024-10-22T10:27:37.460+0530 [DEBUG] [org.gradle.workers.internal.WorkerDaemonExpiration] Will attempt to release 793 of memory
2024-10-22T10:27:37.460+0530 [DEBUG] [org.gradle.process.internal.health.memory.DefaultMemoryManager] 831603097 memory requested, 0 released, 614043648 free
2024-10-22T10:27:39.297+0530 [DEBUG] [org.gradle.cache.internal.DefaultFileLockManager] Waiting to acquire shared lock on daemon addresses registry.
2024-10-22T10:27:39.297+0530 [DEBUG] [org.gradle.cache.internal.DefaultFileLockManager] Lock acquired on daemon addresses registry.
2024-10-22T10:27:39.297+0530 [DEBUG] [org.gradle.cache.internal.DefaultFileLockManager] Releasing lock on daemon addresses registry.
2024-10-22T10:27:39.298+0530 [DEBUG] [org.gradle.cache.internal.DefaultFileLockManager] Waiting to acquire shared lock on daemon addresses registry.
2024-10-22T10:27:39.298+0530 [DEBUG] [org.gradle.cache.internal.DefaultFileLockManager] Lock acquired on daemon addresses registry.
2024-10-22T10:27:39.299+0530 [DEBUG] [org.gradle.cache.internal.DefaultFileLockManager] Releasing lock on daemon addresses registry.
2024-10-22T10:27:39.299+0530 [DEBUG] [org.gradle.cache.internal.DefaultFileLockManager] Waiting to acquire shared lock on daemon addresses registry.
2024-10-22T10:27:39.299+0530 [DEBUG] [org.gradle.cache.internal.DefaultFileLockManager] Lock acquired on daemon addresses registry.
2024-10-22T10:27:39.299+0530 [DEBUG] [org.gradle.cache.internal.DefaultFileLockManager] Releasing lock on daemon addresses registry.
2024-10-22T10:27:42.460+0530 [DEBUG] [org.gradle.process.internal.health.memory.DefaultMemoryManager] 831603097 memory requested, 619327488 free
2024-10-22T10:27:42.460+0530 [DEBUG] [org.gradle.workers.internal.WorkerDaemonExpiration] Will attempt to release 793 of memory
2024-10-22T10:27:42.460+0530 [DEBUG] [org.gradle.process.internal.health.memory.DefaultMemoryManager] 831603097 memory requested, 0 released, 619327488 free
2024-10-22T10:27:47.456+0530 [DEBUG] [org.gradle.process.internal.health.memory.DefaultMemoryManager] 831603097 memory requested, 609677312 free
2024-10-22T10:27:47.456+0530 [DEBUG] [org.gradle.workers.internal.WorkerDaemonExpiration] Will attempt to release 793 of memory
2024-10-22T10:27:47.456+0530 [DEBUG] [org.gradle.process.internal.health.memory.DefaultMemoryManager] 831603097 memory requested, 0 released, 609677312 free
2024-10-22T10:27:49.302+0530 [DEBUG] [org.gradle.cache.internal.DefaultFileLockManager] Waiting to acquire shared lock on daemon addresses registry.
2024-10-22T10:27:49.304+0530 [DEBUG] [org.gradle.cache.internal.DefaultFileLockManager] Lock acquired on daemon addresses registry.
2024-10-22T10:27:49.304+0530 [DEBUG] [org.gradle.cache.internal.DefaultFileLockManager] Releasing lock on daemon addresses registry.
2024-10-22T10:27:49.305+0530 [DEBUG] [org.gradle.cache.internal.DefaultFileLockManager] Waiting to acquire shared lock on daemon addresses registry.
2024-10-22T10:27:49.305+0530 [DEBUG] [org.gradle.cache.internal.DefaultFileLockManager] Lock acquired on daemon addresses registry.
2024-10-22T10:27:49.305+0530 [DEBUG] [org.gradle.cache.internal.DefaultFileLockManager] Releasing lock on daemon addresses registry.
2024-10-22T10:27:49.306+0530 [DEBUG] [org.gradle.cache.internal.DefaultFileLockManager] Waiting to acquire shared lock on daemon addresses registry.
2024-10-22T10:27:49.306+0530 [DEBUG] [org.gradle.cache.internal.DefaultFileLockManager] Lock acquired on daemon addresses registry.
2024-10-22T10:27:49.306+0530 [DEBUG] [org.gradle.cache.internal.DefaultFileLockManager] Releasing lock on daemon addresses registry.
2024-10-22T10:27:52.461+0530 [DEBUG] [org.gradle.process.internal.health.memory.DefaultMemoryManager] 831603097 memory requested, 594628608 free
2024-10-22T10:27:52.461+0530 [DEBUG] [org.gradle.workers.internal.WorkerDaemonExpiration] Will attempt to release 793 of memory
2024-10-22T10:27:52.461+0530 [DEBUG] [org.gradle.process.internal.health.memory.DefaultMemoryManager] 831603097 memory requested, 0 released, 594628608 free
2024-10-22T10:27:57.464+0530 [DEBUG] [org.gradle.process.internal.health.memory.DefaultMemoryManager] 831603097 memory requested, 448892928 free
2024-10-22T10:27:57.464+0530 [DEBUG] [org.gradle.workers.internal.WorkerDaemonExpiration] Will attempt to release 793 of memory
2024-10-22T10:27:57.464+0530 [DEBUG] [org.gradle.process.internal.health.memory.DefaultMemoryManager] 831603097 memory requested, 0 released, 448892928 free
2024-10-22T10:27:59.302+0530 [DEBUG] [org.gradle.cache.internal.DefaultFileLockManager] Waiting to acquire shared lock on daemon addresses registry.
2024-10-22T10:27:59.307+0530 [DEBUG] [org.gradle.cache.internal.DefaultFileLockManager] Lock acquired on daemon addresses registry.
2024-10-22T10:27:59.313+0530 [DEBUG] [org.gradle.cache.internal.DefaultFileLockManager] Releasing lock on daemon addresses registry.
2024-10-22T10:27:59.324+0530 [DEBUG] [org.gradle.cache.internal.DefaultFileLockManager] Waiting to acquire shared lock on daemon addresses registry.
2024-10-22T10:27:59.326+0530 [DEBUG] [org.gradle.cache.internal.DefaultFileLockManager] Lock acquired on daemon addresses registry.
2024-10-22T10:27:59.330+0530 [DEBUG] [org.gradle.cache.internal.DefaultFileLockManager] Releasing lock on daemon addresses registry.
2024-10-22T10:27:59.333+0530 [DEBUG] [org.gradle.cache.internal.DefaultFileLockManager] Waiting to acquire shared lock on daemon addresses registry.
2024-10-22T10:27:59.334+0530 [DEBUG] [org.gradle.cache.internal.DefaultFileLockManager] Lock acquired on daemon addresses registry.
2024-10-22T10:27:59.337+0530 [DEBUG] [org.gradle.cache.internal.DefaultFileLockManager] Releasing lock on daemon addresses registry.
2024-10-22T10:28:02.469+0530 [DEBUG] [org.gradle.process.internal.health.memory.DefaultMemoryManager] 831603097 memory requested, 432099328 free
2024-10-22T10:28:02.469+0530 [DEBUG] [org.gradle.workers.internal.WorkerDaemonExpiration] Will attempt to release 793 of memory
2024-10-22T10:28:02.469+0530 [DEBUG] [org.gradle.process.internal.health.memory.DefaultMemoryManager] 831603097 memory requested, 0 released, 432099328 free
2024-10-22T10:28:07.466+0530 [DEBUG] [org.gradle.process.internal.health.memory.DefaultMemoryManager] 831603097 memory requested, 507011072 free
2024-10-22T10:28:07.466+0530 [DEBUG] [org.gradle.workers.internal.WorkerDaemonExpiration] Will attempt to release 793 of memory
2024-10-22T10:28:07.466+0530 [DEBUG] [org.gradle.process.internal.health.memory.DefaultMemoryManager] 831603097 memory requested, 0 released, 507011072 free
2024-10-22T10:28:09.291+0530 [DEBUG] [org.gradle.cache.internal.DefaultFileLockManager] Waiting to acquire shared lock on daemon addresses registry.
2024-10-22T10:28:09.292+0530 [DEBUG] [org.gradle.cache.internal.DefaultFileLockManager] Lock acquired on daemon addresses registry.
2024-10-22T10:28:09.293+0530 [DEBUG] [org.gradle.cache.internal.DefaultFileLockManager] Releasing lock on daemon addresses registry.
2024-10-22T10:28:09.294+0530 [DEBUG] [org.gradle.cache.internal.DefaultFileLockManager] Waiting to acquire shared lock on daemon addresses registry.
2024-10-22T10:28:09.294+0530 [DEBUG] [org.gradle.cache.internal.DefaultFileLockManager] Lock acquired on daemon addresses registry.
2024-10-22T10:28:09.294+0530 [DEBUG] [org.gradle.cache.internal.DefaultFileLockManager] Releasing lock on daemon addresses registry.
2024-10-22T10:28:09.295+0530 [DEBUG] [org.gradle.cache.internal.DefaultFileLockManager] Waiting to acquire shared lock on daemon addresses registry.
2024-10-22T10:28:09.295+0530 [DEBUG] [org.gradle.cache.internal.DefaultFileLockManager] Lock acquired on daemon addresses registry.
2024-10-22T10:28:09.295+0530 [DEBUG] [org.gradle.cache.internal.DefaultFileLockManager] Releasing lock on daemon addresses registry.
2024-10-22T10:28:12.462+0530 [DEBUG] [org.gradle.process.internal.health.memory.DefaultMemoryManager] 831603097 memory requested, 510156800 free
2024-10-22T10:28:12.462+0530 [DEBUG] [org.gradle.workers.internal.WorkerDaemonExpiration] Will attempt to release 793 of memory
2024-10-22T10:28:12.462+0530 [DEBUG] [org.gradle.process.internal.health.memory.DefaultMemoryManager] 831603097 memory requested, 0 released, 510156800 free
2024-10-22T10:28:17.459+0530 [DEBUG] [org.gradle.process.internal.health.memory.DefaultMemoryManager] 831603097 memory requested, 493752320 free
2024-10-22T10:28:17.459+0530 [DEBUG] [org.gradle.workers.internal.WorkerDaemonExpiration] Will attempt to release 793 of memory
2024-10-22T10:28:17.459+0530 [DEBUG] [org.gradle.process.internal.health.memory.DefaultMemoryManager] 831603097 memory requested, 0 released, 493752320 free
2024-10-22T10:28:19.298+0530 [DEBUG] [org.gradle.cache.internal.DefaultFileLockManager] Waiting to acquire shared lock on daemon addresses registry.
2024-10-22T10:28:19.298+0530 [DEBUG] [org.gradle.cache.internal.DefaultFileLockManager] Lock acquired on daemon addresses registry.
2024-10-22T10:28:19.298+0530 [DEBUG] [org.gradle.cache.internal.DefaultFileLockManager] Releasing lock on daemon addresses registry.
2024-10-22T10:28:19.299+0530 [DEBUG] [org.gradle.cache.internal.DefaultFileLockManager] Waiting to acquire shared lock on daemon addresses registry.
2024-10-22T10:28:19.299+0530 [DEBUG] [org.gradle.cache.internal.DefaultFileLockManager] Lock acquired on daemon addresses registry.
2024-10-22T10:28:19.300+0530 [DEBUG] [org.gradle.cache.internal.DefaultFileLockManager] Releasing lock on daemon addresses registry.
2024-10-22T10:28:19.300+0530 [DEBUG] [org.gradle.cache.internal.DefaultFileLockManager] Waiting to acquire shared lock on daemon addresses registry.
2024-10-22T10:28:19.301+0530 [DEBUG] [org.gradle.cache.internal.DefaultFileLockManager] Lock acquired on daemon addresses registry.
2024-10-22T10:28:19.301+0530 [DEBUG] [org.gradle.cache.internal.DefaultFileLockManager] Releasing lock on daemon addresses registry.
2024-10-22T10:28:22.465+0530 [DEBUG] [org.gradle.process.internal.health.memory.DefaultMemoryManager] 831603097 memory requested, 485076992 free
2024-10-22T10:28:22.466+0530 [DEBUG] [org.gradle.workers.internal.WorkerDaemonExpiration] Will attempt to release 793 of memory
2024-10-22T10:28:22.467+0530 [DEBUG] [org.gradle.process.internal.health.memory.DefaultMemoryManager] 831603097 memory requested, 0 released, 485076992 free
2024-10-22T10:28:27.465+0530 [DEBUG] [org.gradle.process.internal.health.memory.DefaultMemoryManager] 831603097 memory requested, 475033600 free
2024-10-22T10:28:27.465+0530 [DEBUG] [org.gradle.workers.internal.WorkerDaemonExpiration] Will attempt to release 793 of memory
2024-10-22T10:28:27.465+0530 [DEBUG] [org.gradle.process.internal.health.memory.DefaultMemoryManager] 831603097 memory requested, 0 released, 475033600 free
2024-10-22T10:28:29.302+0530 [DEBUG] [org.gradle.cache.internal.DefaultFileLockManager] Waiting to acquire shared lock on daemon addresses registry.
2024-10-22T10:28:29.302+0530 [DEBUG] [org.gradle.cache.internal.DefaultFileLockManager] Lock acquired on daemon addresses registry.
2024-10-22T10:28:29.303+0530 [DEBUG] [org.gradle.cache.internal.DefaultFileLockManager] Releasing lock on daemon addresses registry.
2024-10-22T10:28:29.304+0530 [DEBUG] [org.gradle.cache.internal.DefaultFileLockManager] Waiting to acquire shared lock on daemon addresses registry.
2024-10-22T10:28:29.305+0530 [DEBUG] [org.gradle.cache.internal.DefaultFileLockManager] Lock acquired on daemon addresses registry.
2024-10-22T10:28:29.305+0530 [DEBUG] [org.gradle.cache.internal.DefaultFileLockManager] Releasing lock on daemon addresses registry.
2024-10-22T10:28:29.306+0530 [DEBUG] [org.gradle.cache.internal.DefaultFileLockManager] Waiting to acquire shared lock on daemon addresses registry.
2024-10-22T10:28:29.306+0530 [DEBUG] [org.gradle.cache.internal.DefaultFileLockManager] Lock acquired on daemon addresses registry.
2024-10-22T10:28:29.307+0530 [DEBUG] [org.gradle.cache.internal.DefaultFileLockManager] Releasing lock on daemon addresses registry.
2024-10-22T10:28:32.466+0530 [DEBUG] [org.gradle.process.internal.health.memory.DefaultMemoryManager] 831603097 memory requested, 435798016 free
2024-10-22T10:28:32.466+0530 [DEBUG] [org.gradle.workers.internal.WorkerDaemonExpiration] Will attempt to release 793 of memory
2024-10-22T10:28:32.466+0530 [DEBUG] [org.gradle.process.internal.health.memory.DefaultMemoryManager] 831603097 memory requested, 0 released, 435798016 free
2024-10-22T10:28:37.470+0530 [DEBUG] [org.gradle.process.internal.health.memory.DefaultMemoryManager] 831603097 memory requested, 423555072 free
2024-10-22T10:28:37.470+0530 [DEBUG] [org.gradle.workers.internal.WorkerDaemonExpiration] Will attempt to release 793 of memory
2024-10-22T10:28:37.470+0530 [DEBUG] [org.gradle.process.internal.health.memory.DefaultMemoryManager] 831603097 memory requested, 0 released, 423555072 free
2024-10-22T10:28:39.296+0530 [DEBUG] [org.gradle.cache.internal.DefaultFileLockManager] Waiting to acquire shared lock on daemon addresses registry.
2024-10-22T10:28:39.296+0530 [DEBUG] [org.gradle.cache.internal.DefaultFileLockManager] Lock acquired on daemon addresses registry.
2024-10-22T10:28:39.296+0530 [DEBUG] [org.gradle.cache.internal.DefaultFileLockManager] Releasing lock on daemon addresses registry.
2024-10-22T10:28:39.298+0530 [DEBUG] [org.gradle.cache.internal.DefaultFileLockManager] Waiting to acquire shared lock on daemon addresses registry.
2024-10-22T10:28:39.298+0530 [DEBUG] [org.gradle.cache.internal.DefaultFileLockManager] Lock acquired on daemon addresses registry.
2024-10-22T10:28:39.298+0530 [DEBUG] [org.gradle.cache.internal.DefaultFileLockManager] Releasing lock on daemon addresses registry.
2024-10-22T10:28:39.299+0530 [DEBUG] [org.gradle.cache.internal.DefaultFileLockManager] Waiting to acquire shared lock on daemon addresses registry.
2024-10-22T10:28:39.299+0530 [DEBUG] [org.gradle.cache.internal.DefaultFileLockManager] Lock acquired on daemon addresses registry.
2024-10-22T10:28:39.299+0530 [DEBUG] [org.gradle.cache.internal.DefaultFileLockManager] Releasing lock on daemon addresses registry.
2024-10-22T10:28:42.458+0530 [DEBUG] [org.gradle.process.internal.health.memory.DefaultMemoryManager] 831603097 memory requested, 427950080 free
2024-10-22T10:28:42.458+0530 [DEBUG] [org.gradle.workers.internal.WorkerDaemonExpiration] Will attempt to release 793 of memory
2024-10-22T10:28:42.458+0530 [DEBUG] [org.gradle.process.internal.health.memory.DefaultMemoryManager] 831603097 memory requested, 0 released, 427950080 free
2024-10-22T10:28:47.463+0530 [DEBUG] [org.gradle.process.internal.health.memory.DefaultMemoryManager] 831603097 memory requested, 409120768 free
2024-10-22T10:28:47.463+0530 [DEBUG] [org.gradle.workers.internal.WorkerDaemonExpiration] Will attempt to release 793 of memory
2024-10-22T10:28:47.463+0530 [DEBUG] [org.gradle.process.internal.health.memory.DefaultMemoryManager] 831603097 memory requested, 0 released, 409120768 free
2024-10-22T10:28:49.303+0530 [DEBUG] [org.gradle.cache.internal.DefaultFileLockManager] Waiting to acquire shared lock on daemon addresses registry.
2024-10-22T10:28:49.303+0530 [DEBUG] [org.gradle.cache.internal.DefaultFileLockManager] Lock acquired on daemon addresses registry.
2024-10-22T10:28:49.303+0530 [DEBUG] [org.gradle.cache.internal.DefaultFileLockManager] Releasing lock on daemon addresses registry.
2024-10-22T10:28:49.316+0530 [DEBUG] [org.gradle.cache.internal.DefaultFileLockManager] Waiting to acquire shared lock on daemon addresses registry.
2024-10-22T10:28:49.316+0530 [DEBUG] [org.gradle.cache.internal.DefaultFileLockManager] Lock acquired on daemon addresses registry.
2024-10-22T10:28:49.317+0530 [DEBUG] [org.gradle.cache.internal.DefaultFileLockManager] Releasing lock on daemon addresses registry.
2024-10-22T10:28:49.318+0530 [DEBUG] [org.gradle.cache.internal.DefaultFileLockManager] Waiting to acquire shared lock on daemon addresses registry.
2024-10-22T10:28:49.318+0530 [DEBUG] [org.gradle.cache.internal.DefaultFileLockManager] Lock acquired on daemon addresses registry.
2024-10-22T10:28:49.318+0530 [DEBUG] [org.gradle.cache.internal.DefaultFileLockManager] Releasing lock on daemon addresses registry.
2024-10-22T10:28:52.459+0530 [DEBUG] [org.gradle.process.internal.health.memory.DefaultMemoryManager] 831603097 memory requested, 405028864 free
2024-10-22T10:28:52.460+0530 [DEBUG] [org.gradle.workers.internal.WorkerDaemonExpiration] Will attempt to release 793 of memory
2024-10-22T10:28:52.460+0530 [DEBUG] [org.gradle.process.internal.health.memory.DefaultMemoryManager] 831603097 memory requested, 0 released, 405028864 free
2024-10-22T10:28:57.457+0530 [DEBUG] [org.gradle.process.internal.health.memory.DefaultMemoryManager] 831603097 memory requested, 415154176 free
2024-10-22T10:28:57.457+0530 [DEBUG] [org.gradle.workers.internal.WorkerDaemonExpiration] Will attempt to release 793 of memory
2024-10-22T10:28:57.457+0530 [DEBUG] [org.gradle.process.internal.health.memory.DefaultMemoryManager] 831603097 memory requested, 0 released, 415154176 free
2024-10-22T10:28:59.301+0530 [DEBUG] [org.gradle.cache.internal.DefaultFileLockManager] Waiting to acquire shared lock on daemon addresses registry.
2024-10-22T10:28:59.301+0530 [DEBUG] [org.gradle.cache.internal.DefaultFileLockManager] Lock acquired on daemon addresses registry.
2024-10-22T10:28:59.301+0530 [DEBUG] [org.gradle.cache.internal.DefaultFileLockManager] Releasing lock on daemon addresses registry.
2024-10-22T10:28:59.302+0530 [DEBUG] [org.gradle.cache.internal.DefaultFileLockManager] Waiting to acquire shared lock on daemon addresses registry.
2024-10-22T10:28:59.302+0530 [DEBUG] [org.gradle.cache.internal.DefaultFileLockManager] Lock acquired on daemon addresses registry.
2024-10-22T10:28:59.304+0530 [DEBUG] [org.gradle.cache.internal.DefaultFileLockManager] Releasing lock on daemon addresses registry.
2024-10-22T10:28:59.304+0530 [DEBUG] [org.gradle.cache.internal.DefaultFileLockManager] Waiting to acquire shared lock on daemon addresses registry.
2024-10-22T10:28:59.305+0530 [DEBUG] [org.gradle.cache.internal.DefaultFileLockManager] Lock acquired on daemon addresses registry.
2024-10-22T10:28:59.305+0530 [DEBUG] [org.gradle.cache.internal.DefaultFileLockManager] Releasing lock on daemon addresses registry.
2024-10-22T10:29:02.462+0530 [DEBUG] [org.gradle.process.internal.health.memory.DefaultMemoryManager] 831603097 memory requested, 413474816 free
2024-10-22T10:29:02.462+0530 [DEBUG] [org.gradle.workers.internal.WorkerDaemonExpiration] Will attempt to release 793 of memory
2024-10-22T10:29:02.462+0530 [DEBUG] [org.gradle.process.internal.health.memory.DefaultMemoryManager] 831603097 memory requested, 0 released, 413474816 free
2024-10-22T10:29:07.460+0530 [DEBUG] [org.gradle.process.internal.health.memory.DefaultMemoryManager] 831603097 memory requested, 407097344 free
2024-10-22T10:29:07.460+0530 [DEBUG] [org.gradle.workers.internal.WorkerDaemonExpiration] Will attempt to release 793 of memory
2024-10-22T10:29:07.460+0530 [DEBUG] [org.gradle.process.internal.health.memory.DefaultMemoryManager] 831603097 memory requested, 0 released, 407097344 free
2024-10-22T10:29:09.298+0530 [DEBUG] [org.gradle.cache.internal.DefaultFileLockManager] Waiting to acquire shared lock on daemon addresses registry.
2024-10-22T10:29:09.299+0530 [DEBUG] [org.gradle.cache.internal.DefaultFileLockManager] Lock acquired on daemon addresses registry.
2024-10-22T10:29:09.300+0530 [DEBUG] [org.gradle.cache.internal.DefaultFileLockManager] Releasing lock on daemon addresses registry.
2024-10-22T10:29:09.301+0530 [DEBUG] [org.gradle.cache.internal.DefaultFileLockManager] Waiting to acquire shared lock on daemon addresses registry.
2024-10-22T10:29:09.301+0530 [DEBUG] [org.gradle.cache.internal.DefaultFileLockManager] Lock acquired on daemon addresses registry.
2024-10-22T10:29:09.302+0530 [DEBUG] [org.gradle.cache.internal.DefaultFileLockManager] Releasing lock on daemon addresses registry.
2024-10-22T10:29:09.303+0530 [DEBUG] [org.gradle.cache.internal.DefaultFileLockManager] Waiting to acquire shared lock on daemon addresses registry.
2024-10-22T10:29:09.304+0530 [DEBUG] [org.gradle.cache.internal.DefaultFileLockManager] Lock acquired on daemon addresses registry.
2024-10-22T10:29:09.304+0530 [DEBUG] [org.gradle.cache.internal.DefaultFileLockManager] Releasing lock on daemon addresses registry.
2024-10-22T10:29:12.470+0530 [DEBUG] [org.gradle.process.internal.health.memory.DefaultMemoryManager] 831603097 memory requested, 397090816 free
2024-10-22T10:29:12.470+0530 [DEBUG] [org.gradle.workers.internal.WorkerDaemonExpiration] Will attempt to release 793 of memory
2024-10-22T10:29:12.470+0530 [DEBUG] [org.gradle.process.internal.health.memory.DefaultMemoryManager] 831603097 memory requested, 0 released, 397090816 free
2024-10-22T10:29:17.468+0530 [DEBUG] [org.gradle.process.internal.health.memory.DefaultMemoryManager] 831603097 memory requested, 401039360 free
2024-10-22T10:29:17.468+0530 [DEBUG] [org.gradle.workers.internal.WorkerDaemonExpiration] Will attempt to release 793 of memory
2024-10-22T10:29:17.469+0530 [DEBUG] [org.gradle.process.internal.health.memory.DefaultMemoryManager] 831603097 memory requested, 0 released, 401039360 free
2024-10-22T10:29:19.290+0530 [DEBUG] [org.gradle.cache.internal.DefaultFileLockManager] Waiting to acquire shared lock on daemon addresses registry.
2024-10-22T10:29:19.291+0530 [DEBUG] [org.gradle.cache.internal.DefaultFileLockManager] Lock acquired on daemon addresses registry.
2024-10-22T10:29:19.292+0530 [DEBUG] [org.gradle.cache.internal.DefaultFileLockManager] Releasing lock on daemon addresses registry.
2024-10-22T10:29:19.293+0530 [DEBUG] [org.gradle.cache.internal.DefaultFileLockManager] Waiting to acquire shared lock on daemon addresses registry.
2024-10-22T10:29:19.293+0530 [DEBUG] [org.gradle.cache.internal.DefaultFileLockManager] Lock acquired on daemon addresses registry.
2024-10-22T10:29:19.294+0530 [DEBUG] [org.gradle.cache.internal.DefaultFileLockManager] Releasing lock on daemon addresses registry.
2024-10-22T10:29:19.296+0530 [DEBUG] [org.gradle.cache.internal.DefaultFileLockManager] Waiting to acquire shared lock on daemon addresses registry.
2024-10-22T10:29:19.297+0530 [DEBUG] [org.gradle.cache.internal.DefaultFileLockManager] Lock acquired on daemon addresses registry.
2024-10-22T10:29:19.299+0530 [DEBUG] [org.gradle.cache.internal.DefaultFileLockManager] Releasing lock on daemon addresses registry.
2024-10-22T10:29:22.457+0530 [DEBUG] [org.gradle.process.internal.health.memory.DefaultMemoryManager] 831603097 memory requested, 405614592 free
2024-10-22T10:29:22.457+0530 [DEBUG] [org.gradle.workers.internal.WorkerDaemonExpiration] Will attempt to release 793 of memory
2024-10-22T10:29:22.457+0530 [DEBUG] [org.gradle.process.internal.health.memory.DefaultMemoryManager] 831603097 memory requested, 0 released, 405614592 free
2024-10-22T10:29:27.457+0530 [DEBUG] [org.gradle.process.internal.health.memory.DefaultMemoryManager] 831603097 memory requested, 403083264 free
2024-10-22T10:29:27.457+0530 [DEBUG] [org.gradle.workers.internal.WorkerDaemonExpiration] Will attempt to release 793 of memory
2024-10-22T10:29:27.457+0530 [DEBUG] [org.gradle.process.internal.health.memory.DefaultMemoryManager] 831603097 memory requested, 0 released, 403083264 free
2024-10-22T10:29:29.296+0530 [DEBUG] [org.gradle.cache.internal.DefaultFileLockManager] Waiting to acquire shared lock on daemon addresses registry.
2024-10-22T10:29:29.296+0530 [DEBUG] [org.gradle.cache.internal.DefaultFileLockManager] Lock acquired on daemon addresses registry.
2024-10-22T10:29:29.296+0530 [DEBUG] [org.gradle.cache.internal.DefaultFileLockManager] Releasing lock on daemon addresses registry.
2024-10-22T10:29:29.298+0530 [DEBUG] [org.gradle.cache.internal.DefaultFileLockManager] Waiting to acquire shared lock on daemon addresses registry.
2024-10-22T10:29:29.298+0530 [DEBUG] [org.gradle.cache.internal.DefaultFileLockManager] Lock acquired on daemon addresses registry.
2024-10-22T10:29:29.298+0530 [DEBUG] [org.gradle.cache.internal.DefaultFileLockManager] Releasing lock on daemon addresses registry.
2024-10-22T10:29:29.299+0530 [DEBUG] [org.gradle.cache.internal.DefaultFileLockManager] Waiting to acquire shared lock on daemon addresses registry.
2024-10-22T10:29:29.299+0530 [DEBUG] [org.gradle.cache.internal.DefaultFileLockManager] Lock acquired on daemon addresses registry.
2024-10-22T10:29:29.299+0530 [DEBUG] [org.gradle.cache.internal.DefaultFileLockManager] Releasing lock on daemon addresses registry.
2024-10-22T10:29:32.456+0530 [DEBUG] [org.gradle.process.internal.health.memory.DefaultMemoryManager] 831603097 memory requested, 392294400 free
2024-10-22T10:29:32.456+0530 [DEBUG] [org.gradle.workers.internal.WorkerDaemonExpiration] Will attempt to release 793 of memory
2024-10-22T10:29:32.456+0530 [DEBUG] [org.gradle.process.internal.health.memory.DefaultMemoryManager] 831603097 memory requested, 0 released, 392294400 free
2024-10-22T10:29:37.468+0530 [DEBUG] [org.gradle.process.internal.health.memory.DefaultMemoryManager] 831603097 memory requested, 393670656 free
2024-10-22T10:29:37.468+0530 [DEBUG] [org.gradle.workers.internal.WorkerDaemonExpiration] Will attempt to release 793 of memory
2024-10-22T10:29:37.468+0530 [DEBUG] [org.gradle.process.internal.health.memory.DefaultMemoryManager] 831603097 memory requested, 0 released, 393670656 free
2024-10-22T10:29:39.292+0530 [DEBUG] [org.gradle.cache.internal.DefaultFileLockManager] Waiting to acquire shared lock on daemon addresses registry.
2024-10-22T10:29:39.292+0530 [DEBUG] [org.gradle.cache.internal.DefaultFileLockManager] Lock acquired on daemon addresses registry.
2024-10-22T10:29:39.294+0530 [DEBUG] [org.gradle.cache.internal.DefaultFileLockManager] Releasing lock on daemon addresses registry.
2024-10-22T10:29:39.295+0530 [DEBUG] [org.gradle.cache.internal.DefaultFileLockManager] Waiting to acquire shared lock on daemon addresses registry.
2024-10-22T10:29:39.295+0530 [DEBUG] [org.gradle.cache.internal.DefaultFileLockManager] Lock acquired on daemon addresses registry.
2024-10-22T10:29:39.295+0530 [DEBUG] [org.gradle.cache.internal.DefaultFileLockManager] Releasing lock on daemon addresses registry.
2024-10-22T10:29:39.295+0530 [DEBUG] [org.gradle.cache.internal.DefaultFileLockManager] Waiting to acquire shared lock on daemon addresses registry.
2024-10-22T10:29:39.296+0530 [DEBUG] [org.gradle.cache.internal.DefaultFileLockManager] Lock acquired on daemon addresses registry.
2024-10-22T10:29:39.296+0530 [DEBUG] [org.gradle.cache.internal.DefaultFileLockManager] Releasing lock on daemon addresses registry.
2024-10-22T10:29:42.460+0530 [DEBUG] [org.gradle.process.internal.health.memory.DefaultMemoryManager] 831603097 memory requested, 395239424 free
2024-10-22T10:29:42.460+0530 [DEBUG] [org.gradle.workers.internal.WorkerDaemonExpiration] Will attempt to release 793 of memory
2024-10-22T10:29:42.460+0530 [DEBUG] [org.gradle.process.internal.health.memory.DefaultMemoryManager] 831603097 memory requested, 0 released, 395239424 free
2024-10-22T10:29:47.469+0530 [DEBUG] [org.gradle.process.internal.health.memory.DefaultMemoryManager] 831603097 memory requested, 395874304 free
2024-10-22T10:29:47.469+0530 [DEBUG] [org.gradle.workers.internal.WorkerDaemonExpiration] Will attempt to release 793 of memory
2024-10-22T10:29:47.470+0530 [DEBUG] [org.gradle.process.internal.health.memory.DefaultMemoryManager] 831603097 memory requested, 0 released, 395874304 free
2024-10-22T10:29:49.303+0530 [DEBUG] [org.gradle.cache.internal.DefaultFileLockManager] Waiting to acquire shared lock on daemon addresses registry.
2024-10-22T10:29:49.304+0530 [DEBUG] [org.gradle.cache.internal.DefaultFileLockManager] Lock acquired on daemon addresses registry.
2024-10-22T10:29:49.305+0530 [DEBUG] [org.gradle.cache.internal.DefaultFileLockManager] Releasing lock on daemon addresses registry.
2024-10-22T10:29:49.307+0530 [DEBUG] [org.gradle.cache.internal.DefaultFileLockManager] Waiting to acquire shared lock on daemon addresses registry.
2024-10-22T10:29:49.308+0530 [DEBUG] [org.gradle.cache.internal.DefaultFileLockManager] Lock acquired on daemon addresses registry.
2024-10-22T10:29:49.309+0530 [DEBUG] [org.gradle.cache.internal.DefaultFileLockManager] Releasing lock on daemon addresses registry.
2024-10-22T10:29:49.310+0530 [DEBUG] [org.gradle.cache.internal.DefaultFileLockManager] Waiting to acquire shared lock on daemon addresses registry.
2024-10-22T10:29:49.310+0530 [DEBUG] [org.gradle.cache.internal.DefaultFileLockManager] Lock acquired on daemon addresses registry.
2024-10-22T10:29:49.310+0530 [DEBUG] [org.gradle.cache.internal.DefaultFileLockManager] Releasing lock on daemon addresses registry.
2024-10-22T10:29:52.467+0530 [DEBUG] [org.gradle.process.internal.health.memory.DefaultMemoryManager] 831603097 memory requested, 396709888 free
2024-10-22T10:29:52.468+0530 [DEBUG] [org.gradle.workers.internal.WorkerDaemonExpiration] Will attempt to release 793 of memory
2024-10-22T10:29:52.488+0530 [DEBUG] [org.gradle.process.internal.health.memory.DefaultMemoryManager] 831603097 memory requested, 0 released, 396709888 free
2024-10-22T10:29:57.469+0530 [DEBUG] [org.gradle.process.internal.health.memory.DefaultMemoryManager] 831603097 memory requested, 391401472 free
2024-10-22T10:29:57.469+0530 [DEBUG] [org.gradle.workers.internal.WorkerDaemonExpiration] Will attempt to release 793 of memory
2024-10-22T10:29:57.469+0530 [DEBUG] [org.gradle.process.internal.health.memory.DefaultMemoryManager] 831603097 memory requested, 0 released, 391401472 free
2024-10-22T10:29:59.293+0530 [DEBUG] [org.gradle.cache.internal.DefaultFileLockManager] Waiting to acquire shared lock on daemon addresses registry.
2024-10-22T10:29:59.294+0530 [DEBUG] [org.gradle.cache.internal.DefaultFileLockManager] Lock acquired on daemon addresses registry.
2024-10-22T10:29:59.295+0530 [DEBUG] [org.gradle.cache.internal.DefaultFileLockManager] Releasing lock on daemon addresses registry.
2024-10-22T10:29:59.296+0530 [DEBUG] [org.gradle.cache.internal.DefaultFileLockManager] Waiting to acquire shared lock on daemon addresses registry.
2024-10-22T10:29:59.296+0530 [DEBUG] [org.gradle.cache.internal.DefaultFileLockManager] Lock acquired on daemon addresses registry.
2024-10-22T10:29:59.297+0530 [DEBUG] [org.gradle.cache.internal.DefaultFileLockManager] Releasing lock on daemon addresses registry.
2024-10-22T10:29:59.297+0530 [DEBUG] [org.gradle.cache.internal.DefaultFileLockManager] Waiting to acquire shared lock on daemon addresses registry.
2024-10-22T10:29:59.297+0530 [DEBUG] [org.gradle.cache.internal.DefaultFileLockManager] Lock acquired on daemon addresses registry.
2024-10-22T10:29:59.297+0530 [DEBUG] [org.gradle.cache.internal.DefaultFileLockManager] Releasing lock on daemon addresses registry.
2024-10-22T10:30:02.455+0530 [DEBUG] [org.gradle.process.internal.health.memory.DefaultMemoryManager] 831603097 memory requested, 369471488 free
2024-10-22T10:30:02.455+0530 [DEBUG] [org.gradle.workers.internal.WorkerDaemonExpiration] Will attempt to release 793 of memory
2024-10-22T10:30:02.456+0530 [DEBUG] [org.gradle.process.internal.health.memory.DefaultMemoryManager] 831603097 memory requested, 0 released, 369471488 free
2024-10-22T10:30:07.456+0530 [DEBUG] [org.gradle.process.internal.health.memory.DefaultMemoryManager] 831603097 memory requested, 350941184 free
2024-10-22T10:30:07.457+0530 [DEBUG] [org.gradle.workers.internal.WorkerDaemonExpiration] Will attempt to release 793 of memory
2024-10-22T10:30:07.457+0530 [DEBUG] [org.gradle.process.internal.health.memory.DefaultMemoryManager] 831603097 memory requested, 0 released, 350941184 free
2024-10-22T10:30:09.292+0530 [DEBUG] [org.gradle.cache.internal.DefaultFileLockManager] Waiting to acquire shared lock on daemon addresses registry.
2024-10-22T10:30:09.292+0530 [DEBUG] [org.gradle.cache.internal.DefaultFileLockManager] Lock acquired on daemon addresses registry.
2024-10-22T10:30:09.292+0530 [DEBUG] [org.gradle.cache.internal.DefaultFileLockManager] Releasing lock on daemon addresses registry.
2024-10-22T10:30:09.293+0530 [DEBUG] [org.gradle.cache.internal.DefaultFileLockManager] Waiting to acquire shared lock on daemon addresses registry.
2024-10-22T10:30:09.293+0530 [DEBUG] [org.gradle.cache.internal.DefaultFileLockManager] Lock acquired on daemon addresses registry.
2024-10-22T10:30:09.294+0530 [DEBUG] [org.gradle.cache.internal.DefaultFileLockManager] Releasing lock on daemon addresses registry.
2024-10-22T10:30:09.294+0530 [DEBUG] [org.gradle.cache.internal.DefaultFileLockManager] Waiting to acquire shared lock on daemon addresses registry.
2024-10-22T10:30:09.295+0530 [DEBUG] [org.gradle.cache.internal.DefaultFileLockManager] Lock acquired on daemon addresses registry.
2024-10-22T10:30:09.295+0530 [DEBUG] [org.gradle.cache.internal.DefaultFileLockManager] Releasing lock on daemon addresses registry.
2024-10-22T10:30:12.464+0530 [DEBUG] [org.gradle.process.internal.health.memory.DefaultMemoryManager] 831603097 memory requested, 355414016 free
2024-10-22T10:30:12.465+0530 [DEBUG] [org.gradle.workers.internal.WorkerDaemonExpiration] Will attempt to release 793 of memory
2024-10-22T10:30:12.465+0530 [DEBUG] [org.gradle.process.internal.health.memory.DefaultMemoryManager] 831603097 memory requested, 0 released, 355414016 free
2024-10-22T10:30:17.468+0530 [DEBUG] [org.gradle.process.internal.health.memory.DefaultMemoryManager] 831603097 memory requested, 307449856 free
2024-10-22T10:30:17.468+0530 [DEBUG] [org.gradle.workers.internal.WorkerDaemonExpiration] Will attempt to release 793 of memory
2024-10-22T10:30:17.468+0530 [DEBUG] [org.gradle.process.internal.health.memory.DefaultMemoryManager] 831603097 memory requested, 0 released, 307449856 free
2024-10-22T10:30:19.304+0530 [DEBUG] [org.gradle.cache.internal.DefaultFileLockManager] Waiting to acquire shared lock on daemon addresses registry.
2024-10-22T10:30:19.304+0530 [DEBUG] [org.gradle.cache.internal.DefaultFileLockManager] Lock acquired on daemon addresses registry.
2024-10-22T10:30:19.304+0530 [DEBUG] [org.gradle.cache.internal.DefaultFileLockManager] Releasing lock on daemon addresses registry.
2024-10-22T10:30:19.305+0530 [DEBUG] [org.gradle.cache.internal.DefaultFileLockManager] Waiting to acquire shared lock on daemon addresses registry.
2024-10-22T10:30:19.305+0530 [DEBUG] [org.gradle.cache.internal.DefaultFileLockManager] Lock acquired on daemon addresses registry.
2024-10-22T10:30:19.305+0530 [DEBUG] [org.gradle.cache.internal.DefaultFileLockManager] Releasing lock on daemon addresses registry.
2024-10-22T10:30:19.306+0530 [DEBUG] [org.gradle.cache.internal.DefaultFileLockManager] Waiting to acquire shared lock on daemon addresses registry.
2024-10-22T10:30:19.306+0530 [DEBUG] [org.gradle.cache.internal.DefaultFileLockManager] Lock acquired on daemon addresses registry.
2024-10-22T10:30:19.306+0530 [DEBUG] [org.gradle.cache.internal.DefaultFileLockManager] Releasing lock on daemon addresses registry.
2024-10-22T10:30:22.467+0530 [DEBUG] [org.gradle.process.internal.health.memory.DefaultMemoryManager] 831603097 memory requested, 306999296 free
2024-10-22T10:30:22.467+0530 [DEBUG] [org.gradle.workers.internal.WorkerDaemonExpiration] Will attempt to release 793 of memory
2024-10-22T10:30:22.467+0530 [DEBUG] [org.gradle.process.internal.health.memory.DefaultMemoryManager] 831603097 memory requested, 0 released, 306999296 free
2024-10-22T10:30:27.468+0530 [DEBUG] [org.gradle.process.internal.health.memory.DefaultMemoryManager] 831603097 memory requested, 302411776 free
2024-10-22T10:30:27.468+0530 [DEBUG] [org.gradle.workers.internal.WorkerDaemonExpiration] Will attempt to release 793 of memory
2024-10-22T10:30:27.468+0530 [DEBUG] [org.gradle.process.internal.health.memory.DefaultMemoryManager] 831603097 memory requested, 0 released, 302411776 free
2024-10-22T10:30:29.296+0530 [DEBUG] [org.gradle.cache.internal.DefaultFileLockManager] Waiting to acquire shared lock on daemon addresses registry.
2024-10-22T10:30:29.296+0530 [DEBUG] [org.gradle.cache.internal.DefaultFileLockManager] Lock acquired on daemon addresses registry.
2024-10-22T10:30:29.296+0530 [DEBUG] [org.gradle.cache.internal.DefaultFileLockManager] Releasing lock on daemon addresses registry.
2024-10-22T10:30:29.297+0530 [DEBUG] [org.gradle.cache.internal.DefaultFileLockManager] Waiting to acquire shared lock on daemon addresses registry.
2024-10-22T10:30:29.297+0530 [DEBUG] [org.gradle.cache.internal.DefaultFileLockManager] Lock acquired on daemon addresses registry.
2024-10-22T10:30:29.297+0530 [DEBUG] [org.gradle.cache.internal.DefaultFileLockManager] Releasing lock on daemon addresses registry.
2024-10-22T10:30:29.298+0530 [DEBUG] [org.gradle.cache.internal.DefaultFileLockManager] Waiting to acquire shared lock on daemon addresses registry.
2024-10-22T10:30:29.298+0530 [DEBUG] [org.gradle.cache.internal.DefaultFileLockManager] Lock acquired on daemon addresses registry.
2024-10-22T10:30:29.299+0530 [DEBUG] [org.gradle.cache.internal.DefaultFileLockManager] Releasing lock on daemon addresses registry.
2024-10-22T10:30:32.467+0530 [DEBUG] [org.gradle.process.internal.health.memory.DefaultMemoryManager] 831603097 memory requested, 299765760 free
2024-10-22T10:30:32.467+0530 [DEBUG] [org.gradle.workers.internal.WorkerDaemonExpiration] Will attempt to release 793 of memory
2024-10-22T10:30:32.467+0530 [DEBUG] [org.gradle.process.internal.health.memory.DefaultMemoryManager] 831603097 memory requested, 0 released, 299765760 free
2024-10-22T10:30:37.457+0530 [DEBUG] [org.gradle.process.internal.health.memory.DefaultMemoryManager] 831603097 memory requested, 283000832 free
2024-10-22T10:30:37.457+0530 [DEBUG] [org.gradle.workers.internal.WorkerDaemonExpiration] Will attempt to release 793 of memory
2024-10-22T10:30:37.458+0530 [DEBUG] [org.gradle.process.internal.health.memory.DefaultMemoryManager] 831603097 memory requested, 0 released, 283000832 free
2024-10-22T10:30:39.295+0530 [DEBUG] [org.gradle.cache.internal.DefaultFileLockManager] Waiting to acquire shared lock on daemon addresses registry.
2024-10-22T10:30:39.296+0530 [DEBUG] [org.gradle.cache.internal.DefaultFileLockManager] Lock acquired on daemon addresses registry.
2024-10-22T10:30:39.296+0530 [DEBUG] [org.gradle.cache.internal.DefaultFileLockManager] Releasing lock on daemon addresses registry.
2024-10-22T10:30:39.296+0530 [DEBUG] [org.gradle.cache.internal.DefaultFileLockManager] Waiting to acquire shared lock on daemon addresses registry.
2024-10-22T10:30:39.297+0530 [DEBUG] [org.gradle.cache.internal.DefaultFileLockManager] Lock acquired on daemon addresses registry.
2024-10-22T10:30:39.297+0530 [DEBUG] [org.gradle.cache.internal.DefaultFileLockManager] Releasing lock on daemon addresses registry.
2024-10-22T10:30:39.298+0530 [DEBUG] [org.gradle.cache.internal.DefaultFileLockManager] Waiting to acquire shared lock on daemon addresses registry.
2024-10-22T10:30:39.298+0530 [DEBUG] [org.gradle.cache.internal.DefaultFileLockManager] Lock acquired on daemon addresses registry.
2024-10-22T10:30:39.299+0530 [DEBUG] [org.gradle.cache.internal.DefaultFileLockManager] Releasing lock on daemon addresses registry.
2024-10-22T10:30:42.458+0530 [DEBUG] [org.gradle.process.internal.health.memory.DefaultMemoryManager] 831603097 memory requested, 286658560 free
2024-10-22T10:30:42.458+0530 [DEBUG] [org.gradle.workers.internal.WorkerDaemonExpiration] Will attempt to release 793 of memory
2024-10-22T10:30:42.458+0530 [DEBUG] [org.gradle.process.internal.health.memory.DefaultMemoryManager] 831603097 memory requested, 0 released, 286658560 free
2024-10-22T10:30:47.458+0530 [DEBUG] [org.gradle.process.internal.health.memory.DefaultMemoryManager] 831603097 memory requested, 293748736 free
2024-10-22T10:30:47.458+0530 [DEBUG] [org.gradle.workers.internal.WorkerDaemonExpiration] Will attempt to release 793 of memory
2024-10-22T10:30:47.459+0530 [DEBUG] [org.gradle.process.internal.health.memory.DefaultMemoryManager] 831603097 memory requested, 0 released, 293748736 free
2024-10-22T10:30:49.292+0530 [DEBUG] [org.gradle.cache.internal.DefaultFileLockManager] Waiting to acquire shared lock on daemon addresses registry.
2024-10-22T10:30:49.292+0530 [DEBUG] [org.gradle.cache.internal.DefaultFileLockManager] Lock acquired on daemon addresses registry.
2024-10-22T10:30:49.293+0530 [DEBUG] [org.gradle.cache.internal.DefaultFileLockManager] Releasing lock on daemon addresses registry.
2024-10-22T10:30:49.294+0530 [DEBUG] [org.gradle.cache.internal.DefaultFileLockManager] Waiting to acquire shared lock on daemon addresses registry.
2024-10-22T10:30:49.294+0530 [DEBUG] [org.gradle.cache.internal.DefaultFileLockManager] Lock acquired on daemon addresses registry.
2024-10-22T10:30:49.294+0530 [DEBUG] [org.gradle.cache.internal.DefaultFileLockManager] Releasing lock on daemon addresses registry.
2024-10-22T10:30:49.295+0530 [DEBUG] [org.gradle.cache.internal.DefaultFileLockManager] Waiting to acquire shared lock on daemon addresses registry.
2024-10-22T10:30:49.296+0530 [DEBUG] [org.gradle.cache.internal.DefaultFileLockManager] Lock acquired on daemon addresses registry.
2024-10-22T10:30:49.296+0530 [DEBUG] [org.gradle.cache.internal.DefaultFileLockManager] Releasing lock on daemon addresses registry.
2024-10-22T10:30:52.462+0530 [DEBUG] [org.gradle.process.internal.health.memory.DefaultMemoryManager] 831603097 memory requested, 287838208 free
2024-10-22T10:30:52.462+0530 [DEBUG] [org.gradle.workers.internal.WorkerDaemonExpiration] Will attempt to release 793 of memory
2024-10-22T10:30:52.462+0530 [DEBUG] [org.gradle.process.internal.health.memory.DefaultMemoryManager] 831603097 memory requested, 0 released, 287838208 free
2024-10-22T10:30:57.466+0530 [DEBUG] [org.gradle.process.internal.health.memory.DefaultMemoryManager] 831603097 memory requested, 289034240 free
2024-10-22T10:30:57.466+0530 [DEBUG] [org.gradle.workers.internal.WorkerDaemonExpiration] Will attempt to release 793 of memory
2024-10-22T10:30:57.466+0530 [DEBUG] [org.gradle.process.internal.health.memory.DefaultMemoryManager] 831603097 memory requested, 0 released, 289034240 free
2024-10-22T10:30:59.297+0530 [DEBUG] [org.gradle.cache.internal.DefaultFileLockManager] Waiting to acquire shared lock on daemon addresses registry.
2024-10-22T10:30:59.297+0530 [DEBUG] [org.gradle.cache.internal.DefaultFileLockManager] Lock acquired on daemon addresses registry.
2024-10-22T10:30:59.298+0530 [DEBUG] [org.gradle.cache.internal.DefaultFileLockManager] Releasing lock on daemon addresses registry.
2024-10-22T10:30:59.300+0530 [DEBUG] [org.gradle.cache.internal.DefaultFileLockManager] Waiting to acquire shared lock on daemon addresses registry.
2024-10-22T10:30:59.300+0530 [DEBUG] [org.gradle.cache.internal.DefaultFileLockManager] Lock acquired on daemon addresses registry.
2024-10-22T10:30:59.300+0530 [DEBUG] [org.gradle.cache.internal.DefaultFileLockManager] Releasing lock on daemon addresses registry.
2024-10-22T10:30:59.301+0530 [DEBUG] [org.gradle.cache.internal.DefaultFileLockManager] Waiting to acquire shared lock on daemon addresses registry.
2024-10-22T10:30:59.301+0530 [DEBUG] [org.gradle.cache.internal.DefaultFileLockManager] Lock acquired on daemon addresses registry.
2024-10-22T10:30:59.301+0530 [DEBUG] [org.gradle.cache.internal.DefaultFileLockManager] Releasing lock on daemon addresses registry.
2024-10-22T10:31:02.457+0530 [DEBUG] [org.gradle.process.internal.health.memory.DefaultMemoryManager] 831603097 memory requested, 283639808 free
2024-10-22T10:31:02.457+0530 [DEBUG] [org.gradle.workers.internal.WorkerDaemonExpiration] Will attempt to release 793 of memory
2024-10-22T10:31:02.457+0530 [DEBUG] [org.gradle.process.internal.health.memory.DefaultMemoryManager] 831603097 memory requested, 0 released, 283639808 free
2024-10-22T10:31:07.456+0530 [DEBUG] [org.gradle.process.internal.health.memory.DefaultMemoryManager] 831603097 memory requested, 280076288 free
2024-10-22T10:31:07.458+0530 [DEBUG] [org.gradle.workers.internal.WorkerDaemonExpiration] Will attempt to release 793 of memory
2024-10-22T10:31:07.459+0530 [DEBUG] [org.gradle.process.internal.health.memory.DefaultMemoryManager] 831603097 memory requested, 0 released, 280076288 free
2024-10-22T10:31:09.292+0530 [DEBUG] [org.gradle.cache.internal.DefaultFileLockManager] Waiting to acquire shared lock on daemon addresses registry.
2024-10-22T10:31:09.292+0530 [DEBUG] [org.gradle.cache.internal.DefaultFileLockManager] Lock acquired on daemon addresses registry.
2024-10-22T10:31:09.293+0530 [DEBUG] [org.gradle.cache.internal.DefaultFileLockManager] Releasing lock on daemon addresses registry.
2024-10-22T10:31:09.294+0530 [DEBUG] [org.gradle.cache.internal.DefaultFileLockManager] Waiting to acquire shared lock on daemon addresses registry.
2024-10-22T10:31:09.294+0530 [DEBUG] [org.gradle.cache.internal.DefaultFileLockManager] Lock acquired on daemon addresses registry.
2024-10-22T10:31:09.295+0530 [DEBUG] [org.gradle.cache.internal.DefaultFileLockManager] Releasing lock on daemon addresses registry.
2024-10-22T10:31:09.296+0530 [DEBUG] [org.gradle.cache.internal.DefaultFileLockManager] Waiting to acquire shared lock on daemon addresses registry.
2024-10-22T10:31:09.297+0530 [DEBUG] [org.gradle.cache.internal.DefaultFileLockManager] Lock acquired on daemon addresses registry.
2024-10-22T10:31:09.297+0530 [DEBUG] [org.gradle.cache.internal.DefaultFileLockManager] Releasing lock on daemon addresses registry.
2024-10-22T10:31:12.469+0530 [DEBUG] [org.gradle.process.internal.health.memory.DefaultMemoryManager] 831603097 memory requested, 303624192 free
2024-10-22T10:31:12.470+0530 [DEBUG] [org.gradle.workers.internal.WorkerDaemonExpiration] Will attempt to release 793 of memory
2024-10-22T10:31:12.470+0530 [DEBUG] [org.gradle.process.internal.health.memory.DefaultMemoryManager] 831603097 memory requested, 0 released, 303624192 free
2024-10-22T10:31:17.457+0530 [DEBUG] [org.gradle.process.internal.health.memory.DefaultMemoryManager] 831603097 memory requested, 289689600 free
2024-10-22T10:31:17.457+0530 [DEBUG] [org.gradle.workers.internal.WorkerDaemonExpiration] Will attempt to release 793 of memory
2024-10-22T10:31:17.457+0530 [DEBUG] [org.gradle.process.internal.health.memory.DefaultMemoryManager] 831603097 memory requested, 0 released, 289689600 free
2024-10-22T10:31:19.299+0530 [DEBUG] [org.gradle.cache.internal.DefaultFileLockManager] Waiting to acquire shared lock on daemon addresses registry.
2024-10-22T10:31:19.299+0530 [DEBUG] [org.gradle.cache.internal.DefaultFileLockManager] Lock acquired on daemon addresses registry.
2024-10-22T10:31:19.300+0530 [DEBUG] [org.gradle.cache.internal.DefaultFileLockManager] Releasing lock on daemon addresses registry.
2024-10-22T10:31:19.301+0530 [DEBUG] [org.gradle.cache.internal.DefaultFileLockManager] Waiting to acquire shared lock on daemon addresses registry.
2024-10-22T10:31:19.301+0530 [DEBUG] [org.gradle.cache.internal.DefaultFileLockManager] Lock acquired on daemon addresses registry.
2024-10-22T10:31:19.301+0530 [DEBUG] [org.gradle.cache.internal.DefaultFileLockManager] Releasing lock on daemon addresses registry.
2024-10-22T10:31:19.302+0530 [DEBUG] [org.gradle.cache.internal.DefaultFileLockManager] Waiting to acquire shared lock on daemon addresses registry.
2024-10-22T10:31:19.302+0530 [DEBUG] [org.gradle.cache.internal.DefaultFileLockManager] Lock acquired on daemon addresses registry.
2024-10-22T10:31:19.303+0530 [DEBUG] [org.gradle.cache.internal.DefaultFileLockManager] Releasing lock on daemon addresses registry.
2024-10-22T10:31:22.470+0530 [DEBUG] [org.gradle.process.internal.health.memory.DefaultMemoryManager] 831603097 memory requested, 290254848 free
2024-10-22T10:31:22.470+0530 [DEBUG] [org.gradle.workers.internal.WorkerDaemonExpiration] Will attempt to release 793 of memory
2024-10-22T10:31:22.471+0530 [DEBUG] [org.gradle.process.internal.health.memory.DefaultMemoryManager] 831603097 memory requested, 0 released, 290254848 free
2024-10-22T10:31:27.456+0530 [DEBUG] [org.gradle.process.internal.health.memory.DefaultMemoryManager] 831603097 memory requested, 294318080 free
2024-10-22T10:31:27.457+0530 [DEBUG] [org.gradle.workers.internal.WorkerDaemonExpiration] Will attempt to release 793 of memory
2024-10-22T10:31:27.457+0530 [DEBUG] [org.gradle.process.internal.health.memory.DefaultMemoryManager] 831603097 memory requested, 0 released, 294318080 free
2024-10-22T10:31:29.296+0530 [DEBUG] [org.gradle.cache.internal.DefaultFileLockManager] Waiting to acquire shared lock on daemon addresses registry.
2024-10-22T10:31:29.296+0530 [DEBUG] [org.gradle.cache.internal.DefaultFileLockManager] Lock acquired on daemon addresses registry.
2024-10-22T10:31:29.297+0530 [DEBUG] [org.gradle.cache.internal.DefaultFileLockManager] Releasing lock on daemon addresses registry.
2024-10-22T10:31:29.298+0530 [DEBUG] [org.gradle.cache.internal.DefaultFileLockManager] Waiting to acquire shared lock on daemon addresses registry.
2024-10-22T10:31:29.298+0530 [DEBUG] [org.gradle.cache.internal.DefaultFileLockManager] Lock acquired on daemon addresses registry.
2024-10-22T10:31:29.298+0530 [DEBUG] [org.gradle.cache.internal.DefaultFileLockManager] Releasing lock on daemon addresses registry.
2024-10-22T10:31:29.299+0530 [DEBUG] [org.gradle.cache.internal.DefaultFileLockManager] Waiting to acquire shared lock on daemon addresses registry.
2024-10-22T10:31:29.299+0530 [DEBUG] [org.gradle.cache.internal.DefaultFileLockManager] Lock acquired on daemon addresses registry.
2024-10-22T10:31:29.300+0530 [DEBUG] [org.gradle.cache.internal.DefaultFileLockManager] Releasing lock on daemon addresses registry.
2024-10-22T10:31:32.466+0530 [DEBUG] [org.gradle.process.internal.health.memory.DefaultMemoryManager] 831603097 memory requested, 277680128 free
2024-10-22T10:31:32.466+0530 [DEBUG] [org.gradle.workers.internal.WorkerDaemonExpiration] Will attempt to release 793 of memory
2024-10-22T10:31:32.466+0530 [DEBUG] [org.gradle.process.internal.health.memory.DefaultMemoryManager] 831603097 memory requested, 0 released, 277680128 free
2024-10-22T10:31:37.469+0530 [DEBUG] [org.gradle.process.internal.health.memory.DefaultMemoryManager] 831603097 memory requested, 278302720 free
2024-10-22T10:31:37.469+0530 [DEBUG] [org.gradle.workers.internal.WorkerDaemonExpiration] Will attempt to release 793 of memory
2024-10-22T10:31:37.470+0530 [DEBUG] [org.gradle.process.internal.health.memory.DefaultMemoryManager] 831603097 memory requested, 0 released, 278302720 free
2024-10-22T10:31:39.296+0530 [DEBUG] [org.gradle.cache.internal.DefaultFileLockManager] Waiting to acquire shared lock on daemon addresses registry.
2024-10-22T10:31:39.296+0530 [DEBUG] [org.gradle.cache.internal.DefaultFileLockManager] Lock acquired on daemon addresses registry.
2024-10-22T10:31:39.296+0530 [DEBUG] [org.gradle.cache.internal.DefaultFileLockManager] Releasing lock on daemon addresses registry.
2024-10-22T10:31:39.298+0530 [DEBUG] [org.gradle.cache.internal.DefaultFileLockManager] Waiting to acquire shared lock on daemon addresses registry.
2024-10-22T10:31:39.298+0530 [DEBUG] [org.gradle.cache.internal.DefaultFileLockManager] Lock acquired on daemon addresses registry.
2024-10-22T10:31:39.299+0530 [DEBUG] [org.gradle.cache.internal.DefaultFileLockManager] Releasing lock on daemon addresses registry.
2024-10-22T10:31:39.300+0530 [DEBUG] [org.gradle.cache.internal.DefaultFileLockManager] Waiting to acquire shared lock on daemon addresses registry.
2024-10-22T10:31:39.300+0530 [DEBUG] [org.gradle.cache.internal.DefaultFileLockManager] Lock acquired on daemon addresses registry.
2024-10-22T10:31:39.300+0530 [DEBUG] [org.gradle.cache.internal.DefaultFileLockManager] Releasing lock on daemon addresses registry.
2024-10-22T10:31:42.470+0530 [DEBUG] [org.gradle.process.internal.health.memory.DefaultMemoryManager] 831603097 memory requested, 244727808 free
2024-10-22T10:31:42.470+0530 [DEBUG] [org.gradle.workers.internal.WorkerDaemonExpiration] Will attempt to release 793 of memory
2024-10-22T10:31:42.470+0530 [DEBUG] [org.gradle.process.internal.health.memory.DefaultMemoryManager] 831603097 memory requested, 0 released, 244727808 free
2024-10-22T10:31:47.469+0530 [DEBUG] [org.gradle.process.internal.health.memory.DefaultMemoryManager] 831603097 memory requested, 251158528 free
2024-10-22T10:31:47.469+0530 [DEBUG] [org.gradle.workers.internal.WorkerDaemonExpiration] Will attempt to release 793 of memory
2024-10-22T10:31:47.469+0530 [DEBUG] [org.gradle.process.internal.health.memory.DefaultMemoryManager] 831603097 memory requested, 0 released, 251158528 free
2024-10-22T10:31:49.293+0530 [DEBUG] [org.gradle.cache.internal.DefaultFileLockManager] Waiting to acquire shared lock on daemon addresses registry.
2024-10-22T10:31:49.294+0530 [DEBUG] [org.gradle.cache.internal.DefaultFileLockManager] Lock acquired on daemon addresses registry.
2024-10-22T10:31:49.294+0530 [DEBUG] [org.gradle.cache.internal.DefaultFileLockManager] Releasing lock on daemon addresses registry.
2024-10-22T10:31:49.296+0530 [DEBUG] [org.gradle.cache.internal.DefaultFileLockManager] Waiting to acquire shared lock on daemon addresses registry.
2024-10-22T10:31:49.296+0530 [DEBUG] [org.gradle.cache.internal.DefaultFileLockManager] Lock acquired on daemon addresses registry.
2024-10-22T10:31:49.297+0530 [DEBUG] [org.gradle.cache.internal.DefaultFileLockManager] Releasing lock on daemon addresses registry.
2024-10-22T10:31:49.298+0530 [DEBUG] [org.gradle.cache.internal.DefaultFileLockManager] Waiting to acquire shared lock on daemon addresses registry.
2024-10-22T10:31:49.299+0530 [DEBUG] [org.gradle.cache.internal.DefaultFileLockManager] Lock acquired on daemon addresses registry.
2024-10-22T10:31:49.299+0530 [DEBUG] [org.gradle.cache.internal.DefaultFileLockManager] Releasing lock on daemon addresses registry.
2024-10-22T10:31:52.460+0530 [DEBUG] [org.gradle.process.internal.health.memory.DefaultMemoryManager] 831603097 memory requested, 748650496 free
2024-10-22T10:31:52.460+0530 [DEBUG] [org.gradle.workers.internal.WorkerDaemonExpiration] Will attempt to release 793 of memory
2024-10-22T10:31:52.460+0530 [DEBUG] [org.gradle.process.internal.health.memory.DefaultMemoryManager] 831603097 memory requested, 0 released, 748650496 free
2024-10-22T10:31:57.458+0530 [DEBUG] [org.gradle.process.internal.health.memory.DefaultMemoryManager] 831603097 memory requested, 737583104 free
2024-10-22T10:31:57.459+0530 [DEBUG] [org.gradle.workers.internal.WorkerDaemonExpiration] Will attempt to release 793 of memory
2024-10-22T10:31:57.460+0530 [DEBUG] [org.gradle.process.internal.health.memory.DefaultMemoryManager] 831603097 memory requested, 0 released, 737583104 free
2024-10-22T10:31:59.291+0530 [DEBUG] [org.gradle.cache.internal.DefaultFileLockManager] Waiting to acquire shared lock on daemon addresses registry.
2024-10-22T10:31:59.291+0530 [DEBUG] [org.gradle.cache.internal.DefaultFileLockManager] Lock acquired on daemon addresses registry.
2024-10-22T10:31:59.292+0530 [DEBUG] [org.gradle.cache.internal.DefaultFileLockManager] Releasing lock on daemon addresses registry.
2024-10-22T10:31:59.292+0530 [DEBUG] [org.gradle.cache.internal.DefaultFileLockManager] Waiting to acquire shared lock on daemon addresses registry.
2024-10-22T10:31:59.293+0530 [DEBUG] [org.gradle.cache.internal.DefaultFileLockManager] Lock acquired on daemon addresses registry.
2024-10-22T10:31:59.293+0530 [DEBUG] [org.gradle.cache.internal.DefaultFileLockManager] Releasing lock on daemon addresses registry.
2024-10-22T10:31:59.293+0530 [DEBUG] [org.gradle.cache.internal.DefaultFileLockManager] Waiting to acquire shared lock on daemon addresses registry.
2024-10-22T10:31:59.294+0530 [DEBUG] [org.gradle.cache.internal.DefaultFileLockManager] Lock acquired on daemon addresses registry.
2024-10-22T10:31:59.294+0530 [DEBUG] [org.gradle.cache.internal.DefaultFileLockManager] Releasing lock on daemon addresses registry.
2024-10-22T10:32:02.469+0530 [DEBUG] [org.gradle.process.internal.health.memory.DefaultMemoryManager] 831603097 memory requested, 538120192 free
2024-10-22T10:32:02.469+0530 [DEBUG] [org.gradle.workers.internal.WorkerDaemonExpiration] Will attempt to release 793 of memory
2024-10-22T10:32:02.469+0530 [DEBUG] [org.gradle.process.internal.health.memory.DefaultMemoryManager] 831603097 memory requested, 0 released, 538120192 free
2024-10-22T10:32:07.457+0530 [DEBUG] [org.gradle.process.internal.health.memory.DefaultMemoryManager] 831603097 memory requested, 494764032 free
2024-10-22T10:32:07.458+0530 [DEBUG] [org.gradle.workers.internal.WorkerDaemonExpiration] Will attempt to release 793 of memory
2024-10-22T10:32:07.458+0530 [DEBUG] [org.gradle.process.internal.health.memory.DefaultMemoryManager] 831603097 memory requested, 0 released, 494764032 free
2024-10-22T10:32:09.301+0530 [DEBUG] [org.gradle.cache.internal.DefaultFileLockManager] Waiting to acquire shared lock on daemon addresses registry.
2024-10-22T10:32:09.301+0530 [DEBUG] [org.gradle.cache.internal.DefaultFileLockManager] Lock acquired on daemon addresses registry.
2024-10-22T10:32:09.302+0530 [DEBUG] [org.gradle.cache.internal.DefaultFileLockManager] Releasing lock on daemon addresses registry.
2024-10-22T10:32:09.303+0530 [DEBUG] [org.gradle.cache.internal.DefaultFileLockManager] Waiting to acquire shared lock on daemon addresses registry.
2024-10-22T10:32:09.303+0530 [DEBUG] [org.gradle.cache.internal.DefaultFileLockManager] Lock acquired on daemon addresses registry.
2024-10-22T10:32:09.303+0530 [DEBUG] [org.gradle.cache.internal.DefaultFileLockManager] Releasing lock on daemon addresses registry.
2024-10-22T10:32:09.304+0530 [DEBUG] [org.gradle.cache.internal.DefaultFileLockManager] Waiting to acquire shared lock on daemon addresses registry.
2024-10-22T10:32:09.304+0530 [DEBUG] [org.gradle.cache.internal.DefaultFileLockManager] Lock acquired on daemon addresses registry.
2024-10-22T10:32:09.304+0530 [DEBUG] [org.gradle.cache.internal.DefaultFileLockManager] Releasing lock on daemon addresses registry.
2024-10-22T10:32:12.458+0530 [DEBUG] [org.gradle.process.internal.health.memory.DefaultMemoryManager] 831603097 memory requested, 437321728 free
2024-10-22T10:32:12.458+0530 [DEBUG] [org.gradle.workers.internal.WorkerDaemonExpiration] Will attempt to release 793 of memory
2024-10-22T10:32:12.458+0530 [DEBUG] [org.gradle.process.internal.health.memory.DefaultMemoryManager] 831603097 memory requested, 0 released, 437321728 free
2024-10-22T10:32:17.460+0530 [DEBUG] [org.gradle.process.internal.health.memory.DefaultMemoryManager] 831603097 memory requested, 403693568 free
2024-10-22T10:32:17.461+0530 [DEBUG] [org.gradle.workers.internal.WorkerDaemonExpiration] Will attempt to release 793 of memory
2024-10-22T10:32:17.461+0530 [DEBUG] [org.gradle.process.internal.health.memory.DefaultMemoryManager] 831603097 memory requested, 0 released, 403693568 free
2024-10-22T10:32:19.298+0530 [DEBUG] [org.gradle.cache.internal.DefaultFileLockManager] Waiting to acquire shared lock on daemon addresses registry.
2024-10-22T10:32:19.299+0530 [DEBUG] [org.gradle.cache.internal.DefaultFileLockManager] Lock acquired on daemon addresses registry.
2024-10-22T10:32:19.300+0530 [DEBUG] [org.gradle.cache.internal.DefaultFileLockManager] Releasing lock on daemon addresses registry.
2024-10-22T10:32:19.301+0530 [DEBUG] [org.gradle.cache.internal.DefaultFileLockManager] Waiting to acquire shared lock on daemon addresses registry.
2024-10-22T10:32:19.301+0530 [DEBUG] [org.gradle.cache.internal.DefaultFileLockManager] Lock acquired on daemon addresses registry.
2024-10-22T10:32:19.301+0530 [DEBUG] [org.gradle.cache.internal.DefaultFileLockManager] Releasing lock on daemon addresses registry.
2024-10-22T10:32:19.302+0530 [DEBUG] [org.gradle.cache.internal.DefaultFileLockManager] Waiting to acquire shared lock on daemon addresses registry.
2024-10-22T10:32:19.302+0530 [DEBUG] [org.gradle.cache.internal.DefaultFileLockManager] Lock acquired on daemon addresses registry.
2024-10-22T10:32:19.302+0530 [DEBUG] [org.gradle.cache.internal.DefaultFileLockManager] Releasing lock on daemon addresses registry.
2024-10-22T10:32:22.463+0530 [DEBUG] [org.gradle.process.internal.health.memory.DefaultMemoryManager] 831603097 memory requested, 428744704 free
2024-10-22T10:32:22.463+0530 [DEBUG] [org.gradle.workers.internal.WorkerDaemonExpiration] Will attempt to release 793 of memory
2024-10-22T10:32:22.463+0530 [DEBUG] [org.gradle.process.internal.health.memory.DefaultMemoryManager] 831603097 memory requested, 0 released, 428744704 free
2024-10-22T10:32:27.462+0530 [DEBUG] [org.gradle.process.internal.health.memory.DefaultMemoryManager] 831603097 memory requested, 406962176 free
2024-10-22T10:32:27.462+0530 [DEBUG] [org.gradle.workers.internal.WorkerDaemonExpiration] Will attempt to release 793 of memory
2024-10-22T10:32:27.462+0530 [DEBUG] [org.gradle.process.internal.health.memory.DefaultMemoryManager] 831603097 memory requested, 0 released, 406962176 free
2024-10-22T10:32:29.299+0530 [DEBUG] [org.gradle.cache.internal.DefaultFileLockManager] Waiting to acquire shared lock on daemon addresses registry.
2024-10-22T10:32:29.299+0530 [DEBUG] [org.gradle.cache.internal.DefaultFileLockManager] Lock acquired on daemon addresses registry.
2024-10-22T10:32:29.300+0530 [DEBUG] [org.gradle.cache.internal.DefaultFileLockManager] Releasing lock on daemon addresses registry.
2024-10-22T10:32:29.302+0530 [DEBUG] [org.gradle.cache.internal.DefaultFileLockManager] Waiting to acquire shared lock on daemon addresses registry.
2024-10-22T10:32:29.303+0530 [DEBUG] [org.gradle.cache.internal.DefaultFileLockManager] Lock acquired on daemon addresses registry.
2024-10-22T10:32:29.303+0530 [DEBUG] [org.gradle.cache.internal.DefaultFileLockManager] Releasing lock on daemon addresses registry.
2024-10-22T10:32:29.304+0530 [DEBUG] [org.gradle.cache.internal.DefaultFileLockManager] Waiting to acquire shared lock on daemon addresses registry.
2024-10-22T10:32:29.304+0530 [DEBUG] [org.gradle.cache.internal.DefaultFileLockManager] Lock acquired on daemon addresses registry.
2024-10-22T10:32:29.305+0530 [DEBUG] [org.gradle.cache.internal.DefaultFileLockManager] Releasing lock on daemon addresses registry.
2024-10-22T10:32:32.460+0530 [DEBUG] [org.gradle.process.internal.health.memory.DefaultMemoryManager] 831603097 memory requested, 369266688 free
2024-10-22T10:32:32.460+0530 [DEBUG] [org.gradle.workers.internal.WorkerDaemonExpiration] Will attempt to release 793 of memory
2024-10-22T10:32:32.461+0530 [DEBUG] [org.gradle.process.internal.health.memory.DefaultMemoryManager] 831603097 memory requested, 0 released, 369266688 free
2024-10-22T10:32:37.462+0530 [DEBUG] [org.gradle.process.internal.health.memory.DefaultMemoryManager] 831603097 memory requested, 345260032 free
2024-10-22T10:32:37.463+0530 [DEBUG] [org.gradle.workers.internal.WorkerDaemonExpiration] Will attempt to release 793 of memory
2024-10-22T10:32:37.463+0530 [DEBUG] [org.gradle.process.internal.health.memory.DefaultMemoryManager] 831603097 memory requested, 0 released, 345260032 free
2024-10-22T10:32:39.306+0530 [DEBUG] [org.gradle.cache.internal.DefaultFileLockManager] Waiting to acquire shared lock on daemon addresses registry.
2024-10-22T10:32:39.306+0530 [DEBUG] [org.gradle.cache.internal.DefaultFileLockManager] Lock acquired on daemon addresses registry.
2024-10-22T10:32:39.307+0530 [DEBUG] [org.gradle.cache.internal.DefaultFileLockManager] Releasing lock on daemon addresses registry.
2024-10-22T10:32:39.309+0530 [DEBUG] [org.gradle.cache.internal.DefaultFileLockManager] Waiting to acquire shared lock on daemon addresses registry.
2024-10-22T10:32:39.310+0530 [DEBUG] [org.gradle.cache.internal.DefaultFileLockManager] Lock acquired on daemon addresses registry.
2024-10-22T10:32:39.310+0530 [DEBUG] [org.gradle.cache.internal.DefaultFileLockManager] Releasing lock on daemon addresses registry.
2024-10-22T10:32:39.311+0530 [DEBUG] [org.gradle.cache.internal.DefaultFileLockManager] Waiting to acquire shared lock on daemon addresses registry.
2024-10-22T10:32:39.312+0530 [DEBUG] [org.gradle.cache.internal.DefaultFileLockManager] Lock acquired on daemon addresses registry.
2024-10-22T10:32:39.312+0530 [DEBUG] [org.gradle.cache.internal.DefaultFileLockManager] Releasing lock on daemon addresses registry.
2024-10-22T10:32:42.468+0530 [DEBUG] [org.gradle.process.internal.health.memory.DefaultMemoryManager] 831603097 memory requested, 338407424 free
2024-10-22T10:32:42.468+0530 [DEBUG] [org.gradle.workers.internal.WorkerDaemonExpiration] Will attempt to release 793 of memory
2024-10-22T10:32:42.468+0530 [DEBUG] [org.gradle.process.internal.health.memory.DefaultMemoryManager] 831603097 memory requested, 0 released, 338407424 free
2024-10-22T10:32:47.466+0530 [DEBUG] [org.gradle.process.internal.health.memory.DefaultMemoryManager] 831603097 memory requested, 328597504 free
2024-10-22T10:32:47.466+0530 [DEBUG] [org.gradle.workers.internal.WorkerDaemonExpiration] Will attempt to release 793 of memory
2024-10-22T10:32:47.466+0530 [DEBUG] [org.gradle.process.internal.health.memory.DefaultMemoryManager] 831603097 memory requested, 0 released, 328597504 free
2024-10-22T10:32:49.304+0530 [DEBUG] [org.gradle.cache.internal.DefaultFileLockManager] Waiting to acquire shared lock on daemon addresses registry.
2024-10-22T10:32:49.304+0530 [DEBUG] [org.gradle.cache.internal.DefaultFileLockManager] Lock acquired on daemon addresses registry.
2024-10-22T10:32:49.305+0530 [DEBUG] [org.gradle.cache.internal.DefaultFileLockManager] Releasing lock on daemon addresses registry.
2024-10-22T10:32:49.308+0530 [DEBUG] [org.gradle.cache.internal.DefaultFileLockManager] Waiting to acquire shared lock on daemon addresses registry.
2024-10-22T10:32:49.308+0530 [DEBUG] [org.gradle.cache.internal.DefaultFileLockManager] Lock acquired on daemon addresses registry.
2024-10-22T10:32:49.308+0530 [DEBUG] [org.gradle.cache.internal.DefaultFileLockManager] Releasing lock on daemon addresses registry.
2024-10-22T10:32:49.309+0530 [DEBUG] [org.gradle.cache.internal.DefaultFileLockManager] Waiting to acquire shared lock on daemon addresses registry.
2024-10-22T10:32:49.309+0530 [DEBUG] [org.gradle.cache.internal.DefaultFileLockManager] Lock acquired on daemon addresses registry.
2024-10-22T10:32:49.309+0530 [DEBUG] [org.gradle.cache.internal.DefaultFileLockManager] Releasing lock on daemon addresses registry.
2024-10-22T10:32:52.467+0530 [DEBUG] [org.gradle.process.internal.health.memory.DefaultMemoryManager] 831603097 memory requested, 304033792 free
2024-10-22T10:32:52.467+0530 [DEBUG] [org.gradle.workers.internal.WorkerDaemonExpiration] Will attempt to release 793 of memory
2024-10-22T10:32:52.828+0530 [DEBUG] [org.gradle.process.internal.health.memory.DefaultMemoryManager] 831603097 memory requested, 0 released, 304033792 free
2024-10-22T10:32:57.457+0530 [DEBUG] [org.gradle.process.internal.health.memory.DefaultMemoryManager] 831603097 memory requested, 675082240 free
2024-10-22T10:32:57.458+0530 [DEBUG] [org.gradle.workers.internal.WorkerDaemonExpiration] Will attempt to release 793 of memory
2024-10-22T10:32:57.458+0530 [DEBUG] [org.gradle.process.internal.health.memory.DefaultMemoryManager] 831603097 memory requested, 0 released, 675082240 free
2024-10-22T10:32:59.293+0530 [DEBUG] [org.gradle.cache.internal.DefaultFileLockManager] Waiting to acquire shared lock on daemon addresses registry.
2024-10-22T10:32:59.293+0530 [DEBUG] [org.gradle.cache.internal.DefaultFileLockManager] Lock acquired on daemon addresses registry.
2024-10-22T10:32:59.293+0530 [DEBUG] [org.gradle.cache.internal.DefaultFileLockManager] Releasing lock on daemon addresses registry.
2024-10-22T10:32:59.295+0530 [DEBUG] [org.gradle.cache.internal.DefaultFileLockManager] Waiting to acquire shared lock on daemon addresses registry.
2024-10-22T10:32:59.295+0530 [DEBUG] [org.gradle.cache.internal.DefaultFileLockManager] Lock acquired on daemon addresses registry.
2024-10-22T10:32:59.295+0530 [DEBUG] [org.gradle.cache.internal.DefaultFileLockManager] Releasing lock on daemon addresses registry.
2024-10-22T10:32:59.296+0530 [DEBUG] [org.gradle.cache.internal.DefaultFileLockManager] Waiting to acquire shared lock on daemon addresses registry.
2024-10-22T10:32:59.296+0530 [DEBUG] [org.gradle.cache.internal.DefaultFileLockManager] Lock acquired on daemon addresses registry.
2024-10-22T10:32:59.296+0530 [DEBUG] [org.gradle.cache.internal.DefaultFileLockManager] Releasing lock on daemon addresses registry.
2024-10-22T10:33:02.470+0530 [DEBUG] [org.gradle.process.internal.health.memory.DefaultMemoryManager] 831603097 memory requested, 617562112 free
2024-10-22T10:33:02.470+0530 [DEBUG] [org.gradle.workers.internal.WorkerDaemonExpiration] Will attempt to release 793 of memory
2024-10-22T10:33:02.470+0530 [DEBUG] [org.gradle.process.internal.health.memory.DefaultMemoryManager] 831603097 memory requested, 0 released, 617562112 free
2024-10-22T10:33:07.469+0530 [DEBUG] [org.gradle.process.internal.health.memory.DefaultMemoryManager] 831603097 memory requested, 612786176 free
2024-10-22T10:33:07.470+0530 [DEBUG] [org.gradle.workers.internal.WorkerDaemonExpiration] Will attempt to release 793 of memory
2024-10-22T10:33:07.470+0530 [DEBUG] [org.gradle.process.internal.health.memory.DefaultMemoryManager] 831603097 memory requested, 0 released, 612786176 free
2024-10-22T10:33:09.303+0530 [DEBUG] [org.gradle.cache.internal.DefaultFileLockManager] Waiting to acquire shared lock on daemon addresses registry.
2024-10-22T10:33:09.304+0530 [DEBUG] [org.gradle.cache.internal.DefaultFileLockManager] Lock acquired on daemon addresses registry.
2024-10-22T10:33:09.304+0530 [DEBUG] [org.gradle.cache.internal.DefaultFileLockManager] Releasing lock on daemon addresses registry.
2024-10-22T10:33:09.306+0530 [DEBUG] [org.gradle.cache.internal.DefaultFileLockManager] Waiting to acquire shared lock on daemon addresses registry.
2024-10-22T10:33:09.306+0530 [DEBUG] [org.gradle.cache.internal.DefaultFileLockManager] Lock acquired on daemon addresses registry.
2024-10-22T10:33:09.306+0530 [DEBUG] [org.gradle.cache.internal.DefaultFileLockManager] Releasing lock on daemon addresses registry.
2024-10-22T10:33:09.306+0530 [DEBUG] [org.gradle.cache.internal.DefaultFileLockManager] Waiting to acquire shared lock on daemon addresses registry.
2024-10-22T10:33:09.306+0530 [DEBUG] [org.gradle.cache.internal.DefaultFileLockManager] Lock acquired on daemon addresses registry.
2024-10-22T10:33:09.306+0530 [DEBUG] [org.gradle.cache.internal.DefaultFileLockManager] Releasing lock on daemon addresses registry.
2024-10-22T10:33:12.463+0530 [DEBUG] [org.gradle.process.internal.health.memory.DefaultMemoryManager] 831603097 memory requested, 587517952 free
2024-10-22T10:33:12.463+0530 [DEBUG] [org.gradle.workers.internal.WorkerDaemonExpiration] Will attempt to release 793 of memory
2024-10-22T10:33:12.463+0530 [DEBUG] [org.gradle.process.internal.health.memory.DefaultMemoryManager] 831603097 memory requested, 0 released, 587517952 free
2024-10-22T10:33:17.462+0530 [DEBUG] [org.gradle.process.internal.health.memory.DefaultMemoryManager] 831603097 memory requested, 553873408 free
2024-10-22T10:33:17.462+0530 [DEBUG] [org.gradle.workers.internal.WorkerDaemonExpiration] Will attempt to release 793 of memory
2024-10-22T10:33:17.462+0530 [DEBUG] [org.gradle.process.internal.health.memory.DefaultMemoryManager] 831603097 memory requested, 0 released, 553873408 free
2024-10-22T10:33:19.295+0530 [DEBUG] [org.gradle.cache.internal.DefaultFileLockManager] Waiting to acquire shared lock on daemon addresses registry.
2024-10-22T10:33:19.295+0530 [DEBUG] [org.gradle.cache.internal.DefaultFileLockManager] Lock acquired on daemon addresses registry.
2024-10-22T10:33:19.295+0530 [DEBUG] [org.gradle.cache.internal.DefaultFileLockManager] Releasing lock on daemon addresses registry.
2024-10-22T10:33:19.296+0530 [DEBUG] [org.gradle.cache.internal.DefaultFileLockManager] Waiting to acquire shared lock on daemon addresses registry.
2024-10-22T10:33:19.296+0530 [DEBUG] [org.gradle.cache.internal.DefaultFileLockManager] Lock acquired on daemon addresses registry.
2024-10-22T10:33:19.297+0530 [DEBUG] [org.gradle.cache.internal.DefaultFileLockManager] Releasing lock on daemon addresses registry.
2024-10-22T10:33:19.297+0530 [DEBUG] [org.gradle.cache.internal.DefaultFileLockManager] Waiting to acquire shared lock on daemon addresses registry.
2024-10-22T10:33:19.297+0530 [DEBUG] [org.gradle.cache.internal.DefaultFileLockManager] Lock acquired on daemon addresses registry.
2024-10-22T10:33:19.298+0530 [DEBUG] [org.gradle.cache.internal.DefaultFileLockManager] Releasing lock on daemon addresses registry.
2024-10-22T10:33:22.460+0530 [DEBUG] [org.gradle.process.internal.health.memory.DefaultMemoryManager] 831603097 memory requested, 528154624 free
2024-10-22T10:33:22.460+0530 [DEBUG] [org.gradle.workers.internal.WorkerDaemonExpiration] Will attempt to release 793 of memory
2024-10-22T10:33:22.460+0530 [DEBUG] [org.gradle.process.internal.health.memory.DefaultMemoryManager] 831603097 memory requested, 0 released, 528154624 free
2024-10-22T10:33:27.460+0530 [DEBUG] [org.gradle.process.internal.health.memory.DefaultMemoryManager] 831603097 memory requested, 522252288 free
2024-10-22T10:33:27.461+0530 [DEBUG] [org.gradle.workers.internal.WorkerDaemonExpiration] Will attempt to release 793 of memory
2024-10-22T10:33:27.461+0530 [DEBUG] [org.gradle.process.internal.health.memory.DefaultMemoryManager] 831603097 memory requested, 0 released, 522252288 free
2024-10-22T10:33:29.305+0530 [DEBUG] [org.gradle.cache.internal.DefaultFileLockManager] Waiting to acquire shared lock on daemon addresses registry.
2024-10-22T10:33:29.305+0530 [DEBUG] [org.gradle.cache.internal.DefaultFileLockManager] Lock acquired on daemon addresses registry.
2024-10-22T10:33:29.306+0530 [DEBUG] [org.gradle.cache.internal.DefaultFileLockManager] Releasing lock on daemon addresses registry.
2024-10-22T10:33:29.307+0530 [DEBUG] [org.gradle.cache.internal.DefaultFileLockManager] Waiting to acquire shared lock on daemon addresses registry.
2024-10-22T10:33:29.307+0530 [DEBUG] [org.gradle.cache.internal.DefaultFileLockManager] Lock acquired on daemon addresses registry.
2024-10-22T10:33:29.307+0530 [DEBUG] [org.gradle.cache.internal.DefaultFileLockManager] Releasing lock on daemon addresses registry.
2024-10-22T10:33:29.307+0530 [DEBUG] [org.gradle.cache.internal.DefaultFileLockManager] Waiting to acquire shared lock on daemon addresses registry.
2024-10-22T10:33:29.308+0530 [DEBUG] [org.gradle.cache.internal.DefaultFileLockManager] Lock acquired on daemon addresses registry.
2024-10-22T10:33:29.308+0530 [DEBUG] [org.gradle.cache.internal.DefaultFileLockManager] Releasing lock on daemon addresses registry.
2024-10-22T10:33:32.466+0530 [DEBUG] [org.gradle.process.internal.health.memory.DefaultMemoryManager] 831603097 memory requested, 522874880 free
2024-10-22T10:33:32.466+0530 [DEBUG] [org.gradle.workers.internal.WorkerDaemonExpiration] Will attempt to release 793 of memory
2024-10-22T10:33:32.466+0530 [DEBUG] [org.gradle.process.internal.health.memory.DefaultMemoryManager] 831603097 memory requested, 0 released, 522874880 free
2024-10-22T10:33:37.467+0530 [DEBUG] [org.gradle.process.internal.health.memory.DefaultMemoryManager] 831603097 memory requested, 533987328 free
2024-10-22T10:33:37.468+0530 [DEBUG] [org.gradle.workers.internal.WorkerDaemonExpiration] Will attempt to release 793 of memory
2024-10-22T10:33:37.468+0530 [DEBUG] [org.gradle.process.internal.health.memory.DefaultMemoryManager] 831603097 memory requested, 0 released, 533987328 free
2024-10-22T10:33:39.300+0530 [DEBUG] [org.gradle.cache.internal.DefaultFileLockManager] Waiting to acquire shared lock on daemon addresses registry.
2024-10-22T10:33:39.300+0530 [DEBUG] [org.gradle.cache.internal.DefaultFileLockManager] Lock acquired on daemon addresses registry.
2024-10-22T10:33:39.301+0530 [DEBUG] [org.gradle.cache.internal.DefaultFileLockManager] Releasing lock on daemon addresses registry.
2024-10-22T10:33:39.303+0530 [DEBUG] [org.gradle.cache.internal.DefaultFileLockManager] Waiting to acquire shared lock on daemon addresses registry.
2024-10-22T10:33:39.303+0530 [DEBUG] [org.gradle.cache.internal.DefaultFileLockManager] Lock acquired on daemon addresses registry.
2024-10-22T10:33:39.303+0530 [DEBUG] [org.gradle.cache.internal.DefaultFileLockManager] Releasing lock on daemon addresses registry.
2024-10-22T10:33:39.304+0530 [DEBUG] [org.gradle.cache.internal.DefaultFileLockManager] Waiting to acquire shared lock on daemon addresses registry.
2024-10-22T10:33:39.304+0530 [DEBUG] [org.gradle.cache.internal.DefaultFileLockManager] Lock acquired on daemon addresses registry.
2024-10-22T10:33:39.304+0530 [DEBUG] [org.gradle.cache.internal.DefaultFileLockManager] Releasing lock on daemon addresses registry.
2024-10-22T10:33:42.469+0530 [DEBUG] [org.gradle.process.internal.health.memory.DefaultMemoryManager] 831603097 memory requested, 538320896 free
2024-10-22T10:33:42.469+0530 [DEBUG] [org.gradle.workers.internal.WorkerDaemonExpiration] Will attempt to release 793 of memory
2024-10-22T10:33:42.469+0530 [DEBUG] [org.gradle.process.internal.health.memory.DefaultMemoryManager] 831603097 memory requested, 0 released, 538320896 free
2024-10-22T10:33:47.457+0530 [DEBUG] [org.gradle.process.internal.health.memory.DefaultMemoryManager] 831603097 memory requested, 516440064 free
2024-10-22T10:33:47.457+0530 [DEBUG] [org.gradle.workers.internal.WorkerDaemonExpiration] Will attempt to release 793 of memory
2024-10-22T10:33:47.458+0530 [DEBUG] [org.gradle.process.internal.health.memory.DefaultMemoryManager] 831603097 memory requested, 0 released, 516440064 free
2024-10-22T10:33:49.299+0530 [DEBUG] [org.gradle.cache.internal.DefaultFileLockManager] Waiting to acquire shared lock on daemon addresses registry.
2024-10-22T10:33:49.299+0530 [DEBUG] [org.gradle.cache.internal.DefaultFileLockManager] Lock acquired on daemon addresses registry.
2024-10-22T10:33:49.299+0530 [DEBUG] [org.gradle.cache.internal.DefaultFileLockManager] Releasing lock on daemon addresses registry.
2024-10-22T10:33:49.300+0530 [DEBUG] [org.gradle.cache.internal.DefaultFileLockManager] Waiting to acquire shared lock on daemon addresses registry.
2024-10-22T10:33:49.300+0530 [DEBUG] [org.gradle.cache.internal.DefaultFileLockManager] Lock acquired on daemon addresses registry.
2024-10-22T10:33:49.300+0530 [DEBUG] [org.gradle.cache.internal.DefaultFileLockManager] Releasing lock on daemon addresses registry.
2024-10-22T10:33:49.301+0530 [DEBUG] [org.gradle.cache.internal.DefaultFileLockManager] Waiting to acquire shared lock on daemon addresses registry.
2024-10-22T10:33:49.301+0530 [DEBUG] [org.gradle.cache.internal.DefaultFileLockManager] Lock acquired on daemon addresses registry.
2024-10-22T10:33:49.301+0530 [DEBUG] [org.gradle.cache.internal.DefaultFileLockManager] Releasing lock on daemon addresses registry.
2024-10-22T10:33:52.462+0530 [DEBUG] [org.gradle.process.internal.health.memory.DefaultMemoryManager] 831603097 memory requested, 487247872 free
2024-10-22T10:33:52.462+0530 [DEBUG] [org.gradle.workers.internal.WorkerDaemonExpiration] Will attempt to release 793 of memory
2024-10-22T10:33:52.462+0530 [DEBUG] [org.gradle.process.internal.health.memory.DefaultMemoryManager] 831603097 memory requested, 0 released, 487247872 free
2024-10-22T10:33:57.462+0530 [DEBUG] [org.gradle.process.internal.health.memory.DefaultMemoryManager] 831603097 memory requested, 505249792 free
2024-10-22T10:33:57.462+0530 [DEBUG] [org.gradle.workers.internal.WorkerDaemonExpiration] Will attempt to release 793 of memory
2024-10-22T10:33:57.462+0530 [DEBUG] [org.gradle.process.internal.health.memory.DefaultMemoryManager] 831603097 memory requested, 0 released, 505249792 free
2024-10-22T10:33:59.302+0530 [DEBUG] [org.gradle.cache.internal.DefaultFileLockManager] Waiting to acquire shared lock on daemon addresses registry.
2024-10-22T10:33:59.303+0530 [DEBUG] [org.gradle.cache.internal.DefaultFileLockManager] Lock acquired on daemon addresses registry.
2024-10-22T10:33:59.303+0530 [DEBUG] [org.gradle.cache.internal.DefaultFileLockManager] Releasing lock on daemon addresses registry.
2024-10-22T10:33:59.304+0530 [DEBUG] [org.gradle.cache.internal.DefaultFileLockManager] Waiting to acquire shared lock on daemon addresses registry.
2024-10-22T10:33:59.304+0530 [DEBUG] [org.gradle.cache.internal.DefaultFileLockManager] Lock acquired on daemon addresses registry.
2024-10-22T10:33:59.304+0530 [DEBUG] [org.gradle.cache.internal.DefaultFileLockManager] Releasing lock on daemon addresses registry.
2024-10-22T10:33:59.304+0530 [DEBUG] [org.gradle.cache.internal.DefaultFileLockManager] Waiting to acquire shared lock on daemon addresses registry.
2024-10-22T10:33:59.304+0530 [DEBUG] [org.gradle.cache.internal.DefaultFileLockManager] Lock acquired on daemon addresses registry.
2024-10-22T10:33:59.305+0530 [DEBUG] [org.gradle.cache.internal.DefaultFileLockManager] Releasing lock on daemon addresses registry.
2024-10-22T10:34:02.469+0530 [DEBUG] [org.gradle.process.internal.health.memory.DefaultMemoryManager] 831603097 memory requested, 477351936 free
2024-10-22T10:34:02.469+0530 [DEBUG] [org.gradle.workers.internal.WorkerDaemonExpiration] Will attempt to release 793 of memory
2024-10-22T10:34:02.469+0530 [DEBUG] [org.gradle.process.internal.health.memory.DefaultMemoryManager] 831603097 memory requested, 0 released, 477351936 free
2024-10-22T10:34:07.460+0530 [DEBUG] [org.gradle.process.internal.health.memory.DefaultMemoryManager] 831603097 memory requested, 470519808 free
2024-10-22T10:34:07.460+0530 [DEBUG] [org.gradle.workers.internal.WorkerDaemonExpiration] Will attempt to release 793 of memory
2024-10-22T10:34:07.460+0530 [DEBUG] [org.gradle.process.internal.health.memory.DefaultMemoryManager] 831603097 memory requested, 0 released, 470519808 free
2024-10-22T10:34:09.303+0530 [DEBUG] [org.gradle.cache.internal.DefaultFileLockManager] Waiting to acquire shared lock on daemon addresses registry.
2024-10-22T10:34:09.303+0530 [DEBUG] [org.gradle.cache.internal.DefaultFileLockManager] Lock acquired on daemon addresses registry.
2024-10-22T10:34:09.303+0530 [DEBUG] [org.gradle.cache.internal.DefaultFileLockManager] Releasing lock on daemon addresses registry.
2024-10-22T10:34:09.304+0530 [DEBUG] [org.gradle.cache.internal.DefaultFileLockManager] Waiting to acquire shared lock on daemon addresses registry.
2024-10-22T10:34:09.305+0530 [DEBUG] [org.gradle.cache.internal.DefaultFileLockManager] Lock acquired on daemon addresses registry.
2024-10-22T10:34:09.306+0530 [DEBUG] [org.gradle.cache.internal.DefaultFileLockManager] Releasing lock on daemon addresses registry.
2024-10-22T10:34:09.306+0530 [DEBUG] [org.gradle.cache.internal.DefaultFileLockManager] Waiting to acquire shared lock on daemon addresses registry.
2024-10-22T10:34:09.306+0530 [DEBUG] [org.gradle.cache.internal.DefaultFileLockManager] Lock acquired on daemon addresses registry.
2024-10-22T10:34:09.307+0530 [DEBUG] [org.gradle.cache.internal.DefaultFileLockManager] Releasing lock on daemon addresses registry.
2024-10-22T10:34:12.456+0530 [DEBUG] [org.gradle.process.internal.health.memory.DefaultMemoryManager] 831603097 memory requested, 480960512 free
2024-10-22T10:34:12.457+0530 [DEBUG] [org.gradle.workers.internal.WorkerDaemonExpiration] Will attempt to release 793 of memory
2024-10-22T10:34:12.457+0530 [DEBUG] [org.gradle.process.internal.health.memory.DefaultMemoryManager] 831603097 memory requested, 0 released, 480960512 free
2024-10-22T10:34:17.457+0530 [DEBUG] [org.gradle.process.internal.health.memory.DefaultMemoryManager] 831603097 memory requested, 453992448 free
2024-10-22T10:34:17.457+0530 [DEBUG] [org.gradle.workers.internal.WorkerDaemonExpiration] Will attempt to release 793 of memory
2024-10-22T10:34:17.457+0530 [DEBUG] [org.gradle.process.internal.health.memory.DefaultMemoryManager] 831603097 memory requested, 0 released, 453992448 free
2024-10-22T10:34:19.288+0530 [DEBUG] [org.gradle.cache.internal.DefaultFileLockManager] Waiting to acquire shared lock on daemon addresses registry.
2024-10-22T10:34:19.288+0530 [DEBUG] [org.gradle.cache.internal.DefaultFileLockManager] Lock acquired on daemon addresses registry.
2024-10-22T10:34:19.290+0530 [DEBUG] [org.gradle.cache.internal.DefaultFileLockManager] Releasing lock on daemon addresses registry.
2024-10-22T10:34:19.291+0530 [DEBUG] [org.gradle.cache.internal.DefaultFileLockManager] Waiting to acquire shared lock on daemon addresses registry.
2024-10-22T10:34:19.292+0530 [DEBUG] [org.gradle.cache.internal.DefaultFileLockManager] Lock acquired on daemon addresses registry.
2024-10-22T10:34:19.292+0530 [DEBUG] [org.gradle.cache.internal.DefaultFileLockManager] Releasing lock on daemon addresses registry.
2024-10-22T10:34:19.293+0530 [DEBUG] [org.gradle.cache.internal.DefaultFileLockManager] Waiting to acquire shared lock on daemon addresses registry.
2024-10-22T10:34:19.293+0530 [DEBUG] [org.gradle.cache.internal.DefaultFileLockManager] Lock acquired on daemon addresses registry.
2024-10-22T10:34:19.293+0530 [DEBUG] [org.gradle.cache.internal.DefaultFileLockManager] Releasing lock on daemon addresses registry.
2024-10-22T10:34:22.455+0530 [DEBUG] [org.gradle.process.internal.health.memory.DefaultMemoryManager] 831603097 memory requested, 462241792 free
2024-10-22T10:34:22.455+0530 [DEBUG] [org.gradle.workers.internal.WorkerDaemonExpiration] Will attempt to release 793 of memory
2024-10-22T10:34:22.455+0530 [DEBUG] [org.gradle.process.internal.health.memory.DefaultMemoryManager] 831603097 memory requested, 0 released, 462241792 free
2024-10-22T10:34:27.455+0530 [DEBUG] [org.gradle.process.internal.health.memory.DefaultMemoryManager] 831603097 memory requested, 417435648 free
2024-10-22T10:34:27.456+0530 [DEBUG] [org.gradle.workers.internal.WorkerDaemonExpiration] Will attempt to release 793 of memory
2024-10-22T10:34:27.456+0530 [DEBUG] [org.gradle.process.internal.health.memory.DefaultMemoryManager] 831603097 memory requested, 0 released, 417435648 free
2024-10-22T10:34:29.295+0530 [DEBUG] [org.gradle.cache.internal.DefaultFileLockManager] Waiting to acquire shared lock on daemon addresses registry.
2024-10-22T10:34:29.295+0530 [DEBUG] [org.gradle.cache.internal.DefaultFileLockManager] Lock acquired on daemon addresses registry.
2024-10-22T10:34:29.295+0530 [DEBUG] [org.gradle.cache.internal.DefaultFileLockManager] Releasing lock on daemon addresses registry.
2024-10-22T10:34:29.297+0530 [DEBUG] [org.gradle.cache.internal.DefaultFileLockManager] Waiting to acquire shared lock on daemon addresses registry.
2024-10-22T10:34:29.297+0530 [DEBUG] [org.gradle.cache.internal.DefaultFileLockManager] Lock acquired on daemon addresses registry.
2024-10-22T10:34:29.297+0530 [DEBUG] [org.gradle.cache.internal.DefaultFileLockManager] Releasing lock on daemon addresses registry.
2024-10-22T10:34:29.298+0530 [DEBUG] [org.gradle.cache.internal.DefaultFileLockManager] Waiting to acquire shared lock on daemon addresses registry.
2024-10-22T10:34:29.298+0530 [DEBUG] [org.gradle.cache.internal.DefaultFileLockManager] Lock acquired on daemon addresses registry.
2024-10-22T10:34:29.298+0530 [DEBUG] [org.gradle.cache.internal.DefaultFileLockManager] Releasing lock on daemon addresses registry.
2024-10-22T10:34:32.466+0530 [DEBUG] [org.gradle.process.internal.health.memory.DefaultMemoryManager] 831603097 memory requested, 359845888 free
2024-10-22T10:34:32.466+0530 [DEBUG] [org.gradle.workers.internal.WorkerDaemonExpiration] Will attempt to release 793 of memory
2024-10-22T10:34:32.466+0530 [DEBUG] [org.gradle.process.internal.health.memory.DefaultMemoryManager] 831603097 memory requested, 0 released, 359845888 free
2024-10-22T10:34:37.463+0530 [DEBUG] [org.gradle.process.internal.health.memory.DefaultMemoryManager] 831603097 memory requested, 364941312 free
2024-10-22T10:34:37.463+0530 [DEBUG] [org.gradle.workers.internal.WorkerDaemonExpiration] Will attempt to release 793 of memory
2024-10-22T10:34:37.463+0530 [DEBUG] [org.gradle.process.internal.health.memory.DefaultMemoryManager] 831603097 memory requested, 0 released, 364941312 free
2024-10-22T10:34:39.300+0530 [DEBUG] [org.gradle.cache.internal.DefaultFileLockManager] Waiting to acquire shared lock on daemon addresses registry.
2024-10-22T10:34:39.300+0530 [DEBUG] [org.gradle.cache.internal.DefaultFileLockManager] Lock acquired on daemon addresses registry.
2024-10-22T10:34:39.300+0530 [DEBUG] [org.gradle.cache.internal.DefaultFileLockManager] Releasing lock on daemon addresses registry.
2024-10-22T10:34:39.301+0530 [DEBUG] [org.gradle.cache.internal.DefaultFileLockManager] Waiting to acquire shared lock on daemon addresses registry.
2024-10-22T10:34:39.301+0530 [DEBUG] [org.gradle.cache.internal.DefaultFileLockManager] Lock acquired on daemon addresses registry.
2024-10-22T10:34:39.301+0530 [DEBUG] [org.gradle.cache.internal.DefaultFileLockManager] Releasing lock on daemon addresses registry.
2024-10-22T10:34:39.302+0530 [DEBUG] [org.gradle.cache.internal.DefaultFileLockManager] Waiting to acquire shared lock on daemon addresses registry.
2024-10-22T10:34:39.302+0530 [DEBUG] [org.gradle.cache.internal.DefaultFileLockManager] Lock acquired on daemon addresses registry.
2024-10-22T10:34:39.302+0530 [DEBUG] [org.gradle.cache.internal.DefaultFileLockManager] Releasing lock on daemon addresses registry.
2024-10-22T10:34:42.464+0530 [DEBUG] [org.gradle.process.internal.health.memory.DefaultMemoryManager] 831603097 memory requested, 355799040 free
2024-10-22T10:34:42.464+0530 [DEBUG] [org.gradle.workers.internal.WorkerDaemonExpiration] Will attempt to release 793 of memory
2024-10-22T10:34:42.465+0530 [DEBUG] [org.gradle.process.internal.health.memory.DefaultMemoryManager] 831603097 memory requested, 0 released, 355799040 free
2024-10-22T10:34:47.465+0530 [DEBUG] [org.gradle.process.internal.health.memory.DefaultMemoryManager] 831603097 memory requested, 335560704 free
2024-10-22T10:34:47.466+0530 [DEBUG] [org.gradle.workers.internal.WorkerDaemonExpiration] Will attempt to release 793 of memory
2024-10-22T10:34:47.466+0530 [DEBUG] [org.gradle.process.internal.health.memory.DefaultMemoryManager] 831603097 memory requested, 0 released, 335560704 free
2024-10-22T10:34:49.292+0530 [DEBUG] [org.gradle.cache.internal.DefaultFileLockManager] Waiting to acquire shared lock on daemon addresses registry.
2024-10-22T10:34:49.292+0530 [DEBUG] [org.gradle.cache.internal.DefaultFileLockManager] Lock acquired on daemon addresses registry.
2024-10-22T10:34:49.292+0530 [DEBUG] [org.gradle.cache.internal.DefaultFileLockManager] Releasing lock on daemon addresses registry.
2024-10-22T10:34:49.293+0530 [DEBUG] [org.gradle.cache.internal.DefaultFileLockManager] Waiting to acquire shared lock on daemon addresses registry.
2024-10-22T10:34:49.293+0530 [DEBUG] [org.gradle.cache.internal.DefaultFileLockManager] Lock acquired on daemon addresses registry.
2024-10-22T10:34:49.293+0530 [DEBUG] [org.gradle.cache.internal.DefaultFileLockManager] Releasing lock on daemon addresses registry.
2024-10-22T10:34:49.294+0530 [DEBUG] [org.gradle.cache.internal.DefaultFileLockManager] Waiting to acquire shared lock on daemon addresses registry.
2024-10-22T10:34:49.294+0530 [DEBUG] [org.gradle.cache.internal.DefaultFileLockManager] Lock acquired on daemon addresses registry.
2024-10-22T10:34:49.295+0530 [DEBUG] [org.gradle.cache.internal.DefaultFileLockManager] Releasing lock on daemon addresses registry.
2024-10-22T10:34:52.465+0530 [DEBUG] [org.gradle.process.internal.health.memory.DefaultMemoryManager] 831603097 memory requested, 352247808 free
2024-10-22T10:34:52.465+0530 [DEBUG] [org.gradle.workers.internal.WorkerDaemonExpiration] Will attempt to release 793 of memory
2024-10-22T10:34:52.465+0530 [DEBUG] [org.gradle.process.internal.health.memory.DefaultMemoryManager] 831603097 memory requested, 0 released, 352247808 free
2024-10-22T10:34:57.467+0530 [DEBUG] [org.gradle.process.internal.health.memory.DefaultMemoryManager] 831603097 memory requested, 379629568 free
2024-10-22T10:34:57.468+0530 [DEBUG] [org.gradle.workers.internal.WorkerDaemonExpiration] Will attempt to release 793 of memory
2024-10-22T10:34:57.468+0530 [DEBUG] [org.gradle.process.internal.health.memory.DefaultMemoryManager] 831603097 memory requested, 0 released, 379629568 free
2024-10-22T10:34:59.302+0530 [DEBUG] [org.gradle.cache.internal.DefaultFileLockManager] Waiting to acquire shared lock on daemon addresses registry.
2024-10-22T10:34:59.302+0530 [DEBUG] [org.gradle.cache.internal.DefaultFileLockManager] Lock acquired on daemon addresses registry.
2024-10-22T10:34:59.302+0530 [DEBUG] [org.gradle.cache.internal.DefaultFileLockManager] Releasing lock on daemon addresses registry.
2024-10-22T10:34:59.303+0530 [DEBUG] [org.gradle.cache.internal.DefaultFileLockManager] Waiting to acquire shared lock on daemon addresses registry.
2024-10-22T10:34:59.303+0530 [DEBUG] [org.gradle.cache.internal.DefaultFileLockManager] Lock acquired on daemon addresses registry.
2024-10-22T10:34:59.304+0530 [DEBUG] [org.gradle.cache.internal.DefaultFileLockManager] Releasing lock on daemon addresses registry.
2024-10-22T10:34:59.305+0530 [DEBUG] [org.gradle.cache.internal.DefaultFileLockManager] Waiting to acquire shared lock on daemon addresses registry.
2024-10-22T10:34:59.305+0530 [DEBUG] [org.gradle.cache.internal.DefaultFileLockManager] Lock acquired on daemon addresses registry.
2024-10-22T10:34:59.305+0530 [DEBUG] [org.gradle.cache.internal.DefaultFileLockManager] Releasing lock on daemon addresses registry.
2024-10-22T10:35:02.459+0530 [DEBUG] [org.gradle.process.internal.health.memory.DefaultMemoryManager] 831603097 memory requested, 384954368 free
2024-10-22T10:35:02.459+0530 [DEBUG] [org.gradle.workers.internal.WorkerDaemonExpiration] Will attempt to release 793 of memory
2024-10-22T10:35:02.459+0530 [DEBUG] [org.gradle.process.internal.health.memory.DefaultMemoryManager] 831603097 memory requested, 0 released, 384954368 free
2024-10-22T10:35:07.462+0530 [DEBUG] [org.gradle.process.internal.health.memory.DefaultMemoryManager] 831603097 memory requested, 401866752 free
2024-10-22T10:35:07.462+0530 [DEBUG] [org.gradle.workers.internal.WorkerDaemonExpiration] Will attempt to release 793 of memory
2024-10-22T10:35:07.462+0530 [DEBUG] [org.gradle.process.internal.health.memory.DefaultMemoryManager] 831603097 memory requested, 0 released, 401866752 free
2024-10-22T10:35:09.298+0530 [DEBUG] [org.gradle.cache.internal.DefaultFileLockManager] Waiting to acquire shared lock on daemon addresses registry.
2024-10-22T10:35:09.298+0530 [DEBUG] [org.gradle.cache.internal.DefaultFileLockManager] Lock acquired on daemon addresses registry.
2024-10-22T10:35:09.298+0530 [DEBUG] [org.gradle.cache.internal.DefaultFileLockManager] Releasing lock on daemon addresses registry.
2024-10-22T10:35:09.299+0530 [DEBUG] [org.gradle.cache.internal.DefaultFileLockManager] Waiting to acquire shared lock on daemon addresses registry.
2024-10-22T10:35:09.299+0530 [DEBUG] [org.gradle.cache.internal.DefaultFileLockManager] Lock acquired on daemon addresses registry.
2024-10-22T10:35:09.299+0530 [DEBUG] [org.gradle.cache.internal.DefaultFileLockManager] Releasing lock on daemon addresses registry.
2024-10-22T10:35:09.300+0530 [DEBUG] [org.gradle.cache.internal.DefaultFileLockManager] Waiting to acquire shared lock on daemon addresses registry.
2024-10-22T10:35:09.300+0530 [DEBUG] [org.gradle.cache.internal.DefaultFileLockManager] Lock acquired on daemon addresses registry.
2024-10-22T10:35:09.300+0530 [DEBUG] [org.gradle.cache.internal.DefaultFileLockManager] Releasing lock on daemon addresses registry.
2024-10-22T10:35:12.457+0530 [DEBUG] [org.gradle.process.internal.health.memory.DefaultMemoryManager] 831603097 memory requested, 409927680 free
2024-10-22T10:35:12.457+0530 [DEBUG] [org.gradle.workers.internal.WorkerDaemonExpiration] Will attempt to release 793 of memory
2024-10-22T10:35:12.457+0530 [DEBUG] [org.gradle.process.internal.health.memory.DefaultMemoryManager] 831603097 memory requested, 0 released, 409927680 free
2024-10-22T10:35:17.456+0530 [DEBUG] [org.gradle.process.internal.health.memory.DefaultMemoryManager] 831603097 memory requested, 413765632 free
2024-10-22T10:35:17.456+0530 [DEBUG] [org.gradle.workers.internal.WorkerDaemonExpiration] Will attempt to release 793 of memory
2024-10-22T10:35:17.457+0530 [DEBUG] [org.gradle.process.internal.health.memory.DefaultMemoryManager] 831603097 memory requested, 0 released, 413765632 free
2024-10-22T10:35:19.292+0530 [DEBUG] [org.gradle.cache.internal.DefaultFileLockManager] Waiting to acquire shared lock on daemon addresses registry.
2024-10-22T10:35:19.292+0530 [DEBUG] [org.gradle.cache.internal.DefaultFileLockManager] Lock acquired on daemon addresses registry.
2024-10-22T10:35:19.294+0530 [DEBUG] [org.gradle.cache.internal.DefaultFileLockManager] Releasing lock on daemon addresses registry.
2024-10-22T10:35:19.294+0530 [DEBUG] [org.gradle.cache.internal.DefaultFileLockManager] Waiting to acquire shared lock on daemon addresses registry.
2024-10-22T10:35:19.295+0530 [DEBUG] [org.gradle.cache.internal.DefaultFileLockManager] Lock acquired on daemon addresses registry.
2024-10-22T10:35:19.295+0530 [DEBUG] [org.gradle.cache.internal.DefaultFileLockManager] Releasing lock on daemon addresses registry.
2024-10-22T10:35:19.295+0530 [DEBUG] [org.gradle.cache.internal.DefaultFileLockManager] Waiting to acquire shared lock on daemon addresses registry.
2024-10-22T10:35:19.295+0530 [DEBUG] [org.gradle.cache.internal.DefaultFileLockManager] Lock acquired on daemon addresses registry.
2024-10-22T10:35:19.295+0530 [DEBUG] [org.gradle.cache.internal.DefaultFileLockManager] Releasing lock on daemon addresses registry.
2024-10-22T10:35:22.471+0530 [DEBUG] [org.gradle.process.internal.health.memory.DefaultMemoryManager] 831603097 memory requested, 394788864 free
2024-10-22T10:35:22.471+0530 [DEBUG] [org.gradle.workers.internal.WorkerDaemonExpiration] Will attempt to release 793 of memory
2024-10-22T10:35:22.472+0530 [DEBUG] [org.gradle.process.internal.health.memory.DefaultMemoryManager] 831603097 memory requested, 0 released, 394788864 free
2024-10-22T10:35:27.468+0530 [DEBUG] [org.gradle.process.internal.health.memory.DefaultMemoryManager] 831603097 memory requested, 391401472 free
2024-10-22T10:35:27.468+0530 [DEBUG] [org.gradle.workers.internal.WorkerDaemonExpiration] Will attempt to release 793 of memory
2024-10-22T10:35:27.469+0530 [DEBUG] [org.gradle.process.internal.health.memory.DefaultMemoryManager] 831603097 memory requested, 0 released, 391401472 free
2024-10-22T10:35:29.304+0530 [DEBUG] [org.gradle.cache.internal.DefaultFileLockManager] Waiting to acquire shared lock on daemon addresses registry.
2024-10-22T10:35:29.304+0530 [DEBUG] [org.gradle.cache.internal.DefaultFileLockManager] Lock acquired on daemon addresses registry.
2024-10-22T10:35:29.304+0530 [DEBUG] [org.gradle.cache.internal.DefaultFileLockManager] Releasing lock on daemon addresses registry.
2024-10-22T10:35:29.305+0530 [DEBUG] [org.gradle.cache.internal.DefaultFileLockManager] Waiting to acquire shared lock on daemon addresses registry.
2024-10-22T10:35:29.306+0530 [DEBUG] [org.gradle.cache.internal.DefaultFileLockManager] Lock acquired on daemon addresses registry.
2024-10-22T10:35:29.306+0530 [DEBUG] [org.gradle.cache.internal.DefaultFileLockManager] Releasing lock on daemon addresses registry.
2024-10-22T10:35:29.306+0530 [DEBUG] [org.gradle.cache.internal.DefaultFileLockManager] Waiting to acquire shared lock on daemon addresses registry.
2024-10-22T10:35:29.307+0530 [DEBUG] [org.gradle.cache.internal.DefaultFileLockManager] Lock acquired on daemon addresses registry.
2024-10-22T10:35:29.307+0530 [DEBUG] [org.gradle.cache.internal.DefaultFileLockManager] Releasing lock on daemon addresses registry.
2024-10-22T10:35:32.463+0530 [DEBUG] [org.gradle.process.internal.health.memory.DefaultMemoryManager] 831603097 memory requested, 372903936 free
2024-10-22T10:35:32.463+0530 [DEBUG] [org.gradle.workers.internal.WorkerDaemonExpiration] Will attempt to release 793 of memory
2024-10-22T10:35:32.463+0530 [DEBUG] [org.gradle.process.internal.health.memory.DefaultMemoryManager] 831603097 memory requested, 0 released, 372903936 free
2024-10-22T10:35:37.674+0530 [DEBUG] [org.gradle.process.internal.health.memory.DefaultMemoryManager] 831603097 memory requested, 395395072 free
2024-10-22T10:35:37.690+0530 [DEBUG] [org.gradle.workers.internal.WorkerDaemonExpiration] Will attempt to release 793 of memory
2024-10-22T10:35:37.690+0530 [DEBUG] [org.gradle.process.internal.health.memory.DefaultMemoryManager] 831603097 memory requested, 0 released, 395395072 free
2024-10-22T10:35:39.296+0530 [DEBUG] [org.gradle.cache.internal.DefaultFileLockManager] Waiting to acquire shared lock on daemon addresses registry.
2024-10-22T10:35:39.296+0530 [DEBUG] [org.gradle.cache.internal.DefaultFileLockManager] Lock acquired on daemon addresses registry.
2024-10-22T10:35:39.297+0530 [DEBUG] [org.gradle.cache.internal.DefaultFileLockManager] Releasing lock on daemon addresses registry.
2024-10-22T10:35:39.297+0530 [DEBUG] [org.gradle.cache.internal.DefaultFileLockManager] Waiting to acquire shared lock on daemon addresses registry.
2024-10-22T10:35:39.298+0530 [DEBUG] [org.gradle.cache.internal.DefaultFileLockManager] Lock acquired on daemon addresses registry.
2024-10-22T10:35:39.298+0530 [DEBUG] [org.gradle.cache.internal.DefaultFileLockManager] Releasing lock on daemon addresses registry.
2024-10-22T10:35:39.299+0530 [DEBUG] [org.gradle.cache.internal.DefaultFileLockManager] Waiting to acquire shared lock on daemon addresses registry.
2024-10-22T10:35:39.299+0530 [DEBUG] [org.gradle.cache.internal.DefaultFileLockManager] Lock acquired on daemon addresses registry.
2024-10-22T10:35:39.299+0530 [DEBUG] [org.gradle.cache.internal.DefaultFileLockManager] Releasing lock on daemon addresses registry.
2024-10-22T10:35:42.468+0530 [DEBUG] [org.gradle.process.internal.health.memory.DefaultMemoryManager] 831603097 memory requested, 800088064 free
2024-10-22T10:35:42.468+0530 [DEBUG] [org.gradle.workers.internal.WorkerDaemonExpiration] Will attempt to release 793 of memory
2024-10-22T10:35:42.468+0530 [DEBUG] [org.gradle.process.internal.health.memory.DefaultMemoryManager] 831603097 memory requested, 0 released, 800088064 free
2024-10-22T10:35:47.464+0530 [DEBUG] [org.gradle.process.internal.health.memory.DefaultMemoryManager] 831603097 memory requested, 617005056 free
2024-10-22T10:35:47.464+0530 [DEBUG] [org.gradle.workers.internal.WorkerDaemonExpiration] Will attempt to release 793 of memory
2024-10-22T10:35:47.465+0530 [DEBUG] [org.gradle.process.internal.health.memory.DefaultMemoryManager] 831603097 memory requested, 0 released, 617005056 free
2024-10-22T11:14:39.089+0530 [DEBUG] [org.gradle.cache.internal.DefaultFileLockManager] Waiting to acquire shared lock on daemon addresses registry.
2024-10-22T11:14:39.102+0530 [DEBUG] [org.gradle.cache.internal.DefaultFileLockManager] Lock acquired on daemon addresses registry.
2024-10-22T11:14:39.103+0530 [DEBUG] [org.gradle.cache.internal.DefaultFileLockManager] Releasing lock on daemon addresses registry.
2024-10-22T11:14:39.107+0530 [DEBUG] [org.gradle.cache.internal.DefaultFileLockManager] Waiting to acquire shared lock on daemon addresses registry.
2024-10-22T11:14:39.108+0530 [DEBUG] [org.gradle.cache.internal.DefaultFileLockManager] Lock acquired on daemon addresses registry.
2024-10-22T11:14:39.109+0530 [DEBUG] [org.gradle.cache.internal.DefaultFileLockManager] Releasing lock on daemon addresses registry.
2024-10-22T11:14:39.110+0530 [DEBUG] [org.gradle.cache.internal.DefaultFileLockManager] Waiting to acquire shared lock on daemon addresses registry.
2024-10-22T11:14:39.110+0530 [DEBUG] [org.gradle.cache.internal.DefaultFileLockManager] Lock acquired on daemon addresses registry.
2024-10-22T11:14:39.111+0530 [DEBUG] [org.gradle.cache.internal.DefaultFileLockManager] Releasing lock on daemon addresses registry.
2024-10-22T11:14:39.112+0530 [DEBUG] [org.gradle.cache.internal.DefaultFileLockManager] Waiting to acquire shared lock on daemon addresses registry.
2024-10-22T11:14:39.112+0530 [DEBUG] [org.gradle.cache.internal.DefaultFileLockManager] Lock acquired on daemon addresses registry.
2024-10-22T11:14:39.113+0530 [DEBUG] [org.gradle.cache.internal.DefaultFileLockManager] Releasing lock on daemon addresses registry.
2024-10-22T11:14:39.114+0530 [DEBUG] [org.gradle.cache.internal.DefaultFileLockManager] Waiting to acquire shared lock on daemon addresses registry.
2024-10-22T11:14:39.114+0530 [DEBUG] [org.gradle.cache.internal.DefaultFileLockManager] Lock acquired on daemon addresses registry.
2024-10-22T11:14:39.115+0530 [DEBUG] [org.gradle.cache.internal.DefaultFileLockManager] Releasing lock on daemon addresses registry.
2024-10-22T11:14:39.115+0530 [DEBUG] [org.gradle.cache.internal.DefaultFileLockManager] Waiting to acquire shared lock on daemon addresses registry.
2024-10-22T11:14:39.116+0530 [DEBUG] [org.gradle.cache.internal.DefaultFileLockManager] Lock acquired on daemon addresses registry.
2024-10-22T11:14:39.116+0530 [DEBUG] [org.gradle.cache.internal.DefaultFileLockManager] Releasing lock on daemon addresses registry.
2024-10-22T11:14:39.117+0530 [DEBUG] [org.gradle.cache.internal.DefaultFileLockManager] Waiting to acquire shared lock on daemon addresses registry.
2024-10-22T11:14:39.118+0530 [DEBUG] [org.gradle.cache.internal.DefaultFileLockManager] Lock acquired on daemon addresses registry.
2024-10-22T11:14:39.118+0530 [DEBUG] [org.gradle.cache.internal.DefaultFileLockManager] Releasing lock on daemon addresses registry.
2024-10-22T11:14:39.119+0530 [DEBUG] [org.gradle.cache.internal.DefaultFileLockManager] Waiting to acquire shared lock on daemon addresses registry.
2024-10-22T11:14:39.119+0530 [DEBUG] [org.gradle.cache.internal.DefaultFileLockManager] Lock acquired on daemon addresses registry.
2024-10-22T11:14:39.120+0530 [DEBUG] [org.gradle.cache.internal.DefaultFileLockManager] Releasing lock on daemon addresses registry.
2024-10-22T11:14:39.120+0530 [DEBUG] [org.gradle.cache.internal.DefaultFileLockManager] Waiting to acquire shared lock on daemon addresses registry.
2024-10-22T11:14:39.121+0530 [DEBUG] [org.gradle.cache.internal.DefaultFileLockManager] Lock acquired on daemon addresses registry.
2024-10-22T11:14:39.121+0530 [DEBUG] [org.gradle.cache.internal.DefaultFileLockManager] Releasing lock on daemon addresses registry.
2024-10-22T11:14:39.122+0530 [DEBUG] [org.gradle.cache.internal.DefaultFileLockManager] Waiting to acquire shared lock on daemon addresses registry.
2024-10-22T11:14:39.122+0530 [DEBUG] [org.gradle.cache.internal.DefaultFileLockManager] Lock acquired on daemon addresses registry.
2024-10-22T11:14:39.122+0530 [DEBUG] [org.gradle.cache.internal.DefaultFileLockManager] Releasing lock on daemon addresses registry.
2024-10-22T11:14:39.123+0530 [DEBUG] [org.gradle.cache.internal.DefaultFileLockManager] Waiting to acquire shared lock on daemon addresses registry.
2024-10-22T11:14:39.123+0530 [DEBUG] [org.gradle.cache.internal.DefaultFileLockManager] Lock acquired on daemon addresses registry.
2024-10-22T11:14:39.124+0530 [DEBUG] [org.gradle.cache.internal.DefaultFileLockManager] Releasing lock on daemon addresses registry.
2024-10-22T11:14:39.124+0530 [DEBUG] [org.gradle.cache.internal.DefaultFileLockManager] Waiting to acquire shared lock on daemon addresses registry.
2024-10-22T11:14:39.124+0530 [DEBUG] [org.gradle.cache.internal.DefaultFileLockManager] Lock acquired on daemon addresses registry.
2024-10-22T11:14:39.125+0530 [DEBUG] [org.gradle.cache.internal.DefaultFileLockManager] Releasing lock on daemon addresses registry.
2024-10-22T11:14:39.174+0530 [DEBUG] [org.gradle.cache.internal.DefaultFileLockManager] Waiting to acquire shared lock on daemon addresses registry.
2024-10-22T11:14:39.222+0530 [DEBUG] [org.gradle.cache.internal.DefaultFileLockManager] Lock acquired on daemon addresses registry.
2024-10-22T11:14:39.223+0530 [DEBUG] [org.gradle.cache.internal.DefaultFileLockManager] Releasing lock on daemon addresses registry.
2024-10-22T11:14:39.225+0530 [DEBUG] [org.gradle.cache.internal.DefaultFileLockManager] Waiting to acquire shared lock on daemon addresses registry.
2024-10-22T11:14:39.225+0530 [DEBUG] [org.gradle.cache.internal.DefaultFileLockManager] Lock acquired on daemon addresses registry.
2024-10-22T11:14:39.226+0530 [DEBUG] [org.gradle.cache.internal.DefaultFileLockManager] Releasing lock on daemon addresses registry.
2024-10-22T11:14:39.227+0530 [DEBUG] [org.gradle.cache.internal.DefaultFileLockManager] Waiting to acquire shared lock on daemon addresses registry.
2024-10-22T11:14:39.227+0530 [DEBUG] [org.gradle.cache.internal.DefaultFileLockManager] Lock acquired on daemon addresses registry.
2024-10-22T11:14:39.227+0530 [DEBUG] [org.gradle.cache.internal.DefaultFileLockManager] Releasing lock on daemon addresses registry.
2024-10-22T11:14:39.296+0530 [DEBUG] [org.gradle.cache.internal.DefaultFileLockManager] Waiting to acquire shared lock on daemon addresses registry.
2024-10-22T11:14:39.300+0530 [DEBUG] [org.gradle.cache.internal.DefaultFileLockManager] Lock acquired on daemon addresses registry.
2024-10-22T11:14:39.301+0530 [DEBUG] [org.gradle.cache.internal.DefaultFileLockManager] Releasing lock on daemon addresses registry.
2024-10-22T11:14:39.302+0530 [DEBUG] [org.gradle.cache.internal.DefaultFileLockManager] Waiting to acquire shared lock on daemon addresses registry.
2024-10-22T11:14:39.302+0530 [DEBUG] [org.gradle.cache.internal.DefaultFileLockManager] Lock acquired on daemon addresses registry.
2024-10-22T11:14:39.302+0530 [DEBUG] [org.gradle.cache.internal.DefaultFileLockManager] Releasing lock on daemon addresses registry.
2024-10-22T11:14:39.303+0530 [DEBUG] [org.gradle.cache.internal.DefaultFileLockManager] Waiting to acquire shared lock on daemon addresses registry.
2024-10-22T11:14:39.303+0530 [DEBUG] [org.gradle.cache.internal.DefaultFileLockManager] Lock acquired on daemon addresses registry.
2024-10-22T11:14:39.304+0530 [DEBUG] [org.gradle.cache.internal.DefaultFileLockManager] Releasing lock on daemon addresses registry.
2024-10-22T11:14:39.305+0530 [DEBUG] [org.gradle.cache.internal.DefaultFileLockManager] Waiting to acquire shared lock on daemon addresses registry.
2024-10-22T11:14:39.305+0530 [DEBUG] [org.gradle.cache.internal.DefaultFileLockManager] Lock acquired on daemon addresses registry.
2024-10-22T11:14:39.305+0530 [DEBUG] [org.gradle.cache.internal.DefaultFileLockManager] Releasing lock on daemon addresses registry.
2024-10-22T11:14:39.306+0530 [DEBUG] [org.gradle.cache.internal.DefaultFileLockManager] Waiting to acquire shared lock on daemon addresses registry.
2024-10-22T11:14:39.306+0530 [DEBUG] [org.gradle.cache.internal.DefaultFileLockManager] Lock acquired on daemon addresses registry.
2024-10-22T11:14:39.307+0530 [DEBUG] [org.gradle.cache.internal.DefaultFileLockManager] Releasing lock on daemon addresses registry.
2024-10-22T11:14:39.308+0530 [DEBUG] [org.gradle.cache.internal.DefaultFileLockManager] Waiting to acquire shared lock on daemon addresses registry.
2024-10-22T11:14:39.308+0530 [DEBUG] [org.gradle.cache.internal.DefaultFileLockManager] Lock acquired on daemon addresses registry.
2024-10-22T11:14:39.308+0530 [DEBUG] [org.gradle.cache.internal.DefaultFileLockManager] Releasing lock on daemon addresses registry.
2024-10-22T11:14:39.309+0530 [DEBUG] [org.gradle.cache.internal.DefaultFileLockManager] Waiting to acquire shared lock on daemon addresses registry.
2024-10-22T11:14:39.309+0530 [DEBUG] [org.gradle.cache.internal.DefaultFileLockManager] Lock acquired on daemon addresses registry.
2024-10-22T11:14:39.309+0530 [DEBUG] [org.gradle.cache.internal.DefaultFileLockManager] Releasing lock on daemon addresses registry.
2024-10-22T11:14:39.313+0530 [DEBUG] [org.gradle.cache.internal.DefaultFileLockManager] Waiting to acquire shared lock on daemon addresses registry.
2024-10-22T11:14:39.314+0530 [DEBUG] [org.gradle.cache.internal.DefaultFileLockManager] Lock acquired on daemon addresses registry.
2024-10-22T11:14:39.314+0530 [DEBUG] [org.gradle.cache.internal.DefaultFileLockManager] Releasing lock on daemon addresses registry.
2024-10-22T11:14:39.342+0530 [DEBUG] [org.gradle.cache.internal.DefaultFileLockManager] Waiting to acquire shared lock on daemon addresses registry.
2024-10-22T11:14:39.347+0530 [DEBUG] [org.gradle.cache.internal.DefaultFileLockManager] Lock acquired on daemon addresses registry.
2024-10-22T11:14:39.349+0530 [DEBUG] [org.gradle.cache.internal.DefaultFileLockManager] Releasing lock on daemon addresses registry.
2024-10-22T11:14:39.361+0530 [DEBUG] [org.gradle.cache.internal.DefaultFileLockManager] Waiting to acquire shared lock on daemon addresses registry.
2024-10-22T11:14:39.371+0530 [DEBUG] [org.gradle.cache.internal.DefaultFileLockManager] Lock acquired on daemon addresses registry.
2024-10-22T11:14:39.384+0530 [DEBUG] [org.gradle.cache.internal.DefaultFileLockManager] Releasing lock on daemon addresses registry.
2024-10-22T11:14:39.388+0530 [DEBUG] [org.gradle.cache.internal.DefaultFileLockManager] Waiting to acquire shared lock on daemon addresses registry.
2024-10-22T11:14:39.389+0530 [DEBUG] [org.gradle.cache.internal.DefaultFileLockManager] Lock acquired on daemon addresses registry.
2024-10-22T11:14:39.390+0530 [DEBUG] [org.gradle.cache.internal.DefaultFileLockManager] Releasing lock on daemon addresses registry.
2024-10-22T11:14:39.391+0530 [DEBUG] [org.gradle.cache.internal.DefaultFileLockManager] Waiting to acquire shared lock on daemon addresses registry.
2024-10-22T11:14:39.392+0530 [DEBUG] [org.gradle.cache.internal.DefaultFileLockManager] Lock acquired on daemon addresses registry.
2024-10-22T11:14:39.393+0530 [DEBUG] [org.gradle.cache.internal.DefaultFileLockManager] Releasing lock on daemon addresses registry.
2024-10-22T11:14:39.396+0530 [DEBUG] [org.gradle.cache.internal.DefaultFileLockManager] Waiting to acquire shared lock on daemon addresses registry.
2024-10-22T11:14:39.399+0530 [DEBUG] [org.gradle.cache.internal.DefaultFileLockManager] Lock acquired on daemon addresses registry.
2024-10-22T11:14:39.413+0530 [DEBUG] [org.gradle.cache.internal.DefaultFileLockManager] Releasing lock on daemon addresses registry.
2024-10-22T11:14:39.420+0530 [DEBUG] [org.gradle.cache.internal.DefaultFileLockManager] Waiting to acquire shared lock on daemon addresses registry.
2024-10-22T11:14:39.422+0530 [DEBUG] [org.gradle.cache.internal.DefaultFileLockManager] Lock acquired on daemon addresses registry.
2024-10-22T11:14:39.423+0530 [DEBUG] [org.gradle.cache.internal.DefaultFileLockManager] Releasing lock on daemon addresses registry.
2024-10-22T11:14:39.426+0530 [DEBUG] [org.gradle.cache.internal.DefaultFileLockManager] Waiting to acquire shared lock on daemon addresses registry.
2024-10-22T11:14:39.443+0530 [DEBUG] [org.gradle.cache.internal.DefaultFileLockManager] Lock acquired on daemon addresses registry.
2024-10-22T11:14:39.444+0530 [DEBUG] [org.gradle.cache.internal.DefaultFileLockManager] Releasing lock on daemon addresses registry.
2024-10-22T11:14:39.445+0530 [DEBUG] [org.gradle.cache.internal.DefaultFileLockManager] Waiting to acquire shared lock on daemon addresses registry.
2024-10-22T11:14:39.445+0530 [DEBUG] [org.gradle.cache.internal.DefaultFileLockManager] Lock acquired on daemon addresses registry.
2024-10-22T11:14:39.446+0530 [DEBUG] [org.gradle.cache.internal.DefaultFileLockManager] Releasing lock on daemon addresses registry.
2024-10-22T11:14:39.448+0530 [DEBUG] [org.gradle.cache.internal.DefaultFileLockManager] Waiting to acquire shared lock on daemon addresses registry.
2024-10-22T11:14:39.448+0530 [DEBUG] [org.gradle.cache.internal.DefaultFileLockManager] Lock acquired on daemon addresses registry.
2024-10-22T11:14:39.448+0530 [DEBUG] [org.gradle.cache.internal.DefaultFileLockManager] Releasing lock on daemon addresses registry.
2024-10-22T11:14:39.450+0530 [DEBUG] [org.gradle.cache.internal.DefaultFileLockManager] Waiting to acquire shared lock on daemon addresses registry.
2024-10-22T11:14:39.450+0530 [DEBUG] [org.gradle.cache.internal.DefaultFileLockManager] Lock acquired on daemon addresses registry.
2024-10-22T11:14:39.451+0530 [DEBUG] [org.gradle.cache.internal.DefaultFileLockManager] Releasing lock on daemon addresses registry.
2024-10-22T11:14:39.452+0530 [DEBUG] [org.gradle.cache.internal.DefaultFileLockManager] Waiting to acquire shared lock on daemon addresses registry.
2024-10-22T11:14:39.452+0530 [DEBUG] [org.gradle.cache.internal.DefaultFileLockManager] Lock acquired on daemon addresses registry.
2024-10-22T11:14:39.453+0530 [DEBUG] [org.gradle.cache.internal.DefaultFileLockManager] Releasing lock on daemon addresses registry.
2024-10-22T11:14:39.454+0530 [DEBUG] [org.gradle.cache.internal.DefaultFileLockManager] Waiting to acquire shared lock on daemon addresses registry.
2024-10-22T11:14:39.454+0530 [DEBUG] [org.gradle.cache.internal.DefaultFileLockManager] Lock acquired on daemon addresses registry.
2024-10-22T11:14:39.455+0530 [DEBUG] [org.gradle.cache.internal.DefaultFileLockManager] Releasing lock on daemon addresses registry.
2024-10-22T11:14:39.455+0530 [DEBUG] [org.gradle.cache.internal.DefaultFileLockManager] Waiting to acquire shared lock on daemon addresses registry.
2024-10-22T11:14:39.456+0530 [DEBUG] [org.gradle.cache.internal.DefaultFileLockManager] Lock acquired on daemon addresses registry.
2024-10-22T11:14:39.456+0530 [DEBUG] [org.gradle.cache.internal.DefaultFileLockManager] Releasing lock on daemon addresses registry.
2024-10-22T11:14:39.457+0530 [DEBUG] [org.gradle.cache.internal.DefaultFileLockManager] Waiting to acquire shared lock on daemon addresses registry.
2024-10-22T11:14:39.457+0530 [DEBUG] [org.gradle.cache.internal.DefaultFileLockManager] Lock acquired on daemon addresses registry.
2024-10-22T11:14:39.458+0530 [DEBUG] [org.gradle.cache.internal.DefaultFileLockManager] Releasing lock on daemon addresses registry.
2024-10-22T11:14:39.460+0530 [DEBUG] [org.gradle.cache.internal.DefaultFileLockManager] Waiting to acquire shared lock on daemon addresses registry.
2024-10-22T11:14:39.460+0530 [DEBUG] [org.gradle.cache.internal.DefaultFileLockManager] Lock acquired on daemon addresses registry.
2024-10-22T11:14:39.461+0530 [DEBUG] [org.gradle.cache.internal.DefaultFileLockManager] Releasing lock on daemon addresses registry.
2024-10-22T11:14:39.462+0530 [DEBUG] [org.gradle.cache.internal.DefaultFileLockManager] Waiting to acquire shared lock on daemon addresses registry.
2024-10-22T11:14:39.462+0530 [DEBUG] [org.gradle.cache.internal.DefaultFileLockManager] Lock acquired on daemon addresses registry.
2024-10-22T11:14:39.463+0530 [DEBUG] [org.gradle.cache.internal.DefaultFileLockManager] Releasing lock on daemon addresses registry.
2024-10-22T11:14:39.465+0530 [DEBUG] [org.gradle.cache.internal.DefaultFileLockManager] Waiting to acquire shared lock on daemon addresses registry.
2024-10-22T11:14:39.466+0530 [DEBUG] [org.gradle.cache.internal.DefaultFileLockManager] Lock acquired on daemon addresses registry.
2024-10-22T11:14:39.467+0530 [DEBUG] [org.gradle.cache.internal.DefaultFileLockManager] Releasing lock on daemon addresses registry.
2024-10-22T11:14:39.468+0530 [DEBUG] [org.gradle.cache.internal.DefaultFileLockManager] Waiting to acquire shared lock on daemon addresses registry.
2024-10-22T11:14:39.469+0530 [DEBUG] [org.gradle.cache.internal.DefaultFileLockManager] Lock acquired on daemon addresses registry.
2024-10-22T11:14:39.469+0530 [DEBUG] [org.gradle.cache.internal.DefaultFileLockManager] Releasing lock on daemon addresses registry.
2024-10-22T11:14:39.470+0530 [DEBUG] [org.gradle.cache.internal.DefaultFileLockManager] Waiting to acquire shared lock on daemon addresses registry.
2024-10-22T11:14:39.470+0530 [DEBUG] [org.gradle.cache.internal.DefaultFileLockManager] Lock acquired on daemon addresses registry.
2024-10-22T11:14:39.471+0530 [DEBUG] [org.gradle.cache.internal.DefaultFileLockManager] Releasing lock on daemon addresses registry.
2024-10-22T11:14:39.472+0530 [DEBUG] [org.gradle.cache.internal.DefaultFileLockManager] Waiting to acquire shared lock on daemon addresses registry.
2024-10-22T11:14:39.472+0530 [DEBUG] [org.gradle.cache.internal.DefaultFileLockManager] Lock acquired on daemon addresses registry.
2024-10-22T11:14:39.473+0530 [DEBUG] [org.gradle.cache.internal.DefaultFileLockManager] Releasing lock on daemon addresses registry.
2024-10-22T11:14:39.474+0530 [DEBUG] [org.gradle.cache.internal.DefaultFileLockManager] Waiting to acquire shared lock on daemon addresses registry.
2024-10-22T11:14:39.474+0530 [DEBUG] [org.gradle.cache.internal.DefaultFileLockManager] Lock acquired on daemon addresses registry.
2024-10-22T11:14:39.475+0530 [DEBUG] [org.gradle.cache.internal.DefaultFileLockManager] Releasing lock on daemon addresses registry.
2024-10-22T11:14:39.475+0530 [DEBUG] [org.gradle.cache.internal.DefaultFileLockManager] Waiting to acquire shared lock on daemon addresses registry.
2024-10-22T11:14:39.476+0530 [DEBUG] [org.gradle.cache.internal.DefaultFileLockManager] Lock acquired on daemon addresses registry.
2024-10-22T11:14:39.476+0530 [DEBUG] [org.gradle.cache.internal.DefaultFileLockManager] Releasing lock on daemon addresses registry.
2024-10-22T11:14:39.477+0530 [DEBUG] [org.gradle.cache.internal.DefaultFileLockManager] Waiting to acquire shared lock on daemon addresses registry.
2024-10-22T11:14:39.477+0530 [DEBUG] [org.gradle.cache.internal.DefaultFileLockManager] Lock acquired on daemon addresses registry.
2024-10-22T11:14:39.478+0530 [DEBUG] [org.gradle.cache.internal.DefaultFileLockManager] Releasing lock on daemon addresses registry.
2024-10-22T11:14:39.480+0530 [DEBUG] [org.gradle.cache.internal.DefaultFileLockManager] Waiting to acquire shared lock on daemon addresses registry.
2024-10-22T11:14:39.480+0530 [DEBUG] [org.gradle.cache.internal.DefaultFileLockManager] Lock acquired on daemon addresses registry.
2024-10-22T11:14:39.483+0530 [DEBUG] [org.gradle.cache.internal.DefaultFileLockManager] Releasing lock on daemon addresses registry.
2024-10-22T11:14:39.485+0530 [DEBUG] [org.gradle.cache.internal.DefaultFileLockManager] Waiting to acquire shared lock on daemon addresses registry.
2024-10-22T11:14:39.485+0530 [DEBUG] [org.gradle.cache.internal.DefaultFileLockManager] Lock acquired on daemon addresses registry.
2024-10-22T11:14:39.485+0530 [DEBUG] [org.gradle.cache.internal.DefaultFileLockManager] Releasing lock on daemon addresses registry.
2024-10-22T11:14:39.486+0530 [DEBUG] [org.gradle.cache.internal.DefaultFileLockManager] Waiting to acquire shared lock on daemon addresses registry.
2024-10-22T11:14:39.486+0530 [DEBUG] [org.gradle.cache.internal.DefaultFileLockManager] Lock acquired on daemon addresses registry.
2024-10-22T11:14:39.487+0530 [DEBUG] [org.gradle.cache.internal.DefaultFileLockManager] Releasing lock on daemon addresses registry.
2024-10-22T11:14:39.488+0530 [DEBUG] [org.gradle.cache.internal.DefaultFileLockManager] Waiting to acquire shared lock on daemon addresses registry.
2024-10-22T11:14:39.488+0530 [DEBUG] [org.gradle.cache.internal.DefaultFileLockManager] Lock acquired on daemon addresses registry.
2024-10-22T11:14:39.489+0530 [DEBUG] [org.gradle.cache.internal.DefaultFileLockManager] Releasing lock on daemon addresses registry.
2024-10-22T11:14:39.489+0530 [DEBUG] [org.gradle.cache.internal.DefaultFileLockManager] Waiting to acquire shared lock on daemon addresses registry.
2024-10-22T11:14:39.490+0530 [DEBUG] [org.gradle.cache.internal.DefaultFileLockManager] Lock acquired on daemon addresses registry.
2024-10-22T11:14:39.491+0530 [DEBUG] [org.gradle.cache.internal.DefaultFileLockManager] Releasing lock on daemon addresses registry.
2024-10-22T11:14:39.491+0530 [DEBUG] [org.gradle.cache.internal.DefaultFileLockManager] Waiting to acquire shared lock on daemon addresses registry.
2024-10-22T11:14:39.492+0530 [DEBUG] [org.gradle.cache.internal.DefaultFileLockManager] Lock acquired on daemon addresses registry.
2024-10-22T11:14:39.492+0530 [DEBUG] [org.gradle.cache.internal.DefaultFileLockManager] Releasing lock on daemon addresses registry.
2024-10-22T11:14:39.493+0530 [DEBUG] [org.gradle.cache.internal.DefaultFileLockManager] Waiting to acquire shared lock on daemon addresses registry.
2024-10-22T11:14:39.494+0530 [DEBUG] [org.gradle.cache.internal.DefaultFileLockManager] Lock acquired on daemon addresses registry.
2024-10-22T11:14:39.494+0530 [DEBUG] [org.gradle.cache.internal.DefaultFileLockManager] Releasing lock on daemon addresses registry.
2024-10-22T11:14:39.495+0530 [DEBUG] [org.gradle.cache.internal.DefaultFileLockManager] Waiting to acquire shared lock on daemon addresses registry.
2024-10-22T11:14:39.496+0530 [DEBUG] [org.gradle.cache.internal.DefaultFileLockManager] Lock acquired on daemon addresses registry.
2024-10-22T11:14:39.496+0530 [DEBUG] [org.gradle.cache.internal.DefaultFileLockManager] Releasing lock on daemon addresses registry.
2024-10-22T11:14:39.498+0530 [DEBUG] [org.gradle.cache.internal.DefaultFileLockManager] Waiting to acquire shared lock on daemon addresses registry.
2024-10-22T11:14:39.498+0530 [DEBUG] [org.gradle.cache.internal.DefaultFileLockManager] Lock acquired on daemon addresses registry.
2024-10-22T11:14:39.499+0530 [DEBUG] [org.gradle.cache.internal.DefaultFileLockManager] Releasing lock on daemon addresses registry.
2024-10-22T11:14:39.501+0530 [DEBUG] [org.gradle.cache.internal.DefaultFileLockManager] Waiting to acquire shared lock on daemon addresses registry.
2024-10-22T11:14:39.501+0530 [DEBUG] [org.gradle.cache.internal.DefaultFileLockManager] Lock acquired on daemon addresses registry.
2024-10-22T11:14:39.502+0530 [DEBUG] [org.gradle.cache.internal.DefaultFileLockManager] Releasing lock on daemon addresses registry.
2024-10-22T11:14:39.503+0530 [DEBUG] [org.gradle.cache.internal.DefaultFileLockManager] Waiting to acquire shared lock on daemon addresses registry.
2024-10-22T11:14:39.503+0530 [DEBUG] [org.gradle.cache.internal.DefaultFileLockManager] Lock acquired on daemon addresses registry.
2024-10-22T11:14:39.504+0530 [DEBUG] [org.gradle.cache.internal.DefaultFileLockManager] Releasing lock on daemon addresses registry.
2024-10-22T11:14:39.505+0530 [DEBUG] [org.gradle.cache.internal.DefaultFileLockManager] Waiting to acquire shared lock on daemon addresses registry.
2024-10-22T11:14:39.505+0530 [DEBUG] [org.gradle.cache.internal.DefaultFileLockManager] Lock acquired on daemon addresses registry.
2024-10-22T11:14:39.506+0530 [DEBUG] [org.gradle.cache.internal.DefaultFileLockManager] Releasing lock on daemon addresses registry.
2024-10-22T11:14:39.507+0530 [DEBUG] [org.gradle.cache.internal.DefaultFileLockManager] Waiting to acquire shared lock on daemon addresses registry.
2024-10-22T11:14:39.507+0530 [DEBUG] [org.gradle.cache.internal.DefaultFileLockManager] Lock acquired on daemon addresses registry.
2024-10-22T11:14:39.508+0530 [DEBUG] [org.gradle.cache.internal.DefaultFileLockManager] Releasing lock on daemon addresses registry.
2024-10-22T11:14:39.508+0530 [DEBUG] [org.gradle.cache.internal.DefaultFileLockManager] Waiting to acquire shared lock on daemon addresses registry.
2024-10-22T11:14:39.508+0530 [DEBUG] [org.gradle.cache.internal.DefaultFileLockManager] Lock acquired on daemon addresses registry.
2024-10-22T11:14:39.509+0530 [DEBUG] [org.gradle.cache.internal.DefaultFileLockManager] Releasing lock on daemon addresses registry.
2024-10-22T11:14:39.510+0530 [DEBUG] [org.gradle.cache.internal.DefaultFileLockManager] Waiting to acquire shared lock on daemon addresses registry.
2024-10-22T11:14:39.511+0530 [DEBUG] [org.gradle.cache.internal.DefaultFileLockManager] Lock acquired on daemon addresses registry.
2024-10-22T11:14:39.511+0530 [DEBUG] [org.gradle.cache.internal.DefaultFileLockManager] Releasing lock on daemon addresses registry.
2024-10-22T11:14:39.513+0530 [DEBUG] [org.gradle.cache.internal.DefaultFileLockManager] Waiting to acquire shared lock on daemon addresses registry.
2024-10-22T11:14:39.514+0530 [DEBUG] [org.gradle.cache.internal.DefaultFileLockManager] Lock acquired on daemon addresses registry.
2024-10-22T11:14:39.515+0530 [DEBUG] [org.gradle.cache.internal.DefaultFileLockManager] Releasing lock on daemon addresses registry.
2024-10-22T11:14:39.516+0530 [DEBUG] [org.gradle.cache.internal.DefaultFileLockManager] Waiting to acquire shared lock on daemon addresses registry.
2024-10-22T11:14:39.516+0530 [DEBUG] [org.gradle.cache.internal.DefaultFileLockManager] Lock acquired on daemon addresses registry.
2024-10-22T11:14:39.517+0530 [DEBUG] [org.gradle.cache.internal.DefaultFileLockManager] Releasing lock on daemon addresses registry.
2024-10-22T11:14:39.518+0530 [DEBUG] [org.gradle.cache.internal.DefaultFileLockManager] Waiting to acquire shared lock on daemon addresses registry.
2024-10-22T11:14:39.518+0530 [DEBUG] [org.gradle.cache.internal.DefaultFileLockManager] Lock acquired on daemon addresses registry.
2024-10-22T11:14:39.519+0530 [DEBUG] [org.gradle.cache.internal.DefaultFileLockManager] Releasing lock on daemon addresses registry.
2024-10-22T11:14:39.520+0530 [DEBUG] [org.gradle.cache.internal.DefaultFileLockManager] Waiting to acquire shared lock on daemon addresses registry.
2024-10-22T11:14:39.520+0530 [DEBUG] [org.gradle.cache.internal.DefaultFileLockManager] Lock acquired on daemon addresses registry.
2024-10-22T11:14:39.521+0530 [DEBUG] [org.gradle.cache.internal.DefaultFileLockManager] Releasing lock on daemon addresses registry.
2024-10-22T11:14:39.522+0530 [DEBUG] [org.gradle.cache.internal.DefaultFileLockManager] Waiting to acquire shared lock on daemon addresses registry.
2024-10-22T11:14:39.522+0530 [DEBUG] [org.gradle.cache.internal.DefaultFileLockManager] Lock acquired on daemon addresses registry.
2024-10-22T11:14:39.523+0530 [DEBUG] [org.gradle.cache.internal.DefaultFileLockManager] Releasing lock on daemon addresses registry.
2024-10-22T11:14:39.525+0530 [DEBUG] [org.gradle.cache.internal.DefaultFileLockManager] Waiting to acquire shared lock on daemon addresses registry.
2024-10-22T11:14:39.525+0530 [DEBUG] [org.gradle.cache.internal.DefaultFileLockManager] Lock acquired on daemon addresses registry.
2024-10-22T11:14:39.527+0530 [DEBUG] [org.gradle.cache.internal.DefaultFileLockManager] Releasing lock on daemon addresses registry.
2024-10-22T11:14:39.528+0530 [DEBUG] [org.gradle.cache.internal.DefaultFileLockManager] Waiting to acquire shared lock on daemon addresses registry.
2024-10-22T11:14:39.528+0530 [DEBUG] [org.gradle.cache.internal.DefaultFileLockManager] Lock acquired on daemon addresses registry.
2024-10-22T11:14:39.529+0530 [DEBUG] [org.gradle.cache.internal.DefaultFileLockManager] Releasing lock on daemon addresses registry.
2024-10-22T11:14:39.530+0530 [DEBUG] [org.gradle.cache.internal.DefaultFileLockManager] Waiting to acquire shared lock on daemon addresses registry.
2024-10-22T11:14:39.530+0530 [DEBUG] [org.gradle.cache.internal.DefaultFileLockManager] Lock acquired on daemon addresses registry.
2024-10-22T11:14:39.531+0530 [DEBUG] [org.gradle.cache.internal.DefaultFileLockManager] Releasing lock on daemon addresses registry.
2024-10-22T11:14:39.532+0530 [DEBUG] [org.gradle.cache.internal.DefaultFileLockManager] Waiting to acquire shared lock on daemon addresses registry.
2024-10-22T11:14:39.532+0530 [DEBUG] [org.gradle.cache.internal.DefaultFileLockManager] Lock acquired on daemon addresses registry.
2024-10-22T11:14:39.532+0530 [DEBUG] [org.gradle.cache.internal.DefaultFileLockManager] Releasing lock on daemon addresses registry.
2024-10-22T11:14:39.534+0530 [DEBUG] [org.gradle.cache.internal.DefaultFileLockManager] Waiting to acquire shared lock on daemon addresses registry.
2024-10-22T11:14:39.562+0530 [DEBUG] [org.gradle.cache.internal.DefaultFileLockManager] Lock acquired on daemon addresses registry.
2024-10-22T11:14:39.563+0530 [DEBUG] [org.gradle.cache.internal.DefaultFileLockManager] Releasing lock on daemon addresses registry.
2024-10-22T11:14:39.564+0530 [DEBUG] [org.gradle.cache.internal.DefaultFileLockManager] Waiting to acquire shared lock on daemon addresses registry.
2024-10-22T11:14:39.564+0530 [DEBUG] [org.gradle.cache.internal.DefaultFileLockManager] Lock acquired on daemon addresses registry.
2024-10-22T11:14:39.565+0530 [DEBUG] [org.gradle.cache.internal.DefaultFileLockManager] Releasing lock on daemon addresses registry.
2024-10-22T11:14:39.566+0530 [DEBUG] [org.gradle.cache.internal.DefaultFileLockManager] Waiting to acquire shared lock on daemon addresses registry.
2024-10-22T11:14:39.566+0530 [DEBUG] [org.gradle.cache.internal.DefaultFileLockManager] Lock acquired on daemon addresses registry.
2024-10-22T11:14:39.567+0530 [DEBUG] [org.gradle.cache.internal.DefaultFileLockManager] Releasing lock on daemon addresses registry.
2024-10-22T11:14:39.568+0530 [DEBUG] [org.gradle.cache.internal.DefaultFileLockManager] Waiting to acquire shared lock on daemon addresses registry.
2024-10-22T11:14:39.568+0530 [DEBUG] [org.gradle.cache.internal.DefaultFileLockManager] Lock acquired on daemon addresses registry.
2024-10-22T11:14:39.568+0530 [DEBUG] [org.gradle.cache.internal.DefaultFileLockManager] Releasing lock on daemon addresses registry.
2024-10-22T11:14:39.569+0530 [DEBUG] [org.gradle.cache.internal.DefaultFileLockManager] Waiting to acquire shared lock on daemon addresses registry.
2024-10-22T11:14:39.569+0530 [DEBUG] [org.gradle.cache.internal.DefaultFileLockManager] Lock acquired on daemon addresses registry.
2024-10-22T11:14:39.570+0530 [DEBUG] [org.gradle.cache.internal.DefaultFileLockManager] Releasing lock on daemon addresses registry.
2024-10-22T11:14:39.571+0530 [DEBUG] [org.gradle.cache.internal.DefaultFileLockManager] Waiting to acquire shared lock on daemon addresses registry.
2024-10-22T11:14:39.571+0530 [DEBUG] [org.gradle.cache.internal.DefaultFileLockManager] Lock acquired on daemon addresses registry.
2024-10-22T11:14:39.572+0530 [DEBUG] [org.gradle.cache.internal.DefaultFileLockManager] Releasing lock on daemon addresses registry.
2024-10-22T11:14:39.573+0530 [DEBUG] [org.gradle.cache.internal.DefaultFileLockManager] Waiting to acquire shared lock on daemon addresses registry.
2024-10-22T11:14:39.573+0530 [DEBUG] [org.gradle.cache.internal.DefaultFileLockManager] Lock acquired on daemon addresses registry.
2024-10-22T11:14:39.573+0530 [DEBUG] [org.gradle.cache.internal.DefaultFileLockManager] Releasing lock on daemon addresses registry.
2024-10-22T11:14:39.574+0530 [DEBUG] [org.gradle.cache.internal.DefaultFileLockManager] Waiting to acquire shared lock on daemon addresses registry.
2024-10-22T11:14:39.574+0530 [DEBUG] [org.gradle.cache.internal.DefaultFileLockManager] Lock acquired on daemon addresses registry.
2024-10-22T11:14:39.574+0530 [DEBUG] [org.gradle.cache.internal.DefaultFileLockManager] Releasing lock on daemon addresses registry.
2024-10-22T11:14:39.575+0530 [DEBUG] [org.gradle.cache.internal.DefaultFileLockManager] Waiting to acquire shared lock on daemon addresses registry.
2024-10-22T11:14:39.575+0530 [DEBUG] [org.gradle.cache.internal.DefaultFileLockManager] Lock acquired on daemon addresses registry.
2024-10-22T11:14:39.576+0530 [DEBUG] [org.gradle.cache.internal.DefaultFileLockManager] Releasing lock on daemon addresses registry.
2024-10-22T11:14:39.577+0530 [DEBUG] [org.gradle.cache.internal.DefaultFileLockManager] Waiting to acquire shared lock on daemon addresses registry.
2024-10-22T11:14:39.577+0530 [DEBUG] [org.gradle.cache.internal.DefaultFileLockManager] Lock acquired on daemon addresses registry.
2024-10-22T11:14:39.578+0530 [DEBUG] [org.gradle.cache.internal.DefaultFileLockManager] Releasing lock on daemon addresses registry.
2024-10-22T11:14:39.579+0530 [DEBUG] [org.gradle.cache.internal.DefaultFileLockManager] Waiting to acquire shared lock on daemon addresses registry.
2024-10-22T11:14:39.579+0530 [DEBUG] [org.gradle.cache.internal.DefaultFileLockManager] Lock acquired on daemon addresses registry.
2024-10-22T11:14:39.580+0530 [DEBUG] [org.gradle.cache.internal.DefaultFileLockManager] Releasing lock on daemon addresses registry.
2024-10-22T11:14:39.580+0530 [DEBUG] [org.gradle.cache.internal.DefaultFileLockManager] Waiting to acquire shared lock on daemon addresses registry.
2024-10-22T11:14:39.581+0530 [DEBUG] [org.gradle.cache.internal.DefaultFileLockManager] Lock acquired on daemon addresses registry.
2024-10-22T11:14:39.581+0530 [DEBUG] [org.gradle.cache.internal.DefaultFileLockManager] Releasing lock on daemon addresses registry.
2024-10-22T11:14:39.582+0530 [DEBUG] [org.gradle.cache.internal.DefaultFileLockManager] Waiting to acquire shared lock on daemon addresses registry.
2024-10-22T11:14:39.582+0530 [DEBUG] [org.gradle.cache.internal.DefaultFileLockManager] Lock acquired on daemon addresses registry.
2024-10-22T11:14:39.583+0530 [DEBUG] [org.gradle.cache.internal.DefaultFileLockManager] Releasing lock on daemon addresses registry.
2024-10-22T11:14:39.584+0530 [DEBUG] [org.gradle.cache.internal.DefaultFileLockManager] Waiting to acquire shared lock on daemon addresses registry.
2024-10-22T11:14:39.585+0530 [DEBUG] [org.gradle.cache.internal.DefaultFileLockManager] Lock acquired on daemon addresses registry.
2024-10-22T11:14:39.585+0530 [DEBUG] [org.gradle.cache.internal.DefaultFileLockManager] Releasing lock on daemon addresses registry.
2024-10-22T11:14:39.586+0530 [DEBUG] [org.gradle.cache.internal.DefaultFileLockManager] Waiting to acquire shared lock on daemon addresses registry.
2024-10-22T11:14:39.587+0530 [DEBUG] [org.gradle.cache.internal.DefaultFileLockManager] Lock acquired on daemon addresses registry.
2024-10-22T11:14:39.587+0530 [DEBUG] [org.gradle.cache.internal.DefaultFileLockManager] Releasing lock on daemon addresses registry.
2024-10-22T11:14:39.588+0530 [DEBUG] [org.gradle.cache.internal.DefaultFileLockManager] Waiting to acquire shared lock on daemon addresses registry.
2024-10-22T11:14:39.589+0530 [DEBUG] [org.gradle.cache.internal.DefaultFileLockManager] Lock acquired on daemon addresses registry.
2024-10-22T11:14:39.589+0530 [DEBUG] [org.gradle.cache.internal.DefaultFileLockManager] Releasing lock on daemon addresses registry.
2024-10-22T11:14:39.590+0530 [DEBUG] [org.gradle.cache.internal.DefaultFileLockManager] Waiting to acquire shared lock on daemon addresses registry.
2024-10-22T11:14:39.590+0530 [DEBUG] [org.gradle.cache.internal.DefaultFileLockManager] Lock acquired on daemon addresses registry.
2024-10-22T11:14:39.591+0530 [DEBUG] [org.gradle.cache.internal.DefaultFileLockManager] Releasing lock on daemon addresses registry.
2024-10-22T11:14:39.592+0530 [DEBUG] [org.gradle.cache.internal.DefaultFileLockManager] Waiting to acquire shared lock on daemon addresses registry.
2024-10-22T11:14:39.593+0530 [DEBUG] [org.gradle.cache.internal.DefaultFileLockManager] Lock acquired on daemon addresses registry.
2024-10-22T11:14:39.593+0530 [DEBUG] [org.gradle.cache.internal.DefaultFileLockManager] Releasing lock on daemon addresses registry.
2024-10-22T11:14:39.595+0530 [DEBUG] [org.gradle.cache.internal.DefaultFileLockManager] Waiting to acquire shared lock on daemon addresses registry.
2024-10-22T11:14:39.595+0530 [DEBUG] [org.gradle.cache.internal.DefaultFileLockManager] Lock acquired on daemon addresses registry.
2024-10-22T11:14:39.596+0530 [DEBUG] [org.gradle.cache.internal.DefaultFileLockManager] Releasing lock on daemon addresses registry.
2024-10-22T11:14:39.597+0530 [DEBUG] [org.gradle.cache.internal.DefaultFileLockManager] Waiting to acquire shared lock on daemon addresses registry.
2024-10-22T11:14:39.597+0530 [DEBUG] [org.gradle.cache.internal.DefaultFileLockManager] Lock acquired on daemon addresses registry.
2024-10-22T11:14:39.605+0530 [DEBUG] [org.gradle.cache.internal.DefaultFileLockManager] Releasing lock on daemon addresses registry.
2024-10-22T11:14:39.618+0530 [DEBUG] [org.gradle.cache.internal.DefaultFileLockManager] Waiting to acquire shared lock on daemon addresses registry.
2024-10-22T11:14:39.619+0530 [DEBUG] [org.gradle.cache.internal.DefaultFileLockManager] Lock acquired on daemon addresses registry.
2024-10-22T11:14:39.619+0530 [DEBUG] [org.gradle.cache.internal.DefaultFileLockManager] Releasing lock on daemon addresses registry.
2024-10-22T11:14:39.621+0530 [DEBUG] [org.gradle.cache.internal.DefaultFileLockManager] Waiting to acquire shared lock on daemon addresses registry.
2024-10-22T11:14:39.621+0530 [DEBUG] [org.gradle.cache.internal.DefaultFileLockManager] Lock acquired on daemon addresses registry.
2024-10-22T11:14:39.621+0530 [DEBUG] [org.gradle.cache.internal.DefaultFileLockManager] Releasing lock on daemon addresses registry.
2024-10-22T11:14:39.625+0530 [DEBUG] [org.gradle.cache.internal.DefaultFileLockManager] Waiting to acquire shared lock on daemon addresses registry.
2024-10-22T11:14:39.637+0530 [DEBUG] [org.gradle.cache.internal.DefaultFileLockManager] Lock acquired on daemon addresses registry.
2024-10-22T11:14:39.638+0530 [DEBUG] [org.gradle.cache.internal.DefaultFileLockManager] Releasing lock on daemon addresses registry.
2024-10-22T11:14:39.639+0530 [DEBUG] [org.gradle.cache.internal.DefaultFileLockManager] Waiting to acquire shared lock on daemon addresses registry.
2024-10-22T11:14:39.641+0530 [DEBUG] [org.gradle.cache.internal.DefaultFileLockManager] Lock acquired on daemon addresses registry.
2024-10-22T11:14:39.642+0530 [DEBUG] [org.gradle.cache.internal.DefaultFileLockManager] Releasing lock on daemon addresses registry.
2024-10-22T11:14:39.677+0530 [DEBUG] [org.gradle.cache.internal.DefaultFileLockManager] Waiting to acquire shared lock on daemon addresses registry.
2024-10-22T11:14:39.677+0530 [DEBUG] [org.gradle.cache.internal.DefaultFileLockManager] Lock acquired on daemon addresses registry.
2024-10-22T11:14:39.678+0530 [DEBUG] [org.gradle.cache.internal.DefaultFileLockManager] Releasing lock on daemon addresses registry.
2024-10-22T11:14:39.679+0530 [DEBUG] [org.gradle.cache.internal.DefaultFileLockManager] Waiting to acquire shared lock on daemon addresses registry.
2024-10-22T11:14:39.680+0530 [DEBUG] [org.gradle.cache.internal.DefaultFileLockManager] Lock acquired on daemon addresses registry.
2024-10-22T11:14:39.680+0530 [DEBUG] [org.gradle.cache.internal.DefaultFileLockManager] Releasing lock on daemon addresses registry.
2024-10-22T11:14:39.684+0530 [DEBUG] [org.gradle.cache.internal.DefaultFileLockManager] Waiting to acquire shared lock on daemon addresses registry.
2024-10-22T11:14:39.684+0530 [DEBUG] [org.gradle.cache.internal.DefaultFileLockManager] Lock acquired on daemon addresses registry.
2024-10-22T11:14:39.685+0530 [DEBUG] [org.gradle.cache.internal.DefaultFileLockManager] Releasing lock on daemon addresses registry.
2024-10-22T11:14:39.686+0530 [DEBUG] [org.gradle.cache.internal.DefaultFileLockManager] Waiting to acquire shared lock on daemon addresses registry.
2024-10-22T11:14:39.687+0530 [DEBUG] [org.gradle.cache.internal.DefaultFileLockManager] Lock acquired on daemon addresses registry.
2024-10-22T11:14:39.687+0530 [DEBUG] [org.gradle.cache.internal.DefaultFileLockManager] Releasing lock on daemon addresses registry.
2024-10-22T11:14:39.688+0530 [DEBUG] [org.gradle.cache.internal.DefaultFileLockManager] Waiting to acquire shared lock on daemon addresses registry.
2024-10-22T11:14:39.688+0530 [DEBUG] [org.gradle.cache.internal.DefaultFileLockManager] Lock acquired on daemon addresses registry.
2024-10-22T11:14:39.689+0530 [DEBUG] [org.gradle.cache.internal.DefaultFileLockManager] Releasing lock on daemon addresses registry.
2024-10-22T11:14:39.690+0530 [DEBUG] [org.gradle.cache.internal.DefaultFileLockManager] Waiting to acquire shared lock on daemon addresses registry.
2024-10-22T11:14:39.690+0530 [DEBUG] [org.gradle.cache.internal.DefaultFileLockManager] Lock acquired on daemon addresses registry.
2024-10-22T11:14:39.691+0530 [DEBUG] [org.gradle.cache.internal.DefaultFileLockManager] Releasing lock on daemon addresses registry.
2024-10-22T11:14:39.692+0530 [DEBUG] [org.gradle.cache.internal.DefaultFileLockManager] Waiting to acquire shared lock on daemon addresses registry.
2024-10-22T11:14:39.692+0530 [DEBUG] [org.gradle.cache.internal.DefaultFileLockManager] Lock acquired on daemon addresses registry.
2024-10-22T11:14:39.693+0530 [DEBUG] [org.gradle.cache.internal.DefaultFileLockManager] Releasing lock on daemon addresses registry.
2024-10-22T11:14:39.694+0530 [DEBUG] [org.gradle.cache.internal.DefaultFileLockManager] Waiting to acquire shared lock on daemon addresses registry.
2024-10-22T11:14:39.694+0530 [DEBUG] [org.gradle.cache.internal.DefaultFileLockManager] Lock acquired on daemon addresses registry.
2024-10-22T11:14:39.695+0530 [DEBUG] [org.gradle.cache.internal.DefaultFileLockManager] Releasing lock on daemon addresses registry.
2024-10-22T11:14:39.696+0530 [DEBUG] [org.gradle.cache.internal.DefaultFileLockManager] Waiting to acquire shared lock on daemon addresses registry.
2024-10-22T11:14:39.696+0530 [DEBUG] [org.gradle.cache.internal.DefaultFileLockManager] Lock acquired on daemon addresses registry.
2024-10-22T11:14:39.697+0530 [DEBUG] [org.gradle.cache.internal.DefaultFileLockManager] Releasing lock on daemon addresses registry.
2024-10-22T11:14:39.698+0530 [DEBUG] [org.gradle.cache.internal.DefaultFileLockManager] Waiting to acquire shared lock on daemon addresses registry.
2024-10-22T11:14:39.698+0530 [DEBUG] [org.gradle.cache.internal.DefaultFileLockManager] Lock acquired on daemon addresses registry.
2024-10-22T11:14:39.700+0530 [DEBUG] [org.gradle.cache.internal.DefaultFileLockManager] Releasing lock on daemon addresses registry.
2024-10-22T11:14:39.702+0530 [DEBUG] [org.gradle.cache.internal.DefaultFileLockManager] Waiting to acquire shared lock on daemon addresses registry.
2024-10-22T11:14:39.702+0530 [DEBUG] [org.gradle.cache.internal.DefaultFileLockManager] Lock acquired on daemon addresses registry.
2024-10-22T11:14:39.702+0530 [DEBUG] [org.gradle.cache.internal.DefaultFileLockManager] Releasing lock on daemon addresses registry.
2024-10-22T11:14:39.705+0530 [DEBUG] [org.gradle.cache.internal.DefaultFileLockManager] Waiting to acquire shared lock on daemon addresses registry.
2024-10-22T11:14:39.705+0530 [DEBUG] [org.gradle.cache.internal.DefaultFileLockManager] Lock acquired on daemon addresses registry.
2024-10-22T11:14:39.706+0530 [DEBUG] [org.gradle.cache.internal.DefaultFileLockManager] Releasing lock on daemon addresses registry.
2024-10-22T11:14:39.707+0530 [DEBUG] [org.gradle.cache.internal.DefaultFileLockManager] Waiting to acquire shared lock on daemon addresses registry.
2024-10-22T11:14:39.708+0530 [DEBUG] [org.gradle.cache.internal.DefaultFileLockManager] Lock acquired on daemon addresses registry.
2024-10-22T11:14:39.708+0530 [DEBUG] [org.gradle.cache.internal.DefaultFileLockManager] Releasing lock on daemon addresses registry.
2024-10-22T11:14:39.709+0530 [DEBUG] [org.gradle.cache.internal.DefaultFileLockManager] Waiting to acquire shared lock on daemon addresses registry.
2024-10-22T11:14:39.710+0530 [DEBUG] [org.gradle.cache.internal.DefaultFileLockManager] Lock acquired on daemon addresses registry.
2024-10-22T11:14:39.710+0530 [DEBUG] [org.gradle.cache.internal.DefaultFileLockManager] Releasing lock on daemon addresses registry.
2024-10-22T11:14:39.711+0530 [DEBUG] [org.gradle.cache.internal.DefaultFileLockManager] Waiting to acquire shared lock on daemon addresses registry.
2024-10-22T11:14:39.712+0530 [DEBUG] [org.gradle.cache.internal.DefaultFileLockManager] Lock acquired on daemon addresses registry.
2024-10-22T11:14:39.714+0530 [DEBUG] [org.gradle.cache.internal.DefaultFileLockManager] Releasing lock on daemon addresses registry.
2024-10-22T11:14:39.716+0530 [DEBUG] [org.gradle.cache.internal.DefaultFileLockManager] Waiting to acquire shared lock on daemon addresses registry.
2024-10-22T11:14:39.720+0530 [DEBUG] [org.gradle.cache.internal.DefaultFileLockManager] Lock acquired on daemon addresses registry.
2024-10-22T11:14:39.722+0530 [DEBUG] [org.gradle.cache.internal.DefaultFileLockManager] Releasing lock on daemon addresses registry.
2024-10-22T11:14:39.725+0530 [DEBUG] [org.gradle.cache.internal.DefaultFileLockManager] Waiting to acquire shared lock on daemon addresses registry.
2024-10-22T11:14:39.729+0530 [DEBUG] [org.gradle.cache.internal.DefaultFileLockManager] Lock acquired on daemon addresses registry.
2024-10-22T11:14:39.734+0530 [DEBUG] [org.gradle.cache.internal.DefaultFileLockManager] Releasing lock on daemon addresses registry.
2024-10-22T11:14:39.738+0530 [DEBUG] [org.gradle.cache.internal.DefaultFileLockManager] Waiting to acquire shared lock on daemon addresses registry.
2024-10-22T11:14:39.739+0530 [DEBUG] [org.gradle.cache.internal.DefaultFileLockManager] Lock acquired on daemon addresses registry.
2024-10-22T11:14:39.744+0530 [DEBUG] [org.gradle.cache.internal.DefaultFileLockManager] Releasing lock on daemon addresses registry.
2024-10-22T11:14:39.746+0530 [DEBUG] [org.gradle.cache.internal.DefaultFileLockManager] Waiting to acquire shared lock on daemon addresses registry.
2024-10-22T11:14:39.747+0530 [DEBUG] [org.gradle.cache.internal.DefaultFileLockManager] Lock acquired on daemon addresses registry.
2024-10-22T11:14:39.749+0530 [DEBUG] [org.gradle.cache.internal.DefaultFileLockManager] Releasing lock on daemon addresses registry.
2024-10-22T11:14:39.756+0530 [DEBUG] [org.gradle.cache.internal.DefaultFileLockManager] Waiting to acquire shared lock on daemon addresses registry.
2024-10-22T11:14:39.757+0530 [DEBUG] [org.gradle.cache.internal.DefaultFileLockManager] Lock acquired on daemon addresses registry.
2024-10-22T11:14:39.758+0530 [DEBUG] [org.gradle.cache.internal.DefaultFileLockManager] Releasing lock on daemon addresses registry.
2024-10-22T11:14:39.767+0530 [DEBUG] [org.gradle.cache.internal.DefaultFileLockManager] Waiting to acquire shared lock on daemon addresses registry.
2024-10-22T11:14:39.771+0530 [DEBUG] [org.gradle.cache.internal.DefaultFileLockManager] Lock acquired on daemon addresses registry.
2024-10-22T11:14:39.773+0530 [DEBUG] [org.gradle.cache.internal.DefaultFileLockManager] Releasing lock on daemon addresses registry.
2024-10-22T11:14:39.788+0530 [DEBUG] [org.gradle.cache.internal.DefaultFileLockManager] Waiting to acquire shared lock on daemon addresses registry.
2024-10-22T11:14:39.789+0530 [DEBUG] [org.gradle.cache.internal.DefaultFileLockManager] Lock acquired on daemon addresses registry.
2024-10-22T11:14:39.790+0530 [DEBUG] [org.gradle.cache.internal.DefaultFileLockManager] Releasing lock on daemon addresses registry.
2024-10-22T11:14:39.791+0530 [DEBUG] [org.gradle.cache.internal.DefaultFileLockManager] Waiting to acquire shared lock on daemon addresses registry.
2024-10-22T11:14:39.791+0530 [DEBUG] [org.gradle.cache.internal.DefaultFileLockManager] Lock acquired on daemon addresses registry.
2024-10-22T11:14:39.791+0530 [DEBUG] [org.gradle.cache.internal.DefaultFileLockManager] Releasing lock on daemon addresses registry.
2024-10-22T11:14:39.792+0530 [DEBUG] [org.gradle.cache.internal.DefaultFileLockManager] Waiting to acquire shared lock on daemon addresses registry.
2024-10-22T11:14:39.792+0530 [DEBUG] [org.gradle.cache.internal.DefaultFileLockManager] Lock acquired on daemon addresses registry.
2024-10-22T11:14:39.793+0530 [DEBUG] [org.gradle.cache.internal.DefaultFileLockManager] Releasing lock on daemon addresses registry.
2024-10-22T11:14:39.794+0530 [DEBUG] [org.gradle.cache.internal.DefaultFileLockManager] Waiting to acquire shared lock on daemon addresses registry.
2024-10-22T11:14:39.795+0530 [DEBUG] [org.gradle.cache.internal.DefaultFileLockManager] Lock acquired on daemon addresses registry.
2024-10-22T11:14:39.795+0530 [DEBUG] [org.gradle.cache.internal.DefaultFileLockManager] Releasing lock on daemon addresses registry.
2024-10-22T11:14:39.797+0530 [DEBUG] [org.gradle.cache.internal.DefaultFileLockManager] Waiting to acquire shared lock on daemon addresses registry.
2024-10-22T11:14:39.806+0530 [DEBUG] [org.gradle.cache.internal.DefaultFileLockManager] Lock acquired on daemon addresses registry.
2024-10-22T11:14:39.812+0530 [DEBUG] [org.gradle.cache.internal.DefaultFileLockManager] Releasing lock on daemon addresses registry.
2024-10-22T11:14:39.822+0530 [DEBUG] [org.gradle.cache.internal.DefaultFileLockManager] Waiting to acquire shared lock on daemon addresses registry.
2024-10-22T11:14:39.823+0530 [DEBUG] [org.gradle.cache.internal.DefaultFileLockManager] Lock acquired on daemon addresses registry.
2024-10-22T11:14:39.828+0530 [DEBUG] [org.gradle.cache.internal.DefaultFileLockManager] Releasing lock on daemon addresses registry.
2024-10-22T11:14:39.830+0530 [DEBUG] [org.gradle.cache.internal.DefaultFileLockManager] Waiting to acquire shared lock on daemon addresses registry.
2024-10-22T11:14:39.830+0530 [DEBUG] [org.gradle.cache.internal.DefaultFileLockManager] Lock acquired on daemon addresses registry.
2024-10-22T11:14:39.831+0530 [DEBUG] [org.gradle.cache.internal.DefaultFileLockManager] Releasing lock on daemon addresses registry.
2024-10-22T11:14:39.831+0530 [DEBUG] [org.gradle.cache.internal.DefaultFileLockManager] Waiting to acquire shared lock on daemon addresses registry.
2024-10-22T11:14:39.832+0530 [DEBUG] [org.gradle.cache.internal.DefaultFileLockManager] Lock acquired on daemon addresses registry.
2024-10-22T11:14:39.832+0530 [DEBUG] [org.gradle.cache.internal.DefaultFileLockManager] Releasing lock on daemon addresses registry.
2024-10-22T11:14:39.834+0530 [DEBUG] [org.gradle.cache.internal.DefaultFileLockManager] Waiting to acquire shared lock on daemon addresses registry.
2024-10-22T11:14:39.836+0530 [DEBUG] [org.gradle.cache.internal.DefaultFileLockManager] Lock acquired on daemon addresses registry.
2024-10-22T11:14:39.837+0530 [DEBUG] [org.gradle.cache.internal.DefaultFileLockManager] Releasing lock on daemon addresses registry.
2024-10-22T11:14:39.839+0530 [DEBUG] [org.gradle.cache.internal.DefaultFileLockManager] Waiting to acquire shared lock on daemon addresses registry.
2024-10-22T11:14:39.839+0530 [DEBUG] [org.gradle.cache.internal.DefaultFileLockManager] Lock acquired on daemon addresses registry.
2024-10-22T11:14:39.840+0530 [DEBUG] [org.gradle.cache.internal.DefaultFileLockManager] Releasing lock on daemon addresses registry.
2024-10-22T11:14:39.840+0530 [DEBUG] [org.gradle.cache.internal.DefaultFileLockManager] Waiting to acquire shared lock on daemon addresses registry.
2024-10-22T11:14:39.841+0530 [DEBUG] [org.gradle.cache.internal.DefaultFileLockManager] Lock acquired on daemon addresses registry.
2024-10-22T11:14:39.841+0530 [DEBUG] [org.gradle.cache.internal.DefaultFileLockManager] Releasing lock on daemon addresses registry.
2024-10-22T11:14:39.842+0530 [DEBUG] [org.gradle.cache.internal.DefaultFileLockManager] Waiting to acquire shared lock on daemon addresses registry.
2024-10-22T11:14:39.843+0530 [DEBUG] [org.gradle.cache.internal.DefaultFileLockManager] Lock acquired on daemon addresses registry.
2024-10-22T11:14:39.843+0530 [DEBUG] [org.gradle.cache.internal.DefaultFileLockManager] Releasing lock on daemon addresses registry.
2024-10-22T11:14:39.844+0530 [DEBUG] [org.gradle.cache.internal.DefaultFileLockManager] Waiting to acquire shared lock on daemon addresses registry.
2024-10-22T11:14:39.845+0530 [DEBUG] [org.gradle.cache.internal.DefaultFileLockManager] Lock acquired on daemon addresses registry.
2024-10-22T11:14:39.845+0530 [DEBUG] [org.gradle.cache.internal.DefaultFileLockManager] Releasing lock on daemon addresses registry.
2024-10-22T11:14:39.846+0530 [DEBUG] [org.gradle.cache.internal.DefaultFileLockManager] Waiting to acquire shared lock on daemon addresses registry.
2024-10-22T11:14:39.846+0530 [DEBUG] [org.gradle.cache.internal.DefaultFileLockManager] Lock acquired on daemon addresses registry.
2024-10-22T11:14:39.847+0530 [DEBUG] [org.gradle.cache.internal.DefaultFileLockManager] Releasing lock on daemon addresses registry.
2024-10-22T11:14:39.848+0530 [DEBUG] [org.gradle.cache.internal.DefaultFileLockManager] Waiting to acquire shared lock on daemon addresses registry.
2024-10-22T11:14:39.848+0530 [DEBUG] [org.gradle.cache.internal.DefaultFileLockManager] Lock acquired on daemon addresses registry.
2024-10-22T11:14:39.849+0530 [DEBUG] [org.gradle.cache.internal.DefaultFileLockManager] Releasing lock on daemon addresses registry.
2024-10-22T11:14:39.851+0530 [DEBUG] [org.gradle.cache.internal.DefaultFileLockManager] Waiting to acquire shared lock on daemon addresses registry.
2024-10-22T11:14:39.852+0530 [DEBUG] [org.gradle.cache.internal.DefaultFileLockManager] Lock acquired on daemon addresses registry.
2024-10-22T11:14:39.853+0530 [DEBUG] [org.gradle.cache.internal.DefaultFileLockManager] Releasing lock on daemon addresses registry.
2024-10-22T11:14:39.855+0530 [DEBUG] [org.gradle.cache.internal.DefaultFileLockManager] Waiting to acquire shared lock on daemon addresses registry.
2024-10-22T11:14:39.856+0530 [DEBUG] [org.gradle.cache.internal.DefaultFileLockManager] Lock acquired on daemon addresses registry.
2024-10-22T11:14:39.856+0530 [DEBUG] [org.gradle.cache.internal.DefaultFileLockManager] Releasing lock on daemon addresses registry.
2024-10-22T11:14:39.862+0530 [DEBUG] [org.gradle.cache.internal.DefaultFileLockManager] Waiting to acquire shared lock on daemon addresses registry.
2024-10-22T11:14:39.862+0530 [DEBUG] [org.gradle.cache.internal.DefaultFileLockManager] Lock acquired on daemon addresses registry.
2024-10-22T11:14:39.872+0530 [DEBUG] [org.gradle.cache.internal.DefaultFileLockManager] Releasing lock on daemon addresses registry.
2024-10-22T11:14:39.874+0530 [DEBUG] [org.gradle.cache.internal.DefaultFileLockManager] Waiting to acquire shared lock on daemon addresses registry.
2024-10-22T11:14:39.874+0530 [DEBUG] [org.gradle.cache.internal.DefaultFileLockManager] Lock acquired on daemon addresses registry.
2024-10-22T11:14:39.875+0530 [DEBUG] [org.gradle.cache.internal.DefaultFileLockManager] Releasing lock on daemon addresses registry.
2024-10-22T11:14:39.875+0530 [DEBUG] [org.gradle.cache.internal.DefaultFileLockManager] Waiting to acquire shared lock on daemon addresses registry.
2024-10-22T11:14:39.876+0530 [DEBUG] [org.gradle.cache.internal.DefaultFileLockManager] Lock acquired on daemon addresses registry.
2024-10-22T11:14:39.877+0530 [DEBUG] [org.gradle.cache.internal.DefaultFileLockManager] Releasing lock on daemon addresses registry.
2024-10-22T11:14:39.878+0530 [DEBUG] [org.gradle.cache.internal.DefaultFileLockManager] Waiting to acquire shared lock on daemon addresses registry.
2024-10-22T11:14:39.878+0530 [DEBUG] [org.gradle.cache.internal.DefaultFileLockManager] Lock acquired on daemon addresses registry.
2024-10-22T11:14:39.879+0530 [DEBUG] [org.gradle.cache.internal.DefaultFileLockManager] Releasing lock on daemon addresses registry.
2024-10-22T11:14:39.880+0530 [DEBUG] [org.gradle.cache.internal.DefaultFileLockManager] Waiting to acquire shared lock on daemon addresses registry.
2024-10-22T11:14:39.880+0530 [DEBUG] [org.gradle.cache.internal.DefaultFileLockManager] Lock acquired on daemon addresses registry.
2024-10-22T11:14:39.880+0530 [DEBUG] [org.gradle.cache.internal.DefaultFileLockManager] Releasing lock on daemon addresses registry.
2024-10-22T11:14:39.881+0530 [DEBUG] [org.gradle.cache.internal.DefaultFileLockManager] Waiting to acquire shared lock on daemon addresses registry.
2024-10-22T11:14:39.882+0530 [DEBUG] [org.gradle.cache.internal.DefaultFileLockManager] Lock acquired on daemon addresses registry.
2024-10-22T11:14:39.883+0530 [DEBUG] [org.gradle.cache.internal.DefaultFileLockManager] Releasing lock on daemon addresses registry.
2024-10-22T11:14:39.887+0530 [DEBUG] [org.gradle.cache.internal.DefaultFileLockManager] Waiting to acquire shared lock on daemon addresses registry.
2024-10-22T11:14:39.888+0530 [DEBUG] [org.gradle.cache.internal.DefaultFileLockManager] Lock acquired on daemon addresses registry.
2024-10-22T11:14:39.889+0530 [DEBUG] [org.gradle.cache.internal.DefaultFileLockManager] Releasing lock on daemon addresses registry.
2024-10-22T11:14:39.890+0530 [DEBUG] [org.gradle.cache.internal.DefaultFileLockManager] Waiting to acquire shared lock on daemon addresses registry.
2024-10-22T11:14:39.890+0530 [DEBUG] [org.gradle.cache.internal.DefaultFileLockManager] Lock acquired on daemon addresses registry.
2024-10-22T11:14:39.891+0530 [DEBUG] [org.gradle.cache.internal.DefaultFileLockManager] Releasing lock on daemon addresses registry.
2024-10-22T11:14:39.891+0530 [DEBUG] [org.gradle.cache.internal.DefaultFileLockManager] Waiting to acquire shared lock on daemon addresses registry.
2024-10-22T11:14:39.895+0530 [DEBUG] [org.gradle.cache.internal.DefaultFileLockManager] Lock acquired on daemon addresses registry.
2024-10-22T11:14:39.898+0530 [DEBUG] [org.gradle.cache.internal.DefaultFileLockManager] Releasing lock on daemon addresses registry.
2024-10-22T11:14:39.900+0530 [DEBUG] [org.gradle.cache.internal.DefaultFileLockManager] Waiting to acquire shared lock on daemon addresses registry.
2024-10-22T11:14:39.901+0530 [DEBUG] [org.gradle.cache.internal.DefaultFileLockManager] Lock acquired on daemon addresses registry.
2024-10-22T11:14:39.904+0530 [DEBUG] [org.gradle.cache.internal.DefaultFileLockManager] Releasing lock on daemon addresses registry.
2024-10-22T11:14:39.906+0530 [DEBUG] [org.gradle.cache.internal.DefaultFileLockManager] Waiting to acquire shared lock on daemon addresses registry.
2024-10-22T11:14:39.908+0530 [DEBUG] [org.gradle.cache.internal.DefaultFileLockManager] Lock acquired on daemon addresses registry.
2024-10-22T11:14:39.909+0530 [DEBUG] [org.gradle.cache.internal.DefaultFileLockManager] Releasing lock on daemon addresses registry.
2024-10-22T11:14:39.910+0530 [DEBUG] [org.gradle.cache.internal.DefaultFileLockManager] Waiting to acquire shared lock on daemon addresses registry.
2024-10-22T11:14:39.910+0530 [DEBUG] [org.gradle.cache.internal.DefaultFileLockManager] Lock acquired on daemon addresses registry.
2024-10-22T11:14:39.911+0530 [DEBUG] [org.gradle.cache.internal.DefaultFileLockManager] Releasing lock on daemon addresses registry.
2024-10-22T11:14:39.913+0530 [DEBUG] [org.gradle.cache.internal.DefaultFileLockManager] Waiting to acquire shared lock on daemon addresses registry.
2024-10-22T11:14:39.914+0530 [DEBUG] [org.gradle.cache.internal.DefaultFileLockManager] Lock acquired on daemon addresses registry.
2024-10-22T11:14:39.917+0530 [DEBUG] [org.gradle.cache.internal.DefaultFileLockManager] Releasing lock on daemon addresses registry.
2024-10-22T11:14:39.942+0530 [DEBUG] [org.gradle.cache.internal.DefaultFileLockManager] Waiting to acquire shared lock on daemon addresses registry.
2024-10-22T11:14:39.942+0530 [DEBUG] [org.gradle.cache.internal.DefaultFileLockManager] Lock acquired on daemon addresses registry.
2024-10-22T11:14:39.943+0530 [DEBUG] [org.gradle.cache.internal.DefaultFileLockManager] Releasing lock on daemon addresses registry.
2024-10-22T11:14:39.946+0530 [DEBUG] [org.gradle.cache.internal.DefaultFileLockManager] Waiting to acquire shared lock on daemon addresses registry.
2024-10-22T11:14:39.946+0530 [DEBUG] [org.gradle.cache.internal.DefaultFileLockManager] Lock acquired on daemon addresses registry.
2024-10-22T11:14:39.947+0530 [DEBUG] [org.gradle.cache.internal.DefaultFileLockManager] Releasing lock on daemon addresses registry.
2024-10-22T11:14:39.949+0530 [DEBUG] [org.gradle.cache.internal.DefaultFileLockManager] Waiting to acquire shared lock on daemon addresses registry.
2024-10-22T11:14:39.950+0530 [DEBUG] [org.gradle.cache.internal.DefaultFileLockManager] Lock acquired on daemon addresses registry.
2024-10-22T11:14:39.955+0530 [DEBUG] [org.gradle.cache.internal.DefaultFileLockManager] Releasing lock on daemon addresses registry.
2024-10-22T11:14:39.957+0530 [DEBUG] [org.gradle.cache.internal.DefaultFileLockManager] Waiting to acquire shared lock on daemon addresses registry.
2024-10-22T11:14:39.958+0530 [DEBUG] [org.gradle.cache.internal.DefaultFileLockManager] Lock acquired on daemon addresses registry.
2024-10-22T11:14:39.958+0530 [DEBUG] [org.gradle.cache.internal.DefaultFileLockManager] Releasing lock on daemon addresses registry.
2024-10-22T11:14:39.959+0530 [DEBUG] [org.gradle.cache.internal.DefaultFileLockManager] Waiting to acquire shared lock on daemon addresses registry.
2024-10-22T11:14:39.960+0530 [DEBUG] [org.gradle.cache.internal.DefaultFileLockManager] Lock acquired on daemon addresses registry.
2024-10-22T11:14:39.961+0530 [DEBUG] [org.gradle.cache.internal.DefaultFileLockManager] Releasing lock on daemon addresses registry.
2024-10-22T11:14:39.964+0530 [DEBUG] [org.gradle.cache.internal.DefaultFileLockManager] Waiting to acquire shared lock on daemon addresses registry.
2024-10-22T11:14:39.965+0530 [DEBUG] [org.gradle.cache.internal.DefaultFileLockManager] Lock acquired on daemon addresses registry.
2024-10-22T11:14:39.965+0530 [DEBUG] [org.gradle.cache.internal.DefaultFileLockManager] Releasing lock on daemon addresses registry.
2024-10-22T11:14:39.969+0530 [DEBUG] [org.gradle.cache.internal.DefaultFileLockManager] Waiting to acquire shared lock on daemon addresses registry.
2024-10-22T11:14:39.971+0530 [DEBUG] [org.gradle.cache.internal.DefaultFileLockManager] Lock acquired on daemon addresses registry.
2024-10-22T11:14:39.972+0530 [DEBUG] [org.gradle.cache.internal.DefaultFileLockManager] Releasing lock on daemon addresses registry.
2024-10-22T11:14:39.974+0530 [DEBUG] [org.gradle.cache.internal.DefaultFileLockManager] Waiting to acquire shared lock on daemon addresses registry.
2024-10-22T11:14:39.974+0530 [DEBUG] [org.gradle.cache.internal.DefaultFileLockManager] Lock acquired on daemon addresses registry.
2024-10-22T11:14:39.975+0530 [DEBUG] [org.gradle.cache.internal.DefaultFileLockManager] Releasing lock on daemon addresses registry.
2024-10-22T11:14:39.975+0530 [DEBUG] [org.gradle.cache.internal.DefaultFileLockManager] Waiting to acquire shared lock on daemon addresses registry.
2024-10-22T11:14:39.976+0530 [DEBUG] [org.gradle.cache.internal.DefaultFileLockManager] Lock acquired on daemon addresses registry.
2024-10-22T11:14:39.976+0530 [DEBUG] [org.gradle.cache.internal.DefaultFileLockManager] Releasing lock on daemon addresses registry.
2024-10-22T11:14:39.977+0530 [DEBUG] [org.gradle.cache.internal.DefaultFileLockManager] Waiting to acquire shared lock on daemon addresses registry.
2024-10-22T11:14:39.978+0530 [DEBUG] [org.gradle.cache.internal.DefaultFileLockManager] Lock acquired on daemon addresses registry.
2024-10-22T11:14:39.979+0530 [DEBUG] [org.gradle.cache.internal.DefaultFileLockManager] Releasing lock on daemon addresses registry.
2024-10-22T11:14:39.980+0530 [DEBUG] [org.gradle.cache.internal.DefaultFileLockManager] Waiting to acquire shared lock on daemon addresses registry.
2024-10-22T11:14:39.980+0530 [DEBUG] [org.gradle.cache.internal.DefaultFileLockManager] Lock acquired on daemon addresses registry.
2024-10-22T11:14:39.987+0530 [DEBUG] [org.gradle.cache.internal.DefaultFileLockManager] Releasing lock on daemon addresses registry.
2024-10-22T11:14:39.991+0530 [DEBUG] [org.gradle.cache.internal.DefaultFileLockManager] Waiting to acquire shared lock on daemon addresses registry.
2024-10-22T11:14:39.992+0530 [DEBUG] [org.gradle.cache.internal.DefaultFileLockManager] Lock acquired on daemon addresses registry.
2024-10-22T11:14:39.992+0530 [DEBUG] [org.gradle.cache.internal.DefaultFileLockManager] Releasing lock on daemon addresses registry.
2024-10-22T11:14:39.993+0530 [DEBUG] [org.gradle.cache.internal.DefaultFileLockManager] Waiting to acquire shared lock on daemon addresses registry.
2024-10-22T11:14:39.994+0530 [DEBUG] [org.gradle.cache.internal.DefaultFileLockManager] Lock acquired on daemon addresses registry.
2024-10-22T11:14:39.994+0530 [DEBUG] [org.gradle.cache.internal.DefaultFileLockManager] Releasing lock on daemon addresses registry.
2024-10-22T11:14:39.995+0530 [DEBUG] [org.gradle.cache.internal.DefaultFileLockManager] Waiting to acquire shared lock on daemon addresses registry.
2024-10-22T11:14:39.995+0530 [DEBUG] [org.gradle.cache.internal.DefaultFileLockManager] Lock acquired on daemon addresses registry.
2024-10-22T11:14:39.996+0530 [DEBUG] [org.gradle.cache.internal.DefaultFileLockManager] Releasing lock on daemon addresses registry.
2024-10-22T11:14:39.996+0530 [DEBUG] [org.gradle.cache.internal.DefaultFileLockManager] Waiting to acquire shared lock on daemon addresses registry.
2024-10-22T11:14:39.997+0530 [DEBUG] [org.gradle.cache.internal.DefaultFileLockManager] Lock acquired on daemon addresses registry.
2024-10-22T11:14:39.997+0530 [DEBUG] [org.gradle.cache.internal.DefaultFileLockManager] Releasing lock on daemon addresses registry.
2024-10-22T11:14:39.999+0530 [DEBUG] [org.gradle.cache.internal.DefaultFileLockManager] Waiting to acquire shared lock on daemon addresses registry.
2024-10-22T11:14:40.000+0530 [DEBUG] [org.gradle.cache.internal.DefaultFileLockManager] Lock acquired on daemon addresses registry.
2024-10-22T11:14:40.001+0530 [DEBUG] [org.gradle.cache.internal.DefaultFileLockManager] Releasing lock on daemon addresses registry.
2024-10-22T11:14:40.004+0530 [DEBUG] [org.gradle.cache.internal.DefaultFileLockManager] Waiting to acquire shared lock on daemon addresses registry.
2024-10-22T11:14:40.005+0530 [DEBUG] [org.gradle.cache.internal.DefaultFileLockManager] Lock acquired on daemon addresses registry.
2024-10-22T11:14:40.006+0530 [DEBUG] [org.gradle.cache.internal.DefaultFileLockManager] Releasing lock on daemon addresses registry.
2024-10-22T11:14:40.007+0530 [DEBUG] [org.gradle.cache.internal.DefaultFileLockManager] Waiting to acquire shared lock on daemon addresses registry.
2024-10-22T11:14:40.007+0530 [DEBUG] [org.gradle.cache.internal.DefaultFileLockManager] Lock acquired on daemon addresses registry.
2024-10-22T11:14:40.007+0530 [DEBUG] [org.gradle.cache.internal.DefaultFileLockManager] Releasing lock on daemon addresses registry.
2024-10-22T11:14:40.008+0530 [DEBUG] [org.gradle.cache.internal.DefaultFileLockManager] Waiting to acquire shared lock on daemon addresses registry.
2024-10-22T11:14:40.009+0530 [DEBUG] [org.gradle.cache.internal.DefaultFileLockManager] Lock acquired on daemon addresses registry.
2024-10-22T11:14:40.009+0530 [DEBUG] [org.gradle.cache.internal.DefaultFileLockManager] Releasing lock on daemon addresses registry.
2024-10-22T11:14:40.010+0530 [DEBUG] [org.gradle.cache.internal.DefaultFileLockManager] Waiting to acquire shared lock on daemon addresses registry.
2024-10-22T11:14:40.010+0530 [DEBUG] [org.gradle.cache.internal.DefaultFileLockManager] Lock acquired on daemon addresses registry.
2024-10-22T11:14:40.011+0530 [DEBUG] [org.gradle.cache.internal.DefaultFileLockManager] Releasing lock on daemon addresses registry.
2024-10-22T11:14:40.012+0530 [DEBUG] [org.gradle.cache.internal.DefaultFileLockManager] Waiting to acquire shared lock on daemon addresses registry.
2024-10-22T11:14:40.013+0530 [DEBUG] [org.gradle.cache.internal.DefaultFileLockManager] Lock acquired on daemon addresses registry.
2024-10-22T11:14:40.014+0530 [DEBUG] [org.gradle.cache.internal.DefaultFileLockManager] Releasing lock on daemon addresses registry.
2024-10-22T11:14:40.016+0530 [DEBUG] [org.gradle.cache.internal.DefaultFileLockManager] Waiting to acquire shared lock on daemon addresses registry.
2024-10-22T11:14:40.017+0530 [DEBUG] [org.gradle.cache.internal.DefaultFileLockManager] Lock acquired on daemon addresses registry.
2024-10-22T11:14:40.019+0530 [DEBUG] [org.gradle.cache.internal.DefaultFileLockManager] Releasing lock on daemon addresses registry.
2024-10-22T11:14:40.020+0530 [DEBUG] [org.gradle.cache.internal.DefaultFileLockManager] Waiting to acquire shared lock on daemon addresses registry.
2024-10-22T11:14:40.020+0530 [DEBUG] [org.gradle.cache.internal.DefaultFileLockManager] Lock acquired on daemon addresses registry.
2024-10-22T11:14:40.021+0530 [DEBUG] [org.gradle.cache.internal.DefaultFileLockManager] Releasing lock on daemon addresses registry.
2024-10-22T11:14:40.022+0530 [DEBUG] [org.gradle.cache.internal.DefaultFileLockManager] Waiting to acquire shared lock on daemon addresses registry.
2024-10-22T11:14:40.022+0530 [DEBUG] [org.gradle.cache.internal.DefaultFileLockManager] Lock acquired on daemon addresses registry.
2024-10-22T11:14:40.022+0530 [DEBUG] [org.gradle.cache.internal.DefaultFileLockManager] Releasing lock on daemon addresses registry.
2024-10-22T11:14:40.023+0530 [DEBUG] [org.gradle.cache.internal.DefaultFileLockManager] Waiting to acquire shared lock on daemon addresses registry.
2024-10-22T11:14:40.024+0530 [DEBUG] [org.gradle.cache.internal.DefaultFileLockManager] Lock acquired on daemon addresses registry.
2024-10-22T11:14:40.024+0530 [DEBUG] [org.gradle.cache.internal.DefaultFileLockManager] Releasing lock on daemon addresses registry.
2024-10-22T11:14:40.025+0530 [DEBUG] [org.gradle.cache.internal.DefaultFileLockManager] Waiting to acquire shared lock on daemon addresses registry.
2024-10-22T11:14:40.025+0530 [DEBUG] [org.gradle.cache.internal.DefaultFileLockManager] Lock acquired on daemon addresses registry.
2024-10-22T11:14:40.025+0530 [DEBUG] [org.gradle.cache.internal.DefaultFileLockManager] Releasing lock on daemon addresses registry.
2024-10-22T11:14:40.026+0530 [DEBUG] [org.gradle.cache.internal.DefaultFileLockManager] Waiting to acquire shared lock on daemon addresses registry.
2024-10-22T11:14:40.027+0530 [DEBUG] [org.gradle.cache.internal.DefaultFileLockManager] Lock acquired on daemon addresses registry.
2024-10-22T11:14:40.027+0530 [DEBUG] [org.gradle.cache.internal.DefaultFileLockManager] Releasing lock on daemon addresses registry.
2024-10-22T11:14:40.028+0530 [DEBUG] [org.gradle.cache.internal.DefaultFileLockManager] Waiting to acquire shared lock on daemon addresses registry.
2024-10-22T11:14:40.032+0530 [DEBUG] [org.gradle.cache.internal.DefaultFileLockManager] Lock acquired on daemon addresses registry.
2024-10-22T11:14:40.034+0530 [DEBUG] [org.gradle.cache.internal.DefaultFileLockManager] Releasing lock on daemon addresses registry.
2024-10-22T11:14:40.036+0530 [DEBUG] [org.gradle.cache.internal.DefaultFileLockManager] Waiting to acquire shared lock on daemon addresses registry.
2024-10-22T11:14:40.037+0530 [DEBUG] [org.gradle.cache.internal.DefaultFileLockManager] Lock acquired on daemon addresses registry.
2024-10-22T11:14:40.039+0530 [DEBUG] [org.gradle.cache.internal.DefaultFileLockManager] Releasing lock on daemon addresses registry.
2024-10-22T11:14:40.041+0530 [DEBUG] [org.gradle.cache.internal.DefaultFileLockManager] Waiting to acquire shared lock on daemon addresses registry.
2024-10-22T11:14:40.042+0530 [DEBUG] [org.gradle.cache.internal.DefaultFileLockManager] Lock acquired on daemon addresses registry.
2024-10-22T11:14:40.086+0530 [DEBUG] [org.gradle.cache.internal.DefaultFileLockManager] Releasing lock on daemon addresses registry.
2024-10-22T11:14:40.088+0530 [DEBUG] [org.gradle.cache.internal.DefaultFileLockManager] Waiting to acquire shared lock on daemon addresses registry.
2024-10-22T11:14:40.088+0530 [DEBUG] [org.gradle.cache.internal.DefaultFileLockManager] Lock acquired on daemon addresses registry.
2024-10-22T11:14:40.089+0530 [DEBUG] [org.gradle.cache.internal.DefaultFileLockManager] Releasing lock on daemon addresses registry.
2024-10-22T11:14:40.090+0530 [DEBUG] [org.gradle.cache.internal.DefaultFileLockManager] Waiting to acquire shared lock on daemon addresses registry.
2024-10-22T11:14:40.094+0530 [DEBUG] [org.gradle.cache.internal.DefaultFileLockManager] Lock acquired on daemon addresses registry.
2024-10-22T11:14:40.095+0530 [DEBUG] [org.gradle.cache.internal.DefaultFileLockManager] Releasing lock on daemon addresses registry.
2024-10-22T11:14:40.096+0530 [DEBUG] [org.gradle.cache.internal.DefaultFileLockManager] Waiting to acquire shared lock on daemon addresses registry.
2024-10-22T11:14:40.096+0530 [DEBUG] [org.gradle.cache.internal.DefaultFileLockManager] Lock acquired on daemon addresses registry.
2024-10-22T11:14:40.097+0530 [DEBUG] [org.gradle.cache.internal.DefaultFileLockManager] Releasing lock on daemon addresses registry.
2024-10-22T11:14:40.098+0530 [DEBUG] [org.gradle.cache.internal.DefaultFileLockManager] Waiting to acquire shared lock on daemon addresses registry.
2024-10-22T11:14:40.099+0530 [DEBUG] [org.gradle.cache.internal.DefaultFileLockManager] Lock acquired on daemon addresses registry.
2024-10-22T11:14:40.100+0530 [DEBUG] [org.gradle.cache.internal.DefaultFileLockManager] Releasing lock on daemon addresses registry.
2024-10-22T11:14:40.101+0530 [DEBUG] [org.gradle.cache.internal.DefaultFileLockManager] Waiting to acquire shared lock on daemon addresses registry.
2024-10-22T11:14:40.101+0530 [DEBUG] [org.gradle.cache.internal.DefaultFileLockManager] Lock acquired on daemon addresses registry.
2024-10-22T11:14:40.101+0530 [DEBUG] [org.gradle.cache.internal.DefaultFileLockManager] Releasing lock on daemon addresses registry.
2024-10-22T11:14:40.102+0530 [DEBUG] [org.gradle.cache.internal.DefaultFileLockManager] Waiting to acquire shared lock on daemon addresses registry.
2024-10-22T11:14:40.102+0530 [DEBUG] [org.gradle.cache.internal.DefaultFileLockManager] Lock acquired on daemon addresses registry.
2024-10-22T11:14:40.103+0530 [DEBUG] [org.gradle.cache.internal.DefaultFileLockManager] Releasing lock on daemon addresses registry.
2024-10-22T11:14:40.104+0530 [DEBUG] [org.gradle.cache.internal.DefaultFileLockManager] Waiting to acquire shared lock on daemon addresses registry.
2024-10-22T11:14:40.104+0530 [DEBUG] [org.gradle.cache.internal.DefaultFileLockManager] Lock acquired on daemon addresses registry.
2024-10-22T11:14:40.105+0530 [DEBUG] [org.gradle.cache.internal.DefaultFileLockManager] Releasing lock on daemon addresses registry.
2024-10-22T11:14:40.106+0530 [DEBUG] [org.gradle.cache.internal.DefaultFileLockManager] Waiting to acquire shared lock on daemon addresses registry.
2024-10-22T11:14:40.106+0530 [DEBUG] [org.gradle.cache.internal.DefaultFileLockManager] Lock acquired on daemon addresses registry.
2024-10-22T11:14:40.107+0530 [DEBUG] [org.gradle.cache.internal.DefaultFileLockManager] Releasing lock on daemon addresses registry.
2024-10-22T11:14:40.108+0530 [DEBUG] [org.gradle.cache.internal.DefaultFileLockManager] Waiting to acquire shared lock on daemon addresses registry.
2024-10-22T11:14:40.108+0530 [DEBUG] [org.gradle.cache.internal.DefaultFileLockManager] Lock acquired on daemon addresses registry.
2024-10-22T11:14:40.109+0530 [DEBUG] [org.gradle.cache.internal.DefaultFileLockManager] Releasing lock on daemon addresses registry.
2024-10-22T11:14:40.110+0530 [DEBUG] [org.gradle.cache.internal.DefaultFileLockManager] Waiting to acquire shared lock on daemon addresses registry.
2024-10-22T11:14:40.110+0530 [DEBUG] [org.gradle.cache.internal.DefaultFileLockManager] Lock acquired on daemon addresses registry.
2024-10-22T11:14:40.111+0530 [DEBUG] [org.gradle.cache.internal.DefaultFileLockManager] Releasing lock on daemon addresses registry.
2024-10-22T11:14:40.112+0530 [DEBUG] [org.gradle.cache.internal.DefaultFileLockManager] Waiting to acquire shared lock on daemon addresses registry.
2024-10-22T11:14:40.112+0530 [DEBUG] [org.gradle.cache.internal.DefaultFileLockManager] Lock acquired on daemon addresses registry.
2024-10-22T11:14:40.113+0530 [DEBUG] [org.gradle.cache.internal.DefaultFileLockManager] Releasing lock on daemon addresses registry.
2024-10-22T11:14:40.113+0530 [DEBUG] [org.gradle.cache.internal.DefaultFileLockManager] Waiting to acquire shared lock on daemon addresses registry.
2024-10-22T11:14:40.114+0530 [DEBUG] [org.gradle.cache.internal.DefaultFileLockManager] Lock acquired on daemon addresses registry.
2024-10-22T11:14:40.114+0530 [DEBUG] [org.gradle.cache.internal.DefaultFileLockManager] Releasing lock on daemon addresses registry.
2024-10-22T11:14:40.115+0530 [DEBUG] [org.gradle.cache.internal.DefaultFileLockManager] Waiting to acquire shared lock on daemon addresses registry.
2024-10-22T11:14:40.116+0530 [DEBUG] [org.gradle.cache.internal.DefaultFileLockManager] Lock acquired on daemon addresses registry.
2024-10-22T11:14:40.116+0530 [DEBUG] [org.gradle.cache.internal.DefaultFileLockManager] Releasing lock on daemon addresses registry.
2024-10-22T11:14:40.117+0530 [DEBUG] [org.gradle.cache.internal.DefaultFileLockManager] Waiting to acquire shared lock on daemon addresses registry.
2024-10-22T11:14:40.117+0530 [DEBUG] [org.gradle.cache.internal.DefaultFileLockManager] Lock acquired on daemon addresses registry.
2024-10-22T11:14:40.118+0530 [DEBUG] [org.gradle.cache.internal.DefaultFileLockManager] Releasing lock on daemon addresses registry.
2024-10-22T11:14:40.119+0530 [DEBUG] [org.gradle.cache.internal.DefaultFileLockManager] Waiting to acquire shared lock on daemon addresses registry.
2024-10-22T11:14:40.119+0530 [DEBUG] [org.gradle.cache.internal.DefaultFileLockManager] Lock acquired on daemon addresses registry.
2024-10-22T11:14:40.119+0530 [DEBUG] [org.gradle.cache.internal.DefaultFileLockManager] Releasing lock on daemon addresses registry.
2024-10-22T11:14:40.120+0530 [DEBUG] [org.gradle.cache.internal.DefaultFileLockManager] Waiting to acquire shared lock on daemon addresses registry.
2024-10-22T11:14:40.120+0530 [DEBUG] [org.gradle.cache.internal.DefaultFileLockManager] Lock acquired on daemon addresses registry.
2024-10-22T11:14:40.121+0530 [DEBUG] [org.gradle.cache.internal.DefaultFileLockManager] Releasing lock on daemon addresses registry.
2024-10-22T11:14:40.125+0530 [DEBUG] [org.gradle.cache.internal.DefaultFileLockManager] Waiting to acquire shared lock on daemon addresses registry.
2024-10-22T11:14:40.125+0530 [DEBUG] [org.gradle.cache.internal.DefaultFileLockManager] Lock acquired on daemon addresses registry.
2024-10-22T11:14:40.126+0530 [DEBUG] [org.gradle.cache.internal.DefaultFileLockManager] Releasing lock on daemon addresses registry.
2024-10-22T11:14:40.127+0530 [DEBUG] [org.gradle.cache.internal.DefaultFileLockManager] Waiting to acquire shared lock on daemon addresses registry.
2024-10-22T11:14:40.128+0530 [DEBUG] [org.gradle.cache.internal.DefaultFileLockManager] Lock acquired on daemon addresses registry.
2024-10-22T11:14:40.146+0530 [DEBUG] [org.gradle.cache.internal.DefaultFileLockManager] Releasing lock on daemon addresses registry.
2024-10-22T11:14:40.148+0530 [DEBUG] [org.gradle.cache.internal.DefaultFileLockManager] Waiting to acquire shared lock on daemon addresses registry.
2024-10-22T11:14:40.148+0530 [DEBUG] [org.gradle.cache.internal.DefaultFileLockManager] Lock acquired on daemon addresses registry.
2024-10-22T11:14:40.149+0530 [DEBUG] [org.gradle.cache.internal.DefaultFileLockManager] Releasing lock on daemon addresses registry.
2024-10-22T11:14:40.150+0530 [DEBUG] [org.gradle.cache.internal.DefaultFileLockManager] Waiting to acquire shared lock on daemon addresses registry.
2024-10-22T11:14:40.150+0530 [DEBUG] [org.gradle.cache.internal.DefaultFileLockManager] Lock acquired on daemon addresses registry.
2024-10-22T11:14:40.150+0530 [DEBUG] [org.gradle.cache.internal.DefaultFileLockManager] Releasing lock on daemon addresses registry.
2024-10-22T11:14:40.154+0530 [DEBUG] [org.gradle.cache.internal.DefaultFileLockManager] Waiting to acquire shared lock on daemon addresses registry.
2024-10-22T11:14:40.156+0530 [DEBUG] [org.gradle.cache.internal.DefaultFileLockManager] Lock acquired on daemon addresses registry.
2024-10-22T11:14:40.158+0530 [DEBUG] [org.gradle.cache.internal.DefaultFileLockManager] Releasing lock on daemon addresses registry.
2024-10-22T11:14:40.159+0530 [DEBUG] [org.gradle.cache.internal.DefaultFileLockManager] Waiting to acquire shared lock on daemon addresses registry.
2024-10-22T11:14:40.160+0530 [DEBUG] [org.gradle.cache.internal.DefaultFileLockManager] Lock acquired on daemon addresses registry.
2024-10-22T11:14:40.160+0530 [DEBUG] [org.gradle.cache.internal.DefaultFileLockManager] Releasing lock on daemon addresses registry.
2024-10-22T11:14:40.161+0530 [DEBUG] [org.gradle.cache.internal.DefaultFileLockManager] Waiting to acquire shared lock on daemon addresses registry.
2024-10-22T11:14:40.161+0530 [DEBUG] [org.gradle.cache.internal.DefaultFileLockManager] Lock acquired on daemon addresses registry.
2024-10-22T11:14:40.162+0530 [DEBUG] [org.gradle.cache.internal.DefaultFileLockManager] Releasing lock on daemon addresses registry.
2024-10-22T11:14:40.163+0530 [DEBUG] [org.gradle.cache.internal.DefaultFileLockManager] Waiting to acquire shared lock on daemon addresses registry.
2024-10-22T11:14:40.164+0530 [DEBUG] [org.gradle.cache.internal.DefaultFileLockManager] Lock acquired on daemon addresses registry.
2024-10-22T11:14:40.165+0530 [DEBUG] [org.gradle.cache.internal.DefaultFileLockManager] Releasing lock on daemon addresses registry.
2024-10-22T11:14:40.170+0530 [DEBUG] [org.gradle.cache.internal.DefaultFileLockManager] Waiting to acquire shared lock on daemon addresses registry.
2024-10-22T11:14:40.170+0530 [DEBUG] [org.gradle.cache.internal.DefaultFileLockManager] Lock acquired on daemon addresses registry.
2024-10-22T11:14:40.171+0530 [DEBUG] [org.gradle.cache.internal.DefaultFileLockManager] Releasing lock on daemon addresses registry.
2024-10-22T11:14:40.172+0530 [DEBUG] [org.gradle.cache.internal.DefaultFileLockManager] Waiting to acquire shared lock on daemon addresses registry.
2024-10-22T11:14:40.173+0530 [DEBUG] [org.gradle.cache.internal.DefaultFileLockManager] Lock acquired on daemon addresses registry.
2024-10-22T11:14:40.173+0530 [DEBUG] [org.gradle.cache.internal.DefaultFileLockManager] Releasing lock on daemon addresses registry.
2024-10-22T11:14:40.174+0530 [DEBUG] [org.gradle.cache.internal.DefaultFileLockManager] Waiting to acquire shared lock on daemon addresses registry.
2024-10-22T11:14:40.174+0530 [DEBUG] [org.gradle.cache.internal.DefaultFileLockManager] Lock acquired on daemon addresses registry.
2024-10-22T11:14:40.175+0530 [DEBUG] [org.gradle.cache.internal.DefaultFileLockManager] Releasing lock on daemon addresses registry.
2024-10-22T11:14:40.176+0530 [DEBUG] [org.gradle.cache.internal.DefaultFileLockManager] Waiting to acquire shared lock on daemon addresses registry.
2024-10-22T11:14:40.176+0530 [DEBUG] [org.gradle.cache.internal.DefaultFileLockManager] Lock acquired on daemon addresses registry.
2024-10-22T11:14:40.176+0530 [DEBUG] [org.gradle.cache.internal.DefaultFileLockManager] Releasing lock on daemon addresses registry.
2024-10-22T11:14:40.177+0530 [DEBUG] [org.gradle.cache.internal.DefaultFileLockManager] Waiting to acquire shared lock on daemon addresses registry.
2024-10-22T11:14:40.177+0530 [DEBUG] [org.gradle.cache.internal.DefaultFileLockManager] Lock acquired on daemon addresses registry.
2024-10-22T11:14:40.178+0530 [DEBUG] [org.gradle.cache.internal.DefaultFileLockManager] Releasing lock on daemon addresses registry.
2024-10-22T11:14:40.178+0530 [DEBUG] [org.gradle.cache.internal.DefaultFileLockManager] Waiting to acquire shared lock on daemon addresses registry.
2024-10-22T11:14:40.179+0530 [DEBUG] [org.gradle.cache.internal.DefaultFileLockManager] Lock acquired on daemon addresses registry.
2024-10-22T11:14:40.179+0530 [DEBUG] [org.gradle.cache.internal.DefaultFileLockManager] Releasing lock on daemon addresses registry.
2024-10-22T11:14:40.180+0530 [DEBUG] [org.gradle.cache.internal.DefaultFileLockManager] Waiting to acquire shared lock on daemon addresses registry.
2024-10-22T11:14:40.181+0530 [DEBUG] [org.gradle.cache.internal.DefaultFileLockManager] Lock acquired on daemon addresses registry.
2024-10-22T11:14:40.181+0530 [DEBUG] [org.gradle.cache.internal.DefaultFileLockManager] Releasing lock on daemon addresses registry.
2024-10-22T11:14:40.190+0530 [DEBUG] [org.gradle.cache.internal.DefaultFileLockManager] Waiting to acquire shared lock on daemon addresses registry.
2024-10-22T11:14:40.190+0530 [DEBUG] [org.gradle.cache.internal.DefaultFileLockManager] Lock acquired on daemon addresses registry.
2024-10-22T11:14:40.191+0530 [DEBUG] [org.gradle.cache.internal.DefaultFileLockManager] Releasing lock on daemon addresses registry.
2024-10-22T11:14:40.193+0530 [DEBUG] [org.gradle.cache.internal.DefaultFileLockManager] Waiting to acquire shared lock on daemon addresses registry.
2024-10-22T11:14:40.193+0530 [DEBUG] [org.gradle.cache.internal.DefaultFileLockManager] Lock acquired on daemon addresses registry.
2024-10-22T11:14:40.196+0530 [DEBUG] [org.gradle.cache.internal.DefaultFileLockManager] Releasing lock on daemon addresses registry.
2024-10-22T11:14:40.198+0530 [DEBUG] [org.gradle.cache.internal.DefaultFileLockManager] Waiting to acquire shared lock on daemon addresses registry.
2024-10-22T11:14:40.198+0530 [DEBUG] [org.gradle.cache.internal.DefaultFileLockManager] Lock acquired on daemon addresses registry.
2024-10-22T11:14:40.199+0530 [DEBUG] [org.gradle.cache.internal.DefaultFileLockManager] Releasing lock on daemon addresses registry.
2024-10-22T11:14:40.200+0530 [DEBUG] [org.gradle.cache.internal.DefaultFileLockManager] Waiting to acquire shared lock on daemon addresses registry.
2024-10-22T11:14:40.200+0530 [DEBUG] [org.gradle.cache.internal.DefaultFileLockManager] Lock acquired on daemon addresses registry.
2024-10-22T11:14:40.201+0530 [DEBUG] [org.gradle.cache.internal.DefaultFileLockManager] Releasing lock on daemon addresses registry.
2024-10-22T11:14:40.202+0530 [DEBUG] [org.gradle.cache.internal.DefaultFileLockManager] Waiting to acquire shared lock on daemon addresses registry.
2024-10-22T11:14:40.202+0530 [DEBUG] [org.gradle.cache.internal.DefaultFileLockManager] Lock acquired on daemon addresses registry.
2024-10-22T11:14:40.204+0530 [DEBUG] [org.gradle.cache.internal.DefaultFileLockManager] Releasing lock on daemon addresses registry.
2024-10-22T11:14:40.205+0530 [DEBUG] [org.gradle.cache.internal.DefaultFileLockManager] Waiting to acquire shared lock on daemon addresses registry.
2024-10-22T11:14:40.205+0530 [DEBUG] [org.gradle.cache.internal.DefaultFileLockManager] Lock acquired on daemon addresses registry.
2024-10-22T11:14:40.206+0530 [DEBUG] [org.gradle.cache.internal.DefaultFileLockManager] Releasing lock on daemon addresses registry.
2024-10-22T11:14:40.207+0530 [DEBUG] [org.gradle.cache.internal.DefaultFileLockManager] Waiting to acquire shared lock on daemon addresses registry.
2024-10-22T11:14:40.207+0530 [DEBUG] [org.gradle.cache.internal.DefaultFileLockManager] Lock acquired on daemon addresses registry.
2024-10-22T11:14:40.208+0530 [DEBUG] [org.gradle.cache.internal.DefaultFileLockManager] Releasing lock on daemon addresses registry.
2024-10-22T11:14:40.209+0530 [DEBUG] [org.gradle.cache.internal.DefaultFileLockManager] Waiting to acquire shared lock on daemon addresses registry.
2024-10-22T11:14:40.209+0530 [DEBUG] [org.gradle.cache.internal.DefaultFileLockManager] Lock acquired on daemon addresses registry.
2024-10-22T11:14:40.210+0530 [DEBUG] [org.gradle.cache.internal.DefaultFileLockManager] Releasing lock on daemon addresses registry.
2024-10-22T11:14:40.211+0530 [DEBUG] [org.gradle.cache.internal.DefaultFileLockManager] Waiting to acquire shared lock on daemon addresses registry.
2024-10-22T11:14:40.211+0530 [DEBUG] [org.gradle.cache.internal.DefaultFileLockManager] Lock acquired on daemon addresses registry.
2024-10-22T11:14:40.212+0530 [DEBUG] [org.gradle.cache.internal.DefaultFileLockManager] Releasing lock on daemon addresses registry.
2024-10-22T11:14:40.213+0530 [DEBUG] [org.gradle.cache.internal.DefaultFileLockManager] Waiting to acquire shared lock on daemon addresses registry.
2024-10-22T11:14:40.213+0530 [DEBUG] [org.gradle.cache.internal.DefaultFileLockManager] Lock acquired on daemon addresses registry.
2024-10-22T11:14:40.214+0530 [DEBUG] [org.gradle.cache.internal.DefaultFileLockManager] Releasing lock on daemon addresses registry.
2024-10-22T11:14:40.215+0530 [DEBUG] [org.gradle.cache.internal.DefaultFileLockManager] Waiting to acquire shared lock on daemon addresses registry.
2024-10-22T11:14:40.215+0530 [DEBUG] [org.gradle.cache.internal.DefaultFileLockManager] Lock acquired on daemon addresses registry.
2024-10-22T11:14:40.216+0530 [DEBUG] [org.gradle.cache.internal.DefaultFileLockManager] Releasing lock on daemon addresses registry.
2024-10-22T11:14:40.217+0530 [DEBUG] [org.gradle.cache.internal.DefaultFileLockManager] Waiting to acquire shared lock on daemon addresses registry.
2024-10-22T11:14:40.218+0530 [DEBUG] [org.gradle.cache.internal.DefaultFileLockManager] Lock acquired on daemon addresses registry.
2024-10-22T11:14:40.218+0530 [DEBUG] [org.gradle.cache.internal.DefaultFileLockManager] Releasing lock on daemon addresses registry.
2024-10-22T11:14:40.219+0530 [DEBUG] [org.gradle.cache.internal.DefaultFileLockManager] Waiting to acquire shared lock on daemon addresses registry.
2024-10-22T11:14:40.219+0530 [DEBUG] [org.gradle.cache.internal.DefaultFileLockManager] Lock acquired on daemon addresses registry.
2024-10-22T11:14:40.220+0530 [DEBUG] [org.gradle.cache.internal.DefaultFileLockManager] Releasing lock on daemon addresses registry.
2024-10-22T11:14:40.221+0530 [DEBUG] [org.gradle.cache.internal.DefaultFileLockManager] Waiting to acquire shared lock on daemon addresses registry.
2024-10-22T11:14:40.222+0530 [DEBUG] [org.gradle.cache.internal.DefaultFileLockManager] Lock acquired on daemon addresses registry.
2024-10-22T11:14:40.224+0530 [DEBUG] [org.gradle.cache.internal.DefaultFileLockManager] Releasing lock on daemon addresses registry.
2024-10-22T11:14:40.226+0530 [DEBUG] [org.gradle.cache.internal.DefaultFileLockManager] Waiting to acquire shared lock on daemon addresses registry.
2024-10-22T11:14:40.227+0530 [DEBUG] [org.gradle.cache.internal.DefaultFileLockManager] Lock acquired on daemon addresses registry.
2024-10-22T11:14:40.227+0530 [DEBUG] [org.gradle.cache.internal.DefaultFileLockManager] Releasing lock on daemon addresses registry.
2024-10-22T11:14:40.228+0530 [DEBUG] [org.gradle.cache.internal.DefaultFileLockManager] Waiting to acquire shared lock on daemon addresses registry.
2024-10-22T11:14:40.251+0530 [DEBUG] [org.gradle.cache.internal.DefaultFileLockManager] Lock acquired on daemon addresses registry.
2024-10-22T11:14:40.252+0530 [DEBUG] [org.gradle.cache.internal.DefaultFileLockManager] Releasing lock on daemon addresses registry.
2024-10-22T11:14:40.258+0530 [DEBUG] [org.gradle.cache.internal.DefaultFileLockManager] Waiting to acquire shared lock on daemon addresses registry.
2024-10-22T11:14:40.261+0530 [DEBUG] [org.gradle.cache.internal.DefaultFileLockManager] Lock acquired on daemon addresses registry.
2024-10-22T11:14:40.358+0530 [DEBUG] [org.gradle.cache.internal.DefaultFileLockManager] Releasing lock on daemon addresses registry.
2024-10-22T11:14:40.359+0530 [DEBUG] [org.gradle.cache.internal.DefaultFileLockManager] Waiting to acquire shared lock on daemon addresses registry.
2024-10-22T11:14:40.360+0530 [DEBUG] [org.gradle.cache.internal.DefaultFileLockManager] Lock acquired on daemon addresses registry.
2024-10-22T11:14:40.360+0530 [DEBUG] [org.gradle.cache.internal.DefaultFileLockManager] Releasing lock on daemon addresses registry.
2024-10-22T11:14:40.361+0530 [DEBUG] [org.gradle.cache.internal.DefaultFileLockManager] Waiting to acquire shared lock on daemon addresses registry.
2024-10-22T11:14:40.361+0530 [DEBUG] [org.gradle.cache.internal.DefaultFileLockManager] Lock acquired on daemon addresses registry.
2024-10-22T11:14:40.362+0530 [DEBUG] [org.gradle.cache.internal.DefaultFileLockManager] Releasing lock on daemon addresses registry.
2024-10-22T11:14:40.363+0530 [DEBUG] [org.gradle.cache.internal.DefaultFileLockManager] Waiting to acquire shared lock on daemon addresses registry.
2024-10-22T11:14:40.364+0530 [DEBUG] [org.gradle.cache.internal.DefaultFileLockManager] Lock acquired on daemon addresses registry.
2024-10-22T11:14:40.364+0530 [DEBUG] [org.gradle.cache.internal.DefaultFileLockManager] Releasing lock on daemon addresses registry.
2024-10-22T11:14:40.365+0530 [DEBUG] [org.gradle.cache.internal.DefaultFileLockManager] Waiting to acquire shared lock on daemon addresses registry.
2024-10-22T11:14:40.365+0530 [DEBUG] [org.gradle.cache.internal.DefaultFileLockManager] Lock acquired on daemon addresses registry.
2024-10-22T11:14:40.365+0530 [DEBUG] [org.gradle.cache.internal.DefaultFileLockManager] Releasing lock on daemon addresses registry.
2024-10-22T11:14:40.366+0530 [DEBUG] [org.gradle.cache.internal.DefaultFileLockManager] Waiting to acquire shared lock on daemon addresses registry.
2024-10-22T11:14:40.366+0530 [DEBUG] [org.gradle.cache.internal.DefaultFileLockManager] Lock acquired on daemon addresses registry.
2024-10-22T11:14:40.366+0530 [DEBUG] [org.gradle.cache.internal.DefaultFileLockManager] Releasing lock on daemon addresses registry.
2024-10-22T11:14:40.367+0530 [DEBUG] [org.gradle.cache.internal.DefaultFileLockManager] Waiting to acquire shared lock on daemon addresses registry.
2024-10-22T11:14:40.367+0530 [DEBUG] [org.gradle.cache.internal.DefaultFileLockManager] Lock acquired on daemon addresses registry.
2024-10-22T11:14:40.368+0530 [DEBUG] [org.gradle.cache.internal.DefaultFileLockManager] Releasing lock on daemon addresses registry.
2024-10-22T11:14:40.369+0530 [DEBUG] [org.gradle.cache.internal.DefaultFileLockManager] Waiting to acquire shared lock on daemon addresses registry.
2024-10-22T11:14:40.369+0530 [DEBUG] [org.gradle.cache.internal.DefaultFileLockManager] Lock acquired on daemon addresses registry.
2024-10-22T11:14:40.370+0530 [DEBUG] [org.gradle.cache.internal.DefaultFileLockManager] Releasing lock on daemon addresses registry.
2024-10-22T11:14:40.371+0530 [DEBUG] [org.gradle.cache.internal.DefaultFileLockManager] Waiting to acquire shared lock on daemon addresses registry.
2024-10-22T11:14:40.372+0530 [DEBUG] [org.gradle.cache.internal.DefaultFileLockManager] Lock acquired on daemon addresses registry.
2024-10-22T11:14:40.373+0530 [DEBUG] [org.gradle.cache.internal.DefaultFileLockManager] Releasing lock on daemon addresses registry.
2024-10-22T11:14:40.375+0530 [DEBUG] [org.gradle.cache.internal.DefaultFileLockManager] Waiting to acquire shared lock on daemon addresses registry.
2024-10-22T11:14:40.375+0530 [DEBUG] [org.gradle.cache.internal.DefaultFileLockManager] Lock acquired on daemon addresses registry.
2024-10-22T11:14:40.376+0530 [DEBUG] [org.gradle.cache.internal.DefaultFileLockManager] Releasing lock on daemon addresses registry.
2024-10-22T11:14:40.377+0530 [DEBUG] [org.gradle.cache.internal.DefaultFileLockManager] Waiting to acquire shared lock on daemon addresses registry.
2024-10-22T11:14:40.377+0530 [DEBUG] [org.gradle.cache.internal.DefaultFileLockManager] Lock acquired on daemon addresses registry.
2024-10-22T11:14:40.378+0530 [DEBUG] [org.gradle.cache.internal.DefaultFileLockManager] Releasing lock on daemon addresses registry.
2024-10-22T11:14:40.379+0530 [DEBUG] [org.gradle.cache.internal.DefaultFileLockManager] Waiting to acquire shared lock on daemon addresses registry.
2024-10-22T11:14:40.379+0530 [DEBUG] [org.gradle.cache.internal.DefaultFileLockManager] Lock acquired on daemon addresses registry.
2024-10-22T11:14:40.379+0530 [DEBUG] [org.gradle.cache.internal.DefaultFileLockManager] Releasing lock on daemon addresses registry.
2024-10-22T11:14:40.380+0530 [DEBUG] [org.gradle.cache.internal.DefaultFileLockManager] Waiting to acquire shared lock on daemon addresses registry.
2024-10-22T11:14:40.380+0530 [DEBUG] [org.gradle.cache.internal.DefaultFileLockManager] Lock acquired on daemon addresses registry.
2024-10-22T11:14:40.381+0530 [DEBUG] [org.gradle.cache.internal.DefaultFileLockManager] Releasing lock on daemon addresses registry.
2024-10-22T11:14:40.382+0530 [DEBUG] [org.gradle.cache.internal.DefaultFileLockManager] Waiting to acquire shared lock on daemon addresses registry.
2024-10-22T11:14:40.382+0530 [DEBUG] [org.gradle.cache.internal.DefaultFileLockManager] Lock acquired on daemon addresses registry.
2024-10-22T11:14:40.382+0530 [DEBUG] [org.gradle.cache.internal.DefaultFileLockManager] Releasing lock on daemon addresses registry.
2024-10-22T11:14:40.383+0530 [DEBUG] [org.gradle.cache.internal.DefaultFileLockManager] Waiting to acquire shared lock on daemon addresses registry.
2024-10-22T11:14:40.383+0530 [DEBUG] [org.gradle.cache.internal.DefaultFileLockManager] Lock acquired on daemon addresses registry.
2024-10-22T11:14:40.384+0530 [DEBUG] [org.gradle.cache.internal.DefaultFileLockManager] Releasing lock on daemon addresses registry.
2024-10-22T11:14:40.385+0530 [DEBUG] [org.gradle.cache.internal.DefaultFileLockManager] Waiting to acquire shared lock on daemon addresses registry.
2024-10-22T11:14:40.385+0530 [DEBUG] [org.gradle.cache.internal.DefaultFileLockManager] Lock acquired on daemon addresses registry.
2024-10-22T11:14:40.385+0530 [DEBUG] [org.gradle.cache.internal.DefaultFileLockManager] Releasing lock on daemon addresses registry.
2024-10-22T11:14:40.388+0530 [DEBUG] [org.gradle.cache.internal.DefaultFileLockManager] Waiting to acquire shared lock on daemon addresses registry.
2024-10-22T11:14:40.388+0530 [DEBUG] [org.gradle.cache.internal.DefaultFileLockManager] Lock acquired on daemon addresses registry.
2024-10-22T11:14:40.389+0530 [DEBUG] [org.gradle.cache.internal.DefaultFileLockManager] Releasing lock on daemon addresses registry.
2024-10-22T11:14:40.390+0530 [DEBUG] [org.gradle.cache.internal.DefaultFileLockManager] Waiting to acquire shared lock on daemon addresses registry.
2024-10-22T11:14:40.390+0530 [DEBUG] [org.gradle.cache.internal.DefaultFileLockManager] Lock acquired on daemon addresses registry.
2024-10-22T11:14:40.390+0530 [DEBUG] [org.gradle.cache.internal.DefaultFileLockManager] Releasing lock on daemon addresses registry.
2024-10-22T11:14:40.391+0530 [DEBUG] [org.gradle.cache.internal.DefaultFileLockManager] Waiting to acquire shared lock on daemon addresses registry.
2024-10-22T11:14:40.391+0530 [DEBUG] [org.gradle.cache.internal.DefaultFileLockManager] Lock acquired on daemon addresses registry.
2024-10-22T11:14:40.392+0530 [DEBUG] [org.gradle.cache.internal.DefaultFileLockManager] Releasing lock on daemon addresses registry.
2024-10-22T11:14:40.395+0530 [DEBUG] [org.gradle.cache.internal.DefaultFileLockManager] Waiting to acquire shared lock on daemon addresses registry.
2024-10-22T11:14:40.396+0530 [DEBUG] [org.gradle.cache.internal.DefaultFileLockManager] Lock acquired on daemon addresses registry.
2024-10-22T11:14:40.403+0530 [DEBUG] [org.gradle.cache.internal.DefaultFileLockManager] Releasing lock on daemon addresses registry.
2024-10-22T11:14:40.407+0530 [DEBUG] [org.gradle.cache.internal.DefaultFileLockManager] Waiting to acquire shared lock on daemon addresses registry.
2024-10-22T11:14:40.408+0530 [DEBUG] [org.gradle.cache.internal.DefaultFileLockManager] Lock acquired on daemon addresses registry.
2024-10-22T11:14:40.409+0530 [DEBUG] [org.gradle.cache.internal.DefaultFileLockManager] Releasing lock on daemon addresses registry.
2024-10-22T11:14:40.418+0530 [DEBUG] [org.gradle.cache.internal.DefaultFileLockManager] Waiting to acquire shared lock on daemon addresses registry.
2024-10-22T11:14:40.422+0530 [DEBUG] [org.gradle.cache.internal.DefaultFileLockManager] Lock acquired on daemon addresses registry.
2024-10-22T11:14:40.423+0530 [DEBUG] [org.gradle.cache.internal.DefaultFileLockManager] Releasing lock on daemon addresses registry.
2024-10-22T11:14:40.424+0530 [DEBUG] [org.gradle.cache.internal.DefaultFileLockManager] Waiting to acquire shared lock on daemon addresses registry.
2024-10-22T11:14:40.427+0530 [DEBUG] [org.gradle.cache.internal.DefaultFileLockManager] Lock acquired on daemon addresses registry.
2024-10-22T11:14:40.428+0530 [DEBUG] [org.gradle.cache.internal.DefaultFileLockManager] Releasing lock on daemon addresses registry.
2024-10-22T11:14:40.429+0530 [DEBUG] [org.gradle.cache.internal.DefaultFileLockManager] Waiting to acquire shared lock on daemon addresses registry.
2024-10-22T11:14:40.431+0530 [DEBUG] [org.gradle.cache.internal.DefaultFileLockManager] Lock acquired on daemon addresses registry.
2024-10-22T11:14:40.431+0530 [DEBUG] [org.gradle.cache.internal.DefaultFileLockManager] Releasing lock on daemon addresses registry.
2024-10-22T11:14:40.432+0530 [DEBUG] [org.gradle.cache.internal.DefaultFileLockManager] Waiting to acquire shared lock on daemon addresses registry.
2024-10-22T11:14:40.432+0530 [DEBUG] [org.gradle.cache.internal.DefaultFileLockManager] Lock acquired on daemon addresses registry.
2024-10-22T11:14:40.435+0530 [DEBUG] [org.gradle.cache.internal.DefaultFileLockManager] Releasing lock on daemon addresses registry.
2024-10-22T11:14:40.442+0530 [DEBUG] [org.gradle.cache.internal.DefaultFileLockManager] Waiting to acquire shared lock on daemon addresses registry.
2024-10-22T11:14:40.442+0530 [DEBUG] [org.gradle.cache.internal.DefaultFileLockManager] Lock acquired on daemon addresses registry.
2024-10-22T11:14:40.443+0530 [DEBUG] [org.gradle.cache.internal.DefaultFileLockManager] Releasing lock on daemon addresses registry.
2024-10-22T11:14:40.444+0530 [DEBUG] [org.gradle.cache.internal.DefaultFileLockManager] Waiting to acquire shared lock on daemon addresses registry.
2024-10-22T11:14:40.445+0530 [DEBUG] [org.gradle.cache.internal.DefaultFileLockManager] Lock acquired on daemon addresses registry.
2024-10-22T11:14:40.445+0530 [DEBUG] [org.gradle.cache.internal.DefaultFileLockManager] Releasing lock on daemon addresses registry.
2024-10-22T11:14:40.446+0530 [DEBUG] [org.gradle.cache.internal.DefaultFileLockManager] Waiting to acquire shared lock on daemon addresses registry.
2024-10-22T11:14:40.447+0530 [DEBUG] [org.gradle.cache.internal.DefaultFileLockManager] Lock acquired on daemon addresses registry.
2024-10-22T11:14:40.447+0530 [DEBUG] [org.gradle.cache.internal.DefaultFileLockManager] Releasing lock on daemon addresses registry.
2024-10-22T11:14:40.466+0530 [DEBUG] [org.gradle.cache.internal.DefaultFileLockManager] Waiting to acquire shared lock on daemon addresses registry.
2024-10-22T11:14:40.468+0530 [DEBUG] [org.gradle.cache.internal.DefaultFileLockManager] Lock acquired on daemon addresses registry.
2024-10-22T11:14:40.472+0530 [DEBUG] [org.gradle.cache.internal.DefaultFileLockManager] Releasing lock on daemon addresses registry.
2024-10-22T11:14:40.474+0530 [DEBUG] [org.gradle.cache.internal.DefaultFileLockManager] Waiting to acquire shared lock on daemon addresses registry.
2024-10-22T11:14:40.474+0530 [DEBUG] [org.gradle.cache.internal.DefaultFileLockManager] Lock acquired on daemon addresses registry.
2024-10-22T11:14:40.475+0530 [DEBUG] [org.gradle.cache.internal.DefaultFileLockManager] Releasing lock on daemon addresses registry.
2024-10-22T11:14:40.475+0530 [DEBUG] [org.gradle.cache.internal.DefaultFileLockManager] Waiting to acquire shared lock on daemon addresses registry.
2024-10-22T11:14:40.476+0530 [DEBUG] [org.gradle.cache.internal.DefaultFileLockManager] Lock acquired on daemon addresses registry.
2024-10-22T11:14:40.476+0530 [DEBUG] [org.gradle.cache.internal.DefaultFileLockManager] Releasing lock on daemon addresses registry.
2024-10-22T11:14:40.480+0530 [DEBUG] [org.gradle.cache.internal.DefaultFileLockManager] Waiting to acquire shared lock on daemon addresses registry.
2024-10-22T11:14:40.481+0530 [DEBUG] [org.gradle.cache.internal.DefaultFileLockManager] Lock acquired on daemon addresses registry.
2024-10-22T11:14:40.495+0530 [DEBUG] [org.gradle.cache.internal.DefaultFileLockManager] Releasing lock on daemon addresses registry.
2024-10-22T11:14:40.607+0530 [DEBUG] [org.gradle.cache.internal.DefaultFileLockManager] Waiting to acquire shared lock on daemon addresses registry.
2024-10-22T11:14:40.608+0530 [DEBUG] [org.gradle.cache.internal.DefaultFileLockManager] Lock acquired on daemon addresses registry.
2024-10-22T11:14:40.609+0530 [DEBUG] [org.gradle.cache.internal.DefaultFileLockManager] Releasing lock on daemon addresses registry.
2024-10-22T11:14:40.609+0530 [DEBUG] [org.gradle.cache.internal.DefaultFileLockManager] Waiting to acquire shared lock on daemon addresses registry.
2024-10-22T11:14:40.610+0530 [DEBUG] [org.gradle.cache.internal.DefaultFileLockManager] Lock acquired on daemon addresses registry.
2024-10-22T11:14:40.610+0530 [DEBUG] [org.gradle.cache.internal.DefaultFileLockManager] Releasing lock on daemon addresses registry.
2024-10-22T11:14:40.611+0530 [DEBUG] [org.gradle.cache.internal.DefaultFileLockManager] Waiting to acquire shared lock on daemon addresses registry.
2024-10-22T11:14:40.611+0530 [DEBUG] [org.gradle.cache.internal.DefaultFileLockManager] Lock acquired on daemon addresses registry.
2024-10-22T11:14:40.612+0530 [DEBUG] [org.gradle.cache.internal.DefaultFileLockManager] Releasing lock on daemon addresses registry.
2024-10-22T11:14:40.613+0530 [DEBUG] [org.gradle.cache.internal.DefaultFileLockManager] Waiting to acquire shared lock on daemon addresses registry.
2024-10-22T11:14:40.614+0530 [DEBUG] [org.gradle.cache.internal.DefaultFileLockManager] Lock acquired on daemon addresses registry.
2024-10-22T11:14:40.614+0530 [DEBUG] [org.gradle.cache.internal.DefaultFileLockManager] Releasing lock on daemon addresses registry.
2024-10-22T11:14:40.615+0530 [DEBUG] [org.gradle.cache.internal.DefaultFileLockManager] Waiting to acquire shared lock on daemon addresses registry.
2024-10-22T11:14:40.615+0530 [DEBUG] [org.gradle.cache.internal.DefaultFileLockManager] Lock acquired on daemon addresses registry.
2024-10-22T11:14:40.616+0530 [DEBUG] [org.gradle.cache.internal.DefaultFileLockManager] Releasing lock on daemon addresses registry.
2024-10-22T11:14:40.616+0530 [DEBUG] [org.gradle.cache.internal.DefaultFileLockManager] Waiting to acquire shared lock on daemon addresses registry.
2024-10-22T11:14:40.617+0530 [DEBUG] [org.gradle.cache.internal.DefaultFileLockManager] Lock acquired on daemon addresses registry.
2024-10-22T11:14:40.617+0530 [DEBUG] [org.gradle.cache.internal.DefaultFileLockManager] Releasing lock on daemon addresses registry.
2024-10-22T11:14:40.618+0530 [DEBUG] [org.gradle.cache.internal.DefaultFileLockManager] Waiting to acquire shared lock on daemon addresses registry.
2024-10-22T11:14:40.618+0530 [DEBUG] [org.gradle.cache.internal.DefaultFileLockManager] Lock acquired on daemon addresses registry.
2024-10-22T11:14:40.618+0530 [DEBUG] [org.gradle.cache.internal.DefaultFileLockManager] Releasing lock on daemon addresses registry.
2024-10-22T11:14:40.619+0530 [DEBUG] [org.gradle.cache.internal.DefaultFileLockManager] Waiting to acquire shared lock on daemon addresses registry.
2024-10-22T11:14:40.619+0530 [DEBUG] [org.gradle.cache.internal.DefaultFileLockManager] Lock acquired on daemon addresses registry.
2024-10-22T11:14:40.620+0530 [DEBUG] [org.gradle.cache.internal.DefaultFileLockManager] Releasing lock on daemon addresses registry.
2024-10-22T11:14:40.621+0530 [DEBUG] [org.gradle.cache.internal.DefaultFileLockManager] Waiting to acquire shared lock on daemon addresses registry.
2024-10-22T11:14:40.621+0530 [DEBUG] [org.gradle.cache.internal.DefaultFileLockManager] Lock acquired on daemon addresses registry.
2024-10-22T11:14:40.621+0530 [DEBUG] [org.gradle.cache.internal.DefaultFileLockManager] Releasing lock on daemon addresses registry.
2024-10-22T11:14:40.622+0530 [DEBUG] [org.gradle.cache.internal.DefaultFileLockManager] Waiting to acquire shared lock on daemon addresses registry.
2024-10-22T11:14:40.623+0530 [DEBUG] [org.gradle.cache.internal.DefaultFileLockManager] Lock acquired on daemon addresses registry.
2024-10-22T11:14:40.623+0530 [DEBUG] [org.gradle.cache.internal.DefaultFileLockManager] Releasing lock on daemon addresses registry.
2024-10-22T11:14:40.624+0530 [DEBUG] [org.gradle.cache.internal.DefaultFileLockManager] Waiting to acquire shared lock on daemon addresses registry.
2024-10-22T11:14:40.625+0530 [DEBUG] [org.gradle.cache.internal.DefaultFileLockManager] Lock acquired on daemon addresses registry.
2024-10-22T11:14:40.625+0530 [DEBUG] [org.gradle.cache.internal.DefaultFileLockManager] Releasing lock on daemon addresses registry.
2024-10-22T11:14:40.626+0530 [DEBUG] [org.gradle.cache.internal.DefaultFileLockManager] Waiting to acquire shared lock on daemon addresses registry.
2024-10-22T11:14:40.626+0530 [DEBUG] [org.gradle.cache.internal.DefaultFileLockManager] Lock acquired on daemon addresses registry.
2024-10-22T11:14:40.627+0530 [DEBUG] [org.gradle.cache.internal.DefaultFileLockManager] Releasing lock on daemon addresses registry.
2024-10-22T11:14:40.627+0530 [DEBUG] [org.gradle.cache.internal.DefaultFileLockManager] Waiting to acquire shared lock on daemon addresses registry.
2024-10-22T11:14:40.628+0530 [DEBUG] [org.gradle.cache.internal.DefaultFileLockManager] Lock acquired on daemon addresses registry.
2024-10-22T11:14:40.629+0530 [DEBUG] [org.gradle.cache.internal.DefaultFileLockManager] Releasing lock on daemon addresses registry.
2024-10-22T11:14:40.630+0530 [DEBUG] [org.gradle.cache.internal.DefaultFileLockManager] Waiting to acquire shared lock on daemon addresses registry.
2024-10-22T11:14:40.630+0530 [DEBUG] [org.gradle.cache.internal.DefaultFileLockManager] Lock acquired on daemon addresses registry.
2024-10-22T11:14:40.630+0530 [DEBUG] [org.gradle.cache.internal.DefaultFileLockManager] Releasing lock on daemon addresses registry.
2024-10-22T11:14:40.631+0530 [DEBUG] [org.gradle.cache.internal.DefaultFileLockManager] Waiting to acquire shared lock on daemon addresses registry.
2024-10-22T11:14:40.632+0530 [DEBUG] [org.gradle.cache.internal.DefaultFileLockManager] Lock acquired on daemon addresses registry.
2024-10-22T11:14:40.632+0530 [DEBUG] [org.gradle.cache.internal.DefaultFileLockManager] Releasing lock on daemon addresses registry.
2024-10-22T11:14:40.634+0530 [DEBUG] [org.gradle.cache.internal.DefaultFileLockManager] Waiting to acquire shared lock on daemon addresses registry.
2024-10-22T11:14:40.634+0530 [DEBUG] [org.gradle.cache.internal.DefaultFileLockManager] Lock acquired on daemon addresses registry.
2024-10-22T11:14:40.635+0530 [DEBUG] [org.gradle.cache.internal.DefaultFileLockManager] Releasing lock on daemon addresses registry.
2024-10-22T11:14:40.640+0530 [DEBUG] [org.gradle.cache.internal.DefaultFileLockManager] Waiting to acquire shared lock on daemon addresses registry.
2024-10-22T11:14:40.641+0530 [DEBUG] [org.gradle.cache.internal.DefaultFileLockManager] Lock acquired on daemon addresses registry.
2024-10-22T11:14:40.648+0530 [DEBUG] [org.gradle.cache.internal.DefaultFileLockManager] Releasing lock on daemon addresses registry.
2024-10-22T11:14:40.651+0530 [DEBUG] [org.gradle.cache.internal.DefaultFileLockManager] Waiting to acquire shared lock on daemon addresses registry.
2024-10-22T11:14:40.651+0530 [DEBUG] [org.gradle.cache.internal.DefaultFileLockManager] Lock acquired on daemon addresses registry.
2024-10-22T11:14:40.694+0530 [DEBUG] [org.gradle.cache.internal.DefaultFileLockManager] Releasing lock on daemon addresses registry.
2024-10-22T11:14:40.696+0530 [DEBUG] [org.gradle.cache.internal.DefaultFileLockManager] Waiting to acquire shared lock on daemon addresses registry.
2024-10-22T11:14:40.696+0530 [DEBUG] [org.gradle.cache.internal.DefaultFileLockManager] Lock acquired on daemon addresses registry.
2024-10-22T11:14:40.696+0530 [DEBUG] [org.gradle.cache.internal.DefaultFileLockManager] Releasing lock on daemon addresses registry.
2024-10-22T11:14:40.697+0530 [DEBUG] [org.gradle.cache.internal.DefaultFileLockManager] Waiting to acquire shared lock on daemon addresses registry.
2024-10-22T11:14:40.698+0530 [DEBUG] [org.gradle.cache.internal.DefaultFileLockManager] Lock acquired on daemon addresses registry.
2024-10-22T11:14:40.699+0530 [DEBUG] [org.gradle.cache.internal.DefaultFileLockManager] Releasing lock on daemon addresses registry.
2024-10-22T11:14:40.704+0530 [DEBUG] [org.gradle.cache.internal.DefaultFileLockManager] Waiting to acquire shared lock on daemon addresses registry.
2024-10-22T11:14:40.796+0530 [DEBUG] [org.gradle.cache.internal.DefaultFileLockManager] Lock acquired on daemon addresses registry.
2024-10-22T11:14:40.797+0530 [DEBUG] [org.gradle.cache.internal.DefaultFileLockManager] Releasing lock on daemon addresses registry.
2024-10-22T11:14:40.798+0530 [DEBUG] [org.gradle.cache.internal.DefaultFileLockManager] Waiting to acquire shared lock on daemon addresses registry.
2024-10-22T11:14:40.798+0530 [DEBUG] [org.gradle.cache.internal.DefaultFileLockManager] Lock acquired on daemon addresses registry.
2024-10-22T11:14:40.800+0530 [DEBUG] [org.gradle.cache.internal.DefaultFileLockManager] Releasing lock on daemon addresses registry.
2024-10-22T11:14:40.801+0530 [DEBUG] [org.gradle.cache.internal.DefaultFileLockManager] Waiting to acquire shared lock on daemon addresses registry.
2024-10-22T11:14:40.801+0530 [DEBUG] [org.gradle.cache.internal.DefaultFileLockManager] Lock acquired on daemon addresses registry.
2024-10-22T11:14:40.802+0530 [DEBUG] [org.gradle.cache.internal.DefaultFileLockManager] Releasing lock on daemon addresses registry.
2024-10-22T11:14:40.804+0530 [DEBUG] [org.gradle.cache.internal.DefaultFileLockManager] Waiting to acquire shared lock on daemon addresses registry.
2024-10-22T11:14:40.804+0530 [DEBUG] [org.gradle.cache.internal.DefaultFileLockManager] Lock acquired on daemon addresses registry.
2024-10-22T11:14:40.805+0530 [DEBUG] [org.gradle.cache.internal.DefaultFileLockManager] Releasing lock on daemon addresses registry.
2024-10-22T11:14:40.806+0530 [DEBUG] [org.gradle.cache.internal.DefaultFileLockManager] Waiting to acquire shared lock on daemon addresses registry.
2024-10-22T11:14:40.806+0530 [DEBUG] [org.gradle.cache.internal.DefaultFileLockManager] Lock acquired on daemon addresses registry.
2024-10-22T11:14:40.807+0530 [DEBUG] [org.gradle.cache.internal.DefaultFileLockManager] Releasing lock on daemon addresses registry.
2024-10-22T11:14:40.808+0530 [DEBUG] [org.gradle.cache.internal.DefaultFileLockManager] Waiting to acquire shared lock on daemon addresses registry.
2024-10-22T11:14:40.808+0530 [DEBUG] [org.gradle.cache.internal.DefaultFileLockManager] Lock acquired on daemon addresses registry.
2024-10-22T11:14:40.810+0530 [DEBUG] [org.gradle.cache.internal.DefaultFileLockManager] Releasing lock on daemon addresses registry.
2024-10-22T11:14:40.813+0530 [DEBUG] [org.gradle.cache.internal.DefaultFileLockManager] Waiting to acquire shared lock on daemon addresses registry.
2024-10-22T11:14:40.814+0530 [DEBUG] [org.gradle.cache.internal.DefaultFileLockManager] Lock acquired on daemon addresses registry.
2024-10-22T11:14:40.814+0530 [DEBUG] [org.gradle.cache.internal.DefaultFileLockManager] Releasing lock on daemon addresses registry.
2024-10-22T11:14:40.815+0530 [DEBUG] [org.gradle.cache.internal.DefaultFileLockManager] Waiting to acquire shared lock on daemon addresses registry.
2024-10-22T11:14:40.816+0530 [DEBUG] [org.gradle.cache.internal.DefaultFileLockManager] Lock acquired on daemon addresses registry.
2024-10-22T11:14:40.816+0530 [DEBUG] [org.gradle.cache.internal.DefaultFileLockManager] Releasing lock on daemon addresses registry.
2024-10-22T11:14:40.817+0530 [DEBUG] [org.gradle.cache.internal.DefaultFileLockManager] Waiting to acquire shared lock on daemon addresses registry.
2024-10-22T11:14:40.817+0530 [DEBUG] [org.gradle.cache.internal.DefaultFileLockManager] Lock acquired on daemon addresses registry.
2024-10-22T11:14:40.818+0530 [DEBUG] [org.gradle.cache.internal.DefaultFileLockManager] Releasing lock on daemon addresses registry.
2024-10-22T11:14:40.819+0530 [DEBUG] [org.gradle.cache.internal.DefaultFileLockManager] Waiting to acquire shared lock on daemon addresses registry.
2024-10-22T11:14:40.819+0530 [DEBUG] [org.gradle.cache.internal.DefaultFileLockManager] Lock acquired on daemon addresses registry.
2024-10-22T11:14:40.819+0530 [DEBUG] [org.gradle.cache.internal.DefaultFileLockManager] Releasing lock on daemon addresses registry.
2024-10-22T11:14:40.820+0530 [DEBUG] [org.gradle.cache.internal.DefaultFileLockManager] Waiting to acquire shared lock on daemon addresses registry.
2024-10-22T11:14:40.820+0530 [DEBUG] [org.gradle.cache.internal.DefaultFileLockManager] Lock acquired on daemon addresses registry.
2024-10-22T11:14:40.821+0530 [DEBUG] [org.gradle.cache.internal.DefaultFileLockManager] Releasing lock on daemon addresses registry.
2024-10-22T11:14:40.821+0530 [DEBUG] [org.gradle.cache.internal.DefaultFileLockManager] Waiting to acquire shared lock on daemon addresses registry.
2024-10-22T11:14:40.822+0530 [DEBUG] [org.gradle.cache.internal.DefaultFileLockManager] Lock acquired on daemon addresses registry.
2024-10-22T11:14:40.823+0530 [DEBUG] [org.gradle.cache.internal.DefaultFileLockManager] Releasing lock on daemon addresses registry.
2024-10-22T11:14:40.824+0530 [DEBUG] [org.gradle.cache.internal.DefaultFileLockManager] Waiting to acquire shared lock on daemon addresses registry.
2024-10-22T11:14:40.824+0530 [DEBUG] [org.gradle.cache.internal.DefaultFileLockManager] Lock acquired on daemon addresses registry.
2024-10-22T11:14:40.824+0530 [DEBUG] [org.gradle.cache.internal.DefaultFileLockManager] Releasing lock on daemon addresses registry.
2024-10-22T11:14:40.825+0530 [DEBUG] [org.gradle.cache.internal.DefaultFileLockManager] Waiting to acquire shared lock on daemon addresses registry.
2024-10-22T11:14:40.826+0530 [DEBUG] [org.gradle.cache.internal.DefaultFileLockManager] Lock acquired on daemon addresses registry.
2024-10-22T11:14:40.828+0530 [DEBUG] [org.gradle.cache.internal.DefaultFileLockManager] Releasing lock on daemon addresses registry.
2024-10-22T11:14:40.833+0530 [DEBUG] [org.gradle.cache.internal.DefaultFileLockManager] Waiting to acquire shared lock on daemon addresses registry.
2024-10-22T11:14:40.834+0530 [DEBUG] [org.gradle.cache.internal.DefaultFileLockManager] Lock acquired on daemon addresses registry.
2024-10-22T11:14:40.834+0530 [DEBUG] [org.gradle.cache.internal.DefaultFileLockManager] Releasing lock on daemon addresses registry.
2024-10-22T11:14:40.836+0530 [DEBUG] [org.gradle.cache.internal.DefaultFileLockManager] Waiting to acquire shared lock on daemon addresses registry.
2024-10-22T11:14:40.841+0530 [DEBUG] [org.gradle.cache.internal.DefaultFileLockManager] Lock acquired on daemon addresses registry.
2024-10-22T11:14:40.846+0530 [DEBUG] [org.gradle.cache.internal.DefaultFileLockManager] Releasing lock on daemon addresses registry.
2024-10-22T11:14:40.866+0530 [DEBUG] [org.gradle.cache.internal.DefaultFileLockManager] Waiting to acquire shared lock on daemon addresses registry.
2024-10-22T11:14:40.879+0530 [DEBUG] [org.gradle.cache.internal.DefaultFileLockManager] Lock acquired on daemon addresses registry.
2024-10-22T11:14:40.880+0530 [DEBUG] [org.gradle.cache.internal.DefaultFileLockManager] Releasing lock on daemon addresses registry.
2024-10-22T11:14:40.921+0530 [DEBUG] [org.gradle.cache.internal.DefaultFileLockManager] Waiting to acquire shared lock on daemon addresses registry.
2024-10-22T11:14:40.922+0530 [DEBUG] [org.gradle.cache.internal.DefaultFileLockManager] Lock acquired on daemon addresses registry.
2024-10-22T11:14:40.922+0530 [DEBUG] [org.gradle.cache.internal.DefaultFileLockManager] Releasing lock on daemon addresses registry.
2024-10-22T11:14:40.924+0530 [DEBUG] [org.gradle.cache.internal.DefaultFileLockManager] Waiting to acquire shared lock on daemon addresses registry.
2024-10-22T11:14:40.924+0530 [DEBUG] [org.gradle.cache.internal.DefaultFileLockManager] Lock acquired on daemon addresses registry.
2024-10-22T11:14:40.925+0530 [DEBUG] [org.gradle.cache.internal.DefaultFileLockManager] Releasing lock on daemon addresses registry.
2024-10-22T11:14:40.926+0530 [DEBUG] [org.gradle.cache.internal.DefaultFileLockManager] Waiting to acquire shared lock on daemon addresses registry.
2024-10-22T11:14:40.926+0530 [DEBUG] [org.gradle.cache.internal.DefaultFileLockManager] Lock acquired on daemon addresses registry.
2024-10-22T11:14:40.927+0530 [DEBUG] [org.gradle.cache.internal.DefaultFileLockManager] Releasing lock on daemon addresses registry.
2024-10-22T11:14:40.927+0530 [DEBUG] [org.gradle.cache.internal.DefaultFileLockManager] Waiting to acquire shared lock on daemon addresses registry.
2024-10-22T11:14:40.928+0530 [DEBUG] [org.gradle.cache.internal.DefaultFileLockManager] Lock acquired on daemon addresses registry.
2024-10-22T11:14:40.928+0530 [DEBUG] [org.gradle.cache.internal.DefaultFileLockManager] Releasing lock on daemon addresses registry.
2024-10-22T11:14:40.930+0530 [DEBUG] [org.gradle.cache.internal.DefaultFileLockManager] Waiting to acquire shared lock on daemon addresses registry.
2024-10-22T11:14:40.930+0530 [DEBUG] [org.gradle.cache.internal.DefaultFileLockManager] Lock acquired on daemon addresses registry.
2024-10-22T11:14:40.931+0530 [DEBUG] [org.gradle.cache.internal.DefaultFileLockManager] Releasing lock on daemon addresses registry.
2024-10-22T11:14:40.933+0530 [DEBUG] [org.gradle.cache.internal.DefaultFileLockManager] Waiting to acquire shared lock on daemon addresses registry.
2024-10-22T11:14:40.933+0530 [DEBUG] [org.gradle.cache.internal.DefaultFileLockManager] Lock acquired on daemon addresses registry.
2024-10-22T11:14:40.934+0530 [DEBUG] [org.gradle.cache.internal.DefaultFileLockManager] Releasing lock on daemon addresses registry.
2024-10-22T11:14:40.935+0530 [DEBUG] [org.gradle.cache.internal.DefaultFileLockManager] Waiting to acquire shared lock on daemon addresses registry.
2024-10-22T11:14:40.936+0530 [DEBUG] [org.gradle.cache.internal.DefaultFileLockManager] Lock acquired on daemon addresses registry.
2024-10-22T11:14:40.936+0530 [DEBUG] [org.gradle.cache.internal.DefaultFileLockManager] Releasing lock on daemon addresses registry.
2024-10-22T11:14:40.938+0530 [DEBUG] [org.gradle.cache.internal.DefaultFileLockManager] Waiting to acquire shared lock on daemon addresses registry.
2024-10-22T11:14:40.938+0530 [DEBUG] [org.gradle.cache.internal.DefaultFileLockManager] Lock acquired on daemon addresses registry.
2024-10-22T11:14:40.938+0530 [DEBUG] [org.gradle.cache.internal.DefaultFileLockManager] Releasing lock on daemon addresses registry.
2024-10-22T11:14:40.939+0530 [DEBUG] [org.gradle.cache.internal.DefaultFileLockManager] Waiting to acquire shared lock on daemon addresses registry.
2024-10-22T11:14:40.939+0530 [DEBUG] [org.gradle.cache.internal.DefaultFileLockManager] Lock acquired on daemon addresses registry.
2024-10-22T11:14:40.940+0530 [DEBUG] [org.gradle.cache.internal.DefaultFileLockManager] Releasing lock on daemon addresses registry.
2024-10-22T11:14:40.941+0530 [DEBUG] [org.gradle.cache.internal.DefaultFileLockManager] Waiting to acquire shared lock on daemon addresses registry.
2024-10-22T11:14:40.942+0530 [DEBUG] [org.gradle.cache.internal.DefaultFileLockManager] Lock acquired on daemon addresses registry.
2024-10-22T11:14:40.944+0530 [DEBUG] [org.gradle.cache.internal.DefaultFileLockManager] Releasing lock on daemon addresses registry.
2024-10-22T11:14:40.945+0530 [DEBUG] [org.gradle.cache.internal.DefaultFileLockManager] Waiting to acquire shared lock on daemon addresses registry.
2024-10-22T11:14:40.946+0530 [DEBUG] [org.gradle.cache.internal.DefaultFileLockManager] Lock acquired on daemon addresses registry.
2024-10-22T11:14:40.946+0530 [DEBUG] [org.gradle.cache.internal.DefaultFileLockManager] Releasing lock on daemon addresses registry.
2024-10-22T11:14:40.948+0530 [DEBUG] [org.gradle.cache.internal.DefaultFileLockManager] Waiting to acquire shared lock on daemon addresses registry.
2024-10-22T11:14:40.948+0530 [DEBUG] [org.gradle.cache.internal.DefaultFileLockManager] Lock acquired on daemon addresses registry.
2024-10-22T11:14:40.949+0530 [DEBUG] [org.gradle.cache.internal.DefaultFileLockManager] Releasing lock on daemon addresses registry.
2024-10-22T11:14:40.950+0530 [DEBUG] [org.gradle.cache.internal.DefaultFileLockManager] Waiting to acquire shared lock on daemon addresses registry.
2024-10-22T11:14:40.950+0530 [DEBUG] [org.gradle.cache.internal.DefaultFileLockManager] Lock acquired on daemon addresses registry.
2024-10-22T11:14:40.950+0530 [DEBUG] [org.gradle.cache.internal.DefaultFileLockManager] Releasing lock on daemon addresses registry.
2024-10-22T11:14:40.951+0530 [DEBUG] [org.gradle.cache.internal.DefaultFileLockManager] Waiting to acquire shared lock on daemon addresses registry.
2024-10-22T11:14:40.951+0530 [DEBUG] [org.gradle.cache.internal.DefaultFileLockManager] Lock acquired on daemon addresses registry.
2024-10-22T11:14:40.952+0530 [DEBUG] [org.gradle.cache.internal.DefaultFileLockManager] Releasing lock on daemon addresses registry.
2024-10-22T11:14:40.952+0530 [DEBUG] [org.gradle.cache.internal.DefaultFileLockManager] Waiting to acquire shared lock on daemon addresses registry.
2024-10-22T11:14:40.953+0530 [DEBUG] [org.gradle.cache.internal.DefaultFileLockManager] Lock acquired on daemon addresses registry.
2024-10-22T11:14:40.953+0530 [DEBUG] [org.gradle.cache.internal.DefaultFileLockManager] Releasing lock on daemon addresses registry.
2024-10-22T11:14:40.954+0530 [DEBUG] [org.gradle.cache.internal.DefaultFileLockManager] Waiting to acquire shared lock on daemon addresses registry.
2024-10-22T11:14:40.954+0530 [DEBUG] [org.gradle.cache.internal.DefaultFileLockManager] Lock acquired on daemon addresses registry.
2024-10-22T11:14:40.955+0530 [DEBUG] [org.gradle.cache.internal.DefaultFileLockManager] Releasing lock on daemon addresses registry.
2024-10-22T11:14:40.956+0530 [DEBUG] [org.gradle.cache.internal.DefaultFileLockManager] Waiting to acquire shared lock on daemon addresses registry.
2024-10-22T11:14:40.956+0530 [DEBUG] [org.gradle.cache.internal.DefaultFileLockManager] Lock acquired on daemon addresses registry.
2024-10-22T11:14:40.956+0530 [DEBUG] [org.gradle.cache.internal.DefaultFileLockManager] Releasing lock on daemon addresses registry.
2024-10-22T11:14:40.957+0530 [DEBUG] [org.gradle.cache.internal.DefaultFileLockManager] Waiting to acquire shared lock on daemon addresses registry.
2024-10-22T11:14:40.957+0530 [DEBUG] [org.gradle.cache.internal.DefaultFileLockManager] Lock acquired on daemon addresses registry.
2024-10-22T11:14:40.958+0530 [DEBUG] [org.gradle.cache.internal.DefaultFileLockManager] Releasing lock on daemon addresses registry.
2024-10-22T11:14:40.959+0530 [DEBUG] [org.gradle.cache.internal.DefaultFileLockManager] Waiting to acquire shared lock on daemon addresses registry.
2024-10-22T11:14:40.959+0530 [DEBUG] [org.gradle.cache.internal.DefaultFileLockManager] Lock acquired on daemon addresses registry.
2024-10-22T11:14:40.960+0530 [DEBUG] [org.gradle.cache.internal.DefaultFileLockManager] Releasing lock on daemon addresses registry.
2024-10-22T11:14:40.961+0530 [DEBUG] [org.gradle.cache.internal.DefaultFileLockManager] Waiting to acquire shared lock on daemon addresses registry.
2024-10-22T11:14:40.962+0530 [DEBUG] [org.gradle.cache.internal.DefaultFileLockManager] Lock acquired on daemon addresses registry.
2024-10-22T11:14:40.962+0530 [DEBUG] [org.gradle.cache.internal.DefaultFileLockManager] Releasing lock on daemon addresses registry.
2024-10-22T11:14:40.963+0530 [DEBUG] [org.gradle.cache.internal.DefaultFileLockManager] Waiting to acquire shared lock on daemon addresses registry.
2024-10-22T11:14:40.964+0530 [DEBUG] [org.gradle.cache.internal.DefaultFileLockManager] Lock acquired on daemon addresses registry.
2024-10-22T11:14:40.964+0530 [DEBUG] [org.gradle.cache.internal.DefaultFileLockManager] Releasing lock on daemon addresses registry.
2024-10-22T11:14:40.965+0530 [DEBUG] [org.gradle.cache.internal.DefaultFileLockManager] Waiting to acquire shared lock on daemon addresses registry.
2024-10-22T11:14:40.965+0530 [DEBUG] [org.gradle.cache.internal.DefaultFileLockManager] Lock acquired on daemon addresses registry.
2024-10-22T11:14:40.965+0530 [DEBUG] [org.gradle.cache.internal.DefaultFileLockManager] Releasing lock on daemon addresses registry.
2024-10-22T11:14:40.966+0530 [DEBUG] [org.gradle.cache.internal.DefaultFileLockManager] Waiting to acquire shared lock on daemon addresses registry.
2024-10-22T11:14:40.966+0530 [DEBUG] [org.gradle.cache.internal.DefaultFileLockManager] Lock acquired on daemon addresses registry.
2024-10-22T11:14:41.001+0530 [DEBUG] [org.gradle.cache.internal.DefaultFileLockManager] Releasing lock on daemon addresses registry.
2024-10-22T11:14:41.002+0530 [DEBUG] [org.gradle.cache.internal.DefaultFileLockManager] Waiting to acquire shared lock on daemon addresses registry.
2024-10-22T11:14:41.002+0530 [DEBUG] [org.gradle.cache.internal.DefaultFileLockManager] Lock acquired on daemon addresses registry.
2024-10-22T11:14:41.003+0530 [DEBUG] [org.gradle.cache.internal.DefaultFileLockManager] Releasing lock on daemon addresses registry.
2024-10-22T11:14:41.004+0530 [DEBUG] [org.gradle.cache.internal.DefaultFileLockManager] Waiting to acquire shared lock on daemon addresses registry.
2024-10-22T11:14:41.005+0530 [DEBUG] [org.gradle.cache.internal.DefaultFileLockManager] Lock acquired on daemon addresses registry.
2024-10-22T11:14:41.005+0530 [DEBUG] [org.gradle.cache.internal.DefaultFileLockManager] Releasing lock on daemon addresses registry.
2024-10-22T11:14:41.006+0530 [DEBUG] [org.gradle.cache.internal.DefaultFileLockManager] Waiting to acquire shared lock on daemon addresses registry.
2024-10-22T11:14:41.006+0530 [DEBUG] [org.gradle.cache.internal.DefaultFileLockManager] Lock acquired on daemon addresses registry.
2024-10-22T11:14:41.006+0530 [DEBUG] [org.gradle.cache.internal.DefaultFileLockManager] Releasing lock on daemon addresses registry.
2024-10-22T11:14:41.007+0530 [DEBUG] [org.gradle.cache.internal.DefaultFileLockManager] Waiting to acquire shared lock on daemon addresses registry.
2024-10-22T11:14:41.011+0530 [DEBUG] [org.gradle.cache.internal.DefaultFileLockManager] Lock acquired on daemon addresses registry.
2024-10-22T11:14:41.012+0530 [DEBUG] [org.gradle.cache.internal.DefaultFileLockManager] Releasing lock on daemon addresses registry.
2024-10-22T11:14:41.012+0530 [DEBUG] [org.gradle.cache.internal.DefaultFileLockManager] Waiting to acquire shared lock on daemon addresses registry.
2024-10-22T11:14:41.013+0530 [DEBUG] [org.gradle.cache.internal.DefaultFileLockManager] Lock acquired on daemon addresses registry.
2024-10-22T11:14:41.013+0530 [DEBUG] [org.gradle.cache.internal.DefaultFileLockManager] Releasing lock on daemon addresses registry.
2024-10-22T11:14:41.014+0530 [DEBUG] [org.gradle.cache.internal.DefaultFileLockManager] Waiting to acquire shared lock on daemon addresses registry.
2024-10-22T11:14:41.014+0530 [DEBUG] [org.gradle.cache.internal.DefaultFileLockManager] Lock acquired on daemon addresses registry.
2024-10-22T11:14:41.015+0530 [DEBUG] [org.gradle.cache.internal.DefaultFileLockManager] Releasing lock on daemon addresses registry.
2024-10-22T11:14:41.016+0530 [DEBUG] [org.gradle.cache.internal.DefaultFileLockManager] Waiting to acquire shared lock on daemon addresses registry.
2024-10-22T11:14:41.016+0530 [DEBUG] [org.gradle.cache.internal.DefaultFileLockManager] Lock acquired on daemon addresses registry.
2024-10-22T11:14:41.016+0530 [DEBUG] [org.gradle.cache.internal.DefaultFileLockManager] Releasing lock on daemon addresses registry.
2024-10-22T11:14:41.018+0530 [DEBUG] [org.gradle.cache.internal.DefaultFileLockManager] Waiting to acquire shared lock on daemon addresses registry.
2024-10-22T11:14:41.018+0530 [DEBUG] [org.gradle.cache.internal.DefaultFileLockManager] Lock acquired on daemon addresses registry.
2024-10-22T11:14:41.018+0530 [DEBUG] [org.gradle.cache.internal.DefaultFileLockManager] Releasing lock on daemon addresses registry.
2024-10-22T11:14:41.019+0530 [DEBUG] [org.gradle.cache.internal.DefaultFileLockManager] Waiting to acquire shared lock on daemon addresses registry.
2024-10-22T11:14:41.020+0530 [DEBUG] [org.gradle.cache.internal.DefaultFileLockManager] Lock acquired on daemon addresses registry.
2024-10-22T11:14:41.020+0530 [DEBUG] [org.gradle.cache.internal.DefaultFileLockManager] Releasing lock on daemon addresses registry.
2024-10-22T11:14:41.021+0530 [DEBUG] [org.gradle.cache.internal.DefaultFileLockManager] Waiting to acquire shared lock on daemon addresses registry.
2024-10-22T11:14:41.021+0530 [DEBUG] [org.gradle.cache.internal.DefaultFileLockManager] Lock acquired on daemon addresses registry.
2024-10-22T11:14:41.022+0530 [DEBUG] [org.gradle.cache.internal.DefaultFileLockManager] Releasing lock on daemon addresses registry.
2024-10-22T11:14:41.023+0530 [DEBUG] [org.gradle.cache.internal.DefaultFileLockManager] Waiting to acquire shared lock on daemon addresses registry.
2024-10-22T11:14:41.024+0530 [DEBUG] [org.gradle.cache.internal.DefaultFileLockManager] Lock acquired on daemon addresses registry.
2024-10-22T11:14:41.024+0530 [DEBUG] [org.gradle.cache.internal.DefaultFileLockManager] Releasing lock on daemon addresses registry.
2024-10-22T11:14:41.026+0530 [DEBUG] [org.gradle.cache.internal.DefaultFileLockManager] Waiting to acquire shared lock on daemon addresses registry.
2024-10-22T11:14:41.026+0530 [DEBUG] [org.gradle.cache.internal.DefaultFileLockManager] Lock acquired on daemon addresses registry.
2024-10-22T11:14:41.028+0530 [DEBUG] [org.gradle.cache.internal.DefaultFileLockManager] Releasing lock on daemon addresses registry.
2024-10-22T11:14:41.029+0530 [DEBUG] [org.gradle.cache.internal.DefaultFileLockManager] Waiting to acquire shared lock on daemon addresses registry.
2024-10-22T11:14:41.029+0530 [DEBUG] [org.gradle.cache.internal.DefaultFileLockManager] Lock acquired on daemon addresses registry.
2024-10-22T11:14:41.030+0530 [DEBUG] [org.gradle.cache.internal.DefaultFileLockManager] Releasing lock on daemon addresses registry.
2024-10-22T11:14:41.031+0530 [DEBUG] [org.gradle.cache.internal.DefaultFileLockManager] Waiting to acquire shared lock on daemon addresses registry.
2024-10-22T11:14:41.031+0530 [DEBUG] [org.gradle.cache.internal.DefaultFileLockManager] Lock acquired on daemon addresses registry.
2024-10-22T11:14:41.034+0530 [DEBUG] [org.gradle.cache.internal.DefaultFileLockManager] Releasing lock on daemon addresses registry.
2024-10-22T11:14:41.037+0530 [DEBUG] [org.gradle.cache.internal.DefaultFileLockManager] Waiting to acquire shared lock on daemon addresses registry.
2024-10-22T11:14:41.037+0530 [DEBUG] [org.gradle.cache.internal.DefaultFileLockManager] Lock acquired on daemon addresses registry.
2024-10-22T11:14:41.039+0530 [DEBUG] [org.gradle.cache.internal.DefaultFileLockManager] Releasing lock on daemon addresses registry.
2024-10-22T11:14:41.040+0530 [DEBUG] [org.gradle.cache.internal.DefaultFileLockManager] Waiting to acquire shared lock on daemon addresses registry.
2024-10-22T11:14:41.041+0530 [DEBUG] [org.gradle.cache.internal.DefaultFileLockManager] Lock acquired on daemon addresses registry.
2024-10-22T11:14:41.046+0530 [DEBUG] [org.gradle.cache.internal.DefaultFileLockManager] Releasing lock on daemon addresses registry.
2024-10-22T11:14:41.048+0530 [DEBUG] [org.gradle.cache.internal.DefaultFileLockManager] Waiting to acquire shared lock on daemon addresses registry.
2024-10-22T11:14:41.048+0530 [DEBUG] [org.gradle.cache.internal.DefaultFileLockManager] Lock acquired on daemon addresses registry.
2024-10-22T11:14:41.049+0530 [DEBUG] [org.gradle.cache.internal.DefaultFileLockManager] Releasing lock on daemon addresses registry.
2024-10-22T11:14:41.071+0530 [DEBUG] [org.gradle.cache.internal.DefaultFileLockManager] Waiting to acquire shared lock on daemon addresses registry.
2024-10-22T11:14:41.071+0530 [DEBUG] [org.gradle.cache.internal.DefaultFileLockManager] Lock acquired on daemon addresses registry.
2024-10-22T11:14:41.152+0530 [DEBUG] [org.gradle.cache.internal.DefaultFileLockManager] Releasing lock on daemon addresses registry.
2024-10-22T11:14:41.153+0530 [DEBUG] [org.gradle.cache.internal.DefaultFileLockManager] Waiting to acquire shared lock on daemon addresses registry.
2024-10-22T11:14:41.154+0530 [DEBUG] [org.gradle.cache.internal.DefaultFileLockManager] Lock acquired on daemon addresses registry.
2024-10-22T11:14:41.159+0530 [DEBUG] [org.gradle.cache.internal.DefaultFileLockManager] Releasing lock on daemon addresses registry.
2024-10-22T11:14:41.160+0530 [DEBUG] [org.gradle.cache.internal.DefaultFileLockManager] Waiting to acquire shared lock on daemon addresses registry.
2024-10-22T11:14:41.160+0530 [DEBUG] [org.gradle.cache.internal.DefaultFileLockManager] Lock acquired on daemon addresses registry.
2024-10-22T11:14:41.161+0530 [DEBUG] [org.gradle.cache.internal.DefaultFileLockManager] Releasing lock on daemon addresses registry.
2024-10-22T11:14:41.161+0530 [DEBUG] [org.gradle.cache.internal.DefaultFileLockManager] Waiting to acquire shared lock on daemon addresses registry.
2024-10-22T11:14:41.162+0530 [DEBUG] [org.gradle.cache.internal.DefaultFileLockManager] Lock acquired on daemon addresses registry.
2024-10-22T11:14:41.166+0530 [DEBUG] [org.gradle.cache.internal.DefaultFileLockManager] Releasing lock on daemon addresses registry.
2024-10-22T11:14:41.167+0530 [DEBUG] [org.gradle.cache.internal.DefaultFileLockManager] Waiting to acquire shared lock on daemon addresses registry.
2024-10-22T11:14:41.167+0530 [DEBUG] [org.gradle.cache.internal.DefaultFileLockManager] Lock acquired on daemon addresses registry.
2024-10-22T11:14:41.167+0530 [DEBUG] [org.gradle.cache.internal.DefaultFileLockManager] Releasing lock on daemon addresses registry.
2024-10-22T11:14:41.168+0530 [DEBUG] [org.gradle.cache.internal.DefaultFileLockManager] Waiting to acquire shared lock on daemon addresses registry.
2024-10-22T11:14:41.168+0530 [DEBUG] [org.gradle.cache.internal.DefaultFileLockManager] Lock acquired on daemon addresses registry.
2024-10-22T11:14:41.175+0530 [DEBUG] [org.gradle.cache.internal.DefaultFileLockManager] Releasing lock on daemon addresses registry.
2024-10-22T11:14:41.176+0530 [DEBUG] [org.gradle.cache.internal.DefaultFileLockManager] Waiting to acquire shared lock on daemon addresses registry.
2024-10-22T11:14:41.177+0530 [DEBUG] [org.gradle.cache.internal.DefaultFileLockManager] Lock acquired on daemon addresses registry.
2024-10-22T11:14:41.179+0530 [DEBUG] [org.gradle.cache.internal.DefaultFileLockManager] Releasing lock on daemon addresses registry.
2024-10-22T11:14:41.180+0530 [DEBUG] [org.gradle.cache.internal.DefaultFileLockManager] Waiting to acquire shared lock on daemon addresses registry.
2024-10-22T11:14:41.180+0530 [DEBUG] [org.gradle.cache.internal.DefaultFileLockManager] Lock acquired on daemon addresses registry.
2024-10-22T11:14:41.243+0530 [DEBUG] [org.gradle.cache.internal.DefaultFileLockManager] Releasing lock on daemon addresses registry.
2024-10-22T11:14:41.244+0530 [DEBUG] [org.gradle.cache.internal.DefaultFileLockManager] Waiting to acquire shared lock on daemon addresses registry.
2024-10-22T11:14:41.245+0530 [DEBUG] [org.gradle.cache.internal.DefaultFileLockManager] Lock acquired on daemon addresses registry.
2024-10-22T11:14:41.246+0530 [DEBUG] [org.gradle.cache.internal.DefaultFileLockManager] Releasing lock on daemon addresses registry.
2024-10-22T11:14:41.249+0530 [DEBUG] [org.gradle.cache.internal.DefaultFileLockManager] Waiting to acquire shared lock on daemon addresses registry.
2024-10-22T11:14:41.250+0530 [DEBUG] [org.gradle.cache.internal.DefaultFileLockManager] Lock acquired on daemon addresses registry.
2024-10-22T11:14:41.250+0530 [DEBUG] [org.gradle.cache.internal.DefaultFileLockManager] Releasing lock on daemon addresses registry.
2024-10-22T11:14:41.258+0530 [DEBUG] [org.gradle.cache.internal.DefaultFileLockManager] Waiting to acquire shared lock on daemon addresses registry.
2024-10-22T11:14:41.258+0530 [DEBUG] [org.gradle.cache.internal.DefaultFileLockManager] Lock acquired on daemon addresses registry.
2024-10-22T11:14:41.260+0530 [DEBUG] [org.gradle.cache.internal.DefaultFileLockManager] Releasing lock on daemon addresses registry.
2024-10-22T11:14:41.263+0530 [DEBUG] [org.gradle.cache.internal.DefaultFileLockManager] Waiting to acquire shared lock on daemon addresses registry.
2024-10-22T11:14:41.264+0530 [DEBUG] [org.gradle.cache.internal.DefaultFileLockManager] Lock acquired on daemon addresses registry.
2024-10-22T11:14:41.264+0530 [DEBUG] [org.gradle.cache.internal.DefaultFileLockManager] Releasing lock on daemon addresses registry.
2024-10-22T11:14:41.266+0530 [DEBUG] [org.gradle.cache.internal.DefaultFileLockManager] Waiting to acquire shared lock on daemon addresses registry.
2024-10-22T11:14:41.267+0530 [DEBUG] [org.gradle.cache.internal.DefaultFileLockManager] Lock acquired on daemon addresses registry.
2024-10-22T11:14:41.268+0530 [DEBUG] [org.gradle.cache.internal.DefaultFileLockManager] Releasing lock on daemon addresses registry.
2024-10-22T11:14:41.269+0530 [DEBUG] [org.gradle.cache.internal.DefaultFileLockManager] Waiting to acquire shared lock on daemon addresses registry.
2024-10-22T11:14:41.270+0530 [DEBUG] [org.gradle.cache.internal.DefaultFileLockManager] Lock acquired on daemon addresses registry.
2024-10-22T11:14:41.270+0530 [DEBUG] [org.gradle.cache.internal.DefaultFileLockManager] Releasing lock on daemon addresses registry.
2024-10-22T11:14:41.271+0530 [DEBUG] [org.gradle.cache.internal.DefaultFileLockManager] Waiting to acquire shared lock on daemon addresses registry.
2024-10-22T11:14:41.272+0530 [DEBUG] [org.gradle.cache.internal.DefaultFileLockManager] Lock acquired on daemon addresses registry.
2024-10-22T11:14:41.277+0530 [DEBUG] [org.gradle.cache.internal.DefaultFileLockManager] Releasing lock on daemon addresses registry.
2024-10-22T11:14:41.376+0530 [DEBUG] [org.gradle.cache.internal.DefaultFileLockManager] Waiting to acquire shared lock on daemon addresses registry.
2024-10-22T11:14:41.376+0530 [DEBUG] [org.gradle.cache.internal.DefaultFileLockManager] Lock acquired on daemon addresses registry.
2024-10-22T11:14:41.398+0530 [DEBUG] [org.gradle.cache.internal.DefaultFileLockManager] Releasing lock on daemon addresses registry.
2024-10-22T11:14:41.406+0530 [DEBUG] [org.gradle.cache.internal.DefaultFileLockManager] Waiting to acquire shared lock on daemon addresses registry.
2024-10-22T11:14:41.407+0530 [DEBUG] [org.gradle.cache.internal.DefaultFileLockManager] Lock acquired on daemon addresses registry.
2024-10-22T11:14:41.427+0530 [DEBUG] [org.gradle.cache.internal.DefaultFileLockManager] Releasing lock on daemon addresses registry.
2024-10-22T11:14:41.428+0530 [DEBUG] [org.gradle.cache.internal.DefaultFileLockManager] Waiting to acquire shared lock on daemon addresses registry.
2024-10-22T11:14:41.429+0530 [DEBUG] [org.gradle.cache.internal.DefaultFileLockManager] Lock acquired on daemon addresses registry.
2024-10-22T11:14:41.429+0530 [DEBUG] [org.gradle.cache.internal.DefaultFileLockManager] Releasing lock on daemon addresses registry.
2024-10-22T11:14:41.430+0530 [DEBUG] [org.gradle.cache.internal.DefaultFileLockManager] Waiting to acquire shared lock on daemon addresses registry.
2024-10-22T11:14:41.430+0530 [DEBUG] [org.gradle.cache.internal.DefaultFileLockManager] Lock acquired on daemon addresses registry.
2024-10-22T11:14:41.433+0530 [DEBUG] [org.gradle.cache.internal.DefaultFileLockManager] Releasing lock on daemon addresses registry.
2024-10-22T11:14:41.434+0530 [DEBUG] [org.gradle.cache.internal.DefaultFileLockManager] Waiting to acquire shared lock on daemon addresses registry.
2024-10-22T11:14:41.434+0530 [DEBUG] [org.gradle.cache.internal.DefaultFileLockManager] Lock acquired on daemon addresses registry.
2024-10-22T11:14:41.435+0530 [DEBUG] [org.gradle.cache.internal.DefaultFileLockManager] Releasing lock on daemon addresses registry.
2024-10-22T11:14:41.436+0530 [DEBUG] [org.gradle.cache.internal.DefaultFileLockManager] Waiting to acquire shared lock on daemon addresses registry.
2024-10-22T11:14:41.436+0530 [DEBUG] [org.gradle.cache.internal.DefaultFileLockManager] Lock acquired on daemon addresses registry.
2024-10-22T11:14:41.438+0530 [DEBUG] [org.gradle.cache.internal.DefaultFileLockManager] Releasing lock on daemon addresses registry.
2024-10-22T11:14:41.439+0530 [DEBUG] [org.gradle.cache.internal.DefaultFileLockManager] Waiting to acquire shared lock on daemon addresses registry.
2024-10-22T11:14:41.440+0530 [DEBUG] [org.gradle.cache.internal.DefaultFileLockManager] Lock acquired on daemon addresses registry.
2024-10-22T11:14:41.441+0530 [DEBUG] [org.gradle.cache.internal.DefaultFileLockManager] Releasing lock on daemon addresses registry.
2024-10-22T11:14:41.443+0530 [DEBUG] [org.gradle.cache.internal.DefaultFileLockManager] Waiting to acquire shared lock on daemon addresses registry.
2024-10-22T11:14:41.443+0530 [DEBUG] [org.gradle.cache.internal.DefaultFileLockManager] Lock acquired on daemon addresses registry.
2024-10-22T11:14:41.443+0530 [DEBUG] [org.gradle.cache.internal.DefaultFileLockManager] Releasing lock on daemon addresses registry.
2024-10-22T11:14:41.444+0530 [DEBUG] [org.gradle.cache.internal.DefaultFileLockManager] Waiting to acquire shared lock on daemon addresses registry.
2024-10-22T11:14:41.444+0530 [DEBUG] [org.gradle.cache.internal.DefaultFileLockManager] Lock acquired on daemon addresses registry.
2024-10-22T11:14:41.445+0530 [DEBUG] [org.gradle.cache.internal.DefaultFileLockManager] Releasing lock on daemon addresses registry.
2024-10-22T11:14:41.448+0530 [DEBUG] [org.gradle.cache.internal.DefaultFileLockManager] Waiting to acquire shared lock on daemon addresses registry.
2024-10-22T11:14:41.449+0530 [DEBUG] [org.gradle.cache.internal.DefaultFileLockManager] Lock acquired on daemon addresses registry.
2024-10-22T11:14:41.449+0530 [DEBUG] [org.gradle.cache.internal.DefaultFileLockManager] Releasing lock on daemon addresses registry.
2024-10-22T11:14:41.450+0530 [DEBUG] [org.gradle.cache.internal.DefaultFileLockManager] Waiting to acquire shared lock on daemon addresses registry.
2024-10-22T11:14:41.785+0530 [DEBUG] [org.gradle.cache.internal.DefaultFileLockManager] Lock acquired on daemon addresses registry.
2024-10-22T11:14:41.786+0530 [DEBUG] [org.gradle.cache.internal.DefaultFileLockManager] Releasing lock on daemon addresses registry.
2024-10-22T11:14:41.788+0530 [DEBUG] [org.gradle.cache.internal.DefaultFileLockManager] Waiting to acquire shared lock on daemon addresses registry.
2024-10-22T11:14:41.788+0530 [DEBUG] [org.gradle.cache.internal.DefaultFileLockManager] Lock acquired on daemon addresses registry.
2024-10-22T11:14:41.788+0530 [DEBUG] [org.gradle.cache.internal.DefaultFileLockManager] Releasing lock on daemon addresses registry.
2024-10-22T11:14:41.789+0530 [DEBUG] [org.gradle.cache.internal.DefaultFileLockManager] Waiting to acquire shared lock on daemon addresses registry.
2024-10-22T11:14:41.790+0530 [DEBUG] [org.gradle.cache.internal.DefaultFileLockManager] Lock acquired on daemon addresses registry.
2024-10-22T11:14:41.792+0530 [DEBUG] [org.gradle.cache.internal.DefaultFileLockManager] Releasing lock on daemon addresses registry.
2024-10-22T11:14:41.793+0530 [DEBUG] [org.gradle.cache.internal.DefaultFileLockManager] Waiting to acquire shared lock on daemon addresses registry.
2024-10-22T11:14:41.793+0530 [DEBUG] [org.gradle.cache.internal.DefaultFileLockManager] Lock acquired on daemon addresses registry.
2024-10-22T11:14:41.794+0530 [DEBUG] [org.gradle.cache.internal.DefaultFileLockManager] Releasing lock on daemon addresses registry.
2024-10-22T11:14:41.795+0530 [DEBUG] [org.gradle.cache.internal.DefaultFileLockManager] Waiting to acquire shared lock on daemon addresses registry.
2024-10-22T11:14:41.795+0530 [DEBUG] [org.gradle.cache.internal.DefaultFileLockManager] Lock acquired on daemon addresses registry.
2024-10-22T11:14:41.796+0530 [DEBUG] [org.gradle.cache.internal.DefaultFileLockManager] Releasing lock on daemon addresses registry.
2024-10-22T11:14:41.797+0530 [DEBUG] [org.gradle.cache.internal.DefaultFileLockManager] Waiting to acquire shared lock on daemon addresses registry.
2024-10-22T11:14:41.797+0530 [DEBUG] [org.gradle.cache.internal.DefaultFileLockManager] Lock acquired on daemon addresses registry.
2024-10-22T11:14:41.798+0530 [DEBUG] [org.gradle.cache.internal.DefaultFileLockManager] Releasing lock on daemon addresses registry.
2024-10-22T11:14:41.798+0530 [DEBUG] [org.gradle.cache.internal.DefaultFileLockManager] Waiting to acquire shared lock on daemon addresses registry.
2024-10-22T11:14:41.799+0530 [DEBUG] [org.gradle.cache.internal.DefaultFileLockManager] Lock acquired on daemon addresses registry.
2024-10-22T11:14:41.800+0530 [DEBUG] [org.gradle.cache.internal.DefaultFileLockManager] Releasing lock on daemon addresses registry.
2024-10-22T11:14:41.801+0530 [DEBUG] [org.gradle.cache.internal.DefaultFileLockManager] Waiting to acquire shared lock on daemon addresses registry.
2024-10-22T11:14:41.802+0530 [DEBUG] [org.gradle.cache.internal.DefaultFileLockManager] Lock acquired on daemon addresses registry.
2024-10-22T11:14:41.802+0530 [DEBUG] [org.gradle.cache.internal.DefaultFileLockManager] Releasing lock on daemon addresses registry.
2024-10-22T11:14:41.804+0530 [DEBUG] [org.gradle.cache.internal.DefaultFileLockManager] Waiting to acquire shared lock on daemon addresses registry.
2024-10-22T11:14:41.805+0530 [DEBUG] [org.gradle.cache.internal.DefaultFileLockManager] Lock acquired on daemon addresses registry.
2024-10-22T11:14:41.805+0530 [DEBUG] [org.gradle.cache.internal.DefaultFileLockManager] Releasing lock on daemon addresses registry.
2024-10-22T11:14:41.806+0530 [DEBUG] [org.gradle.cache.internal.DefaultFileLockManager] Waiting to acquire shared lock on daemon addresses registry.
2024-10-22T11:14:41.807+0530 [DEBUG] [org.gradle.cache.internal.DefaultFileLockManager] Lock acquired on daemon addresses registry.
2024-10-22T11:14:41.808+0530 [DEBUG] [org.gradle.cache.internal.DefaultFileLockManager] Releasing lock on daemon addresses registry.
2024-10-22T11:14:41.808+0530 [DEBUG] [org.gradle.cache.internal.DefaultFileLockManager] Waiting to acquire shared lock on daemon addresses registry.
2024-10-22T11:14:41.809+0530 [DEBUG] [org.gradle.cache.internal.DefaultFileLockManager] Lock acquired on daemon addresses registry.
2024-10-22T11:14:41.809+0530 [DEBUG] [org.gradle.cache.internal.DefaultFileLockManager] Releasing lock on daemon addresses registry.
2024-10-22T11:14:41.811+0530 [DEBUG] [org.gradle.cache.internal.DefaultFileLockManager] Waiting to acquire shared lock on daemon addresses registry.
2024-10-22T11:14:41.813+0530 [DEBUG] [org.gradle.cache.internal.DefaultFileLockManager] Lock acquired on daemon addresses registry.
2024-10-22T11:14:41.813+0530 [DEBUG] [org.gradle.cache.internal.DefaultFileLockManager] Releasing lock on daemon addresses registry.
2024-10-22T11:14:41.814+0530 [DEBUG] [org.gradle.cache.internal.DefaultFileLockManager] Waiting to acquire shared lock on daemon addresses registry.
2024-10-22T11:14:41.814+0530 [DEBUG] [org.gradle.cache.internal.DefaultFileLockManager] Lock acquired on daemon addresses registry.
2024-10-22T11:14:41.815+0530 [DEBUG] [org.gradle.cache.internal.DefaultFileLockManager] Releasing lock on daemon addresses registry.
2024-10-22T11:14:41.816+0530 [DEBUG] [org.gradle.cache.internal.DefaultFileLockManager] Waiting to acquire shared lock on daemon addresses registry.
2024-10-22T11:14:41.816+0530 [DEBUG] [org.gradle.cache.internal.DefaultFileLockManager] Lock acquired on daemon addresses registry.
2024-10-22T11:14:41.816+0530 [DEBUG] [org.gradle.cache.internal.DefaultFileLockManager] Releasing lock on daemon addresses registry.
2024-10-22T11:14:41.818+0530 [DEBUG] [org.gradle.cache.internal.DefaultFileLockManager] Waiting to acquire shared lock on daemon addresses registry.
2024-10-22T11:14:41.818+0530 [DEBUG] [org.gradle.cache.internal.DefaultFileLockManager] Lock acquired on daemon addresses registry.
2024-10-22T11:14:41.819+0530 [DEBUG] [org.gradle.cache.internal.DefaultFileLockManager] Releasing lock on daemon addresses registry.
2024-10-22T11:14:41.820+0530 [DEBUG] [org.gradle.cache.internal.DefaultFileLockManager] Waiting to acquire shared lock on daemon addresses registry.
2024-10-22T11:14:41.820+0530 [DEBUG] [org.gradle.cache.internal.DefaultFileLockManager] Lock acquired on daemon addresses registry.
2024-10-22T11:14:41.821+0530 [DEBUG] [org.gradle.cache.internal.DefaultFileLockManager] Releasing lock on daemon addresses registry.
2024-10-22T11:14:41.822+0530 [DEBUG] [org.gradle.cache.internal.DefaultFileLockManager] Waiting to acquire shared lock on daemon addresses registry.
2024-10-22T11:14:41.823+0530 [DEBUG] [org.gradle.cache.internal.DefaultFileLockManager] Lock acquired on daemon addresses registry.
2024-10-22T11:14:41.823+0530 [DEBUG] [org.gradle.cache.internal.DefaultFileLockManager] Releasing lock on daemon addresses registry.
2024-10-22T11:14:41.824+0530 [DEBUG] [org.gradle.cache.internal.DefaultFileLockManager] Waiting to acquire shared lock on daemon addresses registry.
2024-10-22T11:14:41.824+0530 [DEBUG] [org.gradle.cache.internal.DefaultFileLockManager] Lock acquired on daemon addresses registry.
2024-10-22T11:14:41.825+0530 [DEBUG] [org.gradle.cache.internal.DefaultFileLockManager] Releasing lock on daemon addresses registry.
2024-10-22T11:14:41.825+0530 [DEBUG] [org.gradle.cache.internal.DefaultFileLockManager] Waiting to acquire shared lock on daemon addresses registry.
2024-10-22T11:14:41.826+0530 [DEBUG] [org.gradle.cache.internal.DefaultFileLockManager] Lock acquired on daemon addresses registry.
2024-10-22T11:14:41.891+0530 [DEBUG] [org.gradle.cache.internal.DefaultFileLockManager] Releasing lock on daemon addresses registry.
2024-10-22T11:14:41.893+0530 [DEBUG] [org.gradle.cache.internal.DefaultFileLockManager] Waiting to acquire shared lock on daemon addresses registry.
2024-10-22T11:14:41.894+0530 [DEBUG] [org.gradle.cache.internal.DefaultFileLockManager] Lock acquired on daemon addresses registry.
2024-10-22T11:14:41.895+0530 [DEBUG] [org.gradle.cache.internal.DefaultFileLockManager] Releasing lock on daemon addresses registry.
2024-10-22T11:14:41.896+0530 [DEBUG] [org.gradle.cache.internal.DefaultFileLockManager] Waiting to acquire shared lock on daemon addresses registry.
2024-10-22T11:14:41.897+0530 [DEBUG] [org.gradle.cache.internal.DefaultFileLockManager] Lock acquired on daemon addresses registry.
2024-10-22T11:14:41.898+0530 [DEBUG] [org.gradle.cache.internal.DefaultFileLockManager] Releasing lock on daemon addresses registry.
2024-10-22T11:14:41.900+0530 [DEBUG] [org.gradle.cache.internal.DefaultFileLockManager] Waiting to acquire shared lock on daemon addresses registry.
2024-10-22T11:14:41.900+0530 [DEBUG] [org.gradle.cache.internal.DefaultFileLockManager] Lock acquired on daemon addresses registry.
2024-10-22T11:14:41.901+0530 [DEBUG] [org.gradle.cache.internal.DefaultFileLockManager] Releasing lock on daemon addresses registry.
2024-10-22T11:14:41.903+0530 [DEBUG] [org.gradle.cache.internal.DefaultFileLockManager] Waiting to acquire shared lock on daemon addresses registry.
2024-10-22T11:14:41.903+0530 [DEBUG] [org.gradle.cache.internal.DefaultFileLockManager] Lock acquired on daemon addresses registry.
2024-10-22T11:14:41.904+0530 [DEBUG] [org.gradle.cache.internal.DefaultFileLockManager] Releasing lock on daemon addresses registry.
2024-10-22T11:14:41.911+0530 [DEBUG] [org.gradle.cache.internal.DefaultFileLockManager] Waiting to acquire shared lock on daemon addresses registry.
2024-10-22T11:14:41.918+0530 [DEBUG] [org.gradle.cache.internal.DefaultFileLockManager] Lock acquired on daemon addresses registry.
2024-10-22T11:14:41.920+0530 [DEBUG] [org.gradle.cache.internal.DefaultFileLockManager] Releasing lock on daemon addresses registry.
2024-10-22T11:14:41.921+0530 [DEBUG] [org.gradle.cache.internal.DefaultFileLockManager] Waiting to acquire shared lock on daemon addresses registry.
2024-10-22T11:14:41.922+0530 [DEBUG] [org.gradle.cache.internal.DefaultFileLockManager] Lock acquired on daemon addresses registry.
2024-10-22T11:14:41.924+0530 [DEBUG] [org.gradle.cache.internal.DefaultFileLockManager] Releasing lock on daemon addresses registry.
2024-10-22T11:14:41.925+0530 [DEBUG] [org.gradle.cache.internal.DefaultFileLockManager] Waiting to acquire shared lock on daemon addresses registry.
2024-10-22T11:14:41.925+0530 [DEBUG] [org.gradle.cache.internal.DefaultFileLockManager] Lock acquired on daemon addresses registry.
2024-10-22T11:14:41.997+0530 [DEBUG] [org.gradle.cache.internal.DefaultFileLockManager] Releasing lock on daemon addresses registry.
2024-10-22T11:14:42.000+0530 [DEBUG] [org.gradle.cache.internal.DefaultFileLockManager] Waiting to acquire shared lock on daemon addresses registry.
2024-10-22T11:14:42.001+0530 [DEBUG] [org.gradle.cache.internal.DefaultFileLockManager] Lock acquired on daemon addresses registry.
2024-10-22T11:14:42.001+0530 [DEBUG] [org.gradle.cache.internal.DefaultFileLockManager] Releasing lock on daemon addresses registry.
2024-10-22T11:14:42.002+0530 [DEBUG] [org.gradle.cache.internal.DefaultFileLockManager] Waiting to acquire shared lock on daemon addresses registry.
2024-10-22T11:14:42.003+0530 [DEBUG] [org.gradle.cache.internal.DefaultFileLockManager] Lock acquired on daemon addresses registry.
2024-10-22T11:14:42.004+0530 [DEBUG] [org.gradle.cache.internal.DefaultFileLockManager] Releasing lock on daemon addresses registry.
2024-10-22T11:14:42.005+0530 [DEBUG] [org.gradle.cache.internal.DefaultFileLockManager] Waiting to acquire shared lock on daemon addresses registry.
2024-10-22T11:14:42.005+0530 [DEBUG] [org.gradle.cache.internal.DefaultFileLockManager] Lock acquired on daemon addresses registry.
2024-10-22T11:14:42.006+0530 [DEBUG] [org.gradle.cache.internal.DefaultFileLockManager] Releasing lock on daemon addresses registry.
2024-10-22T11:14:42.008+0530 [DEBUG] [org.gradle.cache.internal.DefaultFileLockManager] Waiting to acquire shared lock on daemon addresses registry.
2024-10-22T11:14:42.009+0530 [DEBUG] [org.gradle.cache.internal.DefaultFileLockManager] Lock acquired on daemon addresses registry.
2024-10-22T11:14:42.009+0530 [DEBUG] [org.gradle.cache.internal.DefaultFileLockManager] Releasing lock on daemon addresses registry.
2024-10-22T11:14:42.011+0530 [DEBUG] [org.gradle.cache.internal.DefaultFileLockManager] Waiting to acquire shared lock on daemon addresses registry.
2024-10-22T11:14:42.011+0530 [DEBUG] [org.gradle.cache.internal.DefaultFileLockManager] Lock acquired on daemon addresses registry.
2024-10-22T11:14:42.012+0530 [DEBUG] [org.gradle.cache.internal.DefaultFileLockManager] Releasing lock on daemon addresses registry.
2024-10-22T11:14:42.013+0530 [DEBUG] [org.gradle.cache.internal.DefaultFileLockManager] Waiting to acquire shared lock on daemon addresses registry.
2024-10-22T11:14:42.013+0530 [DEBUG] [org.gradle.cache.internal.DefaultFileLockManager] Lock acquired on daemon addresses registry.
2024-10-22T11:14:42.014+0530 [DEBUG] [org.gradle.cache.internal.DefaultFileLockManager] Releasing lock on daemon addresses registry.
2024-10-22T11:14:42.014+0530 [DEBUG] [org.gradle.cache.internal.DefaultFileLockManager] Waiting to acquire shared lock on daemon addresses registry.
2024-10-22T11:14:42.015+0530 [DEBUG] [org.gradle.cache.internal.DefaultFileLockManager] Lock acquired on daemon addresses registry.
2024-10-22T11:14:42.015+0530 [DEBUG] [org.gradle.cache.internal.DefaultFileLockManager] Releasing lock on daemon addresses registry.
2024-10-22T11:14:42.019+0530 [DEBUG] [org.gradle.cache.internal.DefaultFileLockManager] Waiting to acquire shared lock on daemon addresses registry.
2024-10-22T11:14:42.020+0530 [DEBUG] [org.gradle.cache.internal.DefaultFileLockManager] Lock acquired on daemon addresses registry.
2024-10-22T11:14:42.021+0530 [DEBUG] [org.gradle.cache.internal.DefaultFileLockManager] Releasing lock on daemon addresses registry.
2024-10-22T11:14:42.022+0530 [DEBUG] [org.gradle.cache.internal.DefaultFileLockManager] Waiting to acquire shared lock on daemon addresses registry.
2024-10-22T11:14:42.023+0530 [DEBUG] [org.gradle.cache.internal.DefaultFileLockManager] Lock acquired on daemon addresses registry.
2024-10-22T11:14:42.024+0530 [DEBUG] [org.gradle.cache.internal.DefaultFileLockManager] Releasing lock on daemon addresses registry.
2024-10-22T11:14:42.025+0530 [DEBUG] [org.gradle.cache.internal.DefaultFileLockManager] Waiting to acquire shared lock on daemon addresses registry.
2024-10-22T11:14:42.025+0530 [DEBUG] [org.gradle.cache.internal.DefaultFileLockManager] Lock acquired on daemon addresses registry.
2024-10-22T11:14:42.025+0530 [DEBUG] [org.gradle.cache.internal.DefaultFileLockManager] Releasing lock on daemon addresses registry.
2024-10-22T11:14:42.026+0530 [DEBUG] [org.gradle.cache.internal.DefaultFileLockManager] Waiting to acquire shared lock on daemon addresses registry.
2024-10-22T11:14:42.026+0530 [DEBUG] [org.gradle.cache.internal.DefaultFileLockManager] Lock acquired on daemon addresses registry.
2024-10-22T11:14:42.027+0530 [DEBUG] [org.gradle.cache.internal.DefaultFileLockManager] Releasing lock on daemon addresses registry.
2024-10-22T11:14:42.027+0530 [DEBUG] [org.gradle.cache.internal.DefaultFileLockManager] Waiting to acquire shared lock on daemon addresses registry.
2024-10-22T11:14:42.028+0530 [DEBUG] [org.gradle.cache.internal.DefaultFileLockManager] Lock acquired on daemon addresses registry.
2024-10-22T11:14:42.028+0530 [DEBUG] [org.gradle.cache.internal.DefaultFileLockManager] Releasing lock on daemon addresses registry.
2024-10-22T11:14:42.029+0530 [DEBUG] [org.gradle.cache.internal.DefaultFileLockManager] Waiting to acquire shared lock on daemon addresses registry.
2024-10-22T11:14:42.029+0530 [DEBUG] [org.gradle.cache.internal.DefaultFileLockManager] Lock acquired on daemon addresses registry.
2024-10-22T11:14:42.029+0530 [DEBUG] [org.gradle.cache.internal.DefaultFileLockManager] Releasing lock on daemon addresses registry.
2024-10-22T11:14:42.030+0530 [DEBUG] [org.gradle.cache.internal.DefaultFileLockManager] Waiting to acquire shared lock on daemon addresses registry.
2024-10-22T11:14:42.031+0530 [DEBUG] [org.gradle.cache.internal.DefaultFileLockManager] Lock acquired on daemon addresses registry.
2024-10-22T11:14:42.031+0530 [DEBUG] [org.gradle.cache.internal.DefaultFileLockManager] Releasing lock on daemon addresses registry.
2024-10-22T11:14:42.032+0530 [DEBUG] [org.gradle.cache.internal.DefaultFileLockManager] Waiting to acquire shared lock on daemon addresses registry.
2024-10-22T11:14:42.032+0530 [DEBUG] [org.gradle.cache.internal.DefaultFileLockManager] Lock acquired on daemon addresses registry.
2024-10-22T11:14:42.033+0530 [DEBUG] [org.gradle.cache.internal.DefaultFileLockManager] Releasing lock on daemon addresses registry.
2024-10-22T11:14:42.034+0530 [DEBUG] [org.gradle.cache.internal.DefaultFileLockManager] Waiting to acquire shared lock on daemon addresses registry.
2024-10-22T11:14:42.034+0530 [DEBUG] [org.gradle.cache.internal.DefaultFileLockManager] Lock acquired on daemon addresses registry.
2024-10-22T11:14:42.034+0530 [DEBUG] [org.gradle.cache.internal.DefaultFileLockManager] Releasing lock on daemon addresses registry.
2024-10-22T11:14:42.035+0530 [DEBUG] [org.gradle.cache.internal.DefaultFileLockManager] Waiting to acquire shared lock on daemon addresses registry.
2024-10-22T11:14:42.035+0530 [DEBUG] [org.gradle.cache.internal.DefaultFileLockManager] Lock acquired on daemon addresses registry.
2024-10-22T11:14:42.035+0530 [DEBUG] [org.gradle.cache.internal.DefaultFileLockManager] Releasing lock on daemon addresses registry.
2024-10-22T11:14:42.036+0530 [DEBUG] [org.gradle.cache.internal.DefaultFileLockManager] Waiting to acquire shared lock on daemon addresses registry.
2024-10-22T11:14:42.036+0530 [DEBUG] [org.gradle.cache.internal.DefaultFileLockManager] Lock acquired on daemon addresses registry.
2024-10-22T11:14:42.036+0530 [DEBUG] [org.gradle.cache.internal.DefaultFileLockManager] Releasing lock on daemon addresses registry.
2024-10-22T11:14:42.038+0530 [DEBUG] [org.gradle.cache.internal.DefaultFileLockManager] Waiting to acquire shared lock on daemon addresses registry.
2024-10-22T11:14:42.038+0530 [DEBUG] [org.gradle.cache.internal.DefaultFileLockManager] Lock acquired on daemon addresses registry.
2024-10-22T11:14:42.038+0530 [DEBUG] [org.gradle.cache.internal.DefaultFileLockManager] Releasing lock on daemon addresses registry.
2024-10-22T11:14:42.041+0530 [DEBUG] [org.gradle.cache.internal.DefaultFileLockManager] Waiting to acquire shared lock on daemon addresses registry.
2024-10-22T11:14:42.042+0530 [DEBUG] [org.gradle.cache.internal.DefaultFileLockManager] Lock acquired on daemon addresses registry.
2024-10-22T11:14:42.042+0530 [DEBUG] [org.gradle.cache.internal.DefaultFileLockManager] Releasing lock on daemon addresses registry.
2024-10-22T11:14:42.053+0530 [DEBUG] [org.gradle.cache.internal.DefaultFileLockManager] Waiting to acquire shared lock on daemon addresses registry.
2024-10-22T11:14:42.053+0530 [DEBUG] [org.gradle.cache.internal.DefaultFileLockManager] Lock acquired on daemon addresses registry.
2024-10-22T11:14:42.054+0530 [DEBUG] [org.gradle.cache.internal.DefaultFileLockManager] Releasing lock on daemon addresses registry.
2024-10-22T11:14:42.057+0530 [DEBUG] [org.gradle.cache.internal.DefaultFileLockManager] Waiting to acquire shared lock on daemon addresses registry.
2024-10-22T11:14:42.057+0530 [DEBUG] [org.gradle.cache.internal.DefaultFileLockManager] Lock acquired on daemon addresses registry.
2024-10-22T11:14:42.058+0530 [DEBUG] [org.gradle.cache.internal.DefaultFileLockManager] Releasing lock on daemon addresses registry.
2024-10-22T11:14:42.059+0530 [DEBUG] [org.gradle.cache.internal.DefaultFileLockManager] Waiting to acquire shared lock on daemon addresses registry.
2024-10-22T11:14:42.060+0530 [DEBUG] [org.gradle.cache.internal.DefaultFileLockManager] Lock acquired on daemon addresses registry.
2024-10-22T11:14:42.061+0530 [DEBUG] [org.gradle.cache.internal.DefaultFileLockManager] Releasing lock on daemon addresses registry.
2024-10-22T11:14:42.061+0530 [DEBUG] [org.gradle.cache.internal.DefaultFileLockManager] Waiting to acquire shared lock on daemon addresses registry.
2024-10-22T11:14:42.062+0530 [DEBUG] [org.gradle.cache.internal.DefaultFileLockManager] Lock acquired on daemon addresses registry.
2024-10-22T11:14:42.063+0530 [DEBUG] [org.gradle.cache.internal.DefaultFileLockManager] Releasing lock on daemon addresses registry.
2024-10-22T11:14:42.064+0530 [DEBUG] [org.gradle.cache.internal.DefaultFileLockManager] Waiting to acquire shared lock on daemon addresses registry.
2024-10-22T11:14:42.064+0530 [DEBUG] [org.gradle.cache.internal.DefaultFileLockManager] Lock acquired on daemon addresses registry.
2024-10-22T11:14:42.064+0530 [DEBUG] [org.gradle.cache.internal.DefaultFileLockManager] Releasing lock on daemon addresses registry.
2024-10-22T11:14:42.065+0530 [DEBUG] [org.gradle.cache.internal.DefaultFileLockManager] Waiting to acquire shared lock on daemon addresses registry.
2024-10-22T11:14:42.065+0530 [DEBUG] [org.gradle.cache.internal.DefaultFileLockManager] Lock acquired on daemon addresses registry.
2024-10-22T11:14:42.066+0530 [DEBUG] [org.gradle.cache.internal.DefaultFileLockManager] Releasing lock on daemon addresses registry.
2024-10-22T11:14:42.066+0530 [DEBUG] [org.gradle.cache.internal.DefaultFileLockManager] Waiting to acquire shared lock on daemon addresses registry.
2024-10-22T11:14:42.067+0530 [DEBUG] [org.gradle.cache.internal.DefaultFileLockManager] Lock acquired on daemon addresses registry.
2024-10-22T11:14:42.068+0530 [DEBUG] [org.gradle.cache.internal.DefaultFileLockManager] Releasing lock on daemon addresses registry.
2024-10-22T11:14:42.069+0530 [DEBUG] [org.gradle.cache.internal.DefaultFileLockManager] Waiting to acquire shared lock on daemon addresses registry.
2024-10-22T11:14:42.069+0530 [DEBUG] [org.gradle.cache.internal.DefaultFileLockManager] Lock acquired on daemon addresses registry.
2024-10-22T11:14:42.070+0530 [DEBUG] [org.gradle.cache.internal.DefaultFileLockManager] Releasing lock on daemon addresses registry.
2024-10-22T11:14:42.070+0530 [DEBUG] [org.gradle.cache.internal.DefaultFileLockManager] Waiting to acquire shared lock on daemon addresses registry.
2024-10-22T11:14:42.071+0530 [DEBUG] [org.gradle.cache.internal.DefaultFileLockManager] Lock acquired on daemon addresses registry.
2024-10-22T11:14:42.071+0530 [DEBUG] [org.gradle.cache.internal.DefaultFileLockManager] Releasing lock on daemon addresses registry.
2024-10-22T11:14:42.072+0530 [DEBUG] [org.gradle.cache.internal.DefaultFileLockManager] Waiting to acquire shared lock on daemon addresses registry.
2024-10-22T11:14:42.073+0530 [DEBUG] [org.gradle.cache.internal.DefaultFileLockManager] Lock acquired on daemon addresses registry.
2024-10-22T11:14:42.073+0530 [DEBUG] [org.gradle.cache.internal.DefaultFileLockManager] Releasing lock on daemon addresses registry.
2024-10-22T11:14:42.074+0530 [DEBUG] [org.gradle.cache.internal.DefaultFileLockManager] Waiting to acquire shared lock on daemon addresses registry.
2024-10-22T11:14:42.075+0530 [DEBUG] [org.gradle.cache.internal.DefaultFileLockManager] Lock acquired on daemon addresses registry.
2024-10-22T11:14:42.076+0530 [DEBUG] [org.gradle.cache.internal.DefaultFileLockManager] Releasing lock on daemon addresses registry.
2024-10-22T11:14:42.077+0530 [DEBUG] [org.gradle.cache.internal.DefaultFileLockManager] Waiting to acquire shared lock on daemon addresses registry.
2024-10-22T11:14:42.077+0530 [DEBUG] [org.gradle.cache.internal.DefaultFileLockManager] Lock acquired on daemon addresses registry.
2024-10-22T11:14:42.078+0530 [DEBUG] [org.gradle.cache.internal.DefaultFileLockManager] Releasing lock on daemon addresses registry.
2024-10-22T11:14:42.078+0530 [DEBUG] [org.gradle.cache.internal.DefaultFileLockManager] Waiting to acquire shared lock on daemon addresses registry.
2024-10-22T11:14:42.079+0530 [DEBUG] [org.gradle.cache.internal.DefaultFileLockManager] Lock acquired on daemon addresses registry.
2024-10-22T11:14:42.079+0530 [DEBUG] [org.gradle.cache.internal.DefaultFileLockManager] Releasing lock on daemon addresses registry.
2024-10-22T11:14:42.080+0530 [DEBUG] [org.gradle.cache.internal.DefaultFileLockManager] Waiting to acquire shared lock on daemon addresses registry.
2024-10-22T11:14:42.081+0530 [DEBUG] [org.gradle.cache.internal.DefaultFileLockManager] Lock acquired on daemon addresses registry.
2024-10-22T11:14:42.081+0530 [DEBUG] [org.gradle.cache.internal.DefaultFileLockManager] Releasing lock on daemon addresses registry.
2024-10-22T11:14:42.082+0530 [DEBUG] [org.gradle.cache.internal.DefaultFileLockManager] Waiting to acquire shared lock on daemon addresses registry.
2024-10-22T11:14:42.082+0530 [DEBUG] [org.gradle.cache.internal.DefaultFileLockManager] Lock acquired on daemon addresses registry.
2024-10-22T11:14:42.083+0530 [DEBUG] [org.gradle.cache.internal.DefaultFileLockManager] Releasing lock on daemon addresses registry.
2024-10-22T11:14:42.084+0530 [DEBUG] [org.gradle.cache.internal.DefaultFileLockManager] Waiting to acquire shared lock on daemon addresses registry.
2024-10-22T11:14:42.084+0530 [DEBUG] [org.gradle.cache.internal.DefaultFileLockManager] Lock acquired on daemon addresses registry.
2024-10-22T11:14:42.085+0530 [DEBUG] [org.gradle.cache.internal.DefaultFileLockManager] Releasing lock on daemon addresses registry.
2024-10-22T11:14:42.088+0530 [DEBUG] [org.gradle.cache.internal.DefaultFileLockManager] Waiting to acquire shared lock on daemon addresses registry.
2024-10-22T11:14:42.088+0530 [DEBUG] [org.gradle.cache.internal.DefaultFileLockManager] Lock acquired on daemon addresses registry.
2024-10-22T11:14:42.089+0530 [DEBUG] [org.gradle.cache.internal.DefaultFileLockManager] Releasing lock on daemon addresses registry.
2024-10-22T11:14:42.164+0530 [DEBUG] [org.gradle.cache.internal.DefaultFileLockManager] Waiting to acquire shared lock on daemon addresses registry.
2024-10-22T11:14:42.166+0530 [DEBUG] [org.gradle.cache.internal.DefaultFileLockManager] Lock acquired on daemon addresses registry.
2024-10-22T11:14:42.198+0530 [DEBUG] [org.gradle.cache.internal.DefaultFileLockManager] Releasing lock on daemon addresses registry.
2024-10-22T11:14:42.199+0530 [DEBUG] [org.gradle.cache.internal.DefaultFileLockManager] Waiting to acquire shared lock on daemon addresses registry.
2024-10-22T11:14:42.199+0530 [DEBUG] [org.gradle.cache.internal.DefaultFileLockManager] Lock acquired on daemon addresses registry.
2024-10-22T11:14:42.200+0530 [DEBUG] [org.gradle.cache.internal.DefaultFileLockManager] Releasing lock on daemon addresses registry.
2024-10-22T11:14:42.212+0530 [DEBUG] [org.gradle.cache.internal.DefaultFileLockManager] Waiting to acquire shared lock on daemon addresses registry.
2024-10-22T11:14:42.220+0530 [DEBUG] [org.gradle.cache.internal.DefaultFileLockManager] Lock acquired on daemon addresses registry.
2024-10-22T11:14:42.322+0530 [DEBUG] [org.gradle.process.internal.health.memory.DefaultMemoryManager] 831603097 memory requested, 440561664 free
2024-10-22T11:14:42.322+0530 [DEBUG] [org.gradle.workers.internal.WorkerDaemonExpiration] Will attempt to release 793 of memory
2024-10-22T11:14:42.322+0530 [DEBUG] [org.gradle.process.internal.health.memory.DefaultMemoryManager] 831603097 memory requested, 0 released, 440561664 free
2024-10-22T11:14:42.323+0530 [DEBUG] [org.gradle.process.internal.health.memory.DefaultMemoryManager] 831603097 memory requested, 441069568 free
2024-10-22T11:14:42.323+0530 [DEBUG] [org.gradle.workers.internal.WorkerDaemonExpiration] Will attempt to release 793 of memory
2024-10-22T11:14:42.323+0530 [DEBUG] [org.gradle.process.internal.health.memory.DefaultMemoryManager] 831603097 memory requested, 0 released, 441069568 free
2024-10-22T11:14:42.323+0530 [DEBUG] [org.gradle.process.internal.health.memory.DefaultMemoryManager] 831603097 memory requested, 441229312 free
2024-10-22T11:14:42.323+0530 [DEBUG] [org.gradle.workers.internal.WorkerDaemonExpiration] Will attempt to release 793 of memory
2024-10-22T11:14:42.324+0530 [DEBUG] [org.gradle.process.internal.health.memory.DefaultMemoryManager] 831603097 memory requested, 0 released, 441229312 free
2024-10-22T11:14:42.324+0530 [DEBUG] [org.gradle.process.internal.health.memory.DefaultMemoryManager] 831603097 memory requested, 441327616 free
2024-10-22T11:14:42.404+0530 [DEBUG] [org.gradle.workers.internal.WorkerDaemonExpiration] Will attempt to release 793 of memory
2024-10-22T11:14:42.326+0530 [DEBUG] [org.gradle.cache.internal.DefaultFileLockManager] Releasing lock on daemon addresses registry.
2024-10-22T11:14:42.406+0530 [DEBUG] [org.gradle.cache.internal.DefaultFileLockManager] Waiting to acquire shared lock on daemon addresses registry.
2024-10-22T11:14:42.406+0530 [DEBUG] [org.gradle.cache.internal.DefaultFileLockManager] Lock acquired on daemon addresses registry.
2024-10-22T11:14:42.406+0530 [DEBUG] [org.gradle.cache.internal.DefaultFileLockManager] Releasing lock on daemon addresses registry.
2024-10-22T11:14:42.404+0530 [DEBUG] [org.gradle.process.internal.health.memory.DefaultMemoryManager] 831603097 memory requested, 0 released, 441327616 free
2024-10-22T11:14:42.407+0530 [DEBUG] [org.gradle.cache.internal.DefaultFileLockManager] Waiting to acquire shared lock on daemon addresses registry.
2024-10-22T11:14:42.408+0530 [DEBUG] [org.gradle.process.internal.health.memory.DefaultMemoryManager] 831603097 memory requested, 437927936 free
2024-10-22T11:14:42.408+0530 [DEBUG] [org.gradle.workers.internal.WorkerDaemonExpiration] Will attempt to release 793 of memory
2024-10-22T11:14:42.408+0530 [DEBUG] [org.gradle.cache.internal.DefaultFileLockManager] Lock acquired on daemon addresses registry.
2024-10-22T11:14:42.408+0530 [DEBUG] [org.gradle.cache.internal.DefaultFileLockManager] Releasing lock on daemon addresses registry.
2024-10-22T11:14:42.408+0530 [DEBUG] [org.gradle.process.internal.health.memory.DefaultMemoryManager] 831603097 memory requested, 0 released, 437927936 free
2024-10-22T11:14:42.411+0530 [DEBUG] [org.gradle.cache.internal.DefaultFileLockManager] Waiting to acquire shared lock on daemon addresses registry.
2024-10-22T11:14:42.411+0530 [DEBUG] [org.gradle.process.internal.health.memory.DefaultMemoryManager] 831603097 memory requested, 438046720 free
2024-10-22T11:14:42.411+0530 [DEBUG] [org.gradle.cache.internal.DefaultFileLockManager] Lock acquired on daemon addresses registry.
2024-10-22T11:14:42.411+0530 [DEBUG] [org.gradle.workers.internal.WorkerDaemonExpiration] Will attempt to release 793 of memory
2024-10-22T11:14:42.412+0530 [DEBUG] [org.gradle.process.internal.health.memory.DefaultMemoryManager] 831603097 memory requested, 0 released, 438046720 free
2024-10-22T11:14:42.412+0530 [DEBUG] [org.gradle.cache.internal.DefaultFileLockManager] Releasing lock on daemon addresses registry.
2024-10-22T11:14:42.412+0530 [DEBUG] [org.gradle.process.internal.health.memory.DefaultMemoryManager] 831603097 memory requested, 438210560 free
2024-10-22T11:14:42.412+0530 [DEBUG] [org.gradle.workers.internal.WorkerDaemonExpiration] Will attempt to release 793 of memory
2024-10-22T11:14:42.412+0530 [DEBUG] [org.gradle.process.internal.health.memory.DefaultMemoryManager] 831603097 memory requested, 0 released, 438210560 free
2024-10-22T11:14:42.412+0530 [DEBUG] [org.gradle.process.internal.health.memory.DefaultMemoryManager] 831603097 memory requested, 438222848 free
2024-10-22T11:14:42.413+0530 [DEBUG] [org.gradle.workers.internal.WorkerDaemonExpiration] Will attempt to release 793 of memory
2024-10-22T11:14:42.413+0530 [DEBUG] [org.gradle.process.internal.health.memory.DefaultMemoryManager] 831603097 memory requested, 0 released, 438222848 free
2024-10-22T11:14:42.413+0530 [DEBUG] [org.gradle.cache.internal.DefaultFileLockManager] Waiting to acquire shared lock on daemon addresses registry.
2024-10-22T11:14:42.413+0530 [DEBUG] [org.gradle.cache.internal.DefaultFileLockManager] Lock acquired on daemon addresses registry.
2024-10-22T11:14:42.414+0530 [DEBUG] [org.gradle.cache.internal.DefaultFileLockManager] Releasing lock on daemon addresses registry.
2024-10-22T11:14:42.414+0530 [DEBUG] [org.gradle.cache.internal.DefaultFileLockManager] Waiting to acquire shared lock on daemon addresses registry.
2024-10-22T11:14:42.413+0530 [DEBUG] [org.gradle.process.internal.health.memory.DefaultMemoryManager] 831603097 memory requested, 438308864 free
2024-10-22T11:14:42.415+0530 [DEBUG] [org.gradle.workers.internal.WorkerDaemonExpiration] Will attempt to release 793 of memory
2024-10-22T11:14:42.414+0530 [DEBUG] [org.gradle.cache.internal.DefaultFileLockManager] Lock acquired on daemon addresses registry.
2024-10-22T11:14:42.415+0530 [DEBUG] [org.gradle.process.internal.health.memory.DefaultMemoryManager] 831603097 memory requested, 0 released, 438308864 free
2024-10-22T11:14:42.415+0530 [DEBUG] [org.gradle.cache.internal.DefaultFileLockManager] Releasing lock on daemon addresses registry.
2024-10-22T11:14:42.415+0530 [DEBUG] [org.gradle.process.internal.health.memory.DefaultMemoryManager] 831603097 memory requested, 433688576 free
2024-10-22T11:14:42.415+0530 [DEBUG] [org.gradle.workers.internal.WorkerDaemonExpiration] Will attempt to release 793 of memory
2024-10-22T11:14:42.415+0530 [DEBUG] [org.gradle.process.internal.health.memory.DefaultMemoryManager] 831603097 memory requested, 0 released, 433688576 free
2024-10-22T11:14:42.416+0530 [DEBUG] [org.gradle.process.internal.health.memory.DefaultMemoryManager] 831603097 memory requested, 432177152 free
2024-10-22T11:14:42.416+0530 [DEBUG] [org.gradle.workers.internal.WorkerDaemonExpiration] Will attempt to release 793 of memory
2024-10-22T11:14:42.416+0530 [DEBUG] [org.gradle.process.internal.health.memory.DefaultMemoryManager] 831603097 memory requested, 0 released, 432177152 free
2024-10-22T11:14:42.416+0530 [DEBUG] [org.gradle.cache.internal.DefaultFileLockManager] Waiting to acquire shared lock on daemon addresses registry.
2024-10-22T11:14:42.417+0530 [DEBUG] [org.gradle.cache.internal.DefaultFileLockManager] Lock acquired on daemon addresses registry.
2024-10-22T11:14:42.417+0530 [DEBUG] [org.gradle.process.internal.health.memory.DefaultMemoryManager] 831603097 memory requested, 431460352 free
2024-10-22T11:14:42.417+0530 [DEBUG] [org.gradle.workers.internal.WorkerDaemonExpiration] Will attempt to release 793 of memory
2024-10-22T11:14:42.417+0530 [DEBUG] [org.gradle.process.internal.health.memory.DefaultMemoryManager] 831603097 memory requested, 0 released, 431460352 free
2024-10-22T11:14:42.418+0530 [DEBUG] [org.gradle.process.internal.health.memory.DefaultMemoryManager] 831603097 memory requested, 430460928 free
2024-10-22T11:14:42.418+0530 [DEBUG] [org.gradle.workers.internal.WorkerDaemonExpiration] Will attempt to release 793 of memory
2024-10-22T11:14:42.418+0530 [DEBUG] [org.gradle.process.internal.health.memory.DefaultMemoryManager] 831603097 memory requested, 0 released, 430460928 free
2024-10-22T11:14:42.418+0530 [DEBUG] [org.gradle.cache.internal.DefaultFileLockManager] Releasing lock on daemon addresses registry.
2024-10-22T11:14:42.418+0530 [DEBUG] [org.gradle.process.internal.health.memory.DefaultMemoryManager] 831603097 memory requested, 430460928 free
2024-10-22T11:14:42.418+0530 [DEBUG] [org.gradle.workers.internal.WorkerDaemonExpiration] Will attempt to release 793 of memory
2024-10-22T11:14:42.418+0530 [DEBUG] [org.gradle.process.internal.health.memory.DefaultMemoryManager] 831603097 memory requested, 0 released, 430460928 free
2024-10-22T11:14:42.419+0530 [DEBUG] [org.gradle.process.internal.health.memory.DefaultMemoryManager] 831603097 memory requested, 430579712 free
2024-10-22T11:14:42.419+0530 [DEBUG] [org.gradle.workers.internal.WorkerDaemonExpiration] Will attempt to release 793 of memory
2024-10-22T11:14:42.419+0530 [DEBUG] [org.gradle.process.internal.health.memory.DefaultMemoryManager] 831603097 memory requested, 0 released, 430579712 free
2024-10-22T11:14:42.419+0530 [DEBUG] [org.gradle.process.internal.health.memory.DefaultMemoryManager] 831603097 memory requested, 430673920 free
2024-10-22T11:14:42.419+0530 [DEBUG] [org.gradle.workers.internal.WorkerDaemonExpiration] Will attempt to release 793 of memory
2024-10-22T11:14:42.419+0530 [DEBUG] [org.gradle.cache.internal.DefaultFileLockManager] Waiting to acquire shared lock on daemon addresses registry.
2024-10-22T11:14:42.419+0530 [DEBUG] [org.gradle.process.internal.health.memory.DefaultMemoryManager] 831603097 memory requested, 0 released, 430673920 free
2024-10-22T11:14:42.420+0530 [DEBUG] [org.gradle.cache.internal.DefaultFileLockManager] Lock acquired on daemon addresses registry.
2024-10-22T11:14:42.420+0530 [DEBUG] [org.gradle.process.internal.health.memory.DefaultMemoryManager] 831603097 memory requested, 430907392 free
2024-10-22T11:14:42.420+0530 [DEBUG] [org.gradle.cache.internal.DefaultFileLockManager] Releasing lock on daemon addresses registry.
2024-10-22T11:14:42.420+0530 [DEBUG] [org.gradle.workers.internal.WorkerDaemonExpiration] Will attempt to release 793 of memory
2024-10-22T11:14:42.421+0530 [DEBUG] [org.gradle.process.internal.health.memory.DefaultMemoryManager] 831603097 memory requested, 0 released, 430907392 free
2024-10-22T11:14:42.421+0530 [DEBUG] [org.gradle.process.internal.health.memory.DefaultMemoryManager] 831603097 memory requested, 431144960 free
2024-10-22T11:14:42.421+0530 [DEBUG] [org.gradle.workers.internal.WorkerDaemonExpiration] Will attempt to release 793 of memory
2024-10-22T11:14:42.421+0530 [DEBUG] [org.gradle.process.internal.health.memory.DefaultMemoryManager] 831603097 memory requested, 0 released, 431144960 free
2024-10-22T11:14:42.421+0530 [DEBUG] [org.gradle.cache.internal.DefaultFileLockManager] Waiting to acquire shared lock on daemon addresses registry.
2024-10-22T11:14:42.421+0530 [DEBUG] [org.gradle.process.internal.health.memory.DefaultMemoryManager] 831603097 memory requested, 431271936 free
2024-10-22T11:14:42.422+0530 [DEBUG] [org.gradle.workers.internal.WorkerDaemonExpiration] Will attempt to release 793 of memory
2024-10-22T11:14:42.421+0530 [DEBUG] [org.gradle.cache.internal.DefaultFileLockManager] Lock acquired on daemon addresses registry.
2024-10-22T11:14:42.422+0530 [DEBUG] [org.gradle.cache.internal.DefaultFileLockManager] Releasing lock on daemon addresses registry.
2024-10-22T11:14:42.422+0530 [DEBUG] [org.gradle.process.internal.health.memory.DefaultMemoryManager] 831603097 memory requested, 0 released, 431271936 free
2024-10-22T11:14:42.424+0530 [DEBUG] [org.gradle.cache.internal.DefaultFileLockManager] Waiting to acquire shared lock on daemon addresses registry.
2024-10-22T11:14:42.424+0530 [DEBUG] [org.gradle.process.internal.health.memory.DefaultMemoryManager] 831603097 memory requested, 431849472 free
2024-10-22T11:14:42.424+0530 [DEBUG] [org.gradle.workers.internal.WorkerDaemonExpiration] Will attempt to release 793 of memory
2024-10-22T11:14:42.425+0530 [DEBUG] [org.gradle.process.internal.health.memory.DefaultMemoryManager] 831603097 memory requested, 0 released, 431849472 free
2024-10-22T11:14:42.425+0530 [DEBUG] [org.gradle.cache.internal.DefaultFileLockManager] Lock acquired on daemon addresses registry.
2024-10-22T11:14:42.426+0530 [DEBUG] [org.gradle.process.internal.health.memory.DefaultMemoryManager] 831603097 memory requested, 432128000 free
2024-10-22T11:14:42.427+0530 [DEBUG] [org.gradle.workers.internal.WorkerDaemonExpiration] Will attempt to release 793 of memory
2024-10-22T11:14:42.427+0530 [DEBUG] [org.gradle.process.internal.health.memory.DefaultMemoryManager] 831603097 memory requested, 0 released, 432128000 free
2024-10-22T11:14:42.427+0530 [DEBUG] [org.gradle.cache.internal.DefaultFileLockManager] Releasing lock on daemon addresses registry.
2024-10-22T11:14:42.427+0530 [DEBUG] [org.gradle.process.internal.health.memory.DefaultMemoryManager] 831603097 memory requested, 432504832 free
2024-10-22T11:14:42.427+0530 [DEBUG] [org.gradle.workers.internal.WorkerDaemonExpiration] Will attempt to release 793 of memory
2024-10-22T11:14:42.427+0530 [DEBUG] [org.gradle.process.internal.health.memory.DefaultMemoryManager] 831603097 memory requested, 0 released, 432504832 free
2024-10-22T11:14:42.428+0530 [DEBUG] [org.gradle.process.internal.health.memory.DefaultMemoryManager] 831603097 memory requested, 432607232 free
2024-10-22T11:14:42.428+0530 [DEBUG] [org.gradle.workers.internal.WorkerDaemonExpiration] Will attempt to release 793 of memory
2024-10-22T11:14:42.428+0530 [DEBUG] [org.gradle.process.internal.health.memory.DefaultMemoryManager] 831603097 memory requested, 0 released, 432607232 free
2024-10-22T11:14:42.428+0530 [DEBUG] [org.gradle.cache.internal.DefaultFileLockManager] Waiting to acquire shared lock on daemon addresses registry.
2024-10-22T11:14:42.428+0530 [DEBUG] [org.gradle.cache.internal.DefaultFileLockManager] Lock acquired on daemon addresses registry.
2024-10-22T11:14:42.428+0530 [DEBUG] [org.gradle.process.internal.health.memory.DefaultMemoryManager] 831603097 memory requested, 432631808 free
2024-10-22T11:14:42.429+0530 [DEBUG] [org.gradle.cache.internal.DefaultFileLockManager] Releasing lock on daemon addresses registry.
2024-10-22T11:14:42.429+0530 [DEBUG] [org.gradle.workers.internal.WorkerDaemonExpiration] Will attempt to release 793 of memory
2024-10-22T11:14:42.429+0530 [DEBUG] [org.gradle.process.internal.health.memory.DefaultMemoryManager] 831603097 memory requested, 0 released, 432631808 free
2024-10-22T11:14:42.430+0530 [DEBUG] [org.gradle.process.internal.health.memory.DefaultMemoryManager] 831603097 memory requested, 432869376 free
2024-10-22T11:14:42.430+0530 [DEBUG] [org.gradle.workers.internal.WorkerDaemonExpiration] Will attempt to release 793 of memory
2024-10-22T11:14:42.430+0530 [DEBUG] [org.gradle.cache.internal.DefaultFileLockManager] Waiting to acquire shared lock on daemon addresses registry.
2024-10-22T11:14:42.430+0530 [DEBUG] [org.gradle.process.internal.health.memory.DefaultMemoryManager] 831603097 memory requested, 0 released, 432869376 free
2024-10-22T11:14:42.431+0530 [DEBUG] [org.gradle.cache.internal.DefaultFileLockManager] Lock acquired on daemon addresses registry.
2024-10-22T11:14:42.431+0530 [DEBUG] [org.gradle.process.internal.health.memory.DefaultMemoryManager] 831603097 memory requested, 433004544 free
2024-10-22T11:14:42.431+0530 [DEBUG] [org.gradle.workers.internal.WorkerDaemonExpiration] Will attempt to release 793 of memory
2024-10-22T11:14:42.431+0530 [DEBUG] [org.gradle.process.internal.health.memory.DefaultMemoryManager] 831603097 memory requested, 0 released, 433004544 free
2024-10-22T11:14:42.431+0530 [DEBUG] [org.gradle.process.internal.health.memory.DefaultMemoryManager] 831603097 memory requested, 433045504 free
2024-10-22T11:14:42.431+0530 [DEBUG] [org.gradle.cache.internal.DefaultFileLockManager] Releasing lock on daemon addresses registry.
2024-10-22T11:14:42.431+0530 [DEBUG] [org.gradle.workers.internal.WorkerDaemonExpiration] Will attempt to release 793 of memory
2024-10-22T11:14:42.431+0530 [DEBUG] [org.gradle.process.internal.health.memory.DefaultMemoryManager] 831603097 memory requested, 0 released, 433045504 free
2024-10-22T11:14:42.432+0530 [DEBUG] [org.gradle.process.internal.health.memory.DefaultMemoryManager] 831603097 memory requested, 433176576 free
2024-10-22T11:14:42.432+0530 [DEBUG] [org.gradle.workers.internal.WorkerDaemonExpiration] Will attempt to release 793 of memory
2024-10-22T11:14:42.432+0530 [DEBUG] [org.gradle.process.internal.health.memory.DefaultMemoryManager] 831603097 memory requested, 0 released, 433176576 free
2024-10-22T11:14:42.432+0530 [DEBUG] [org.gradle.process.internal.health.memory.DefaultMemoryManager] 831603097 memory requested, 433176576 free
2024-10-22T11:14:42.432+0530 [DEBUG] [org.gradle.workers.internal.WorkerDaemonExpiration] Will attempt to release 793 of memory
2024-10-22T11:14:42.433+0530 [DEBUG] [org.gradle.process.internal.health.memory.DefaultMemoryManager] 831603097 memory requested, 0 released, 433176576 free
2024-10-22T11:14:42.433+0530 [DEBUG] [org.gradle.cache.internal.DefaultFileLockManager] Waiting to acquire shared lock on daemon addresses registry.
2024-10-22T11:14:42.433+0530 [DEBUG] [org.gradle.process.internal.health.memory.DefaultMemoryManager] 831603097 memory requested, 433274880 free
2024-10-22T11:14:42.433+0530 [DEBUG] [org.gradle.cache.internal.DefaultFileLockManager] Lock acquired on daemon addresses registry.
2024-10-22T11:14:42.433+0530 [DEBUG] [org.gradle.workers.internal.WorkerDaemonExpiration] Will attempt to release 793 of memory
2024-10-22T11:14:42.434+0530 [DEBUG] [org.gradle.process.internal.health.memory.DefaultMemoryManager] 831603097 memory requested, 0 released, 433274880 free
2024-10-22T11:14:42.434+0530 [DEBUG] [org.gradle.process.internal.health.memory.DefaultMemoryManager] 831603097 memory requested, 433537024 free
2024-10-22T11:14:42.434+0530 [DEBUG] [org.gradle.workers.internal.WorkerDaemonExpiration] Will attempt to release 793 of memory
2024-10-22T11:14:42.434+0530 [DEBUG] [org.gradle.process.internal.health.memory.DefaultMemoryManager] 831603097 memory requested, 0 released, 433537024 free
2024-10-22T11:14:42.434+0530 [DEBUG] [org.gradle.cache.internal.DefaultFileLockManager] Releasing lock on daemon addresses registry.
2024-10-22T11:14:42.434+0530 [DEBUG] [org.gradle.process.internal.health.memory.DefaultMemoryManager] 831603097 memory requested, 433557504 free
2024-10-22T11:14:42.434+0530 [DEBUG] [org.gradle.workers.internal.WorkerDaemonExpiration] Will attempt to release 793 of memory
2024-10-22T11:14:42.434+0530 [DEBUG] [org.gradle.process.internal.health.memory.DefaultMemoryManager] 831603097 memory requested, 0 released, 433557504 free
2024-10-22T11:14:42.435+0530 [DEBUG] [org.gradle.process.internal.health.memory.DefaultMemoryManager] 831603097 memory requested, 433647616 free
2024-10-22T11:14:42.435+0530 [DEBUG] [org.gradle.workers.internal.WorkerDaemonExpiration] Will attempt to release 793 of memory
2024-10-22T11:14:42.435+0530 [DEBUG] [org.gradle.process.internal.health.memory.DefaultMemoryManager] 831603097 memory requested, 0 released, 433647616 free
2024-10-22T11:14:42.435+0530 [DEBUG] [org.gradle.process.internal.health.memory.DefaultMemoryManager] 831603097 memory requested, 433655808 free
2024-10-22T11:14:42.435+0530 [DEBUG] [org.gradle.workers.internal.WorkerDaemonExpiration] Will attempt to release 793 of memory
2024-10-22T11:14:42.435+0530 [DEBUG] [org.gradle.cache.internal.DefaultFileLockManager] Waiting to acquire shared lock on daemon addresses registry.
2024-10-22T11:14:42.435+0530 [DEBUG] [org.gradle.process.internal.health.memory.DefaultMemoryManager] 831603097 memory requested, 0 released, 433655808 free
2024-10-22T11:14:42.435+0530 [DEBUG] [org.gradle.cache.internal.DefaultFileLockManager] Lock acquired on daemon addresses registry.
2024-10-22T11:14:42.436+0530 [DEBUG] [org.gradle.process.internal.health.memory.DefaultMemoryManager] 831603097 memory requested, 433770496 free
2024-10-22T11:14:42.436+0530 [DEBUG] [org.gradle.workers.internal.WorkerDaemonExpiration] Will attempt to release 793 of memory
2024-10-22T11:14:42.436+0530 [DEBUG] [org.gradle.process.internal.health.memory.DefaultMemoryManager] 831603097 memory requested, 0 released, 433770496 free
2024-10-22T11:14:42.436+0530 [DEBUG] [org.gradle.process.internal.health.memory.DefaultMemoryManager] 831603097 memory requested, 433905664 free
2024-10-22T11:14:42.436+0530 [DEBUG] [org.gradle.cache.internal.DefaultFileLockManager] Releasing lock on daemon addresses registry.
2024-10-22T11:14:42.436+0530 [DEBUG] [org.gradle.workers.internal.WorkerDaemonExpiration] Will attempt to release 793 of memory
2024-10-22T11:14:42.437+0530 [DEBUG] [org.gradle.process.internal.health.memory.DefaultMemoryManager] 831603097 memory requested, 0 released, 433905664 free
2024-10-22T11:14:42.437+0530 [DEBUG] [org.gradle.cache.internal.DefaultFileLockManager] Waiting to acquire shared lock on daemon addresses registry.
2024-10-22T11:14:42.438+0530 [DEBUG] [org.gradle.cache.internal.DefaultFileLockManager] Lock acquired on daemon addresses registry.
2024-10-22T11:14:42.439+0530 [DEBUG] [org.gradle.cache.internal.DefaultFileLockManager] Releasing lock on daemon addresses registry.
2024-10-22T11:14:42.438+0530 [DEBUG] [org.gradle.process.internal.health.memory.DefaultMemoryManager] 831603097 memory requested, 434139136 free
2024-10-22T11:14:42.440+0530 [DEBUG] [org.gradle.workers.internal.WorkerDaemonExpiration] Will attempt to release 793 of memory
2024-10-22T11:14:42.440+0530 [DEBUG] [org.gradle.process.internal.health.memory.DefaultMemoryManager] 831603097 memory requested, 0 released, 434139136 free
2024-10-22T11:14:42.440+0530 [DEBUG] [org.gradle.cache.internal.DefaultFileLockManager] Waiting to acquire shared lock on daemon addresses registry.
2024-10-22T11:14:42.441+0530 [DEBUG] [org.gradle.cache.internal.DefaultFileLockManager] Lock acquired on daemon addresses registry.
2024-10-22T11:14:42.442+0530 [DEBUG] [org.gradle.cache.internal.DefaultFileLockManager] Releasing lock on daemon addresses registry.
2024-10-22T11:14:42.444+0530 [DEBUG] [org.gradle.cache.internal.DefaultFileLockManager] Waiting to acquire shared lock on daemon addresses registry.
2024-10-22T11:14:42.444+0530 [DEBUG] [org.gradle.cache.internal.DefaultFileLockManager] Lock acquired on daemon addresses registry.
2024-10-22T11:14:42.444+0530 [DEBUG] [org.gradle.cache.internal.DefaultFileLockManager] Releasing lock on daemon addresses registry.
2024-10-22T11:14:42.446+0530 [DEBUG] [org.gradle.cache.internal.DefaultFileLockManager] Waiting to acquire shared lock on daemon addresses registry.
2024-10-22T11:14:42.446+0530 [DEBUG] [org.gradle.cache.internal.DefaultFileLockManager] Lock acquired on daemon addresses registry.
2024-10-22T11:14:42.446+0530 [DEBUG] [org.gradle.cache.internal.DefaultFileLockManager] Releasing lock on daemon addresses registry.
2024-10-22T11:14:42.441+0530 [DEBUG] [org.gradle.process.internal.health.memory.DefaultMemoryManager] 831603097 memory requested, 434585600 free
2024-10-22T11:14:42.456+0530 [DEBUG] [org.gradle.workers.internal.WorkerDaemonExpiration] Will attempt to release 793 of memory
2024-10-22T11:14:42.456+0530 [DEBUG] [org.gradle.process.internal.health.memory.DefaultMemoryManager] 831603097 memory requested, 0 released, 434585600 free
2024-10-22T11:14:42.456+0530 [DEBUG] [org.gradle.process.internal.health.memory.DefaultMemoryManager] 831603097 memory requested, 454393856 free
2024-10-22T11:14:42.458+0530 [DEBUG] [org.gradle.workers.internal.WorkerDaemonExpiration] Will attempt to release 793 of memory
2024-10-22T11:14:42.460+0530 [DEBUG] [org.gradle.process.internal.health.memory.DefaultMemoryManager] 831603097 memory requested, 0 released, 454393856 free
2024-10-22T11:14:42.461+0530 [DEBUG] [org.gradle.process.internal.health.memory.DefaultMemoryManager] 831603097 memory requested, 454647808 free
2024-10-22T11:14:42.461+0530 [DEBUG] [org.gradle.workers.internal.WorkerDaemonExpiration] Will attempt to release 793 of memory
2024-10-22T11:14:42.461+0530 [DEBUG] [org.gradle.process.internal.health.memory.DefaultMemoryManager] 831603097 memory requested, 0 released, 454647808 free
2024-10-22T11:14:42.461+0530 [DEBUG] [org.gradle.process.internal.health.memory.DefaultMemoryManager] 831603097 memory requested, 454787072 free
2024-10-22T11:14:42.466+0530 [DEBUG] [org.gradle.workers.internal.WorkerDaemonExpiration] Will attempt to release 793 of memory
2024-10-22T11:14:42.466+0530 [DEBUG] [org.gradle.process.internal.health.memory.DefaultMemoryManager] 831603097 memory requested, 0 released, 454787072 free
2024-10-22T11:14:42.467+0530 [DEBUG] [org.gradle.process.internal.health.memory.DefaultMemoryManager] 831603097 memory requested, 455016448 free
2024-10-22T11:14:42.467+0530 [DEBUG] [org.gradle.workers.internal.WorkerDaemonExpiration] Will attempt to release 793 of memory
2024-10-22T11:14:42.467+0530 [DEBUG] [org.gradle.process.internal.health.memory.DefaultMemoryManager] 831603097 memory requested, 0 released, 455016448 free
2024-10-22T11:14:42.467+0530 [DEBUG] [org.gradle.process.internal.health.memory.DefaultMemoryManager] 831603097 memory requested, 455163904 free
2024-10-22T11:14:42.467+0530 [DEBUG] [org.gradle.workers.internal.WorkerDaemonExpiration] Will attempt to release 793 of memory
2024-10-22T11:14:42.468+0530 [DEBUG] [org.gradle.process.internal.health.memory.DefaultMemoryManager] 831603097 memory requested, 0 released, 455163904 free
2024-10-22T11:14:42.468+0530 [DEBUG] [org.gradle.process.internal.health.memory.DefaultMemoryManager] 831603097 memory requested, 455208960 free
2024-10-22T11:14:42.468+0530 [DEBUG] [org.gradle.workers.internal.WorkerDaemonExpiration] Will attempt to release 793 of memory
2024-10-22T11:14:42.468+0530 [DEBUG] [org.gradle.process.internal.health.memory.DefaultMemoryManager] 831603097 memory requested, 0 released, 455208960 free
2024-10-22T11:14:42.474+0530 [DEBUG] [org.gradle.cache.internal.DefaultFileLockManager] Waiting to acquire shared lock on daemon addresses registry.
2024-10-22T11:14:42.474+0530 [DEBUG] [org.gradle.cache.internal.DefaultFileLockManager] Lock acquired on daemon addresses registry.
2024-10-22T11:14:42.477+0530 [DEBUG] [org.gradle.cache.internal.DefaultFileLockManager] Releasing lock on daemon addresses registry.
2024-10-22T11:14:42.485+0530 [DEBUG] [org.gradle.cache.internal.DefaultFileLockManager] Waiting to acquire shared lock on daemon addresses registry.
2024-10-22T11:14:42.485+0530 [DEBUG] [org.gradle.cache.internal.DefaultFileLockManager] Lock acquired on daemon addresses registry.
2024-10-22T11:14:42.487+0530 [DEBUG] [org.gradle.cache.internal.DefaultFileLockManager] Releasing lock on daemon addresses registry.
2024-10-22T11:14:42.488+0530 [DEBUG] [org.gradle.cache.internal.DefaultFileLockManager] Waiting to acquire shared lock on daemon addresses registry.
2024-10-22T11:14:42.489+0530 [DEBUG] [org.gradle.cache.internal.DefaultFileLockManager] Lock acquired on daemon addresses registry.
2024-10-22T11:14:42.490+0530 [DEBUG] [org.gradle.cache.internal.DefaultFileLockManager] Releasing lock on daemon addresses registry.
2024-10-22T11:14:42.507+0530 [DEBUG] [org.gradle.cache.internal.DefaultFileLockManager] Waiting to acquire shared lock on daemon addresses registry.
2024-10-22T11:14:42.508+0530 [DEBUG] [org.gradle.cache.internal.DefaultFileLockManager] Lock acquired on daemon addresses registry.
2024-10-22T11:14:42.509+0530 [DEBUG] [org.gradle.cache.internal.DefaultFileLockManager] Releasing lock on daemon addresses registry.
2024-10-22T11:14:42.512+0530 [DEBUG] [org.gradle.cache.internal.DefaultFileLockManager] Waiting to acquire shared lock on daemon addresses registry.
2024-10-22T11:14:42.513+0530 [DEBUG] [org.gradle.cache.internal.DefaultFileLockManager] Lock acquired on daemon addresses registry.
2024-10-22T11:14:42.514+0530 [DEBUG] [org.gradle.cache.internal.DefaultFileLockManager] Releasing lock on daemon addresses registry.
2024-10-22T11:14:42.514+0530 [DEBUG] [org.gradle.process.internal.health.memory.DefaultMemoryManager] 831603097 memory requested, 459141120 free
2024-10-22T11:14:42.514+0530 [DEBUG] [org.gradle.workers.internal.WorkerDaemonExpiration] Will attempt to release 793 of memory
2024-10-22T11:14:42.515+0530 [DEBUG] [org.gradle.process.internal.health.memory.DefaultMemoryManager] 831603097 memory requested, 0 released, 459141120 free
2024-10-22T11:14:42.515+0530 [DEBUG] [org.gradle.process.internal.health.memory.DefaultMemoryManager] 831603097 memory requested, 459096064 free
2024-10-22T11:14:42.515+0530 [DEBUG] [org.gradle.workers.internal.WorkerDaemonExpiration] Will attempt to release 793 of memory
2024-10-22T11:14:42.515+0530 [DEBUG] [org.gradle.process.internal.health.memory.DefaultMemoryManager] 831603097 memory requested, 0 released, 459096064 free
2024-10-22T11:14:42.516+0530 [DEBUG] [org.gradle.process.internal.health.memory.DefaultMemoryManager] 831603097 memory requested, 459051008 free
2024-10-22T11:14:42.516+0530 [DEBUG] [org.gradle.workers.internal.WorkerDaemonExpiration] Will attempt to release 793 of memory
2024-10-22T11:14:42.516+0530 [DEBUG] [org.gradle.process.internal.health.memory.DefaultMemoryManager] 831603097 memory requested, 0 released, 459051008 free
2024-10-22T11:14:42.517+0530 [DEBUG] [org.gradle.process.internal.health.memory.DefaultMemoryManager] 831603097 memory requested, 458940416 free
2024-10-22T11:14:42.518+0530 [DEBUG] [org.gradle.workers.internal.WorkerDaemonExpiration] Will attempt to release 793 of memory
2024-10-22T11:14:42.518+0530 [DEBUG] [org.gradle.process.internal.health.memory.DefaultMemoryManager] 831603097 memory requested, 0 released, 458940416 free
2024-10-22T11:14:42.519+0530 [DEBUG] [org.gradle.process.internal.health.memory.DefaultMemoryManager] 831603097 memory requested, 458702848 free
2024-10-22T11:14:42.519+0530 [DEBUG] [org.gradle.workers.internal.WorkerDaemonExpiration] Will attempt to release 793 of memory
2024-10-22T11:14:42.520+0530 [DEBUG] [org.gradle.process.internal.health.memory.DefaultMemoryManager] 831603097 memory requested, 0 released, 458702848 free
2024-10-22T11:14:42.520+0530 [DEBUG] [org.gradle.process.internal.health.memory.DefaultMemoryManager] 831603097 memory requested, 458604544 free
2024-10-22T11:14:42.520+0530 [DEBUG] [org.gradle.workers.internal.WorkerDaemonExpiration] Will attempt to release 793 of memory
2024-10-22T11:14:42.520+0530 [DEBUG] [org.gradle.process.internal.health.memory.DefaultMemoryManager] 831603097 memory requested, 0 released, 458604544 free
2024-10-22T11:14:42.520+0530 [DEBUG] [org.gradle.process.internal.health.memory.DefaultMemoryManager] 831603097 memory requested, 458391552 free
2024-10-22T11:14:42.521+0530 [DEBUG] [org.gradle.workers.internal.WorkerDaemonExpiration] Will attempt to release 793 of memory
2024-10-22T11:14:42.521+0530 [DEBUG] [org.gradle.process.internal.health.memory.DefaultMemoryManager] 831603097 memory requested, 0 released, 458391552 free
2024-10-22T11:14:42.521+0530 [DEBUG] [org.gradle.process.internal.health.memory.DefaultMemoryManager] 831603097 memory requested, 456740864 free
2024-10-22T11:14:42.522+0530 [DEBUG] [org.gradle.workers.internal.WorkerDaemonExpiration] Will attempt to release 793 of memory
2024-10-22T11:14:42.522+0530 [DEBUG] [org.gradle.process.internal.health.memory.DefaultMemoryManager] 831603097 memory requested, 0 released, 456740864 free
2024-10-22T11:14:42.522+0530 [DEBUG] [org.gradle.process.internal.health.memory.DefaultMemoryManager] 831603097 memory requested, 456409088 free
2024-10-22T11:14:42.522+0530 [DEBUG] [org.gradle.workers.internal.WorkerDaemonExpiration] Will attempt to release 793 of memory
2024-10-22T11:14:42.524+0530 [DEBUG] [org.gradle.process.internal.health.memory.DefaultMemoryManager] 831603097 memory requested, 0 released, 456409088 free
2024-10-22T11:14:42.525+0530 [DEBUG] [org.gradle.process.internal.health.memory.DefaultMemoryManager] 831603097 memory requested, 454184960 free
2024-10-22T11:14:42.525+0530 [DEBUG] [org.gradle.workers.internal.WorkerDaemonExpiration] Will attempt to release 793 of memory
2024-10-22T11:14:42.526+0530 [DEBUG] [org.gradle.process.internal.health.memory.DefaultMemoryManager] 831603097 memory requested, 0 released, 454184960 free
2024-10-22T11:14:42.526+0530 [DEBUG] [org.gradle.process.internal.health.memory.DefaultMemoryManager] 831603097 memory requested, 453320704 free
2024-10-22T11:14:42.526+0530 [DEBUG] [org.gradle.workers.internal.WorkerDaemonExpiration] Will attempt to release 793 of memory
2024-10-22T11:14:42.527+0530 [DEBUG] [org.gradle.process.internal.health.memory.DefaultMemoryManager] 831603097 memory requested, 0 released, 453320704 free
2024-10-22T11:14:42.527+0530 [DEBUG] [org.gradle.process.internal.health.memory.DefaultMemoryManager] 831603097 memory requested, 452878336 free
2024-10-22T11:14:42.528+0530 [DEBUG] [org.gradle.workers.internal.WorkerDaemonExpiration] Will attempt to release 793 of memory
2024-10-22T11:14:42.528+0530 [DEBUG] [org.gradle.process.internal.health.memory.DefaultMemoryManager] 831603097 memory requested, 0 released, 452878336 free
2024-10-22T11:14:42.528+0530 [DEBUG] [org.gradle.process.internal.health.memory.DefaultMemoryManager] 831603097 memory requested, 452591616 free
2024-10-22T11:14:42.528+0530 [DEBUG] [org.gradle.workers.internal.WorkerDaemonExpiration] Will attempt to release 793 of memory
2024-10-22T11:14:42.528+0530 [DEBUG] [org.gradle.process.internal.health.memory.DefaultMemoryManager] 831603097 memory requested, 0 released, 452591616 free
2024-10-22T11:14:42.528+0530 [DEBUG] [org.gradle.process.internal.health.memory.DefaultMemoryManager] 831603097 memory requested, 452726784 free
2024-10-22T11:14:42.528+0530 [DEBUG] [org.gradle.workers.internal.WorkerDaemonExpiration] Will attempt to release 793 of memory
2024-10-22T11:14:42.528+0530 [DEBUG] [org.gradle.process.internal.health.memory.DefaultMemoryManager] 831603097 memory requested, 0 released, 452726784 free
2024-10-22T11:14:42.528+0530 [DEBUG] [org.gradle.process.internal.health.memory.DefaultMemoryManager] 831603097 memory requested, 452657152 free
2024-10-22T11:14:42.529+0530 [DEBUG] [org.gradle.workers.internal.WorkerDaemonExpiration] Will attempt to release 793 of memory
2024-10-22T11:14:42.529+0530 [DEBUG] [org.gradle.process.internal.health.memory.DefaultMemoryManager] 831603097 memory requested, 0 released, 452657152 free
2024-10-22T11:14:42.529+0530 [DEBUG] [org.gradle.process.internal.health.memory.DefaultMemoryManager] 831603097 memory requested, 452558848 free
2024-10-22T11:14:42.529+0530 [DEBUG] [org.gradle.workers.internal.WorkerDaemonExpiration] Will attempt to release 793 of memory
2024-10-22T11:14:42.529+0530 [DEBUG] [org.gradle.process.internal.health.memory.DefaultMemoryManager] 831603097 memory requested, 0 released, 452558848 free
2024-10-22T11:14:42.529+0530 [DEBUG] [org.gradle.process.internal.health.memory.DefaultMemoryManager] 831603097 memory requested, 452407296 free
2024-10-22T11:14:42.529+0530 [DEBUG] [org.gradle.workers.internal.WorkerDaemonExpiration] Will attempt to release 793 of memory
2024-10-22T11:14:42.529+0530 [DEBUG] [org.gradle.process.internal.health.memory.DefaultMemoryManager] 831603097 memory requested, 0 released, 452407296 free
2024-10-22T11:14:42.529+0530 [DEBUG] [org.gradle.process.internal.health.memory.DefaultMemoryManager] 831603097 memory requested, 452345856 free
2024-10-22T11:14:42.529+0530 [DEBUG] [org.gradle.workers.internal.WorkerDaemonExpiration] Will attempt to release 793 of memory
2024-10-22T11:14:42.529+0530 [DEBUG] [org.gradle.process.internal.health.memory.DefaultMemoryManager] 831603097 memory requested, 0 released, 452345856 free
2024-10-22T11:14:42.530+0530 [DEBUG] [org.gradle.process.internal.health.memory.DefaultMemoryManager] 831603097 memory requested, 452370432 free
2024-10-22T11:14:42.530+0530 [DEBUG] [org.gradle.workers.internal.WorkerDaemonExpiration] Will attempt to release 793 of memory
2024-10-22T11:14:42.530+0530 [DEBUG] [org.gradle.process.internal.health.memory.DefaultMemoryManager] 831603097 memory requested, 0 released, 452370432 free
2024-10-22T11:14:42.530+0530 [DEBUG] [org.gradle.process.internal.health.memory.DefaultMemoryManager] 831603097 memory requested, 452153344 free
2024-10-22T11:14:42.530+0530 [DEBUG] [org.gradle.workers.internal.WorkerDaemonExpiration] Will attempt to release 793 of memory
2024-10-22T11:14:42.530+0530 [DEBUG] [org.gradle.process.internal.health.memory.DefaultMemoryManager] 831603097 memory requested, 0 released, 452153344 free
2024-10-22T11:14:42.530+0530 [DEBUG] [org.gradle.process.internal.health.memory.DefaultMemoryManager] 831603097 memory requested, 452104192 free
2024-10-22T11:14:42.531+0530 [DEBUG] [org.gradle.workers.internal.WorkerDaemonExpiration] Will attempt to release 793 of memory
2024-10-22T11:14:42.531+0530 [DEBUG] [org.gradle.process.internal.health.memory.DefaultMemoryManager] 831603097 memory requested, 0 released, 452104192 free
2024-10-22T11:14:42.531+0530 [DEBUG] [org.gradle.process.internal.health.memory.DefaultMemoryManager] 831603097 memory requested, 452186112 free
2024-10-22T11:14:42.531+0530 [DEBUG] [org.gradle.workers.internal.WorkerDaemonExpiration] Will attempt to release 793 of memory
2024-10-22T11:14:42.531+0530 [DEBUG] [org.gradle.process.internal.health.memory.DefaultMemoryManager] 831603097 memory requested, 0 released, 452186112 free
2024-10-22T11:14:42.531+0530 [DEBUG] [org.gradle.process.internal.health.memory.DefaultMemoryManager] 831603097 memory requested, 452096000 free
2024-10-22T11:14:42.531+0530 [DEBUG] [org.gradle.workers.internal.WorkerDaemonExpiration] Will attempt to release 793 of memory
2024-10-22T11:14:42.531+0530 [DEBUG] [org.gradle.process.internal.health.memory.DefaultMemoryManager] 831603097 memory requested, 0 released, 452096000 free
2024-10-22T11:14:42.531+0530 [DEBUG] [org.gradle.process.internal.health.memory.DefaultMemoryManager] 831603097 memory requested, 452014080 free
2024-10-22T11:14:42.531+0530 [DEBUG] [org.gradle.workers.internal.WorkerDaemonExpiration] Will attempt to release 793 of memory
2024-10-22T11:14:42.532+0530 [DEBUG] [org.gradle.process.internal.health.memory.DefaultMemoryManager] 831603097 memory requested, 0 released, 452014080 free
2024-10-22T11:14:42.532+0530 [DEBUG] [org.gradle.process.internal.health.memory.DefaultMemoryManager] 831603097 memory requested, 452067328 free
2024-10-22T11:14:42.532+0530 [DEBUG] [org.gradle.workers.internal.WorkerDaemonExpiration] Will attempt to release 793 of memory
2024-10-22T11:14:42.532+0530 [DEBUG] [org.gradle.process.internal.health.memory.DefaultMemoryManager] 831603097 memory requested, 0 released, 452067328 free
2024-10-22T11:14:42.532+0530 [DEBUG] [org.gradle.process.internal.health.memory.DefaultMemoryManager] 831603097 memory requested, 452087808 free
2024-10-22T11:14:42.532+0530 [DEBUG] [org.gradle.workers.internal.WorkerDaemonExpiration] Will attempt to release 793 of memory
2024-10-22T11:14:42.532+0530 [DEBUG] [org.gradle.process.internal.health.memory.DefaultMemoryManager] 831603097 memory requested, 0 released, 452087808 free
2024-10-22T11:14:42.532+0530 [DEBUG] [org.gradle.process.internal.health.memory.DefaultMemoryManager] 831603097 memory requested, 452136960 free
2024-10-22T11:14:42.533+0530 [DEBUG] [org.gradle.workers.internal.WorkerDaemonExpiration] Will attempt to release 793 of memory
2024-10-22T11:14:42.533+0530 [DEBUG] [org.gradle.process.internal.health.memory.DefaultMemoryManager] 831603097 memory requested, 0 released, 452136960 free
2024-10-22T11:14:42.533+0530 [DEBUG] [org.gradle.process.internal.health.memory.DefaultMemoryManager] 831603097 memory requested, 452001792 free
2024-10-22T11:14:42.534+0530 [DEBUG] [org.gradle.workers.internal.WorkerDaemonExpiration] Will attempt to release 793 of memory
2024-10-22T11:14:42.534+0530 [DEBUG] [org.gradle.process.internal.health.memory.DefaultMemoryManager] 831603097 memory requested, 0 released, 452001792 free
2024-10-22T11:14:42.535+0530 [DEBUG] [org.gradle.process.internal.health.memory.DefaultMemoryManager] 831603097 memory requested, 451448832 free
2024-10-22T11:14:42.535+0530 [DEBUG] [org.gradle.workers.internal.WorkerDaemonExpiration] Will attempt to release 793 of memory
2024-10-22T11:14:42.535+0530 [DEBUG] [org.gradle.process.internal.health.memory.DefaultMemoryManager] 831603097 memory requested, 0 released, 451448832 free
2024-10-22T11:14:42.535+0530 [DEBUG] [org.gradle.process.internal.health.memory.DefaultMemoryManager] 831603097 memory requested, 451276800 free
2024-10-22T11:14:42.535+0530 [DEBUG] [org.gradle.workers.internal.WorkerDaemonExpiration] Will attempt to release 793 of memory
2024-10-22T11:14:42.535+0530 [DEBUG] [org.gradle.process.internal.health.memory.DefaultMemoryManager] 831603097 memory requested, 0 released, 451276800 free
2024-10-22T11:14:42.535+0530 [DEBUG] [org.gradle.process.internal.health.memory.DefaultMemoryManager] 831603097 memory requested, 451051520 free
2024-10-22T11:14:42.536+0530 [DEBUG] [org.gradle.workers.internal.WorkerDaemonExpiration] Will attempt to release 793 of memory
2024-10-22T11:14:42.536+0530 [DEBUG] [org.gradle.process.internal.health.memory.DefaultMemoryManager] 831603097 memory requested, 0 released, 451051520 free
2024-10-22T11:14:42.536+0530 [DEBUG] [org.gradle.process.internal.health.memory.DefaultMemoryManager] 831603097 memory requested, 451006464 free
2024-10-22T11:14:42.536+0530 [DEBUG] [org.gradle.workers.internal.WorkerDaemonExpiration] Will attempt to release 793 of memory
2024-10-22T11:14:42.536+0530 [DEBUG] [org.gradle.process.internal.health.memory.DefaultMemoryManager] 831603097 memory requested, 0 released, 451006464 free
2024-10-22T11:14:42.536+0530 [DEBUG] [org.gradle.process.internal.health.memory.DefaultMemoryManager] 831603097 memory requested, 450932736 free
2024-10-22T11:14:42.536+0530 [DEBUG] [org.gradle.workers.internal.WorkerDaemonExpiration] Will attempt to release 793 of memory
2024-10-22T11:14:42.536+0530 [DEBUG] [org.gradle.process.internal.health.memory.DefaultMemoryManager] 831603097 memory requested, 0 released, 450932736 free
2024-10-22T11:14:42.537+0530 [DEBUG] [org.gradle.process.internal.health.memory.DefaultMemoryManager] 831603097 memory requested, 450928640 free
2024-10-22T11:14:42.537+0530 [DEBUG] [org.gradle.workers.internal.WorkerDaemonExpiration] Will attempt to release 793 of memory
2024-10-22T11:14:42.537+0530 [DEBUG] [org.gradle.process.internal.health.memory.DefaultMemoryManager] 831603097 memory requested, 0 released, 450928640 free
2024-10-22T11:14:42.537+0530 [DEBUG] [org.gradle.process.internal.health.memory.DefaultMemoryManager] 831603097 memory requested, 450953216 free
2024-10-22T11:14:42.537+0530 [DEBUG] [org.gradle.workers.internal.WorkerDaemonExpiration] Will attempt to release 793 of memory
2024-10-22T11:14:42.537+0530 [DEBUG] [org.gradle.process.internal.health.memory.DefaultMemoryManager] 831603097 memory requested, 0 released, 450953216 free
2024-10-22T11:14:42.537+0530 [DEBUG] [org.gradle.process.internal.health.memory.DefaultMemoryManager] 831603097 memory requested, 450990080 free
2024-10-22T11:14:42.537+0530 [DEBUG] [org.gradle.workers.internal.WorkerDaemonExpiration] Will attempt to release 793 of memory
2024-10-22T11:14:42.537+0530 [DEBUG] [org.gradle.process.internal.health.memory.DefaultMemoryManager] 831603097 memory requested, 0 released, 450990080 free
2024-10-22T11:14:42.537+0530 [DEBUG] [org.gradle.process.internal.health.memory.DefaultMemoryManager] 831603097 memory requested, 450932736 free
2024-10-22T11:14:42.537+0530 [DEBUG] [org.gradle.workers.internal.WorkerDaemonExpiration] Will attempt to release 793 of memory
2024-10-22T11:14:42.538+0530 [DEBUG] [org.gradle.process.internal.health.memory.DefaultMemoryManager] 831603097 memory requested, 0 released, 450932736 free
2024-10-22T11:14:42.538+0530 [DEBUG] [org.gradle.process.internal.health.memory.DefaultMemoryManager] 831603097 memory requested, 450875392 free
2024-10-22T11:14:42.539+0530 [DEBUG] [org.gradle.workers.internal.WorkerDaemonExpiration] Will attempt to release 793 of memory
2024-10-22T11:14:42.539+0530 [DEBUG] [org.gradle.process.internal.health.memory.DefaultMemoryManager] 831603097 memory requested, 0 released, 450875392 free
2024-10-22T11:14:42.542+0530 [DEBUG] [org.gradle.process.internal.health.memory.DefaultMemoryManager] 831603097 memory requested, 450863104 free
2024-10-22T11:14:42.543+0530 [DEBUG] [org.gradle.workers.internal.WorkerDaemonExpiration] Will attempt to release 793 of memory
2024-10-22T11:14:42.543+0530 [DEBUG] [org.gradle.process.internal.health.memory.DefaultMemoryManager] 831603097 memory requested, 0 released, 450863104 free
2024-10-22T11:14:42.543+0530 [DEBUG] [org.gradle.process.internal.health.memory.DefaultMemoryManager] 831603097 memory requested, 450985984 free
2024-10-22T11:14:42.543+0530 [DEBUG] [org.gradle.workers.internal.WorkerDaemonExpiration] Will attempt to release 793 of memory
2024-10-22T11:14:42.544+0530 [DEBUG] [org.gradle.process.internal.health.memory.DefaultMemoryManager] 831603097 memory requested, 0 released, 450985984 free
2024-10-22T11:14:42.544+0530 [DEBUG] [org.gradle.process.internal.health.memory.DefaultMemoryManager] 831603097 memory requested, 451166208 free
2024-10-22T11:14:42.544+0530 [DEBUG] [org.gradle.workers.internal.WorkerDaemonExpiration] Will attempt to release 793 of memory
2024-10-22T11:14:42.544+0530 [DEBUG] [org.gradle.process.internal.health.memory.DefaultMemoryManager] 831603097 memory requested, 0 released, 451166208 free
2024-10-22T11:14:42.544+0530 [DEBUG] [org.gradle.process.internal.health.memory.DefaultMemoryManager] 831603097 memory requested, 451137536 free
2024-10-22T11:14:42.544+0530 [DEBUG] [org.gradle.workers.internal.WorkerDaemonExpiration] Will attempt to release 793 of memory
2024-10-22T11:14:42.544+0530 [DEBUG] [org.gradle.process.internal.health.memory.DefaultMemoryManager] 831603097 memory requested, 0 released, 451137536 free
2024-10-22T11:14:42.545+0530 [DEBUG] [org.gradle.process.internal.health.memory.DefaultMemoryManager] 831603097 memory requested, 451153920 free
2024-10-22T11:14:42.545+0530 [DEBUG] [org.gradle.workers.internal.WorkerDaemonExpiration] Will attempt to release 793 of memory
2024-10-22T11:14:42.545+0530 [DEBUG] [org.gradle.process.internal.health.memory.DefaultMemoryManager] 831603097 memory requested, 0 released, 451153920 free
2024-10-22T11:14:42.545+0530 [DEBUG] [org.gradle.process.internal.health.memory.DefaultMemoryManager] 831603097 memory requested, 451092480 free
2024-10-22T11:14:42.545+0530 [DEBUG] [org.gradle.workers.internal.WorkerDaemonExpiration] Will attempt to release 793 of memory
2024-10-22T11:14:42.545+0530 [DEBUG] [org.gradle.process.internal.health.memory.DefaultMemoryManager] 831603097 memory requested, 0 released, 451092480 free
2024-10-22T11:14:42.545+0530 [DEBUG] [org.gradle.process.internal.health.memory.DefaultMemoryManager] 831603097 memory requested, 451096576 free
2024-10-22T11:14:42.545+0530 [DEBUG] [org.gradle.workers.internal.WorkerDaemonExpiration] Will attempt to release 793 of memory
2024-10-22T11:14:42.545+0530 [DEBUG] [org.gradle.process.internal.health.memory.DefaultMemoryManager] 831603097 memory requested, 0 released, 451096576 free
2024-10-22T11:14:42.546+0530 [DEBUG] [org.gradle.process.internal.health.memory.DefaultMemoryManager] 831603097 memory requested, 451080192 free
2024-10-22T11:14:42.546+0530 [DEBUG] [org.gradle.workers.internal.WorkerDaemonExpiration] Will attempt to release 793 of memory
2024-10-22T11:14:42.546+0530 [DEBUG] [org.gradle.process.internal.health.memory.DefaultMemoryManager] 831603097 memory requested, 0 released, 451080192 free
2024-10-22T11:14:42.546+0530 [DEBUG] [org.gradle.process.internal.health.memory.DefaultMemoryManager] 831603097 memory requested, 451072000 free
2024-10-22T11:14:42.546+0530 [DEBUG] [org.gradle.workers.internal.WorkerDaemonExpiration] Will attempt to release 793 of memory
2024-10-22T11:14:42.546+0530 [DEBUG] [org.gradle.process.internal.health.memory.DefaultMemoryManager] 831603097 memory requested, 0 released, 451072000 free
2024-10-22T11:14:42.546+0530 [DEBUG] [org.gradle.process.internal.health.memory.DefaultMemoryManager] 831603097 memory requested, 451063808 free
2024-10-22T11:14:42.546+0530 [DEBUG] [org.gradle.workers.internal.WorkerDaemonExpiration] Will attempt to release 793 of memory
2024-10-22T11:14:42.546+0530 [DEBUG] [org.gradle.process.internal.health.memory.DefaultMemoryManager] 831603097 memory requested, 0 released, 451063808 free
2024-10-22T11:14:42.546+0530 [DEBUG] [org.gradle.process.internal.health.memory.DefaultMemoryManager] 831603097 memory requested, 451055616 free
2024-10-22T11:14:42.546+0530 [DEBUG] [org.gradle.workers.internal.WorkerDaemonExpiration] Will attempt to release 793 of memory
2024-10-22T11:14:42.546+0530 [DEBUG] [org.gradle.process.internal.health.memory.DefaultMemoryManager] 831603097 memory requested, 0 released, 451055616 free
2024-10-22T11:14:42.546+0530 [DEBUG] [org.gradle.process.internal.health.memory.DefaultMemoryManager] 831603097 memory requested, 450985984 free
2024-10-22T11:14:42.546+0530 [DEBUG] [org.gradle.workers.internal.WorkerDaemonExpiration] Will attempt to release 793 of memory
2024-10-22T11:14:42.547+0530 [DEBUG] [org.gradle.process.internal.health.memory.DefaultMemoryManager] 831603097 memory requested, 0 released, 450985984 free
2024-10-22T11:14:42.547+0530 [DEBUG] [org.gradle.process.internal.health.memory.DefaultMemoryManager] 831603097 memory requested, 450908160 free
2024-10-22T11:14:42.547+0530 [DEBUG] [org.gradle.workers.internal.WorkerDaemonExpiration] Will attempt to release 793 of memory
2024-10-22T11:14:42.547+0530 [DEBUG] [org.gradle.process.internal.health.memory.DefaultMemoryManager] 831603097 memory requested, 0 released, 450908160 free
2024-10-22T11:14:42.548+0530 [DEBUG] [org.gradle.process.internal.health.memory.DefaultMemoryManager] 831603097 memory requested, 450740224 free
2024-10-22T11:14:42.548+0530 [DEBUG] [org.gradle.workers.internal.WorkerDaemonExpiration] Will attempt to release 793 of memory
2024-10-22T11:14:42.548+0530 [DEBUG] [org.gradle.process.internal.health.memory.DefaultMemoryManager] 831603097 memory requested, 0 released, 450740224 free
2024-10-22T11:14:42.548+0530 [DEBUG] [org.gradle.process.internal.health.memory.DefaultMemoryManager] 831603097 memory requested, 450781184 free
2024-10-22T11:14:42.548+0530 [DEBUG] [org.gradle.workers.internal.WorkerDaemonExpiration] Will attempt to release 793 of memory
2024-10-22T11:14:42.548+0530 [DEBUG] [org.gradle.process.internal.health.memory.DefaultMemoryManager] 831603097 memory requested, 0 released, 450781184 free
2024-10-22T11:14:42.548+0530 [DEBUG] [org.gradle.process.internal.health.memory.DefaultMemoryManager] 831603097 memory requested, 450756608 free
2024-10-22T11:14:42.548+0530 [DEBUG] [org.gradle.workers.internal.WorkerDaemonExpiration] Will attempt to release 793 of memory
2024-10-22T11:14:42.548+0530 [DEBUG] [org.gradle.process.internal.health.memory.DefaultMemoryManager] 831603097 memory requested, 0 released, 450756608 free
2024-10-22T11:14:42.548+0530 [DEBUG] [org.gradle.process.internal.health.memory.DefaultMemoryManager] 831603097 memory requested, 450756608 free
2024-10-22T11:14:42.549+0530 [DEBUG] [org.gradle.workers.internal.WorkerDaemonExpiration] Will attempt to release 793 of memory
2024-10-22T11:14:42.549+0530 [DEBUG] [org.gradle.process.internal.health.memory.DefaultMemoryManager] 831603097 memory requested, 0 released, 450756608 free
2024-10-22T11:14:42.549+0530 [DEBUG] [org.gradle.process.internal.health.memory.DefaultMemoryManager] 831603097 memory requested, 450777088 free
2024-10-22T11:14:42.549+0530 [DEBUG] [org.gradle.workers.internal.WorkerDaemonExpiration] Will attempt to release 793 of memory
2024-10-22T11:14:42.549+0530 [DEBUG] [org.gradle.process.internal.health.memory.DefaultMemoryManager] 831603097 memory requested, 0 released, 450777088 free
2024-10-22T11:14:42.549+0530 [DEBUG] [org.gradle.process.internal.health.memory.DefaultMemoryManager] 831603097 memory requested, 450797568 free
2024-10-22T11:14:42.549+0530 [DEBUG] [org.gradle.workers.internal.WorkerDaemonExpiration] Will attempt to release 793 of memory
2024-10-22T11:14:42.549+0530 [DEBUG] [org.gradle.process.internal.health.memory.DefaultMemoryManager] 831603097 memory requested, 0 released, 450797568 free
2024-10-22T11:14:42.549+0530 [DEBUG] [org.gradle.process.internal.health.memory.DefaultMemoryManager] 831603097 memory requested, 450641920 free
2024-10-22T11:14:42.550+0530 [DEBUG] [org.gradle.workers.internal.WorkerDaemonExpiration] Will attempt to release 793 of memory
2024-10-22T11:14:42.550+0530 [DEBUG] [org.gradle.process.internal.health.memory.DefaultMemoryManager] 831603097 memory requested, 0 released, 450641920 free
2024-10-22T11:14:42.550+0530 [DEBUG] [org.gradle.process.internal.health.memory.DefaultMemoryManager] 831603097 memory requested, 450592768 free
2024-10-22T11:14:42.550+0530 [DEBUG] [org.gradle.workers.internal.WorkerDaemonExpiration] Will attempt to release 793 of memory
2024-10-22T11:14:42.550+0530 [DEBUG] [org.gradle.process.internal.health.memory.DefaultMemoryManager] 831603097 memory requested, 0 released, 450592768 free
2024-10-22T11:14:42.550+0530 [DEBUG] [org.gradle.process.internal.health.memory.DefaultMemoryManager] 831603097 memory requested, 450453504 free
2024-10-22T11:14:42.550+0530 [DEBUG] [org.gradle.workers.internal.WorkerDaemonExpiration] Will attempt to release 793 of memory
2024-10-22T11:14:42.550+0530 [DEBUG] [org.gradle.process.internal.health.memory.DefaultMemoryManager] 831603097 memory requested, 0 released, 450453504 free
2024-10-22T11:14:42.551+0530 [DEBUG] [org.gradle.process.internal.health.memory.DefaultMemoryManager] 831603097 memory requested, 450347008 free
2024-10-22T11:14:42.551+0530 [DEBUG] [org.gradle.workers.internal.WorkerDaemonExpiration] Will attempt to release 793 of memory
2024-10-22T11:14:42.551+0530 [DEBUG] [org.gradle.process.internal.health.memory.DefaultMemoryManager] 831603097 memory requested, 0 released, 450347008 free
2024-10-22T11:14:42.551+0530 [DEBUG] [org.gradle.process.internal.health.memory.DefaultMemoryManager] 831603097 memory requested, 450347008 free
2024-10-22T11:14:42.551+0530 [DEBUG] [org.gradle.workers.internal.WorkerDaemonExpiration] Will attempt to release 793 of memory
2024-10-22T11:14:42.551+0530 [DEBUG] [org.gradle.process.internal.health.memory.DefaultMemoryManager] 831603097 memory requested, 0 released, 450347008 free
2024-10-22T11:14:42.551+0530 [DEBUG] [org.gradle.process.internal.health.memory.DefaultMemoryManager] 831603097 memory requested, 450093056 free
2024-10-22T11:14:42.551+0530 [DEBUG] [org.gradle.workers.internal.WorkerDaemonExpiration] Will attempt to release 793 of memory
2024-10-22T11:14:42.551+0530 [DEBUG] [org.gradle.process.internal.health.memory.DefaultMemoryManager] 831603097 memory requested, 0 released, 450093056 free
2024-10-22T11:14:42.552+0530 [DEBUG] [org.gradle.process.internal.health.memory.DefaultMemoryManager] 831603097 memory requested, 450129920 free
2024-10-22T11:14:42.552+0530 [DEBUG] [org.gradle.workers.internal.WorkerDaemonExpiration] Will attempt to release 793 of memory
2024-10-22T11:14:42.552+0530 [DEBUG] [org.gradle.process.internal.health.memory.DefaultMemoryManager] 831603097 memory requested, 0 released, 450129920 free
2024-10-22T11:14:42.552+0530 [DEBUG] [org.gradle.process.internal.health.memory.DefaultMemoryManager] 831603097 memory requested, 450183168 free
2024-10-22T11:14:42.552+0530 [DEBUG] [org.gradle.workers.internal.WorkerDaemonExpiration] Will attempt to release 793 of memory
2024-10-22T11:14:42.553+0530 [DEBUG] [org.gradle.process.internal.health.memory.DefaultMemoryManager] 831603097 memory requested, 0 released, 450183168 free
2024-10-22T11:14:42.553+0530 [DEBUG] [org.gradle.process.internal.health.memory.DefaultMemoryManager] 831603097 memory requested, 450183168 free
2024-10-22T11:14:42.553+0530 [DEBUG] [org.gradle.workers.internal.WorkerDaemonExpiration] Will attempt to release 793 of memory
2024-10-22T11:14:42.553+0530 [DEBUG] [org.gradle.process.internal.health.memory.DefaultMemoryManager] 831603097 memory requested, 0 released, 450183168 free
2024-10-22T11:14:42.553+0530 [DEBUG] [org.gradle.process.internal.health.memory.DefaultMemoryManager] 831603097 memory requested, 450224128 free
2024-10-22T11:14:42.554+0530 [DEBUG] [org.gradle.workers.internal.WorkerDaemonExpiration] Will attempt to release 793 of memory
2024-10-22T11:14:42.554+0530 [DEBUG] [org.gradle.process.internal.health.memory.DefaultMemoryManager] 831603097 memory requested, 0 released, 450224128 free
2024-10-22T11:14:42.554+0530 [DEBUG] [org.gradle.process.internal.health.memory.DefaultMemoryManager] 831603097 memory requested, 450318336 free
2024-10-22T11:14:42.554+0530 [DEBUG] [org.gradle.workers.internal.WorkerDaemonExpiration] Will attempt to release 793 of memory
2024-10-22T11:14:42.554+0530 [DEBUG] [org.gradle.process.internal.health.memory.DefaultMemoryManager] 831603097 memory requested, 0 released, 450318336 free
2024-10-22T11:14:42.555+0530 [DEBUG] [org.gradle.process.internal.health.memory.DefaultMemoryManager] 831603097 memory requested, 450330624 free
2024-10-22T11:14:42.555+0530 [DEBUG] [org.gradle.workers.internal.WorkerDaemonExpiration] Will attempt to release 793 of memory
2024-10-22T11:14:42.555+0530 [DEBUG] [org.gradle.process.internal.health.memory.DefaultMemoryManager] 831603097 memory requested, 0 released, 450330624 free
2024-10-22T11:14:42.555+0530 [DEBUG] [org.gradle.process.internal.health.memory.DefaultMemoryManager] 831603097 memory requested, 450203648 free
2024-10-22T11:14:42.555+0530 [DEBUG] [org.gradle.workers.internal.WorkerDaemonExpiration] Will attempt to release 793 of memory
2024-10-22T11:14:42.555+0530 [DEBUG] [org.gradle.process.internal.health.memory.DefaultMemoryManager] 831603097 memory requested, 0 released, 450203648 free
2024-10-22T11:14:42.555+0530 [DEBUG] [org.gradle.process.internal.health.memory.DefaultMemoryManager] 831603097 memory requested, 450211840 free
2024-10-22T11:14:42.555+0530 [DEBUG] [org.gradle.workers.internal.WorkerDaemonExpiration] Will attempt to release 793 of memory
2024-10-22T11:14:42.555+0530 [DEBUG] [org.gradle.process.internal.health.memory.DefaultMemoryManager] 831603097 memory requested, 0 released, 450211840 free
2024-10-22T11:14:42.556+0530 [DEBUG] [org.gradle.process.internal.health.memory.DefaultMemoryManager] 831603097 memory requested, 450207744 free
2024-10-22T11:14:42.556+0530 [DEBUG] [org.gradle.workers.internal.WorkerDaemonExpiration] Will attempt to release 793 of memory
2024-10-22T11:14:42.556+0530 [DEBUG] [org.gradle.process.internal.health.memory.DefaultMemoryManager] 831603097 memory requested, 0 released, 450207744 free
2024-10-22T11:14:42.556+0530 [DEBUG] [org.gradle.process.internal.health.memory.DefaultMemoryManager] 831603097 memory requested, 450129920 free
2024-10-22T11:14:42.556+0530 [DEBUG] [org.gradle.workers.internal.WorkerDaemonExpiration] Will attempt to release 793 of memory
2024-10-22T11:14:42.556+0530 [DEBUG] [org.gradle.process.internal.health.memory.DefaultMemoryManager] 831603097 memory requested, 0 released, 450129920 free
2024-10-22T11:14:42.557+0530 [DEBUG] [org.gradle.process.internal.health.memory.DefaultMemoryManager] 831603097 memory requested, 450187264 free
2024-10-22T11:14:42.558+0530 [DEBUG] [org.gradle.workers.internal.WorkerDaemonExpiration] Will attempt to release 793 of memory
2024-10-22T11:14:42.558+0530 [DEBUG] [org.gradle.process.internal.health.memory.DefaultMemoryManager] 831603097 memory requested, 0 released, 450187264 free
2024-10-22T11:14:42.558+0530 [DEBUG] [org.gradle.process.internal.health.memory.DefaultMemoryManager] 831603097 memory requested, 450117632 free
2024-10-22T11:14:42.558+0530 [DEBUG] [org.gradle.workers.internal.WorkerDaemonExpiration] Will attempt to release 793 of memory
2024-10-22T11:14:42.558+0530 [DEBUG] [org.gradle.process.internal.health.memory.DefaultMemoryManager] 831603097 memory requested, 0 released, 450117632 free
2024-10-22T11:14:42.558+0530 [DEBUG] [org.gradle.process.internal.health.memory.DefaultMemoryManager] 831603097 memory requested, 450224128 free
2024-10-22T11:14:42.558+0530 [DEBUG] [org.gradle.workers.internal.WorkerDaemonExpiration] Will attempt to release 793 of memory
2024-10-22T11:14:42.558+0530 [DEBUG] [org.gradle.process.internal.health.memory.DefaultMemoryManager] 831603097 memory requested, 0 released, 450224128 free
2024-10-22T11:14:42.559+0530 [DEBUG] [org.gradle.process.internal.health.memory.DefaultMemoryManager] 831603097 memory requested, 450211840 free
2024-10-22T11:14:42.559+0530 [DEBUG] [org.gradle.workers.internal.WorkerDaemonExpiration] Will attempt to release 793 of memory
2024-10-22T11:14:42.559+0530 [DEBUG] [org.gradle.process.internal.health.memory.DefaultMemoryManager] 831603097 memory requested, 0 released, 450211840 free
2024-10-22T11:14:42.559+0530 [DEBUG] [org.gradle.process.internal.health.memory.DefaultMemoryManager] 831603097 memory requested, 450277376 free
2024-10-22T11:14:42.559+0530 [DEBUG] [org.gradle.workers.internal.WorkerDaemonExpiration] Will attempt to release 793 of memory
2024-10-22T11:14:42.559+0530 [DEBUG] [org.gradle.process.internal.health.memory.DefaultMemoryManager] 831603097 memory requested, 0 released, 450277376 free
2024-10-22T11:14:42.559+0530 [DEBUG] [org.gradle.process.internal.health.memory.DefaultMemoryManager] 831603097 memory requested, 450236416 free
2024-10-22T11:14:42.559+0530 [DEBUG] [org.gradle.workers.internal.WorkerDaemonExpiration] Will attempt to release 793 of memory
2024-10-22T11:14:42.559+0530 [DEBUG] [org.gradle.process.internal.health.memory.DefaultMemoryManager] 831603097 memory requested, 0 released, 450236416 free
2024-10-22T11:14:42.560+0530 [DEBUG] [org.gradle.process.internal.health.memory.DefaultMemoryManager] 831603097 memory requested, 450297856 free
2024-10-22T11:14:42.560+0530 [DEBUG] [org.gradle.workers.internal.WorkerDaemonExpiration] Will attempt to release 793 of memory
2024-10-22T11:14:42.560+0530 [DEBUG] [org.gradle.process.internal.health.memory.DefaultMemoryManager] 831603097 memory requested, 0 released, 450297856 free
2024-10-22T11:14:42.560+0530 [DEBUG] [org.gradle.process.internal.health.memory.DefaultMemoryManager] 831603097 memory requested, 450301952 free
2024-10-22T11:14:42.560+0530 [DEBUG] [org.gradle.workers.internal.WorkerDaemonExpiration] Will attempt to release 793 of memory
2024-10-22T11:14:42.560+0530 [DEBUG] [org.gradle.process.internal.health.memory.DefaultMemoryManager] 831603097 memory requested, 0 released, 450301952 free
2024-10-22T11:14:42.560+0530 [DEBUG] [org.gradle.process.internal.health.memory.DefaultMemoryManager] 831603097 memory requested, 450273280 free
2024-10-22T11:14:42.560+0530 [DEBUG] [org.gradle.workers.internal.WorkerDaemonExpiration] Will attempt to release 793 of memory
2024-10-22T11:14:42.560+0530 [DEBUG] [org.gradle.process.internal.health.memory.DefaultMemoryManager] 831603097 memory requested, 0 released, 450273280 free
2024-10-22T11:14:42.561+0530 [DEBUG] [org.gradle.cache.internal.DefaultFileLockManager] Waiting to acquire shared lock on daemon addresses registry.
2024-10-22T11:14:42.627+0530 [DEBUG] [org.gradle.process.internal.health.memory.DefaultMemoryManager] 831603097 memory requested, 444776448 free
2024-10-22T11:14:42.627+0530 [DEBUG] [org.gradle.cache.internal.DefaultFileLockManager] Lock acquired on daemon addresses registry.
2024-10-22T11:14:42.627+0530 [DEBUG] [org.gradle.workers.internal.WorkerDaemonExpiration] Will attempt to release 793 of memory
2024-10-22T11:14:42.627+0530 [DEBUG] [org.gradle.process.internal.health.memory.DefaultMemoryManager] 831603097 memory requested, 0 released, 444776448 free
2024-10-22T11:14:42.627+0530 [DEBUG] [org.gradle.process.internal.health.memory.DefaultMemoryManager] 831603097 memory requested, 444755968 free
2024-10-22T11:14:42.627+0530 [DEBUG] [org.gradle.cache.internal.DefaultFileLockManager] Releasing lock on daemon addresses registry.
2024-10-22T11:14:42.628+0530 [DEBUG] [org.gradle.workers.internal.WorkerDaemonExpiration] Will attempt to release 793 of memory
2024-10-22T11:14:42.628+0530 [DEBUG] [org.gradle.process.internal.health.memory.DefaultMemoryManager] 831603097 memory requested, 0 released, 444755968 free
2024-10-22T11:14:42.628+0530 [DEBUG] [org.gradle.process.internal.health.memory.DefaultMemoryManager] 831603097 memory requested, 444796928 free
2024-10-22T11:14:42.628+0530 [DEBUG] [org.gradle.workers.internal.WorkerDaemonExpiration] Will attempt to release 793 of memory
2024-10-22T11:14:42.629+0530 [DEBUG] [org.gradle.process.internal.health.memory.DefaultMemoryManager] 831603097 memory requested, 0 released, 444796928 free
2024-10-22T11:14:42.629+0530 [DEBUG] [org.gradle.process.internal.health.memory.DefaultMemoryManager] 831603097 memory requested, 444796928 free
2024-10-22T11:14:42.629+0530 [DEBUG] [org.gradle.workers.internal.WorkerDaemonExpiration] Will attempt to release 793 of memory
2024-10-22T11:14:42.629+0530 [DEBUG] [org.gradle.process.internal.health.memory.DefaultMemoryManager] 831603097 memory requested, 0 released, 444796928 free
2024-10-22T11:14:42.629+0530 [DEBUG] [org.gradle.process.internal.health.memory.DefaultMemoryManager] 831603097 memory requested, 444792832 free
2024-10-22T11:14:42.629+0530 [DEBUG] [org.gradle.workers.internal.WorkerDaemonExpiration] Will attempt to release 793 of memory
2024-10-22T11:14:42.629+0530 [DEBUG] [org.gradle.cache.internal.DefaultFileLockManager] Waiting to acquire shared lock on daemon addresses registry.
2024-10-22T11:14:42.629+0530 [DEBUG] [org.gradle.process.internal.health.memory.DefaultMemoryManager] 831603097 memory requested, 0 released, 444792832 free
2024-10-22T11:14:42.629+0530 [DEBUG] [org.gradle.cache.internal.DefaultFileLockManager] Lock acquired on daemon addresses registry.
2024-10-22T11:14:42.629+0530 [DEBUG] [org.gradle.process.internal.health.memory.DefaultMemoryManager] 831603097 memory requested, 444788736 free
2024-10-22T11:14:42.630+0530 [DEBUG] [org.gradle.workers.internal.WorkerDaemonExpiration] Will attempt to release 793 of memory
2024-10-22T11:14:42.630+0530 [DEBUG] [org.gradle.process.internal.health.memory.DefaultMemoryManager] 831603097 memory requested, 0 released, 444788736 free
2024-10-22T11:14:42.630+0530 [DEBUG] [org.gradle.process.internal.health.memory.DefaultMemoryManager] 831603097 memory requested, 444796928 free
2024-10-22T11:14:42.630+0530 [DEBUG] [org.gradle.workers.internal.WorkerDaemonExpiration] Will attempt to release 793 of memory
2024-10-22T11:14:42.630+0530 [DEBUG] [org.gradle.process.internal.health.memory.DefaultMemoryManager] 831603097 memory requested, 0 released, 444796928 free
2024-10-22T11:14:42.630+0530 [DEBUG] [org.gradle.cache.internal.DefaultFileLockManager] Releasing lock on daemon addresses registry.
2024-10-22T11:14:42.630+0530 [DEBUG] [org.gradle.process.internal.health.memory.DefaultMemoryManager] 831603097 memory requested, 444801024 free
2024-10-22T11:14:42.630+0530 [DEBUG] [org.gradle.workers.internal.WorkerDaemonExpiration] Will attempt to release 793 of memory
2024-10-22T11:14:42.630+0530 [DEBUG] [org.gradle.process.internal.health.memory.DefaultMemoryManager] 831603097 memory requested, 0 released, 444801024 free
2024-10-22T11:14:42.630+0530 [DEBUG] [org.gradle.process.internal.health.memory.DefaultMemoryManager] 831603097 memory requested, 444796928 free
2024-10-22T11:14:42.631+0530 [DEBUG] [org.gradle.workers.internal.WorkerDaemonExpiration] Will attempt to release 793 of memory
2024-10-22T11:14:42.631+0530 [DEBUG] [org.gradle.process.internal.health.memory.DefaultMemoryManager] 831603097 memory requested, 0 released, 444796928 free
2024-10-22T11:14:42.631+0530 [DEBUG] [org.gradle.process.internal.health.memory.DefaultMemoryManager] 831603097 memory requested, 444801024 free
2024-10-22T11:14:42.631+0530 [DEBUG] [org.gradle.workers.internal.WorkerDaemonExpiration] Will attempt to release 793 of memory
2024-10-22T11:14:42.631+0530 [DEBUG] [org.gradle.cache.internal.DefaultFileLockManager] Waiting to acquire shared lock on daemon addresses registry.
2024-10-22T11:14:42.631+0530 [DEBUG] [org.gradle.process.internal.health.memory.DefaultMemoryManager] 831603097 memory requested, 0 released, 444801024 free
2024-10-22T11:14:42.631+0530 [DEBUG] [org.gradle.cache.internal.DefaultFileLockManager] Lock acquired on daemon addresses registry.
2024-10-22T11:14:42.631+0530 [DEBUG] [org.gradle.process.internal.health.memory.DefaultMemoryManager] 831603097 memory requested, 444796928 free
2024-10-22T11:14:42.631+0530 [DEBUG] [org.gradle.workers.internal.WorkerDaemonExpiration] Will attempt to release 793 of memory
2024-10-22T11:14:42.632+0530 [DEBUG] [org.gradle.process.internal.health.memory.DefaultMemoryManager] 831603097 memory requested, 0 released, 444796928 free
2024-10-22T11:14:42.632+0530 [DEBUG] [org.gradle.cache.internal.DefaultFileLockManager] Releasing lock on daemon addresses registry.
2024-10-22T11:14:42.632+0530 [DEBUG] [org.gradle.process.internal.health.memory.DefaultMemoryManager] 831603097 memory requested, 444792832 free
2024-10-22T11:14:42.633+0530 [DEBUG] [org.gradle.workers.internal.WorkerDaemonExpiration] Will attempt to release 793 of memory
2024-10-22T11:14:42.633+0530 [DEBUG] [org.gradle.cache.internal.DefaultFileLockManager] Waiting to acquire shared lock on daemon addresses registry.
2024-10-22T11:14:42.634+0530 [DEBUG] [org.gradle.process.internal.health.memory.DefaultMemoryManager] 831603097 memory requested, 0 released, 444792832 free
2024-10-22T11:14:42.634+0530 [DEBUG] [org.gradle.cache.internal.DefaultFileLockManager] Lock acquired on daemon addresses registry.
2024-10-22T11:14:42.635+0530 [DEBUG] [org.gradle.cache.internal.DefaultFileLockManager] Releasing lock on daemon addresses registry.
2024-10-22T11:14:42.635+0530 [DEBUG] [org.gradle.process.internal.health.memory.DefaultMemoryManager] 831603097 memory requested, 445054976 free
2024-10-22T11:14:42.636+0530 [DEBUG] [org.gradle.cache.internal.DefaultFileLockManager] Waiting to acquire shared lock on daemon addresses registry.
2024-10-22T11:14:42.637+0530 [DEBUG] [org.gradle.cache.internal.DefaultFileLockManager] Lock acquired on daemon addresses registry.
2024-10-22T11:14:42.637+0530 [DEBUG] [org.gradle.workers.internal.WorkerDaemonExpiration] Will attempt to release 793 of memory
2024-10-22T11:14:42.637+0530 [DEBUG] [org.gradle.process.internal.health.memory.DefaultMemoryManager] 831603097 memory requested, 0 released, 445054976 free
2024-10-22T11:14:42.637+0530 [DEBUG] [org.gradle.cache.internal.DefaultFileLockManager] Releasing lock on daemon addresses registry.
2024-10-22T11:14:42.638+0530 [DEBUG] [org.gradle.process.internal.health.memory.DefaultMemoryManager] 831603097 memory requested, 445292544 free
2024-10-22T11:14:42.638+0530 [DEBUG] [org.gradle.workers.internal.WorkerDaemonExpiration] Will attempt to release 793 of memory
2024-10-22T11:14:42.638+0530 [DEBUG] [org.gradle.process.internal.health.memory.DefaultMemoryManager] 831603097 memory requested, 0 released, 445292544 free
2024-10-22T11:14:42.638+0530 [DEBUG] [org.gradle.process.internal.health.memory.DefaultMemoryManager] 831603097 memory requested, 445325312 free
2024-10-22T11:14:42.638+0530 [DEBUG] [org.gradle.workers.internal.WorkerDaemonExpiration] Will attempt to release 793 of memory
2024-10-22T11:14:42.638+0530 [DEBUG] [org.gradle.process.internal.health.memory.DefaultMemoryManager] 831603097 memory requested, 0 released, 445325312 free
2024-10-22T11:14:42.638+0530 [DEBUG] [org.gradle.process.internal.health.memory.DefaultMemoryManager] 831603097 memory requested, 445374464 free
2024-10-22T11:14:42.638+0530 [DEBUG] [org.gradle.workers.internal.WorkerDaemonExpiration] Will attempt to release 793 of memory
2024-10-22T11:14:42.638+0530 [DEBUG] [org.gradle.cache.internal.DefaultFileLockManager] Waiting to acquire shared lock on daemon addresses registry.
2024-10-22T11:14:42.638+0530 [DEBUG] [org.gradle.process.internal.health.memory.DefaultMemoryManager] 831603097 memory requested, 0 released, 445374464 free
2024-10-22T11:14:42.639+0530 [DEBUG] [org.gradle.cache.internal.DefaultFileLockManager] Lock acquired on daemon addresses registry.
2024-10-22T11:14:42.639+0530 [DEBUG] [org.gradle.process.internal.health.memory.DefaultMemoryManager] 831603097 memory requested, 445386752 free
2024-10-22T11:14:42.639+0530 [DEBUG] [org.gradle.workers.internal.WorkerDaemonExpiration] Will attempt to release 793 of memory
2024-10-22T11:14:42.639+0530 [DEBUG] [org.gradle.cache.internal.DefaultFileLockManager] Releasing lock on daemon addresses registry.
2024-10-22T11:14:42.639+0530 [DEBUG] [org.gradle.process.internal.health.memory.DefaultMemoryManager] 831603097 memory requested, 0 released, 445386752 free
2024-10-22T11:14:42.640+0530 [DEBUG] [org.gradle.process.internal.health.memory.DefaultMemoryManager] 831603097 memory requested, 445378560 free
2024-10-22T11:14:42.640+0530 [DEBUG] [org.gradle.workers.internal.WorkerDaemonExpiration] Will attempt to release 793 of memory
2024-10-22T11:14:42.640+0530 [DEBUG] [org.gradle.cache.internal.DefaultFileLockManager] Waiting to acquire shared lock on daemon addresses registry.
2024-10-22T11:14:42.643+0530 [DEBUG] [org.gradle.cache.internal.DefaultFileLockManager] Lock acquired on daemon addresses registry.
2024-10-22T11:14:42.643+0530 [DEBUG] [org.gradle.cache.internal.DefaultFileLockManager] Releasing lock on daemon addresses registry.
2024-10-22T11:14:42.642+0530 [DEBUG] [org.gradle.process.internal.health.memory.DefaultMemoryManager] 831603097 memory requested, 0 released, 445378560 free
2024-10-22T11:14:42.643+0530 [DEBUG] [org.gradle.process.internal.health.memory.DefaultMemoryManager] 831603097 memory requested, 445550592 free
2024-10-22T11:14:42.644+0530 [DEBUG] [org.gradle.workers.internal.WorkerDaemonExpiration] Will attempt to release 793 of memory
2024-10-22T11:14:42.644+0530 [DEBUG] [org.gradle.process.internal.health.memory.DefaultMemoryManager] 831603097 memory requested, 0 released, 445550592 free
2024-10-22T11:14:42.644+0530 [DEBUG] [org.gradle.cache.internal.DefaultFileLockManager] Waiting to acquire shared lock on daemon addresses registry.
2024-10-22T11:14:42.644+0530 [DEBUG] [org.gradle.process.internal.health.memory.DefaultMemoryManager] 831603097 memory requested, 445648896 free
2024-10-22T11:14:42.644+0530 [DEBUG] [org.gradle.cache.internal.DefaultFileLockManager] Lock acquired on daemon addresses registry.
2024-10-22T11:14:42.644+0530 [DEBUG] [org.gradle.workers.internal.WorkerDaemonExpiration] Will attempt to release 793 of memory
2024-10-22T11:14:42.644+0530 [DEBUG] [org.gradle.process.internal.health.memory.DefaultMemoryManager] 831603097 memory requested, 0 released, 445648896 free
2024-10-22T11:14:42.645+0530 [DEBUG] [org.gradle.cache.internal.DefaultFileLockManager] Releasing lock on daemon addresses registry.
2024-10-22T11:14:42.645+0530 [DEBUG] [org.gradle.process.internal.health.memory.DefaultMemoryManager] 831603097 memory requested, 445644800 free
2024-10-22T11:14:42.645+0530 [DEBUG] [org.gradle.workers.internal.WorkerDaemonExpiration] Will attempt to release 793 of memory
2024-10-22T11:14:42.645+0530 [DEBUG] [org.gradle.process.internal.health.memory.DefaultMemoryManager] 831603097 memory requested, 0 released, 445644800 free
2024-10-22T11:14:42.645+0530 [DEBUG] [org.gradle.process.internal.health.memory.DefaultMemoryManager] 831603097 memory requested, 445698048 free
2024-10-22T11:14:42.645+0530 [DEBUG] [org.gradle.workers.internal.WorkerDaemonExpiration] Will attempt to release 793 of memory
2024-10-22T11:14:42.645+0530 [DEBUG] [org.gradle.process.internal.health.memory.DefaultMemoryManager] 831603097 memory requested, 0 released, 445698048 free
2024-10-22T11:14:42.645+0530 [DEBUG] [org.gradle.process.internal.health.memory.DefaultMemoryManager] 831603097 memory requested, 445739008 free
2024-10-22T11:14:42.645+0530 [DEBUG] [org.gradle.workers.internal.WorkerDaemonExpiration] Will attempt to release 793 of memory
2024-10-22T11:14:42.645+0530 [DEBUG] [org.gradle.process.internal.health.memory.DefaultMemoryManager] 831603097 memory requested, 0 released, 445739008 free
2024-10-22T11:14:42.646+0530 [DEBUG] [org.gradle.cache.internal.DefaultFileLockManager] Waiting to acquire shared lock on daemon addresses registry.
2024-10-22T11:14:42.646+0530 [DEBUG] [org.gradle.process.internal.health.memory.DefaultMemoryManager] 831603097 memory requested, 445767680 free
2024-10-22T11:14:42.646+0530 [DEBUG] [org.gradle.workers.internal.WorkerDaemonExpiration] Will attempt to release 793 of memory
2024-10-22T11:14:42.646+0530 [DEBUG] [org.gradle.cache.internal.DefaultFileLockManager] Lock acquired on daemon addresses registry.
2024-10-22T11:14:42.646+0530 [DEBUG] [org.gradle.process.internal.health.memory.DefaultMemoryManager] 831603097 memory requested, 0 released, 445767680 free
2024-10-22T11:14:42.646+0530 [DEBUG] [org.gradle.process.internal.health.memory.DefaultMemoryManager] 831603097 memory requested, 445845504 free
2024-10-22T11:14:42.646+0530 [DEBUG] [org.gradle.workers.internal.WorkerDaemonExpiration] Will attempt to release 793 of memory
2024-10-22T11:14:42.646+0530 [DEBUG] [org.gradle.process.internal.health.memory.DefaultMemoryManager] 831603097 memory requested, 0 released, 445845504 free
2024-10-22T11:14:42.647+0530 [DEBUG] [org.gradle.cache.internal.DefaultFileLockManager] Releasing lock on daemon addresses registry.
2024-10-22T11:14:42.647+0530 [DEBUG] [org.gradle.process.internal.health.memory.DefaultMemoryManager] 831603097 memory requested, 445902848 free
2024-10-22T11:14:42.647+0530 [DEBUG] [org.gradle.workers.internal.WorkerDaemonExpiration] Will attempt to release 793 of memory
2024-10-22T11:14:42.647+0530 [DEBUG] [org.gradle.process.internal.health.memory.DefaultMemoryManager] 831603097 memory requested, 0 released, 445902848 free
2024-10-22T11:14:42.647+0530 [DEBUG] [org.gradle.process.internal.health.memory.DefaultMemoryManager] 831603097 memory requested, 445898752 free
2024-10-22T11:14:42.647+0530 [DEBUG] [org.gradle.workers.internal.WorkerDaemonExpiration] Will attempt to release 793 of memory
2024-10-22T11:14:42.647+0530 [DEBUG] [org.gradle.process.internal.health.memory.DefaultMemoryManager] 831603097 memory requested, 0 released, 445898752 free
2024-10-22T11:14:42.647+0530 [DEBUG] [org.gradle.process.internal.health.memory.DefaultMemoryManager] 831603097 memory requested, 446038016 free
2024-10-22T11:14:42.648+0530 [DEBUG] [org.gradle.workers.internal.WorkerDaemonExpiration] Will attempt to release 793 of memory
2024-10-22T11:14:42.647+0530 [DEBUG] [org.gradle.cache.internal.DefaultFileLockManager] Waiting to acquire shared lock on daemon addresses registry.
2024-10-22T11:14:42.648+0530 [DEBUG] [org.gradle.process.internal.health.memory.DefaultMemoryManager] 831603097 memory requested, 0 released, 446038016 free
2024-10-22T11:14:42.648+0530 [DEBUG] [org.gradle.cache.internal.DefaultFileLockManager] Lock acquired on daemon addresses registry.
2024-10-22T11:14:42.648+0530 [DEBUG] [org.gradle.process.internal.health.memory.DefaultMemoryManager] 831603097 memory requested, 446136320 free
2024-10-22T11:14:42.648+0530 [DEBUG] [org.gradle.workers.internal.WorkerDaemonExpiration] Will attempt to release 793 of memory
2024-10-22T11:14:42.648+0530 [DEBUG] [org.gradle.process.internal.health.memory.DefaultMemoryManager] 831603097 memory requested, 0 released, 446136320 free
2024-10-22T11:14:42.648+0530 [DEBUG] [org.gradle.cache.internal.DefaultFileLockManager] Releasing lock on daemon addresses registry.
2024-10-22T11:14:42.648+0530 [DEBUG] [org.gradle.process.internal.health.memory.DefaultMemoryManager] 831603097 memory requested, 446152704 free
2024-10-22T11:14:42.649+0530 [DEBUG] [org.gradle.workers.internal.WorkerDaemonExpiration] Will attempt to release 793 of memory
2024-10-22T11:14:42.649+0530 [DEBUG] [org.gradle.process.internal.health.memory.DefaultMemoryManager] 831603097 memory requested, 0 released, 446152704 free
2024-10-22T11:14:42.649+0530 [DEBUG] [org.gradle.process.internal.health.memory.DefaultMemoryManager] 831603097 memory requested, 446185472 free
2024-10-22T11:14:42.649+0530 [DEBUG] [org.gradle.workers.internal.WorkerDaemonExpiration] Will attempt to release 793 of memory
2024-10-22T11:14:42.649+0530 [DEBUG] [org.gradle.process.internal.health.memory.DefaultMemoryManager] 831603097 memory requested, 0 released, 446185472 free
2024-10-22T11:14:42.649+0530 [DEBUG] [org.gradle.cache.internal.DefaultFileLockManager] Waiting to acquire shared lock on daemon addresses registry.
2024-10-22T11:14:42.650+0530 [DEBUG] [org.gradle.process.internal.health.memory.DefaultMemoryManager] 831603097 memory requested, 446373888 free
2024-10-22T11:14:42.650+0530 [DEBUG] [org.gradle.workers.internal.WorkerDaemonExpiration] Will attempt to release 793 of memory
2024-10-22T11:14:42.650+0530 [DEBUG] [org.gradle.cache.internal.DefaultFileLockManager] Lock acquired on daemon addresses registry.
2024-10-22T11:14:42.650+0530 [DEBUG] [org.gradle.process.internal.health.memory.DefaultMemoryManager] 831603097 memory requested, 0 released, 446373888 free
2024-10-22T11:14:42.650+0530 [DEBUG] [org.gradle.process.internal.health.memory.DefaultMemoryManager] 831603097 memory requested, 446398464 free
2024-10-22T11:14:42.650+0530 [DEBUG] [org.gradle.workers.internal.WorkerDaemonExpiration] Will attempt to release 793 of memory
2024-10-22T11:14:42.650+0530 [DEBUG] [org.gradle.process.internal.health.memory.DefaultMemoryManager] 831603097 memory requested, 0 released, 446398464 free
2024-10-22T11:14:42.650+0530 [DEBUG] [org.gradle.cache.internal.DefaultFileLockManager] Releasing lock on daemon addresses registry.
2024-10-22T11:14:42.650+0530 [DEBUG] [org.gradle.process.internal.health.memory.DefaultMemoryManager] 831603097 memory requested, 446402560 free
2024-10-22T11:14:42.651+0530 [DEBUG] [org.gradle.workers.internal.WorkerDaemonExpiration] Will attempt to release 793 of memory
2024-10-22T11:14:42.651+0530 [DEBUG] [org.gradle.process.internal.health.memory.DefaultMemoryManager] 831603097 memory requested, 0 released, 446402560 free
2024-10-22T11:14:42.651+0530 [DEBUG] [org.gradle.process.internal.health.memory.DefaultMemoryManager] 831603097 memory requested, 446455808 free
2024-10-22T11:14:42.651+0530 [DEBUG] [org.gradle.workers.internal.WorkerDaemonExpiration] Will attempt to release 793 of memory
2024-10-22T11:14:42.651+0530 [DEBUG] [org.gradle.process.internal.health.memory.DefaultMemoryManager] 831603097 memory requested, 0 released, 446455808 free
2024-10-22T11:14:42.651+0530 [DEBUG] [org.gradle.process.internal.health.memory.DefaultMemoryManager] 831603097 memory requested, 446455808 free
2024-10-22T11:14:42.651+0530 [DEBUG] [org.gradle.workers.internal.WorkerDaemonExpiration] Will attempt to release 793 of memory
2024-10-22T11:14:42.651+0530 [DEBUG] [org.gradle.cache.internal.DefaultFileLockManager] Waiting to acquire shared lock on daemon addresses registry.
2024-10-22T11:14:42.652+0530 [DEBUG] [org.gradle.cache.internal.DefaultFileLockManager] Lock acquired on daemon addresses registry.
2024-10-22T11:14:42.651+0530 [DEBUG] [org.gradle.process.internal.health.memory.DefaultMemoryManager] 831603097 memory requested, 0 released, 446455808 free
2024-10-22T11:14:42.652+0530 [DEBUG] [org.gradle.process.internal.health.memory.DefaultMemoryManager] 831603097 memory requested, 446431232 free
2024-10-22T11:14:42.652+0530 [DEBUG] [org.gradle.workers.internal.WorkerDaemonExpiration] Will attempt to release 793 of memory
2024-10-22T11:14:42.652+0530 [DEBUG] [org.gradle.cache.internal.DefaultFileLockManager] Releasing lock on daemon addresses registry.
2024-10-22T11:14:42.652+0530 [DEBUG] [org.gradle.process.internal.health.memory.DefaultMemoryManager] 831603097 memory requested, 0 released, 446431232 free
2024-10-22T11:14:42.652+0530 [DEBUG] [org.gradle.process.internal.health.memory.DefaultMemoryManager] 831603097 memory requested, 446414848 free
2024-10-22T11:14:42.653+0530 [DEBUG] [org.gradle.workers.internal.WorkerDaemonExpiration] Will attempt to release 793 of memory
2024-10-22T11:14:42.653+0530 [DEBUG] [org.gradle.process.internal.health.memory.DefaultMemoryManager] 831603097 memory requested, 0 released, 446414848 free
2024-10-22T11:14:42.653+0530 [DEBUG] [org.gradle.process.internal.health.memory.DefaultMemoryManager] 831603097 memory requested, 446476288 free
2024-10-22T11:14:42.653+0530 [DEBUG] [org.gradle.cache.internal.DefaultFileLockManager] Waiting to acquire shared lock on daemon addresses registry.
2024-10-22T11:14:42.653+0530 [DEBUG] [org.gradle.workers.internal.WorkerDaemonExpiration] Will attempt to release 793 of memory
2024-10-22T11:14:42.653+0530 [DEBUG] [org.gradle.cache.internal.DefaultFileLockManager] Lock acquired on daemon addresses registry.
2024-10-22T11:14:42.653+0530 [DEBUG] [org.gradle.process.internal.health.memory.DefaultMemoryManager] 831603097 memory requested, 0 released, 446476288 free
2024-10-22T11:14:42.654+0530 [DEBUG] [org.gradle.process.internal.health.memory.DefaultMemoryManager] 831603097 memory requested, 446496768 free
2024-10-22T11:14:42.654+0530 [DEBUG] [org.gradle.workers.internal.WorkerDaemonExpiration] Will attempt to release 793 of memory
2024-10-22T11:14:42.654+0530 [DEBUG] [org.gradle.process.internal.health.memory.DefaultMemoryManager] 831603097 memory requested, 0 released, 446496768 free
2024-10-22T11:14:42.654+0530 [DEBUG] [org.gradle.process.internal.health.memory.DefaultMemoryManager] 831603097 memory requested, 446488576 free
2024-10-22T11:14:42.654+0530 [DEBUG] [org.gradle.workers.internal.WorkerDaemonExpiration] Will attempt to release 793 of memory
2024-10-22T11:14:42.654+0530 [DEBUG] [org.gradle.cache.internal.DefaultFileLockManager] Releasing lock on daemon addresses registry.
2024-10-22T11:14:42.654+0530 [DEBUG] [org.gradle.process.internal.health.memory.DefaultMemoryManager] 831603097 memory requested, 0 released, 446488576 free
2024-10-22T11:14:42.655+0530 [DEBUG] [org.gradle.process.internal.health.memory.DefaultMemoryManager] 831603097 memory requested, 446541824 free
2024-10-22T11:14:42.655+0530 [DEBUG] [org.gradle.workers.internal.WorkerDaemonExpiration] Will attempt to release 793 of memory
2024-10-22T11:14:42.655+0530 [DEBUG] [org.gradle.process.internal.health.memory.DefaultMemoryManager] 831603097 memory requested, 0 released, 446541824 free
2024-10-22T11:14:42.655+0530 [DEBUG] [org.gradle.process.internal.health.memory.DefaultMemoryManager] 831603097 memory requested, 446529536 free
2024-10-22T11:14:42.655+0530 [DEBUG] [org.gradle.workers.internal.WorkerDaemonExpiration] Will attempt to release 793 of memory
2024-10-22T11:14:42.655+0530 [DEBUG] [org.gradle.process.internal.health.memory.DefaultMemoryManager] 831603097 memory requested, 0 released, 446529536 free
2024-10-22T11:14:42.655+0530 [DEBUG] [org.gradle.process.internal.health.memory.DefaultMemoryManager] 831603097 memory requested, 446517248 free
2024-10-22T11:14:42.655+0530 [DEBUG] [org.gradle.workers.internal.WorkerDaemonExpiration] Will attempt to release 793 of memory
2024-10-22T11:14:42.655+0530 [DEBUG] [org.gradle.process.internal.health.memory.DefaultMemoryManager] 831603097 memory requested, 0 released, 446517248 free
2024-10-22T11:14:42.655+0530 [DEBUG] [org.gradle.process.internal.health.memory.DefaultMemoryManager] 831603097 memory requested, 446550016 free
2024-10-22T11:14:42.655+0530 [DEBUG] [org.gradle.workers.internal.WorkerDaemonExpiration] Will attempt to release 793 of memory
2024-10-22T11:14:42.656+0530 [DEBUG] [org.gradle.process.internal.health.memory.DefaultMemoryManager] 831603097 memory requested, 0 released, 446550016 free
2024-10-22T11:14:42.656+0530 [DEBUG] [org.gradle.cache.internal.DefaultFileLockManager] Waiting to acquire shared lock on daemon addresses registry.
2024-10-22T11:14:42.656+0530 [DEBUG] [org.gradle.process.internal.health.memory.DefaultMemoryManager] 831603097 memory requested, 446652416 free
2024-10-22T11:14:42.656+0530 [DEBUG] [org.gradle.cache.internal.DefaultFileLockManager] Lock acquired on daemon addresses registry.
2024-10-22T11:14:42.656+0530 [DEBUG] [org.gradle.workers.internal.WorkerDaemonExpiration] Will attempt to release 793 of memory
2024-10-22T11:14:42.656+0530 [DEBUG] [org.gradle.process.internal.health.memory.DefaultMemoryManager] 831603097 memory requested, 0 released, 446652416 free
2024-10-22T11:14:42.657+0530 [DEBUG] [org.gradle.process.internal.health.memory.DefaultMemoryManager] 831603097 memory requested, 446783488 free
2024-10-22T11:14:42.657+0530 [DEBUG] [org.gradle.cache.internal.DefaultFileLockManager] Releasing lock on daemon addresses registry.
2024-10-22T11:14:42.657+0530 [DEBUG] [org.gradle.workers.internal.WorkerDaemonExpiration] Will attempt to release 793 of memory
2024-10-22T11:14:42.657+0530 [DEBUG] [org.gradle.process.internal.health.memory.DefaultMemoryManager] 831603097 memory requested, 0 released, 446783488 free
2024-10-22T11:14:42.657+0530 [DEBUG] [org.gradle.process.internal.health.memory.DefaultMemoryManager] 831603097 memory requested, 446771200 free
2024-10-22T11:14:42.657+0530 [DEBUG] [org.gradle.workers.internal.WorkerDaemonExpiration] Will attempt to release 793 of memory
2024-10-22T11:14:42.657+0530 [DEBUG] [org.gradle.process.internal.health.memory.DefaultMemoryManager] 831603097 memory requested, 0 released, 446771200 free
2024-10-22T11:14:42.657+0530 [DEBUG] [org.gradle.cache.internal.DefaultFileLockManager] Waiting to acquire shared lock on daemon addresses registry.
2024-10-22T11:14:42.658+0530 [DEBUG] [org.gradle.process.internal.health.memory.DefaultMemoryManager] 831603097 memory requested, 446803968 free
2024-10-22T11:14:42.658+0530 [DEBUG] [org.gradle.workers.internal.WorkerDaemonExpiration] Will attempt to release 793 of memory
2024-10-22T11:14:42.658+0530 [DEBUG] [org.gradle.cache.internal.DefaultFileLockManager] Lock acquired on daemon addresses registry.
2024-10-22T11:14:42.658+0530 [DEBUG] [org.gradle.process.internal.health.memory.DefaultMemoryManager] 831603097 memory requested, 0 released, 446803968 free
2024-10-22T11:14:42.658+0530 [DEBUG] [org.gradle.process.internal.health.memory.DefaultMemoryManager] 831603097 memory requested, 446889984 free
2024-10-22T11:14:42.658+0530 [DEBUG] [org.gradle.workers.internal.WorkerDaemonExpiration] Will attempt to release 793 of memory
2024-10-22T11:14:42.658+0530 [DEBUG] [org.gradle.cache.internal.DefaultFileLockManager] Releasing lock on daemon addresses registry.
2024-10-22T11:14:42.658+0530 [DEBUG] [org.gradle.process.internal.health.memory.DefaultMemoryManager] 831603097 memory requested, 0 released, 446889984 free
2024-10-22T11:14:42.658+0530 [DEBUG] [org.gradle.process.internal.health.memory.DefaultMemoryManager] 831603097 memory requested, 446926848 free
2024-10-22T11:14:42.659+0530 [DEBUG] [org.gradle.workers.internal.WorkerDaemonExpiration] Will attempt to release 793 of memory
2024-10-22T11:14:42.659+0530 [DEBUG] [org.gradle.process.internal.health.memory.DefaultMemoryManager] 831603097 memory requested, 0 released, 446926848 free
2024-10-22T11:14:42.659+0530 [DEBUG] [org.gradle.process.internal.health.memory.DefaultMemoryManager] 831603097 memory requested, 446955520 free
2024-10-22T11:14:42.659+0530 [DEBUG] [org.gradle.workers.internal.WorkerDaemonExpiration] Will attempt to release 793 of memory
2024-10-22T11:14:42.659+0530 [DEBUG] [org.gradle.cache.internal.DefaultFileLockManager] Waiting to acquire shared lock on daemon addresses registry.
2024-10-22T11:14:42.659+0530 [DEBUG] [org.gradle.process.internal.health.memory.DefaultMemoryManager] 831603097 memory requested, 0 released, 446955520 free
2024-10-22T11:14:42.659+0530 [DEBUG] [org.gradle.cache.internal.DefaultFileLockManager] Lock acquired on daemon addresses registry.
2024-10-22T11:14:42.659+0530 [DEBUG] [org.gradle.process.internal.health.memory.DefaultMemoryManager] 831603097 memory requested, 446935040 free
2024-10-22T11:14:42.659+0530 [DEBUG] [org.gradle.workers.internal.WorkerDaemonExpiration] Will attempt to release 793 of memory
2024-10-22T11:14:42.659+0530 [DEBUG] [org.gradle.process.internal.health.memory.DefaultMemoryManager] 831603097 memory requested, 0 released, 446935040 free
2024-10-22T11:14:42.659+0530 [DEBUG] [org.gradle.cache.internal.DefaultFileLockManager] Releasing lock on daemon addresses registry.
2024-10-22T11:14:42.660+0530 [DEBUG] [org.gradle.process.internal.health.memory.DefaultMemoryManager] 831603097 memory requested, 446976000 free
2024-10-22T11:14:42.660+0530 [DEBUG] [org.gradle.workers.internal.WorkerDaemonExpiration] Will attempt to release 793 of memory
2024-10-22T11:14:42.660+0530 [DEBUG] [org.gradle.process.internal.health.memory.DefaultMemoryManager] 831603097 memory requested, 0 released, 446976000 free
2024-10-22T11:14:42.660+0530 [DEBUG] [org.gradle.process.internal.health.memory.DefaultMemoryManager] 831603097 memory requested, 447025152 free
2024-10-22T11:14:42.660+0530 [DEBUG] [org.gradle.workers.internal.WorkerDaemonExpiration] Will attempt to release 793 of memory
2024-10-22T11:14:42.660+0530 [DEBUG] [org.gradle.process.internal.health.memory.DefaultMemoryManager] 831603097 memory requested, 0 released, 447025152 free
2024-10-22T11:14:42.660+0530 [DEBUG] [org.gradle.process.internal.health.memory.DefaultMemoryManager] 831603097 memory requested, 447053824 free
2024-10-22T11:14:42.660+0530 [DEBUG] [org.gradle.workers.internal.WorkerDaemonExpiration] Will attempt to release 793 of memory
2024-10-22T11:14:42.660+0530 [DEBUG] [org.gradle.process.internal.health.memory.DefaultMemoryManager] 831603097 memory requested, 0 released, 447053824 free
2024-10-22T11:14:42.660+0530 [DEBUG] [org.gradle.cache.internal.DefaultFileLockManager] Waiting to acquire shared lock on daemon addresses registry.
2024-10-22T11:14:42.661+0530 [DEBUG] [org.gradle.process.internal.health.memory.DefaultMemoryManager] 831603097 memory requested, 447090688 free
2024-10-22T11:14:42.661+0530 [DEBUG] [org.gradle.cache.internal.DefaultFileLockManager] Lock acquired on daemon addresses registry.
2024-10-22T11:14:42.661+0530 [DEBUG] [org.gradle.workers.internal.WorkerDaemonExpiration] Will attempt to release 793 of memory
2024-10-22T11:14:42.661+0530 [DEBUG] [org.gradle.process.internal.health.memory.DefaultMemoryManager] 831603097 memory requested, 0 released, 447090688 free
2024-10-22T11:14:42.661+0530 [DEBUG] [org.gradle.cache.internal.DefaultFileLockManager] Releasing lock on daemon addresses registry.
2024-10-22T11:14:42.661+0530 [DEBUG] [org.gradle.process.internal.health.memory.DefaultMemoryManager] 831603097 memory requested, 447143936 free
2024-10-22T11:14:42.661+0530 [DEBUG] [org.gradle.workers.internal.WorkerDaemonExpiration] Will attempt to release 793 of memory
2024-10-22T11:14:42.661+0530 [DEBUG] [org.gradle.process.internal.health.memory.DefaultMemoryManager] 831603097 memory requested, 0 released, 447143936 free
2024-10-22T11:14:42.661+0530 [DEBUG] [org.gradle.process.internal.health.memory.DefaultMemoryManager] 831603097 memory requested, 447229952 free
2024-10-22T11:14:42.662+0530 [DEBUG] [org.gradle.workers.internal.WorkerDaemonExpiration] Will attempt to release 793 of memory
2024-10-22T11:14:42.662+0530 [DEBUG] [org.gradle.process.internal.health.memory.DefaultMemoryManager] 831603097 memory requested, 0 released, 447229952 free
2024-10-22T11:14:42.662+0530 [DEBUG] [org.gradle.cache.internal.DefaultFileLockManager] Waiting to acquire shared lock on daemon addresses registry.
2024-10-22T11:14:42.662+0530 [DEBUG] [org.gradle.process.internal.health.memory.DefaultMemoryManager] 831603097 memory requested, 447311872 free
2024-10-22T11:14:42.662+0530 [DEBUG] [org.gradle.cache.internal.DefaultFileLockManager] Lock acquired on daemon addresses registry.
2024-10-22T11:14:42.662+0530 [DEBUG] [org.gradle.workers.internal.WorkerDaemonExpiration] Will attempt to release 793 of memory
2024-10-22T11:14:42.662+0530 [DEBUG] [org.gradle.cache.internal.DefaultFileLockManager] Releasing lock on daemon addresses registry.
2024-10-22T11:14:42.663+0530 [DEBUG] [org.gradle.process.internal.health.memory.DefaultMemoryManager] 831603097 memory requested, 0 released, 447311872 free
2024-10-22T11:14:42.663+0530 [DEBUG] [org.gradle.process.internal.health.memory.DefaultMemoryManager] 831603097 memory requested, 447475712 free
2024-10-22T11:14:42.663+0530 [DEBUG] [org.gradle.workers.internal.WorkerDaemonExpiration] Will attempt to release 793 of memory
2024-10-22T11:14:42.664+0530 [DEBUG] [org.gradle.process.internal.health.memory.DefaultMemoryManager] 831603097 memory requested, 0 released, 447475712 free
2024-10-22T11:14:42.664+0530 [DEBUG] [org.gradle.process.internal.health.memory.DefaultMemoryManager] 831603097 memory requested, 447520768 free
2024-10-22T11:14:42.664+0530 [DEBUG] [org.gradle.workers.internal.WorkerDaemonExpiration] Will attempt to release 793 of memory
2024-10-22T11:14:42.664+0530 [DEBUG] [org.gradle.cache.internal.DefaultFileLockManager] Waiting to acquire shared lock on daemon addresses registry.
2024-10-22T11:14:42.664+0530 [DEBUG] [org.gradle.process.internal.health.memory.DefaultMemoryManager] 831603097 memory requested, 0 released, 447520768 free
2024-10-22T11:14:42.665+0530 [DEBUG] [org.gradle.cache.internal.DefaultFileLockManager] Lock acquired on daemon addresses registry.
2024-10-22T11:14:42.665+0530 [DEBUG] [org.gradle.process.internal.health.memory.DefaultMemoryManager] 831603097 memory requested, 447700992 free
2024-10-22T11:14:42.665+0530 [DEBUG] [org.gradle.workers.internal.WorkerDaemonExpiration] Will attempt to release 793 of memory
2024-10-22T11:14:42.665+0530 [DEBUG] [org.gradle.process.internal.health.memory.DefaultMemoryManager] 831603097 memory requested, 0 released, 447700992 free
2024-10-22T11:14:42.665+0530 [DEBUG] [org.gradle.cache.internal.DefaultFileLockManager] Releasing lock on daemon addresses registry.
2024-10-22T11:14:42.665+0530 [DEBUG] [org.gradle.process.internal.health.memory.DefaultMemoryManager] 831603097 memory requested, 447770624 free
2024-10-22T11:14:42.665+0530 [DEBUG] [org.gradle.workers.internal.WorkerDaemonExpiration] Will attempt to release 793 of memory
2024-10-22T11:14:42.665+0530 [DEBUG] [org.gradle.process.internal.health.memory.DefaultMemoryManager] 831603097 memory requested, 0 released, 447770624 free
2024-10-22T11:14:42.666+0530 [DEBUG] [org.gradle.process.internal.health.memory.DefaultMemoryManager] 831603097 memory requested, 447844352 free
2024-10-22T11:14:42.666+0530 [DEBUG] [org.gradle.workers.internal.WorkerDaemonExpiration] Will attempt to release 793 of memory
2024-10-22T11:14:42.666+0530 [DEBUG] [org.gradle.process.internal.health.memory.DefaultMemoryManager] 831603097 memory requested, 0 released, 447844352 free
2024-10-22T11:14:42.666+0530 [DEBUG] [org.gradle.process.internal.health.memory.DefaultMemoryManager] 831603097 memory requested, 447840256 free
2024-10-22T11:14:42.666+0530 [DEBUG] [org.gradle.cache.internal.DefaultFileLockManager] Waiting to acquire shared lock on daemon addresses registry.
2024-10-22T11:14:42.666+0530 [DEBUG] [org.gradle.cache.internal.DefaultFileLockManager] Lock acquired on daemon addresses registry.
2024-10-22T11:14:42.666+0530 [DEBUG] [org.gradle.workers.internal.WorkerDaemonExpiration] Will attempt to release 793 of memory
2024-10-22T11:14:42.667+0530 [DEBUG] [org.gradle.cache.internal.DefaultFileLockManager] Releasing lock on daemon addresses registry.
2024-10-22T11:14:42.667+0530 [DEBUG] [org.gradle.process.internal.health.memory.DefaultMemoryManager] 831603097 memory requested, 0 released, 447840256 free
2024-10-22T11:14:42.667+0530 [DEBUG] [org.gradle.process.internal.health.memory.DefaultMemoryManager] 831603097 memory requested, 448106496 free
2024-10-22T11:14:42.667+0530 [DEBUG] [org.gradle.workers.internal.WorkerDaemonExpiration] Will attempt to release 793 of memory
2024-10-22T11:14:42.667+0530 [DEBUG] [org.gradle.process.internal.health.memory.DefaultMemoryManager] 831603097 memory requested, 0 released, 448106496 free
2024-10-22T11:14:42.667+0530 [DEBUG] [org.gradle.cache.internal.DefaultFileLockManager] Waiting to acquire shared lock on daemon addresses registry.
2024-10-22T11:14:42.667+0530 [DEBUG] [org.gradle.process.internal.health.memory.DefaultMemoryManager] 831603097 memory requested, 448114688 free
2024-10-22T11:14:42.668+0530 [DEBUG] [org.gradle.cache.internal.DefaultFileLockManager] Lock acquired on daemon addresses registry.
2024-10-22T11:14:42.668+0530 [DEBUG] [org.gradle.workers.internal.WorkerDaemonExpiration] Will attempt to release 793 of memory
2024-10-22T11:14:42.668+0530 [DEBUG] [org.gradle.process.internal.health.memory.DefaultMemoryManager] 831603097 memory requested, 0 released, 448114688 free
2024-10-22T11:14:42.668+0530 [DEBUG] [org.gradle.process.internal.health.memory.DefaultMemoryManager] 831603097 memory requested, 448446464 free
2024-10-22T11:14:42.668+0530 [DEBUG] [org.gradle.cache.internal.DefaultFileLockManager] Releasing lock on daemon addresses registry.
2024-10-22T11:14:42.668+0530 [DEBUG] [org.gradle.workers.internal.WorkerDaemonExpiration] Will attempt to release 793 of memory
2024-10-22T11:14:42.670+0530 [DEBUG] [org.gradle.process.internal.health.memory.DefaultMemoryManager] 831603097 memory requested, 0 released, 448446464 free
2024-10-22T11:14:42.670+0530 [DEBUG] [org.gradle.process.internal.health.memory.DefaultMemoryManager] 831603097 memory requested, 448450560 free
2024-10-22T11:14:42.671+0530 [DEBUG] [org.gradle.workers.internal.WorkerDaemonExpiration] Will attempt to release 793 of memory
2024-10-22T11:14:42.671+0530 [DEBUG] [org.gradle.process.internal.health.memory.DefaultMemoryManager] 831603097 memory requested, 0 released, 448450560 free
2024-10-22T11:14:42.671+0530 [DEBUG] [org.gradle.process.internal.health.memory.DefaultMemoryManager] 831603097 memory requested, 448446464 free
2024-10-22T11:14:42.671+0530 [DEBUG] [org.gradle.workers.internal.WorkerDaemonExpiration] Will attempt to release 793 of memory
2024-10-22T11:14:42.671+0530 [DEBUG] [org.gradle.process.internal.health.memory.DefaultMemoryManager] 831603097 memory requested, 0 released, 448446464 free
2024-10-22T11:14:42.671+0530 [DEBUG] [org.gradle.process.internal.health.memory.DefaultMemoryManager] 831603097 memory requested, 448446464 free
2024-10-22T11:14:42.671+0530 [DEBUG] [org.gradle.workers.internal.WorkerDaemonExpiration] Will attempt to release 793 of memory
2024-10-22T11:14:42.671+0530 [DEBUG] [org.gradle.process.internal.health.memory.DefaultMemoryManager] 831603097 memory requested, 0 released, 448446464 free
2024-10-22T11:14:42.672+0530 [DEBUG] [org.gradle.cache.internal.DefaultFileLockManager] Waiting to acquire shared lock on daemon addresses registry.
2024-10-22T11:14:42.673+0530 [DEBUG] [org.gradle.process.internal.health.memory.DefaultMemoryManager] 831603097 memory requested, 448614400 free
2024-10-22T11:14:42.673+0530 [DEBUG] [org.gradle.cache.internal.DefaultFileLockManager] Lock acquired on daemon addresses registry.
2024-10-22T11:14:42.673+0530 [DEBUG] [org.gradle.workers.internal.WorkerDaemonExpiration] Will attempt to release 793 of memory
2024-10-22T11:14:42.674+0530 [DEBUG] [org.gradle.cache.internal.DefaultFileLockManager] Releasing lock on daemon addresses registry.
2024-10-22T11:14:42.674+0530 [DEBUG] [org.gradle.process.internal.health.memory.DefaultMemoryManager] 831603097 memory requested, 0 released, 448614400 free
2024-10-22T11:14:42.674+0530 [DEBUG] [org.gradle.process.internal.health.memory.DefaultMemoryManager] 831603097 memory requested, 448593920 free
2024-10-22T11:14:42.674+0530 [DEBUG] [org.gradle.workers.internal.WorkerDaemonExpiration] Will attempt to release 793 of memory
2024-10-22T11:14:42.675+0530 [DEBUG] [org.gradle.process.internal.health.memory.DefaultMemoryManager] 831603097 memory requested, 0 released, 448593920 free
2024-10-22T11:14:42.675+0530 [DEBUG] [org.gradle.process.internal.health.memory.DefaultMemoryManager] 831603097 memory requested, 448602112 free
2024-10-22T11:14:42.675+0530 [DEBUG] [org.gradle.workers.internal.WorkerDaemonExpiration] Will attempt to release 793 of memory
2024-10-22T11:14:42.675+0530 [DEBUG] [org.gradle.process.internal.health.memory.DefaultMemoryManager] 831603097 memory requested, 0 released, 448602112 free
2024-10-22T11:14:42.675+0530 [DEBUG] [org.gradle.process.internal.health.memory.DefaultMemoryManager] 831603097 memory requested, 448634880 free
2024-10-22T11:14:42.675+0530 [DEBUG] [org.gradle.workers.internal.WorkerDaemonExpiration] Will attempt to release 793 of memory
2024-10-22T11:14:42.675+0530 [DEBUG] [org.gradle.process.internal.health.memory.DefaultMemoryManager] 831603097 memory requested, 0 released, 448634880 free
2024-10-22T11:14:42.675+0530 [DEBUG] [org.gradle.process.internal.health.memory.DefaultMemoryManager] 831603097 memory requested, 448688128 free
2024-10-22T11:14:42.675+0530 [DEBUG] [org.gradle.workers.internal.WorkerDaemonExpiration] Will attempt to release 793 of memory
2024-10-22T11:14:42.675+0530 [DEBUG] [org.gradle.process.internal.health.memory.DefaultMemoryManager] 831603097 memory requested, 0 released, 448688128 free
2024-10-22T11:14:42.676+0530 [DEBUG] [org.gradle.process.internal.health.memory.DefaultMemoryManager] 831603097 memory requested, 448737280 free
2024-10-22T11:14:42.676+0530 [DEBUG] [org.gradle.workers.internal.WorkerDaemonExpiration] Will attempt to release 793 of memory
2024-10-22T11:14:42.676+0530 [DEBUG] [org.gradle.process.internal.health.memory.DefaultMemoryManager] 831603097 memory requested, 0 released, 448737280 free
2024-10-22T11:14:42.676+0530 [DEBUG] [org.gradle.process.internal.health.memory.DefaultMemoryManager] 831603097 memory requested, 448798720 free
2024-10-22T11:14:42.676+0530 [DEBUG] [org.gradle.workers.internal.WorkerDaemonExpiration] Will attempt to release 793 of memory
2024-10-22T11:14:42.676+0530 [DEBUG] [org.gradle.process.internal.health.memory.DefaultMemoryManager] 831603097 memory requested, 0 released, 448798720 free
2024-10-22T11:14:42.676+0530 [DEBUG] [org.gradle.process.internal.health.memory.DefaultMemoryManager] 831603097 memory requested, 448835584 free
2024-10-22T11:14:42.676+0530 [DEBUG] [org.gradle.cache.internal.DefaultFileLockManager] Waiting to acquire shared lock on daemon addresses registry.
2024-10-22T11:14:42.676+0530 [DEBUG] [org.gradle.workers.internal.WorkerDaemonExpiration] Will attempt to release 793 of memory
2024-10-22T11:14:42.676+0530 [DEBUG] [org.gradle.process.internal.health.memory.DefaultMemoryManager] 831603097 memory requested, 0 released, 448835584 free
2024-10-22T11:14:42.676+0530 [DEBUG] [org.gradle.cache.internal.DefaultFileLockManager] Lock acquired on daemon addresses registry.
2024-10-22T11:14:42.677+0530 [DEBUG] [org.gradle.cache.internal.DefaultFileLockManager] Releasing lock on daemon addresses registry.
2024-10-22T11:14:42.678+0530 [DEBUG] [org.gradle.cache.internal.DefaultFileLockManager] Waiting to acquire shared lock on daemon addresses registry.
2024-10-22T11:14:42.678+0530 [DEBUG] [org.gradle.cache.internal.DefaultFileLockManager] Lock acquired on daemon addresses registry.
2024-10-22T11:14:42.678+0530 [DEBUG] [org.gradle.cache.internal.DefaultFileLockManager] Releasing lock on daemon addresses registry.
2024-10-22T11:14:42.679+0530 [DEBUG] [org.gradle.cache.internal.DefaultFileLockManager] Waiting to acquire shared lock on daemon addresses registry.
2024-10-22T11:14:42.679+0530 [DEBUG] [org.gradle.cache.internal.DefaultFileLockManager] Lock acquired on daemon addresses registry.
2024-10-22T11:14:42.680+0530 [DEBUG] [org.gradle.cache.internal.DefaultFileLockManager] Releasing lock on daemon addresses registry.
2024-10-22T11:14:42.681+0530 [DEBUG] [org.gradle.cache.internal.DefaultFileLockManager] Waiting to acquire shared lock on daemon addresses registry.
2024-10-22T11:14:42.681+0530 [DEBUG] [org.gradle.cache.internal.DefaultFileLockManager] Lock acquired on daemon addresses registry.
2024-10-22T11:14:42.681+0530 [DEBUG] [org.gradle.cache.internal.DefaultFileLockManager] Releasing lock on daemon addresses registry.
2024-10-22T11:14:42.682+0530 [DEBUG] [org.gradle.cache.internal.DefaultFileLockManager] Waiting to acquire shared lock on daemon addresses registry.
2024-10-22T11:14:42.682+0530 [DEBUG] [org.gradle.cache.internal.DefaultFileLockManager] Lock acquired on daemon addresses registry.
2024-10-22T11:14:42.682+0530 [DEBUG] [org.gradle.cache.internal.DefaultFileLockManager] Releasing lock on daemon addresses registry.
2024-10-22T11:14:42.683+0530 [DEBUG] [org.gradle.cache.internal.DefaultFileLockManager] Waiting to acquire shared lock on daemon addresses registry.
2024-10-22T11:14:42.683+0530 [DEBUG] [org.gradle.cache.internal.DefaultFileLockManager] Lock acquired on daemon addresses registry.
2024-10-22T11:14:42.683+0530 [DEBUG] [org.gradle.cache.internal.DefaultFileLockManager] Releasing lock on daemon addresses registry.
2024-10-22T11:14:42.684+0530 [DEBUG] [org.gradle.cache.internal.DefaultFileLockManager] Waiting to acquire shared lock on daemon addresses registry.
2024-10-22T11:14:42.684+0530 [DEBUG] [org.gradle.cache.internal.DefaultFileLockManager] Lock acquired on daemon addresses registry.
2024-10-22T11:14:42.685+0530 [DEBUG] [org.gradle.cache.internal.DefaultFileLockManager] Releasing lock on daemon addresses registry.
2024-10-22T11:14:42.685+0530 [DEBUG] [org.gradle.cache.internal.DefaultFileLockManager] Waiting to acquire shared lock on daemon addresses registry.
2024-10-22T11:14:42.686+0530 [DEBUG] [org.gradle.cache.internal.DefaultFileLockManager] Lock acquired on daemon addresses registry.
2024-10-22T11:14:42.686+0530 [DEBUG] [org.gradle.cache.internal.DefaultFileLockManager] Releasing lock on daemon addresses registry.
2024-10-22T11:14:42.687+0530 [DEBUG] [org.gradle.cache.internal.DefaultFileLockManager] Waiting to acquire shared lock on daemon addresses registry.
2024-10-22T11:14:42.687+0530 [DEBUG] [org.gradle.cache.internal.DefaultFileLockManager] Lock acquired on daemon addresses registry.
2024-10-22T11:14:42.687+0530 [DEBUG] [org.gradle.cache.internal.DefaultFileLockManager] Releasing lock on daemon addresses registry.
2024-10-22T11:14:42.689+0530 [DEBUG] [org.gradle.cache.internal.DefaultFileLockManager] Waiting to acquire shared lock on daemon addresses registry.
2024-10-22T11:14:42.689+0530 [DEBUG] [org.gradle.cache.internal.DefaultFileLockManager] Lock acquired on daemon addresses registry.
2024-10-22T11:14:42.689+0530 [DEBUG] [org.gradle.cache.internal.DefaultFileLockManager] Releasing lock on daemon addresses registry.
2024-10-22T11:14:42.690+0530 [DEBUG] [org.gradle.cache.internal.DefaultFileLockManager] Waiting to acquire shared lock on daemon addresses registry.
2024-10-22T11:14:42.690+0530 [DEBUG] [org.gradle.cache.internal.DefaultFileLockManager] Lock acquired on daemon addresses registry.
2024-10-22T11:14:42.696+0530 [DEBUG] [org.gradle.cache.internal.DefaultFileLockManager] Releasing lock on daemon addresses registry.
2024-10-22T11:14:42.676+0530 [DEBUG] [org.gradle.process.internal.health.memory.DefaultMemoryManager] 831603097 memory requested, 448815104 free
2024-10-22T11:14:42.696+0530 [DEBUG] [org.gradle.workers.internal.WorkerDaemonExpiration] Will attempt to release 793 of memory
2024-10-22T11:14:42.697+0530 [DEBUG] [org.gradle.cache.internal.DefaultFileLockManager] Waiting to acquire shared lock on daemon addresses registry.
2024-10-22T11:14:42.697+0530 [DEBUG] [org.gradle.process.internal.health.memory.DefaultMemoryManager] 831603097 memory requested, 0 released, 448815104 free
2024-10-22T11:14:42.697+0530 [DEBUG] [org.gradle.cache.internal.DefaultFileLockManager] Lock acquired on daemon addresses registry.
2024-10-22T11:14:42.698+0530 [DEBUG] [org.gradle.cache.internal.DefaultFileLockManager] Releasing lock on daemon addresses registry.
2024-10-22T11:14:42.698+0530 [DEBUG] [org.gradle.process.internal.health.memory.DefaultMemoryManager] 831603097 memory requested, 447426560 free
2024-10-22T11:14:42.699+0530 [DEBUG] [org.gradle.cache.internal.DefaultFileLockManager] Waiting to acquire shared lock on daemon addresses registry.
2024-10-22T11:14:42.699+0530 [DEBUG] [org.gradle.cache.internal.DefaultFileLockManager] Lock acquired on daemon addresses registry.
2024-10-22T11:14:42.700+0530 [DEBUG] [org.gradle.cache.internal.DefaultFileLockManager] Releasing lock on daemon addresses registry.
2024-10-22T11:14:42.701+0530 [DEBUG] [org.gradle.cache.internal.DefaultFileLockManager] Waiting to acquire shared lock on daemon addresses registry.
2024-10-22T11:14:42.701+0530 [DEBUG] [org.gradle.cache.internal.DefaultFileLockManager] Lock acquired on daemon addresses registry.
2024-10-22T11:14:42.702+0530 [DEBUG] [org.gradle.cache.internal.DefaultFileLockManager] Releasing lock on daemon addresses registry.
2024-10-22T11:14:42.702+0530 [DEBUG] [org.gradle.cache.internal.DefaultFileLockManager] Waiting to acquire shared lock on daemon addresses registry.
2024-10-22T11:14:42.703+0530 [DEBUG] [org.gradle.cache.internal.DefaultFileLockManager] Lock acquired on daemon addresses registry.
2024-10-22T11:14:42.703+0530 [DEBUG] [org.gradle.cache.internal.DefaultFileLockManager] Releasing lock on daemon addresses registry.
2024-10-22T11:14:42.704+0530 [DEBUG] [org.gradle.cache.internal.DefaultFileLockManager] Waiting to acquire shared lock on daemon addresses registry.
2024-10-22T11:14:42.705+0530 [DEBUG] [org.gradle.workers.internal.WorkerDaemonExpiration] Will attempt to release 793 of memory
2024-10-22T11:14:42.705+0530 [DEBUG] [org.gradle.cache.internal.DefaultFileLockManager] Lock acquired on daemon addresses registry.
2024-10-22T11:14:42.705+0530 [DEBUG] [org.gradle.process.internal.health.memory.DefaultMemoryManager] 831603097 memory requested, 0 released, 447426560 free
2024-10-22T11:14:42.706+0530 [DEBUG] [org.gradle.process.internal.health.memory.DefaultMemoryManager] 831603097 memory requested, 446574592 free
2024-10-22T11:14:42.706+0530 [DEBUG] [org.gradle.workers.internal.WorkerDaemonExpiration] Will attempt to release 793 of memory
2024-10-22T11:14:42.706+0530 [DEBUG] [org.gradle.cache.internal.DefaultFileLockManager] Releasing lock on daemon addresses registry.
2024-10-22T11:14:42.706+0530 [DEBUG] [org.gradle.process.internal.health.memory.DefaultMemoryManager] 831603097 memory requested, 0 released, 446574592 free
2024-10-22T11:14:42.706+0530 [DEBUG] [org.gradle.process.internal.health.memory.DefaultMemoryManager] 831603097 memory requested, 446648320 free
2024-10-22T11:14:42.706+0530 [DEBUG] [org.gradle.workers.internal.WorkerDaemonExpiration] Will attempt to release 793 of memory
2024-10-22T11:14:42.706+0530 [DEBUG] [org.gradle.process.internal.health.memory.DefaultMemoryManager] 831603097 memory requested, 0 released, 446648320 free
2024-10-22T11:14:42.706+0530 [DEBUG] [org.gradle.process.internal.health.memory.DefaultMemoryManager] 831603097 memory requested, 446672896 free
2024-10-22T11:14:42.706+0530 [DEBUG] [org.gradle.workers.internal.WorkerDaemonExpiration] Will attempt to release 793 of memory
2024-10-22T11:14:42.706+0530 [DEBUG] [org.gradle.process.internal.health.memory.DefaultMemoryManager] 831603097 memory requested, 0 released, 446672896 free
2024-10-22T11:14:42.707+0530 [DEBUG] [org.gradle.cache.internal.DefaultFileLockManager] Waiting to acquire shared lock on daemon addresses registry.
2024-10-22T11:14:42.707+0530 [DEBUG] [org.gradle.cache.internal.DefaultFileLockManager] Lock acquired on daemon addresses registry.
2024-10-22T11:14:42.707+0530 [DEBUG] [org.gradle.process.internal.health.memory.DefaultMemoryManager] 831603097 memory requested, 446693376 free
2024-10-22T11:14:42.707+0530 [DEBUG] [org.gradle.workers.internal.WorkerDaemonExpiration] Will attempt to release 793 of memory
2024-10-22T11:14:42.707+0530 [DEBUG] [org.gradle.process.internal.health.memory.DefaultMemoryManager] 831603097 memory requested, 0 released, 446693376 free
2024-10-22T11:14:42.707+0530 [DEBUG] [org.gradle.cache.internal.DefaultFileLockManager] Releasing lock on daemon addresses registry.
2024-10-22T11:14:42.707+0530 [DEBUG] [org.gradle.process.internal.health.memory.DefaultMemoryManager] 831603097 memory requested, 444125184 free
2024-10-22T11:14:42.708+0530 [DEBUG] [org.gradle.workers.internal.WorkerDaemonExpiration] Will attempt to release 793 of memory
2024-10-22T11:14:42.708+0530 [DEBUG] [org.gradle.process.internal.health.memory.DefaultMemoryManager] 831603097 memory requested, 0 released, 444125184 free
2024-10-22T11:14:42.708+0530 [DEBUG] [org.gradle.cache.internal.DefaultFileLockManager] Waiting to acquire shared lock on daemon addresses registry.
2024-10-22T11:14:42.708+0530 [DEBUG] [org.gradle.cache.internal.DefaultFileLockManager] Lock acquired on daemon addresses registry.
2024-10-22T11:14:42.708+0530 [DEBUG] [org.gradle.process.internal.health.memory.DefaultMemoryManager] 831603097 memory requested, 441942016 free
2024-10-22T11:14:42.709+0530 [DEBUG] [org.gradle.workers.internal.WorkerDaemonExpiration] Will attempt to release 793 of memory
2024-10-22T11:14:42.709+0530 [DEBUG] [org.gradle.cache.internal.DefaultFileLockManager] Releasing lock on daemon addresses registry.
2024-10-22T11:14:42.709+0530 [DEBUG] [org.gradle.process.internal.health.memory.DefaultMemoryManager] 831603097 memory requested, 0 released, 441942016 free
2024-10-22T11:14:42.710+0530 [DEBUG] [org.gradle.process.internal.health.memory.DefaultMemoryManager] 831603097 memory requested, 438001664 free
2024-10-22T11:14:42.710+0530 [DEBUG] [org.gradle.workers.internal.WorkerDaemonExpiration] Will attempt to release 793 of memory
2024-10-22T11:14:42.710+0530 [DEBUG] [org.gradle.process.internal.health.memory.DefaultMemoryManager] 831603097 memory requested, 0 released, 438001664 free
2024-10-22T11:14:42.710+0530 [DEBUG] [org.gradle.process.internal.health.memory.DefaultMemoryManager] 831603097 memory requested, 437567488 free
2024-10-22T11:14:42.710+0530 [DEBUG] [org.gradle.cache.internal.DefaultFileLockManager] Waiting to acquire shared lock on daemon addresses registry.
2024-10-22T11:14:42.711+0530 [DEBUG] [org.gradle.cache.internal.DefaultFileLockManager] Lock acquired on daemon addresses registry.
2024-10-22T11:14:42.710+0530 [DEBUG] [org.gradle.workers.internal.WorkerDaemonExpiration] Will attempt to release 793 of memory
2024-10-22T11:14:42.711+0530 [DEBUG] [org.gradle.process.internal.health.memory.DefaultMemoryManager] 831603097 memory requested, 0 released, 437567488 free
2024-10-22T11:14:42.711+0530 [DEBUG] [org.gradle.process.internal.health.memory.DefaultMemoryManager] 831603097 memory requested, 437604352 free
2024-10-22T11:14:42.711+0530 [DEBUG] [org.gradle.workers.internal.WorkerDaemonExpiration] Will attempt to release 793 of memory
2024-10-22T11:14:42.711+0530 [DEBUG] [org.gradle.process.internal.health.memory.DefaultMemoryManager] 831603097 memory requested, 0 released, 437604352 free
2024-10-22T11:14:42.711+0530 [DEBUG] [org.gradle.cache.internal.DefaultFileLockManager] Releasing lock on daemon addresses registry.
2024-10-22T11:14:42.711+0530 [DEBUG] [org.gradle.process.internal.health.memory.DefaultMemoryManager] 831603097 memory requested, 437604352 free
2024-10-22T11:14:42.712+0530 [DEBUG] [org.gradle.workers.internal.WorkerDaemonExpiration] Will attempt to release 793 of memory
2024-10-22T11:14:42.712+0530 [DEBUG] [org.gradle.process.internal.health.memory.DefaultMemoryManager] 831603097 memory requested, 0 released, 437604352 free
2024-10-22T11:14:42.712+0530 [DEBUG] [org.gradle.cache.internal.DefaultFileLockManager] Waiting to acquire shared lock on daemon addresses registry.
2024-10-22T11:14:42.712+0530 [DEBUG] [org.gradle.cache.internal.DefaultFileLockManager] Lock acquired on daemon addresses registry.
2024-10-22T11:14:42.714+0530 [DEBUG] [org.gradle.process.internal.health.memory.DefaultMemoryManager] 831603097 memory requested, 437719040 free
2024-10-22T11:14:42.714+0530 [DEBUG] [org.gradle.workers.internal.WorkerDaemonExpiration] Will attempt to release 793 of memory
2024-10-22T11:14:42.714+0530 [DEBUG] [org.gradle.process.internal.health.memory.DefaultMemoryManager] 831603097 memory requested, 0 released, 437719040 free
2024-10-22T11:14:42.714+0530 [DEBUG] [org.gradle.process.internal.health.memory.DefaultMemoryManager] 831603097 memory requested, 438001664 free
2024-10-22T11:14:42.714+0530 [DEBUG] [org.gradle.workers.internal.WorkerDaemonExpiration] Will attempt to release 793 of memory
2024-10-22T11:14:42.714+0530 [DEBUG] [org.gradle.process.internal.health.memory.DefaultMemoryManager] 831603097 memory requested, 0 released, 438001664 free
2024-10-22T11:14:42.714+0530 [DEBUG] [org.gradle.process.internal.health.memory.DefaultMemoryManager] 831603097 memory requested, 437989376 free
2024-10-22T11:14:42.715+0530 [DEBUG] [org.gradle.workers.internal.WorkerDaemonExpiration] Will attempt to release 793 of memory
2024-10-22T11:14:42.715+0530 [DEBUG] [org.gradle.process.internal.health.memory.DefaultMemoryManager] 831603097 memory requested, 0 released, 437989376 free
2024-10-22T11:14:42.715+0530 [DEBUG] [org.gradle.process.internal.health.memory.DefaultMemoryManager] 831603097 memory requested, 437981184 free
2024-10-22T11:14:42.715+0530 [DEBUG] [org.gradle.workers.internal.WorkerDaemonExpiration] Will attempt to release 793 of memory
2024-10-22T11:14:42.715+0530 [DEBUG] [org.gradle.process.internal.health.memory.DefaultMemoryManager] 831603097 memory requested, 0 released, 437981184 free
2024-10-22T11:14:42.715+0530 [DEBUG] [org.gradle.process.internal.health.memory.DefaultMemoryManager] 831603097 memory requested, 437964800 free
2024-10-22T11:14:42.715+0530 [DEBUG] [org.gradle.workers.internal.WorkerDaemonExpiration] Will attempt to release 793 of memory
2024-10-22T11:14:42.715+0530 [DEBUG] [org.gradle.process.internal.health.memory.DefaultMemoryManager] 831603097 memory requested, 0 released, 437964800 free
2024-10-22T11:14:42.715+0530 [DEBUG] [org.gradle.process.internal.health.memory.DefaultMemoryManager] 831603097 memory requested, 437956608 free
2024-10-22T11:14:42.715+0530 [DEBUG] [org.gradle.workers.internal.WorkerDaemonExpiration] Will attempt to release 793 of memory
2024-10-22T11:14:42.715+0530 [DEBUG] [org.gradle.process.internal.health.memory.DefaultMemoryManager] 831603097 memory requested, 0 released, 437956608 free
2024-10-22T11:14:42.715+0530 [DEBUG] [org.gradle.process.internal.health.memory.DefaultMemoryManager] 831603097 memory requested, 438018048 free
2024-10-22T11:14:42.715+0530 [DEBUG] [org.gradle.workers.internal.WorkerDaemonExpiration] Will attempt to release 793 of memory
2024-10-22T11:14:42.715+0530 [DEBUG] [org.gradle.process.internal.health.memory.DefaultMemoryManager] 831603097 memory requested, 0 released, 438018048 free
2024-10-22T11:14:42.715+0530 [DEBUG] [org.gradle.process.internal.health.memory.DefaultMemoryManager] 831603097 memory requested, 438009856 free
2024-10-22T11:14:42.716+0530 [DEBUG] [org.gradle.workers.internal.WorkerDaemonExpiration] Will attempt to release 793 of memory
2024-10-22T11:14:42.715+0530 [DEBUG] [org.gradle.cache.internal.DefaultFileLockManager] Releasing lock on daemon addresses registry.
2024-10-22T11:14:42.716+0530 [DEBUG] [org.gradle.process.internal.health.memory.DefaultMemoryManager] 831603097 memory requested, 0 released, 438009856 free
2024-10-22T11:14:42.716+0530 [DEBUG] [org.gradle.process.internal.health.memory.DefaultMemoryManager] 831603097 memory requested, 438108160 free
2024-10-22T11:14:42.716+0530 [DEBUG] [org.gradle.workers.internal.WorkerDaemonExpiration] Will attempt to release 793 of memory
2024-10-22T11:14:42.716+0530 [DEBUG] [org.gradle.process.internal.health.memory.DefaultMemoryManager] 831603097 memory requested, 0 released, 438108160 free
2024-10-22T11:14:42.716+0530 [DEBUG] [org.gradle.process.internal.health.memory.DefaultMemoryManager] 831603097 memory requested, 438128640 free
2024-10-22T11:14:42.717+0530 [DEBUG] [org.gradle.workers.internal.WorkerDaemonExpiration] Will attempt to release 793 of memory
2024-10-22T11:14:42.717+0530 [DEBUG] [org.gradle.cache.internal.DefaultFileLockManager] Waiting to acquire shared lock on daemon addresses registry.
2024-10-22T11:14:42.717+0530 [DEBUG] [org.gradle.process.internal.health.memory.DefaultMemoryManager] 831603097 memory requested, 0 released, 438128640 free
2024-10-22T11:14:42.717+0530 [DEBUG] [org.gradle.cache.internal.DefaultFileLockManager] Lock acquired on daemon addresses registry.
2024-10-22T11:14:42.717+0530 [DEBUG] [org.gradle.process.internal.health.memory.DefaultMemoryManager] 831603097 memory requested, 438202368 free
2024-10-22T11:14:42.717+0530 [DEBUG] [org.gradle.workers.internal.WorkerDaemonExpiration] Will attempt to release 793 of memory
2024-10-22T11:14:42.717+0530 [DEBUG] [org.gradle.process.internal.health.memory.DefaultMemoryManager] 831603097 memory requested, 0 released, 438202368 free
2024-10-22T11:14:42.717+0530 [DEBUG] [org.gradle.process.internal.health.memory.DefaultMemoryManager] 831603097 memory requested, 438276096 free
2024-10-22T11:14:42.717+0530 [DEBUG] [org.gradle.workers.internal.WorkerDaemonExpiration] Will attempt to release 793 of memory
2024-10-22T11:14:42.717+0530 [DEBUG] [org.gradle.cache.internal.DefaultFileLockManager] Releasing lock on daemon addresses registry.
2024-10-22T11:14:42.718+0530 [DEBUG] [org.gradle.process.internal.health.memory.DefaultMemoryManager] 831603097 memory requested, 0 released, 438276096 free
2024-10-22T11:14:42.718+0530 [DEBUG] [org.gradle.process.internal.health.memory.DefaultMemoryManager] 831603097 memory requested, 438382592 free
2024-10-22T11:14:42.718+0530 [DEBUG] [org.gradle.workers.internal.WorkerDaemonExpiration] Will attempt to release 793 of memory
2024-10-22T11:14:42.718+0530 [DEBUG] [org.gradle.process.internal.health.memory.DefaultMemoryManager] 831603097 memory requested, 0 released, 438382592 free
2024-10-22T11:14:42.719+0530 [DEBUG] [org.gradle.process.internal.health.memory.DefaultMemoryManager] 831603097 memory requested, 438403072 free
2024-10-22T11:14:42.719+0530 [DEBUG] [org.gradle.cache.internal.DefaultFileLockManager] Waiting to acquire shared lock on daemon addresses registry.
2024-10-22T11:14:42.719+0530 [DEBUG] [org.gradle.workers.internal.WorkerDaemonExpiration] Will attempt to release 793 of memory
2024-10-22T11:14:42.719+0530 [DEBUG] [org.gradle.cache.internal.DefaultFileLockManager] Lock acquired on daemon addresses registry.
2024-10-22T11:14:42.719+0530 [DEBUG] [org.gradle.process.internal.health.memory.DefaultMemoryManager] 831603097 memory requested, 0 released, 438403072 free
2024-10-22T11:14:42.720+0530 [DEBUG] [org.gradle.process.internal.health.memory.DefaultMemoryManager] 831603097 memory requested, 438652928 free
2024-10-22T11:14:42.720+0530 [DEBUG] [org.gradle.cache.internal.DefaultFileLockManager] Releasing lock on daemon addresses registry.
2024-10-22T11:14:42.720+0530 [DEBUG] [org.gradle.workers.internal.WorkerDaemonExpiration] Will attempt to release 793 of memory
2024-10-22T11:14:42.720+0530 [DEBUG] [org.gradle.process.internal.health.memory.DefaultMemoryManager] 831603097 memory requested, 0 released, 438652928 free
2024-10-22T11:14:42.720+0530 [DEBUG] [org.gradle.process.internal.health.memory.DefaultMemoryManager] 831603097 memory requested, 438788096 free
2024-10-22T11:14:42.720+0530 [DEBUG] [org.gradle.workers.internal.WorkerDaemonExpiration] Will attempt to release 793 of memory
2024-10-22T11:14:42.720+0530 [DEBUG] [org.gradle.process.internal.health.memory.DefaultMemoryManager] 831603097 memory requested, 0 released, 438788096 free
2024-10-22T11:14:42.720+0530 [DEBUG] [org.gradle.process.internal.health.memory.DefaultMemoryManager] 831603097 memory requested, 438829056 free
2024-10-22T11:14:42.720+0530 [DEBUG] [org.gradle.workers.internal.WorkerDaemonExpiration] Will attempt to release 793 of memory
2024-10-22T11:14:42.721+0530 [DEBUG] [org.gradle.cache.internal.DefaultFileLockManager] Waiting to acquire shared lock on daemon addresses registry.
2024-10-22T11:14:42.721+0530 [DEBUG] [org.gradle.process.internal.health.memory.DefaultMemoryManager] 831603097 memory requested, 0 released, 438829056 free
2024-10-22T11:14:42.721+0530 [DEBUG] [org.gradle.cache.internal.DefaultFileLockManager] Lock acquired on daemon addresses registry.
2024-10-22T11:14:42.721+0530 [DEBUG] [org.gradle.process.internal.health.memory.DefaultMemoryManager] 831603097 memory requested, 439046144 free
2024-10-22T11:14:42.721+0530 [DEBUG] [org.gradle.workers.internal.WorkerDaemonExpiration] Will attempt to release 793 of memory
2024-10-22T11:14:42.722+0530 [DEBUG] [org.gradle.process.internal.health.memory.DefaultMemoryManager] 831603097 memory requested, 0 released, 439046144 free
2024-10-22T11:14:42.722+0530 [DEBUG] [org.gradle.cache.internal.DefaultFileLockManager] Releasing lock on daemon addresses registry.
2024-10-22T11:14:42.722+0530 [DEBUG] [org.gradle.process.internal.health.memory.DefaultMemoryManager] 831603097 memory requested, 439095296 free
2024-10-22T11:14:42.722+0530 [DEBUG] [org.gradle.workers.internal.WorkerDaemonExpiration] Will attempt to release 793 of memory
2024-10-22T11:14:42.722+0530 [DEBUG] [org.gradle.process.internal.health.memory.DefaultMemoryManager] 831603097 memory requested, 0 released, 439095296 free
2024-10-22T11:14:42.722+0530 [DEBUG] [org.gradle.process.internal.health.memory.DefaultMemoryManager] 831603097 memory requested, 439156736 free
2024-10-22T11:14:42.722+0530 [DEBUG] [org.gradle.workers.internal.WorkerDaemonExpiration] Will attempt to release 793 of memory
2024-10-22T11:14:42.722+0530 [DEBUG] [org.gradle.process.internal.health.memory.DefaultMemoryManager] 831603097 memory requested, 0 released, 439156736 free
2024-10-22T11:14:42.723+0530 [DEBUG] [org.gradle.process.internal.health.memory.DefaultMemoryManager] 831603097 memory requested, 439238656 free
2024-10-22T11:14:42.723+0530 [DEBUG] [org.gradle.workers.internal.WorkerDaemonExpiration] Will attempt to release 793 of memory
2024-10-22T11:14:42.723+0530 [DEBUG] [org.gradle.process.internal.health.memory.DefaultMemoryManager] 831603097 memory requested, 0 released, 439238656 free
2024-10-22T11:14:42.723+0530 [DEBUG] [org.gradle.process.internal.health.memory.DefaultMemoryManager] 831603097 memory requested, 439275520 free
2024-10-22T11:14:42.723+0530 [DEBUG] [org.gradle.workers.internal.WorkerDaemonExpiration] Will attempt to release 793 of memory
2024-10-22T11:14:42.723+0530 [DEBUG] [org.gradle.process.internal.health.memory.DefaultMemoryManager] 831603097 memory requested, 0 released, 439275520 free
2024-10-22T11:14:42.723+0530 [DEBUG] [org.gradle.process.internal.health.memory.DefaultMemoryManager] 831603097 memory requested, 439267328 free
2024-10-22T11:14:42.723+0530 [DEBUG] [org.gradle.workers.internal.WorkerDaemonExpiration] Will attempt to release 793 of memory
2024-10-22T11:14:42.723+0530 [DEBUG] [org.gradle.process.internal.health.memory.DefaultMemoryManager] 831603097 memory requested, 0 released, 439267328 free
2024-10-22T11:14:42.723+0530 [DEBUG] [org.gradle.process.internal.health.memory.DefaultMemoryManager] 831603097 memory requested, 439259136 free
2024-10-22T11:14:42.723+0530 [DEBUG] [org.gradle.workers.internal.WorkerDaemonExpiration] Will attempt to release 793 of memory
2024-10-22T11:14:42.723+0530 [DEBUG] [org.gradle.process.internal.health.memory.DefaultMemoryManager] 831603097 memory requested, 0 released, 439259136 free
2024-10-22T11:14:42.722+0530 [DEBUG] [org.gradle.cache.internal.DefaultFileLockManager] Waiting to acquire shared lock on daemon addresses registry.
2024-10-22T11:14:42.725+0530 [DEBUG] [org.gradle.cache.internal.DefaultFileLockManager] Lock acquired on daemon addresses registry.
2024-10-22T11:14:42.724+0530 [DEBUG] [org.gradle.process.internal.health.memory.DefaultMemoryManager] 831603097 memory requested, 439320576 free
2024-10-22T11:14:42.725+0530 [DEBUG] [org.gradle.workers.internal.WorkerDaemonExpiration] Will attempt to release 793 of memory
2024-10-22T11:14:42.725+0530 [DEBUG] [org.gradle.process.internal.health.memory.DefaultMemoryManager] 831603097 memory requested, 0 released, 439320576 free
2024-10-22T11:14:42.725+0530 [DEBUG] [org.gradle.cache.internal.DefaultFileLockManager] Releasing lock on daemon addresses registry.
2024-10-22T11:14:42.725+0530 [DEBUG] [org.gradle.process.internal.health.memory.DefaultMemoryManager] 831603097 memory requested, 439410688 free
2024-10-22T11:14:42.726+0530 [DEBUG] [org.gradle.workers.internal.WorkerDaemonExpiration] Will attempt to release 793 of memory
2024-10-22T11:14:42.726+0530 [DEBUG] [org.gradle.process.internal.health.memory.DefaultMemoryManager] 831603097 memory requested, 0 released, 439410688 free
2024-10-22T11:14:42.726+0530 [DEBUG] [org.gradle.process.internal.health.memory.DefaultMemoryManager] 831603097 memory requested, 439500800 free
2024-10-22T11:14:42.726+0530 [DEBUG] [org.gradle.workers.internal.WorkerDaemonExpiration] Will attempt to release 793 of memory
2024-10-22T11:14:42.726+0530 [DEBUG] [org.gradle.process.internal.health.memory.DefaultMemoryManager] 831603097 memory requested, 0 released, 439500800 free
2024-10-22T11:14:42.726+0530 [DEBUG] [org.gradle.process.internal.health.memory.DefaultMemoryManager] 831603097 memory requested, 439525376 free
2024-10-22T11:14:42.726+0530 [DEBUG] [org.gradle.cache.internal.DefaultFileLockManager] Waiting to acquire shared lock on daemon addresses registry.
2024-10-22T11:14:42.726+0530 [DEBUG] [org.gradle.workers.internal.WorkerDaemonExpiration] Will attempt to release 793 of memory
2024-10-22T11:14:42.727+0530 [DEBUG] [org.gradle.cache.internal.DefaultFileLockManager] Lock acquired on daemon addresses registry.
2024-10-22T11:14:42.727+0530 [DEBUG] [org.gradle.process.internal.health.memory.DefaultMemoryManager] 831603097 memory requested, 0 released, 439525376 free
2024-10-22T11:14:42.727+0530 [DEBUG] [org.gradle.process.internal.health.memory.DefaultMemoryManager] 831603097 memory requested, 439603200 free
2024-10-22T11:14:42.727+0530 [DEBUG] [org.gradle.workers.internal.WorkerDaemonExpiration] Will attempt to release 793 of memory
2024-10-22T11:14:42.727+0530 [DEBUG] [org.gradle.process.internal.health.memory.DefaultMemoryManager] 831603097 memory requested, 0 released, 439603200 free
2024-10-22T11:14:42.727+0530 [DEBUG] [org.gradle.process.internal.health.memory.DefaultMemoryManager] 831603097 memory requested, 439631872 free
2024-10-22T11:14:42.727+0530 [DEBUG] [org.gradle.cache.internal.DefaultFileLockManager] Releasing lock on daemon addresses registry.
2024-10-22T11:14:42.727+0530 [DEBUG] [org.gradle.workers.internal.WorkerDaemonExpiration] Will attempt to release 793 of memory
2024-10-22T11:14:42.728+0530 [DEBUG] [org.gradle.process.internal.health.memory.DefaultMemoryManager] 831603097 memory requested, 0 released, 439631872 free
2024-10-22T11:14:42.728+0530 [DEBUG] [org.gradle.process.internal.health.memory.DefaultMemoryManager] 831603097 memory requested, 439685120 free
2024-10-22T11:14:42.728+0530 [DEBUG] [org.gradle.workers.internal.WorkerDaemonExpiration] Will attempt to release 793 of memory
2024-10-22T11:14:42.728+0530 [DEBUG] [org.gradle.process.internal.health.memory.DefaultMemoryManager] 831603097 memory requested, 0 released, 439685120 free
2024-10-22T11:14:42.728+0530 [DEBUG] [org.gradle.process.internal.health.memory.DefaultMemoryManager] 831603097 memory requested, 439689216 free
2024-10-22T11:14:42.728+0530 [DEBUG] [org.gradle.workers.internal.WorkerDaemonExpiration] Will attempt to release 793 of memory
2024-10-22T11:14:42.728+0530 [DEBUG] [org.gradle.process.internal.health.memory.DefaultMemoryManager] 831603097 memory requested, 0 released, 439689216 free
2024-10-22T11:14:42.729+0530 [DEBUG] [org.gradle.process.internal.health.memory.DefaultMemoryManager] 831603097 memory requested, 439726080 free
2024-10-22T11:14:42.729+0530 [DEBUG] [org.gradle.workers.internal.WorkerDaemonExpiration] Will attempt to release 793 of memory
2024-10-22T11:14:42.729+0530 [DEBUG] [org.gradle.process.internal.health.memory.DefaultMemoryManager] 831603097 memory requested, 0 released, 439726080 free
2024-10-22T11:14:42.729+0530 [DEBUG] [org.gradle.process.internal.health.memory.DefaultMemoryManager] 831603097 memory requested, 439734272 free
2024-10-22T11:14:42.729+0530 [DEBUG] [org.gradle.workers.internal.WorkerDaemonExpiration] Will attempt to release 793 of memory
2024-10-22T11:14:42.729+0530 [DEBUG] [org.gradle.process.internal.health.memory.DefaultMemoryManager] 831603097 memory requested, 0 released, 439734272 free
2024-10-22T11:14:42.729+0530 [DEBUG] [org.gradle.process.internal.health.memory.DefaultMemoryManager] 831603097 memory requested, 439750656 free
2024-10-22T11:14:42.729+0530 [DEBUG] [org.gradle.cache.internal.DefaultFileLockManager] Waiting to acquire shared lock on daemon addresses registry.
2024-10-22T11:14:42.729+0530 [DEBUG] [org.gradle.workers.internal.WorkerDaemonExpiration] Will attempt to release 793 of memory
2024-10-22T11:14:42.730+0530 [DEBUG] [org.gradle.process.internal.health.memory.DefaultMemoryManager] 831603097 memory requested, 0 released, 439750656 free
2024-10-22T11:14:42.730+0530 [DEBUG] [org.gradle.cache.internal.DefaultFileLockManager] Lock acquired on daemon addresses registry.
2024-10-22T11:14:42.730+0530 [DEBUG] [org.gradle.process.internal.health.memory.DefaultMemoryManager] 831603097 memory requested, 439787520 free
2024-10-22T11:14:42.730+0530 [DEBUG] [org.gradle.workers.internal.WorkerDaemonExpiration] Will attempt to release 793 of memory
2024-10-22T11:14:42.730+0530 [DEBUG] [org.gradle.process.internal.health.memory.DefaultMemoryManager] 831603097 memory requested, 0 released, 439787520 free
2024-10-22T11:14:42.730+0530 [DEBUG] [org.gradle.cache.internal.DefaultFileLockManager] Releasing lock on daemon addresses registry.
2024-10-22T11:14:42.730+0530 [DEBUG] [org.gradle.process.internal.health.memory.DefaultMemoryManager] 831603097 memory requested, 439898112 free
2024-10-22T11:14:42.730+0530 [DEBUG] [org.gradle.workers.internal.WorkerDaemonExpiration] Will attempt to release 793 of memory
2024-10-22T11:14:42.731+0530 [DEBUG] [org.gradle.process.internal.health.memory.DefaultMemoryManager] 831603097 memory requested, 0 released, 439898112 free
2024-10-22T11:14:42.731+0530 [DEBUG] [org.gradle.process.internal.health.memory.DefaultMemoryManager] 831603097 memory requested, 439894016 free
2024-10-22T11:14:42.731+0530 [DEBUG] [org.gradle.workers.internal.WorkerDaemonExpiration] Will attempt to release 793 of memory
2024-10-22T11:14:42.731+0530 [DEBUG] [org.gradle.process.internal.health.memory.DefaultMemoryManager] 831603097 memory requested, 0 released, 439894016 free
2024-10-22T11:14:42.731+0530 [DEBUG] [org.gradle.process.internal.health.memory.DefaultMemoryManager] 831603097 memory requested, 439898112 free
2024-10-22T11:14:42.731+0530 [DEBUG] [org.gradle.cache.internal.DefaultFileLockManager] Waiting to acquire shared lock on daemon addresses registry.
2024-10-22T11:14:42.731+0530 [DEBUG] [org.gradle.workers.internal.WorkerDaemonExpiration] Will attempt to release 793 of memory
2024-10-22T11:14:42.731+0530 [DEBUG] [org.gradle.cache.internal.DefaultFileLockManager] Lock acquired on daemon addresses registry.
2024-10-22T11:14:42.731+0530 [DEBUG] [org.gradle.process.internal.health.memory.DefaultMemoryManager] 831603097 memory requested, 0 released, 439898112 free
2024-10-22T11:14:42.732+0530 [DEBUG] [org.gradle.process.internal.health.memory.DefaultMemoryManager] 831603097 memory requested, 439971840 free
2024-10-22T11:14:42.732+0530 [DEBUG] [org.gradle.workers.internal.WorkerDaemonExpiration] Will attempt to release 793 of memory
2024-10-22T11:14:42.732+0530 [DEBUG] [org.gradle.cache.internal.DefaultFileLockManager] Releasing lock on daemon addresses registry.
2024-10-22T11:14:42.732+0530 [DEBUG] [org.gradle.process.internal.health.memory.DefaultMemoryManager] 831603097 memory requested, 0 released, 439971840 free
2024-10-22T11:14:42.732+0530 [DEBUG] [org.gradle.process.internal.health.memory.DefaultMemoryManager] 831603097 memory requested, 439971840 free
2024-10-22T11:14:42.732+0530 [DEBUG] [org.gradle.workers.internal.WorkerDaemonExpiration] Will attempt to release 793 of memory
2024-10-22T11:14:42.732+0530 [DEBUG] [org.gradle.process.internal.health.memory.DefaultMemoryManager] 831603097 memory requested, 0 released, 439971840 free
2024-10-22T11:14:42.732+0530 [DEBUG] [org.gradle.process.internal.health.memory.DefaultMemoryManager] 831603097 memory requested, 440025088 free
2024-10-22T11:14:42.732+0530 [DEBUG] [org.gradle.workers.internal.WorkerDaemonExpiration] Will attempt to release 793 of memory
2024-10-22T11:14:42.732+0530 [DEBUG] [org.gradle.process.internal.health.memory.DefaultMemoryManager] 831603097 memory requested, 0 released, 440025088 free
2024-10-22T11:14:42.732+0530 [DEBUG] [org.gradle.process.internal.health.memory.DefaultMemoryManager] 831603097 memory requested, 440012800 free
2024-10-22T11:14:42.733+0530 [DEBUG] [org.gradle.workers.internal.WorkerDaemonExpiration] Will attempt to release 793 of memory
2024-10-22T11:14:42.733+0530 [DEBUG] [org.gradle.process.internal.health.memory.DefaultMemoryManager] 831603097 memory requested, 0 released, 440012800 free
2024-10-22T11:14:42.733+0530 [DEBUG] [org.gradle.process.internal.health.memory.DefaultMemoryManager] 831603097 memory requested, 440008704 free
2024-10-22T11:14:42.733+0530 [DEBUG] [org.gradle.workers.internal.WorkerDaemonExpiration] Will attempt to release 793 of memory
2024-10-22T11:14:42.733+0530 [DEBUG] [org.gradle.process.internal.health.memory.DefaultMemoryManager] 831603097 memory requested, 0 released, 440008704 free
2024-10-22T11:14:42.733+0530 [DEBUG] [org.gradle.cache.internal.DefaultFileLockManager] Waiting to acquire shared lock on daemon addresses registry.
2024-10-22T11:14:42.733+0530 [DEBUG] [org.gradle.process.internal.health.memory.DefaultMemoryManager] 831603097 memory requested, 440029184 free
2024-10-22T11:14:42.733+0530 [DEBUG] [org.gradle.workers.internal.WorkerDaemonExpiration] Will attempt to release 793 of memory
2024-10-22T11:14:42.734+0530 [DEBUG] [org.gradle.process.internal.health.memory.DefaultMemoryManager] 831603097 memory requested, 0 released, 440029184 free
2024-10-22T11:14:42.734+0530 [DEBUG] [org.gradle.process.internal.health.memory.DefaultMemoryManager] 831603097 memory requested, 440049664 free
2024-10-22T11:14:42.734+0530 [DEBUG] [org.gradle.workers.internal.WorkerDaemonExpiration] Will attempt to release 793 of memory
2024-10-22T11:14:42.733+0530 [DEBUG] [org.gradle.cache.internal.DefaultFileLockManager] Lock acquired on daemon addresses registry.
2024-10-22T11:14:42.734+0530 [DEBUG] [org.gradle.process.internal.health.memory.DefaultMemoryManager] 831603097 memory requested, 0 released, 440049664 free
2024-10-22T11:14:42.734+0530 [DEBUG] [org.gradle.process.internal.health.memory.DefaultMemoryManager] 831603097 memory requested, 440131584 free
2024-10-22T11:14:42.734+0530 [DEBUG] [org.gradle.workers.internal.WorkerDaemonExpiration] Will attempt to release 793 of memory
2024-10-22T11:14:42.734+0530 [DEBUG] [org.gradle.cache.internal.DefaultFileLockManager] Releasing lock on daemon addresses registry.
2024-10-22T11:14:42.735+0530 [DEBUG] [org.gradle.cache.internal.DefaultFileLockManager] Waiting to acquire shared lock on daemon addresses registry.
2024-10-22T11:14:42.735+0530 [DEBUG] [org.gradle.cache.internal.DefaultFileLockManager] Lock acquired on daemon addresses registry.
2024-10-22T11:14:42.736+0530 [DEBUG] [org.gradle.cache.internal.DefaultFileLockManager] Releasing lock on daemon addresses registry.
2024-10-22T11:14:42.736+0530 [DEBUG] [org.gradle.process.internal.health.memory.DefaultMemoryManager] 831603097 memory requested, 0 released, 440131584 free
2024-10-22T11:14:42.736+0530 [DEBUG] [org.gradle.process.internal.health.memory.DefaultMemoryManager] 831603097 memory requested, 440561664 free
2024-10-22T11:14:42.736+0530 [DEBUG] [org.gradle.workers.internal.WorkerDaemonExpiration] Will attempt to release 793 of memory
2024-10-22T11:14:42.736+0530 [DEBUG] [org.gradle.cache.internal.DefaultFileLockManager] Waiting to acquire shared lock on daemon addresses registry.
2024-10-22T11:14:42.736+0530 [DEBUG] [org.gradle.process.internal.health.memory.DefaultMemoryManager] 831603097 memory requested, 0 released, 440561664 free
2024-10-22T11:14:42.737+0530 [DEBUG] [org.gradle.cache.internal.DefaultFileLockManager] Lock acquired on daemon addresses registry.
2024-10-22T11:14:42.737+0530 [DEBUG] [org.gradle.process.internal.health.memory.DefaultMemoryManager] 831603097 memory requested, 440651776 free
2024-10-22T11:14:42.737+0530 [DEBUG] [org.gradle.workers.internal.WorkerDaemonExpiration] Will attempt to release 793 of memory
2024-10-22T11:14:42.737+0530 [DEBUG] [org.gradle.process.internal.health.memory.DefaultMemoryManager] 831603097 memory requested, 0 released, 440651776 free
2024-10-22T11:14:42.737+0530 [DEBUG] [org.gradle.cache.internal.DefaultFileLockManager] Releasing lock on daemon addresses registry.
2024-10-22T11:14:42.737+0530 [DEBUG] [org.gradle.process.internal.health.memory.DefaultMemoryManager] 831603097 memory requested, 440688640 free
2024-10-22T11:14:42.737+0530 [DEBUG] [org.gradle.workers.internal.WorkerDaemonExpiration] Will attempt to release 793 of memory
2024-10-22T11:14:42.737+0530 [DEBUG] [org.gradle.process.internal.health.memory.DefaultMemoryManager] 831603097 memory requested, 0 released, 440688640 free
2024-10-22T11:14:42.738+0530 [DEBUG] [org.gradle.process.internal.health.memory.DefaultMemoryManager] 831603097 memory requested, 440709120 free
2024-10-22T11:14:42.738+0530 [DEBUG] [org.gradle.workers.internal.WorkerDaemonExpiration] Will attempt to release 793 of memory
2024-10-22T11:14:42.738+0530 [DEBUG] [org.gradle.process.internal.health.memory.DefaultMemoryManager] 831603097 memory requested, 0 released, 440709120 free
2024-10-22T11:14:42.738+0530 [DEBUG] [org.gradle.process.internal.health.memory.DefaultMemoryManager] 831603097 memory requested, 440741888 free
2024-10-22T11:14:42.738+0530 [DEBUG] [org.gradle.workers.internal.WorkerDaemonExpiration] Will attempt to release 793 of memory
2024-10-22T11:14:42.738+0530 [DEBUG] [org.gradle.process.internal.health.memory.DefaultMemoryManager] 831603097 memory requested, 0 released, 440741888 free
2024-10-22T11:14:42.738+0530 [DEBUG] [org.gradle.process.internal.health.memory.DefaultMemoryManager] 831603097 memory requested, 440778752 free
2024-10-22T11:14:42.738+0530 [DEBUG] [org.gradle.cache.internal.DefaultFileLockManager] Waiting to acquire shared lock on daemon addresses registry.
2024-10-22T11:14:42.738+0530 [DEBUG] [org.gradle.workers.internal.WorkerDaemonExpiration] Will attempt to release 793 of memory
2024-10-22T11:14:42.738+0530 [DEBUG] [org.gradle.process.internal.health.memory.DefaultMemoryManager] 831603097 memory requested, 0 released, 440778752 free
2024-10-22T11:14:42.738+0530 [DEBUG] [org.gradle.cache.internal.DefaultFileLockManager] Lock acquired on daemon addresses registry.
2024-10-22T11:14:42.739+0530 [DEBUG] [org.gradle.process.internal.health.memory.DefaultMemoryManager] 831603097 memory requested, 440791040 free
2024-10-22T11:14:42.739+0530 [DEBUG] [org.gradle.workers.internal.WorkerDaemonExpiration] Will attempt to release 793 of memory
2024-10-22T11:14:42.739+0530 [DEBUG] [org.gradle.process.internal.health.memory.DefaultMemoryManager] 831603097 memory requested, 0 released, 440791040 free
2024-10-22T11:14:42.739+0530 [DEBUG] [org.gradle.process.internal.health.memory.DefaultMemoryManager] 831603097 memory requested, 440819712 free
2024-10-22T11:14:42.739+0530 [DEBUG] [org.gradle.cache.internal.DefaultFileLockManager] Releasing lock on daemon addresses registry.
2024-10-22T11:14:42.739+0530 [DEBUG] [org.gradle.workers.internal.WorkerDaemonExpiration] Will attempt to release 793 of memory
2024-10-22T11:14:42.739+0530 [DEBUG] [org.gradle.process.internal.health.memory.DefaultMemoryManager] 831603097 memory requested, 0 released, 440819712 free
2024-10-22T11:14:42.739+0530 [DEBUG] [org.gradle.process.internal.health.memory.DefaultMemoryManager] 831603097 memory requested, 440877056 free
2024-10-22T11:14:42.739+0530 [DEBUG] [org.gradle.workers.internal.WorkerDaemonExpiration] Will attempt to release 793 of memory
2024-10-22T11:14:42.740+0530 [DEBUG] [org.gradle.process.internal.health.memory.DefaultMemoryManager] 831603097 memory requested, 0 released, 440877056 free
2024-10-22T11:14:42.740+0530 [DEBUG] [org.gradle.process.internal.health.memory.DefaultMemoryManager] 831603097 memory requested, 440918016 free
2024-10-22T11:14:42.740+0530 [DEBUG] [org.gradle.workers.internal.WorkerDaemonExpiration] Will attempt to release 793 of memory
2024-10-22T11:14:42.740+0530 [DEBUG] [org.gradle.cache.internal.DefaultFileLockManager] Waiting to acquire shared lock on daemon addresses registry.
2024-10-22T11:14:42.740+0530 [DEBUG] [org.gradle.process.internal.health.memory.DefaultMemoryManager] 831603097 memory requested, 0 released, 440918016 free
2024-10-22T11:14:42.740+0530 [DEBUG] [org.gradle.cache.internal.DefaultFileLockManager] Lock acquired on daemon addresses registry.
2024-10-22T11:14:42.740+0530 [DEBUG] [org.gradle.process.internal.health.memory.DefaultMemoryManager] 831603097 memory requested, 440958976 free
2024-10-22T11:14:42.740+0530 [DEBUG] [org.gradle.workers.internal.WorkerDaemonExpiration] Will attempt to release 793 of memory
2024-10-22T11:14:42.740+0530 [DEBUG] [org.gradle.process.internal.health.memory.DefaultMemoryManager] 831603097 memory requested, 0 released, 440958976 free
2024-10-22T11:14:42.740+0530 [DEBUG] [org.gradle.process.internal.health.memory.DefaultMemoryManager] 831603097 memory requested, 441028608 free
2024-10-22T11:14:42.740+0530 [DEBUG] [org.gradle.cache.internal.DefaultFileLockManager] Releasing lock on daemon addresses registry.
2024-10-22T11:14:42.741+0530 [DEBUG] [org.gradle.workers.internal.WorkerDaemonExpiration] Will attempt to release 793 of memory
2024-10-22T11:14:42.741+0530 [DEBUG] [org.gradle.process.internal.health.memory.DefaultMemoryManager] 831603097 memory requested, 0 released, 441028608 free
2024-10-22T11:14:42.741+0530 [DEBUG] [org.gradle.process.internal.health.memory.DefaultMemoryManager] 831603097 memory requested, 441008128 free
2024-10-22T11:14:42.741+0530 [DEBUG] [org.gradle.workers.internal.WorkerDaemonExpiration] Will attempt to release 793 of memory
2024-10-22T11:14:42.741+0530 [DEBUG] [org.gradle.process.internal.health.memory.DefaultMemoryManager] 831603097 memory requested, 0 released, 441008128 free
2024-10-22T11:14:42.742+0530 [DEBUG] [org.gradle.process.internal.health.memory.DefaultMemoryManager] 831603097 memory requested, 440930304 free
2024-10-22T11:14:42.742+0530 [DEBUG] [org.gradle.workers.internal.WorkerDaemonExpiration] Will attempt to release 793 of memory
2024-10-22T11:14:42.742+0530 [DEBUG] [org.gradle.process.internal.health.memory.DefaultMemoryManager] 831603097 memory requested, 0 released, 440930304 free
2024-10-22T11:14:42.742+0530 [DEBUG] [org.gradle.process.internal.health.memory.DefaultMemoryManager] 831603097 memory requested, 440913920 free
2024-10-22T11:14:42.742+0530 [DEBUG] [org.gradle.workers.internal.WorkerDaemonExpiration] Will attempt to release 793 of memory
2024-10-22T11:14:42.742+0530 [DEBUG] [org.gradle.process.internal.health.memory.DefaultMemoryManager] 831603097 memory requested, 0 released, 440913920 free
2024-10-22T11:14:42.742+0530 [DEBUG] [org.gradle.cache.internal.DefaultFileLockManager] Waiting to acquire shared lock on daemon addresses registry.
2024-10-22T11:14:42.742+0530 [DEBUG] [org.gradle.process.internal.health.memory.DefaultMemoryManager] 831603097 memory requested, 440938496 free
2024-10-22T11:14:42.742+0530 [DEBUG] [org.gradle.cache.internal.DefaultFileLockManager] Lock acquired on daemon addresses registry.
2024-10-22T11:14:42.742+0530 [DEBUG] [org.gradle.workers.internal.WorkerDaemonExpiration] Will attempt to release 793 of memory
2024-10-22T11:14:42.743+0530 [DEBUG] [org.gradle.process.internal.health.memory.DefaultMemoryManager] 831603097 memory requested, 0 released, 440938496 free
2024-10-22T11:14:42.743+0530 [DEBUG] [org.gradle.process.internal.health.memory.DefaultMemoryManager] 831603097 memory requested, 440807424 free
2024-10-22T11:14:42.743+0530 [DEBUG] [org.gradle.workers.internal.WorkerDaemonExpiration] Will attempt to release 793 of memory
2024-10-22T11:14:42.743+0530 [DEBUG] [org.gradle.process.internal.health.memory.DefaultMemoryManager] 831603097 memory requested, 0 released, 440807424 free
2024-10-22T11:14:42.743+0530 [DEBUG] [org.gradle.cache.internal.DefaultFileLockManager] Releasing lock on daemon addresses registry.
2024-10-22T11:14:42.743+0530 [DEBUG] [org.gradle.process.internal.health.memory.DefaultMemoryManager] 831603097 memory requested, 440737792 free
2024-10-22T11:14:42.743+0530 [DEBUG] [org.gradle.workers.internal.WorkerDaemonExpiration] Will attempt to release 793 of memory
2024-10-22T11:14:42.743+0530 [DEBUG] [org.gradle.process.internal.health.memory.DefaultMemoryManager] 831603097 memory requested, 0 released, 440737792 free
2024-10-22T11:14:42.743+0530 [DEBUG] [org.gradle.process.internal.health.memory.DefaultMemoryManager] 831603097 memory requested, 440705024 free
2024-10-22T11:14:42.744+0530 [DEBUG] [org.gradle.workers.internal.WorkerDaemonExpiration] Will attempt to release 793 of memory
2024-10-22T11:14:42.744+0530 [DEBUG] [org.gradle.process.internal.health.memory.DefaultMemoryManager] 831603097 memory requested, 0 released, 440705024 free
2024-10-22T11:14:42.744+0530 [DEBUG] [org.gradle.process.internal.health.memory.DefaultMemoryManager] 831603097 memory requested, 440676352 free
2024-10-22T11:14:42.744+0530 [DEBUG] [org.gradle.workers.internal.WorkerDaemonExpiration] Will attempt to release 793 of memory
2024-10-22T11:14:42.744+0530 [DEBUG] [org.gradle.process.internal.health.memory.DefaultMemoryManager] 831603097 memory requested, 0 released, 440676352 free
2024-10-22T11:14:42.744+0530 [DEBUG] [org.gradle.cache.internal.DefaultFileLockManager] Waiting to acquire shared lock on daemon addresses registry.
2024-10-22T11:14:42.744+0530 [DEBUG] [org.gradle.process.internal.health.memory.DefaultMemoryManager] 831603097 memory requested, 440676352 free
2024-10-22T11:14:42.744+0530 [DEBUG] [org.gradle.cache.internal.DefaultFileLockManager] Lock acquired on daemon addresses registry.
2024-10-22T11:14:42.744+0530 [DEBUG] [org.gradle.workers.internal.WorkerDaemonExpiration] Will attempt to release 793 of memory
2024-10-22T11:14:42.745+0530 [DEBUG] [org.gradle.process.internal.health.memory.DefaultMemoryManager] 831603097 memory requested, 0 released, 440676352 free
2024-10-22T11:14:42.745+0530 [DEBUG] [org.gradle.cache.internal.DefaultFileLockManager] Releasing lock on daemon addresses registry.
2024-10-22T11:14:42.745+0530 [DEBUG] [org.gradle.process.internal.health.memory.DefaultMemoryManager] 831603097 memory requested, 440786944 free
2024-10-22T11:14:42.745+0530 [DEBUG] [org.gradle.workers.internal.WorkerDaemonExpiration] Will attempt to release 793 of memory
2024-10-22T11:14:42.745+0530 [DEBUG] [org.gradle.process.internal.health.memory.DefaultMemoryManager] 831603097 memory requested, 0 released, 440786944 free
2024-10-22T11:14:42.745+0530 [DEBUG] [org.gradle.process.internal.health.memory.DefaultMemoryManager] 831603097 memory requested, 440754176 free
2024-10-22T11:14:42.745+0530 [DEBUG] [org.gradle.workers.internal.WorkerDaemonExpiration] Will attempt to release 793 of memory
2024-10-22T11:14:42.745+0530 [DEBUG] [org.gradle.process.internal.health.memory.DefaultMemoryManager] 831603097 memory requested, 0 released, 440754176 free
2024-10-22T11:14:42.746+0530 [DEBUG] [org.gradle.process.internal.health.memory.DefaultMemoryManager] 831603097 memory requested, 440795136 free
2024-10-22T11:14:42.746+0530 [DEBUG] [org.gradle.workers.internal.WorkerDaemonExpiration] Will attempt to release 793 of memory
2024-10-22T11:14:42.746+0530 [DEBUG] [org.gradle.cache.internal.DefaultFileLockManager] Waiting to acquire shared lock on daemon addresses registry.
2024-10-22T11:14:42.746+0530 [DEBUG] [org.gradle.process.internal.health.memory.DefaultMemoryManager] 831603097 memory requested, 0 released, 440795136 free
2024-10-22T11:14:42.746+0530 [DEBUG] [org.gradle.cache.internal.DefaultFileLockManager] Lock acquired on daemon addresses registry.
2024-10-22T11:14:42.746+0530 [DEBUG] [org.gradle.process.internal.health.memory.DefaultMemoryManager] 831603097 memory requested, 440786944 free
2024-10-22T11:14:42.746+0530 [DEBUG] [org.gradle.workers.internal.WorkerDaemonExpiration] Will attempt to release 793 of memory
2024-10-22T11:14:42.746+0530 [DEBUG] [org.gradle.process.internal.health.memory.DefaultMemoryManager] 831603097 memory requested, 0 released, 440786944 free
2024-10-22T11:14:42.746+0530 [DEBUG] [org.gradle.process.internal.health.memory.DefaultMemoryManager] 831603097 memory requested, 440778752 free
2024-10-22T11:14:42.746+0530 [DEBUG] [org.gradle.workers.internal.WorkerDaemonExpiration] Will attempt to release 793 of memory
2024-10-22T11:14:42.746+0530 [DEBUG] [org.gradle.process.internal.health.memory.DefaultMemoryManager] 831603097 memory requested, 0 released, 440778752 free
2024-10-22T11:14:42.747+0530 [DEBUG] [org.gradle.process.internal.health.memory.DefaultMemoryManager] 831603097 memory requested, 440778752 free
2024-10-22T11:14:42.747+0530 [DEBUG] [org.gradle.cache.internal.DefaultFileLockManager] Releasing lock on daemon addresses registry.
2024-10-22T11:14:42.748+0530 [DEBUG] [org.gradle.cache.internal.DefaultFileLockManager] Waiting to acquire shared lock on daemon addresses registry.
2024-10-22T11:14:42.748+0530 [DEBUG] [org.gradle.cache.internal.DefaultFileLockManager] Lock acquired on daemon addresses registry.
2024-10-22T11:14:42.749+0530 [DEBUG] [org.gradle.cache.internal.DefaultFileLockManager] Releasing lock on daemon addresses registry.
2024-10-22T11:14:42.750+0530 [DEBUG] [org.gradle.cache.internal.DefaultFileLockManager] Waiting to acquire shared lock on daemon addresses registry.
2024-10-22T11:14:42.750+0530 [DEBUG] [org.gradle.cache.internal.DefaultFileLockManager] Lock acquired on daemon addresses registry.
2024-10-22T11:14:42.751+0530 [DEBUG] [org.gradle.cache.internal.DefaultFileLockManager] Releasing lock on daemon addresses registry.
2024-10-22T11:14:42.752+0530 [DEBUG] [org.gradle.cache.internal.DefaultFileLockManager] Waiting to acquire shared lock on daemon addresses registry.
2024-10-22T11:14:42.752+0530 [DEBUG] [org.gradle.cache.internal.DefaultFileLockManager] Lock acquired on daemon addresses registry.
2024-10-22T11:14:42.753+0530 [DEBUG] [org.gradle.cache.internal.DefaultFileLockManager] Releasing lock on daemon addresses registry.
2024-10-22T11:14:42.754+0530 [DEBUG] [org.gradle.cache.internal.DefaultFileLockManager] Waiting to acquire shared lock on daemon addresses registry.
2024-10-22T11:14:42.747+0530 [DEBUG] [org.gradle.workers.internal.WorkerDaemonExpiration] Will attempt to release 793 of memory
2024-10-22T11:14:42.754+0530 [DEBUG] [org.gradle.cache.internal.DefaultFileLockManager] Lock acquired on daemon addresses registry.
2024-10-22T11:14:42.754+0530 [DEBUG] [org.gradle.process.internal.health.memory.DefaultMemoryManager] 831603097 memory requested, 0 released, 440778752 free
2024-10-22T11:14:42.754+0530 [DEBUG] [org.gradle.process.internal.health.memory.DefaultMemoryManager] 831603097 memory requested, 434978816 free
2024-10-22T11:14:42.754+0530 [DEBUG] [org.gradle.workers.internal.WorkerDaemonExpiration] Will attempt to release 793 of memory
2024-10-22T11:14:42.755+0530 [DEBUG] [org.gradle.process.internal.health.memory.DefaultMemoryManager] 831603097 memory requested, 0 released, 434978816 free
2024-10-22T11:14:42.755+0530 [DEBUG] [org.gradle.cache.internal.DefaultFileLockManager] Releasing lock on daemon addresses registry.
2024-10-22T11:14:42.755+0530 [DEBUG] [org.gradle.process.internal.health.memory.DefaultMemoryManager] 831603097 memory requested, 435093504 free
2024-10-22T11:14:42.755+0530 [DEBUG] [org.gradle.workers.internal.WorkerDaemonExpiration] Will attempt to release 793 of memory
2024-10-22T11:14:42.755+0530 [DEBUG] [org.gradle.process.internal.health.memory.DefaultMemoryManager] 831603097 memory requested, 0 released, 435093504 free
2024-10-22T11:14:42.755+0530 [DEBUG] [org.gradle.process.internal.health.memory.DefaultMemoryManager] 831603097 memory requested, 435126272 free
2024-10-22T11:14:42.755+0530 [DEBUG] [org.gradle.workers.internal.WorkerDaemonExpiration] Will attempt to release 793 of memory
2024-10-22T11:14:42.756+0530 [DEBUG] [org.gradle.process.internal.health.memory.DefaultMemoryManager] 831603097 memory requested, 0 released, 435126272 free
2024-10-22T11:14:42.756+0530 [DEBUG] [org.gradle.process.internal.health.memory.DefaultMemoryManager] 831603097 memory requested, 435372032 free
2024-10-22T11:14:42.757+0530 [DEBUG] [org.gradle.workers.internal.WorkerDaemonExpiration] Will attempt to release 793 of memory
2024-10-22T11:14:42.757+0530 [DEBUG] [org.gradle.process.internal.health.memory.DefaultMemoryManager] 831603097 memory requested, 0 released, 435372032 free
2024-10-22T11:14:42.757+0530 [DEBUG] [org.gradle.process.internal.health.memory.DefaultMemoryManager] 831603097 memory requested, 435421184 free
2024-10-22T11:14:42.757+0530 [DEBUG] [org.gradle.workers.internal.WorkerDaemonExpiration] Will attempt to release 793 of memory
2024-10-22T11:14:42.757+0530 [DEBUG] [org.gradle.process.internal.health.memory.DefaultMemoryManager] 831603097 memory requested, 0 released, 435421184 free
2024-10-22T11:14:42.757+0530 [DEBUG] [org.gradle.process.internal.health.memory.DefaultMemoryManager] 831603097 memory requested, 435441664 free
2024-10-22T11:14:42.757+0530 [DEBUG] [org.gradle.workers.internal.WorkerDaemonExpiration] Will attempt to release 793 of memory
2024-10-22T11:14:42.757+0530 [DEBUG] [org.gradle.process.internal.health.memory.DefaultMemoryManager] 831603097 memory requested, 0 released, 435441664 free
2024-10-22T11:14:42.757+0530 [DEBUG] [org.gradle.process.internal.health.memory.DefaultMemoryManager] 831603097 memory requested, 435486720 free
2024-10-22T11:14:42.757+0530 [DEBUG] [org.gradle.workers.internal.WorkerDaemonExpiration] Will attempt to release 793 of memory
2024-10-22T11:14:42.758+0530 [DEBUG] [org.gradle.process.internal.health.memory.DefaultMemoryManager] 831603097 memory requested, 0 released, 435486720 free
2024-10-22T11:14:42.758+0530 [DEBUG] [org.gradle.process.internal.health.memory.DefaultMemoryManager] 831603097 memory requested, 435556352 free
2024-10-22T11:14:42.758+0530 [DEBUG] [org.gradle.workers.internal.WorkerDaemonExpiration] Will attempt to release 793 of memory
2024-10-22T11:14:42.758+0530 [DEBUG] [org.gradle.process.internal.health.memory.DefaultMemoryManager] 831603097 memory requested, 0 released, 435556352 free
2024-10-22T11:14:42.758+0530 [DEBUG] [org.gradle.process.internal.health.memory.DefaultMemoryManager] 831603097 memory requested, 435683328 free
2024-10-22T11:14:42.758+0530 [DEBUG] [org.gradle.workers.internal.WorkerDaemonExpiration] Will attempt to release 793 of memory
2024-10-22T11:14:42.759+0530 [DEBUG] [org.gradle.process.internal.health.memory.DefaultMemoryManager] 831603097 memory requested, 0 released, 435683328 free
2024-10-22T11:14:42.759+0530 [DEBUG] [org.gradle.process.internal.health.memory.DefaultMemoryManager] 831603097 memory requested, 435806208 free
2024-10-22T11:14:42.759+0530 [DEBUG] [org.gradle.workers.internal.WorkerDaemonExpiration] Will attempt to release 793 of memory
2024-10-22T11:14:42.759+0530 [DEBUG] [org.gradle.process.internal.health.memory.DefaultMemoryManager] 831603097 memory requested, 0 released, 435806208 free
2024-10-22T11:14:42.756+0530 [DEBUG] [org.gradle.cache.internal.DefaultFileLockManager] Waiting to acquire shared lock on daemon addresses registry.
2024-10-22T11:14:42.761+0530 [DEBUG] [org.gradle.cache.internal.DefaultFileLockManager] Lock acquired on daemon addresses registry.
2024-10-22T11:14:42.761+0530 [DEBUG] [org.gradle.process.internal.health.memory.DefaultMemoryManager] 831603097 memory requested, 435855360 free
2024-10-22T11:14:42.763+0530 [DEBUG] [org.gradle.workers.internal.WorkerDaemonExpiration] Will attempt to release 793 of memory
2024-10-22T11:14:42.762+0530 [DEBUG] [org.gradle.cache.internal.DefaultFileLockManager] Releasing lock on daemon addresses registry.
2024-10-22T11:14:42.763+0530 [DEBUG] [org.gradle.process.internal.health.memory.DefaultMemoryManager] 831603097 memory requested, 0 released, 435855360 free
2024-10-22T11:14:42.764+0530 [DEBUG] [org.gradle.cache.internal.DefaultFileLockManager] Waiting to acquire shared lock on daemon addresses registry.
2024-10-22T11:14:42.764+0530 [DEBUG] [org.gradle.cache.internal.DefaultFileLockManager] Lock acquired on daemon addresses registry.
2024-10-22T11:14:42.765+0530 [DEBUG] [org.gradle.process.internal.health.memory.DefaultMemoryManager] 831603097 memory requested, 436842496 free
2024-10-22T11:14:42.765+0530 [DEBUG] [org.gradle.cache.internal.DefaultFileLockManager] Releasing lock on daemon addresses registry.
2024-10-22T11:14:42.767+0530 [DEBUG] [org.gradle.cache.internal.DefaultFileLockManager] Waiting to acquire shared lock on daemon addresses registry.
2024-10-22T11:14:42.768+0530 [DEBUG] [org.gradle.cache.internal.DefaultFileLockManager] Lock acquired on daemon addresses registry.
2024-10-22T11:14:42.769+0530 [DEBUG] [org.gradle.cache.internal.DefaultFileLockManager] Releasing lock on daemon addresses registry.
2024-10-22T11:14:42.766+0530 [DEBUG] [org.gradle.workers.internal.WorkerDaemonExpiration] Will attempt to release 793 of memory
2024-10-22T11:14:42.770+0530 [DEBUG] [org.gradle.process.internal.health.memory.DefaultMemoryManager] 831603097 memory requested, 0 released, 436842496 free
2024-10-22T11:14:42.770+0530 [DEBUG] [org.gradle.cache.internal.DefaultFileLockManager] Waiting to acquire shared lock on daemon addresses registry.
2024-10-22T11:14:42.770+0530 [DEBUG] [org.gradle.process.internal.health.memory.DefaultMemoryManager] 831603097 memory requested, 438235136 free
2024-10-22T11:14:42.770+0530 [DEBUG] [org.gradle.workers.internal.WorkerDaemonExpiration] Will attempt to release 793 of memory
2024-10-22T11:14:42.770+0530 [DEBUG] [org.gradle.cache.internal.DefaultFileLockManager] Lock acquired on daemon addresses registry.
2024-10-22T11:14:42.771+0530 [DEBUG] [org.gradle.process.internal.health.memory.DefaultMemoryManager] 831603097 memory requested, 0 released, 438235136 free
2024-10-22T11:14:42.771+0530 [DEBUG] [org.gradle.cache.internal.DefaultFileLockManager] Releasing lock on daemon addresses registry.
2024-10-22T11:14:42.772+0530 [DEBUG] [org.gradle.process.internal.health.memory.DefaultMemoryManager] 831603097 memory requested, 438394880 free
2024-10-22T11:14:42.772+0530 [DEBUG] [org.gradle.workers.internal.WorkerDaemonExpiration] Will attempt to release 793 of memory
2024-10-22T11:14:42.772+0530 [DEBUG] [org.gradle.cache.internal.DefaultFileLockManager] Waiting to acquire shared lock on daemon addresses registry.
2024-10-22T11:14:42.772+0530 [DEBUG] [org.gradle.cache.internal.DefaultFileLockManager] Lock acquired on daemon addresses registry.
2024-10-22T11:14:42.772+0530 [DEBUG] [org.gradle.cache.internal.DefaultFileLockManager] Releasing lock on daemon addresses registry.
2024-10-22T11:14:42.773+0530 [DEBUG] [org.gradle.process.internal.health.memory.DefaultMemoryManager] 831603097 memory requested, 0 released, 438394880 free
2024-10-22T11:14:42.774+0530 [DEBUG] [org.gradle.cache.internal.DefaultFileLockManager] Waiting to acquire shared lock on daemon addresses registry.
2024-10-22T11:14:42.774+0530 [DEBUG] [org.gradle.cache.internal.DefaultFileLockManager] Lock acquired on daemon addresses registry.
2024-10-22T11:14:42.775+0530 [DEBUG] [org.gradle.cache.internal.DefaultFileLockManager] Releasing lock on daemon addresses registry.
2024-10-22T11:14:42.776+0530 [DEBUG] [org.gradle.cache.internal.DefaultFileLockManager] Waiting to acquire shared lock on daemon addresses registry.
2024-10-22T11:14:42.776+0530 [DEBUG] [org.gradle.cache.internal.DefaultFileLockManager] Lock acquired on daemon addresses registry.
2024-10-22T11:14:42.777+0530 [DEBUG] [org.gradle.cache.internal.DefaultFileLockManager] Releasing lock on daemon addresses registry.
2024-10-22T11:14:42.778+0530 [DEBUG] [org.gradle.cache.internal.DefaultFileLockManager] Waiting to acquire shared lock on daemon addresses registry.
2024-10-22T11:14:42.778+0530 [DEBUG] [org.gradle.cache.internal.DefaultFileLockManager] Lock acquired on daemon addresses registry.
2024-10-22T11:14:42.779+0530 [DEBUG] [org.gradle.cache.internal.DefaultFileLockManager] Releasing lock on daemon addresses registry.
2024-10-22T11:14:42.774+0530 [DEBUG] [org.gradle.process.internal.health.memory.DefaultMemoryManager] 831603097 memory requested, 438878208 free
2024-10-22T11:14:42.780+0530 [DEBUG] [org.gradle.workers.internal.WorkerDaemonExpiration] Will attempt to release 793 of memory
2024-10-22T11:14:42.780+0530 [DEBUG] [org.gradle.cache.internal.DefaultFileLockManager] Waiting to acquire shared lock on daemon addresses registry.
2024-10-22T11:14:42.781+0530 [DEBUG] [org.gradle.cache.internal.DefaultFileLockManager] Lock acquired on daemon addresses registry.
2024-10-22T11:14:42.780+0530 [DEBUG] [org.gradle.process.internal.health.memory.DefaultMemoryManager] 831603097 memory requested, 0 released, 438878208 free
2024-10-22T11:14:42.781+0530 [DEBUG] [org.gradle.process.internal.health.memory.DefaultMemoryManager] 831603097 memory requested, 434286592 free
2024-10-22T11:14:42.781+0530 [DEBUG] [org.gradle.workers.internal.WorkerDaemonExpiration] Will attempt to release 793 of memory
2024-10-22T11:14:42.781+0530 [DEBUG] [org.gradle.cache.internal.DefaultFileLockManager] Releasing lock on daemon addresses registry.
2024-10-22T11:14:42.781+0530 [DEBUG] [org.gradle.process.internal.health.memory.DefaultMemoryManager] 831603097 memory requested, 0 released, 434286592 free
2024-10-22T11:14:42.782+0530 [DEBUG] [org.gradle.process.internal.health.memory.DefaultMemoryManager] 831603097 memory requested, 434581504 free
2024-10-22T11:14:42.782+0530 [DEBUG] [org.gradle.workers.internal.WorkerDaemonExpiration] Will attempt to release 793 of memory
2024-10-22T11:14:42.782+0530 [DEBUG] [org.gradle.process.internal.health.memory.DefaultMemoryManager] 831603097 memory requested, 0 released, 434581504 free
2024-10-22T11:14:42.783+0530 [DEBUG] [org.gradle.process.internal.health.memory.DefaultMemoryManager] 831603097 memory requested, 434683904 free
2024-10-22T11:14:42.783+0530 [DEBUG] [org.gradle.cache.internal.DefaultFileLockManager] Waiting to acquire shared lock on daemon addresses registry.
2024-10-22T11:14:42.783+0530 [DEBUG] [org.gradle.cache.internal.DefaultFileLockManager] Lock acquired on daemon addresses registry.
2024-10-22T11:14:42.784+0530 [DEBUG] [org.gradle.cache.internal.DefaultFileLockManager] Releasing lock on daemon addresses registry.
2024-10-22T11:14:42.784+0530 [DEBUG] [org.gradle.cache.internal.DefaultFileLockManager] Waiting to acquire shared lock on daemon addresses registry.
2024-10-22T11:14:42.785+0530 [DEBUG] [org.gradle.cache.internal.DefaultFileLockManager] Lock acquired on daemon addresses registry.
2024-10-22T11:14:42.785+0530 [DEBUG] [org.gradle.cache.internal.DefaultFileLockManager] Releasing lock on daemon addresses registry.
2024-10-22T11:14:42.786+0530 [DEBUG] [org.gradle.cache.internal.DefaultFileLockManager] Waiting to acquire shared lock on daemon addresses registry.
2024-10-22T11:14:42.786+0530 [DEBUG] [org.gradle.cache.internal.DefaultFileLockManager] Lock acquired on daemon addresses registry.
2024-10-22T11:14:42.784+0530 [DEBUG] [org.gradle.workers.internal.WorkerDaemonExpiration] Will attempt to release 793 of memory
2024-10-22T11:14:42.786+0530 [DEBUG] [org.gradle.cache.internal.DefaultFileLockManager] Releasing lock on daemon addresses registry.
2024-10-22T11:14:42.786+0530 [DEBUG] [org.gradle.process.internal.health.memory.DefaultMemoryManager] 831603097 memory requested, 0 released, 434683904 free
2024-10-22T11:14:42.787+0530 [DEBUG] [org.gradle.process.internal.health.memory.DefaultMemoryManager] 831603097 memory requested, 435138560 free
2024-10-22T11:14:42.787+0530 [DEBUG] [org.gradle.workers.internal.WorkerDaemonExpiration] Will attempt to release 793 of memory
2024-10-22T11:14:42.787+0530 [DEBUG] [org.gradle.cache.internal.DefaultFileLockManager] Waiting to acquire shared lock on daemon addresses registry.
2024-10-22T11:14:42.787+0530 [DEBUG] [org.gradle.process.internal.health.memory.DefaultMemoryManager] 831603097 memory requested, 0 released, 435138560 free
2024-10-22T11:14:42.788+0530 [DEBUG] [org.gradle.cache.internal.DefaultFileLockManager] Lock acquired on daemon addresses registry.
2024-10-22T11:14:42.789+0530 [DEBUG] [org.gradle.cache.internal.DefaultFileLockManager] Releasing lock on daemon addresses registry.
2024-10-22T11:14:42.790+0530 [DEBUG] [org.gradle.cache.internal.DefaultFileLockManager] Waiting to acquire shared lock on daemon addresses registry.
2024-10-22T11:14:42.788+0530 [DEBUG] [org.gradle.process.internal.health.memory.DefaultMemoryManager] 831603097 memory requested, 435359744 free
2024-10-22T11:14:42.790+0530 [DEBUG] [org.gradle.cache.internal.DefaultFileLockManager] Lock acquired on daemon addresses registry.
2024-10-22T11:14:42.790+0530 [DEBUG] [org.gradle.workers.internal.WorkerDaemonExpiration] Will attempt to release 793 of memory
2024-10-22T11:14:42.791+0530 [DEBUG] [org.gradle.process.internal.health.memory.DefaultMemoryManager] 831603097 memory requested, 0 released, 435359744 free
2024-10-22T11:14:42.791+0530 [DEBUG] [org.gradle.cache.internal.DefaultFileLockManager] Releasing lock on daemon addresses registry.
2024-10-22T11:14:42.791+0530 [DEBUG] [org.gradle.process.internal.health.memory.DefaultMemoryManager] 831603097 memory requested, 435339264 free
2024-10-22T11:14:42.791+0530 [DEBUG] [org.gradle.workers.internal.WorkerDaemonExpiration] Will attempt to release 793 of memory
2024-10-22T11:14:42.792+0530 [DEBUG] [org.gradle.cache.internal.DefaultFileLockManager] Waiting to acquire shared lock on daemon addresses registry.
2024-10-22T11:14:42.792+0530 [DEBUG] [org.gradle.cache.internal.DefaultFileLockManager] Lock acquired on daemon addresses registry.
2024-10-22T11:14:42.792+0530 [DEBUG] [org.gradle.process.internal.health.memory.DefaultMemoryManager] 831603097 memory requested, 0 released, 435339264 free
2024-10-22T11:14:42.793+0530 [DEBUG] [org.gradle.cache.internal.DefaultFileLockManager] Releasing lock on daemon addresses registry.
2024-10-22T11:14:42.793+0530 [DEBUG] [org.gradle.process.internal.health.memory.DefaultMemoryManager] 831603097 memory requested, 435503104 free
2024-10-22T11:14:42.793+0530 [DEBUG] [org.gradle.workers.internal.WorkerDaemonExpiration] Will attempt to release 793 of memory
2024-10-22T11:14:42.793+0530 [DEBUG] [org.gradle.process.internal.health.memory.DefaultMemoryManager] 831603097 memory requested, 0 released, 435503104 free
2024-10-22T11:14:42.793+0530 [DEBUG] [org.gradle.process.internal.health.memory.DefaultMemoryManager] 831603097 memory requested, 435515392 free
2024-10-22T11:14:42.793+0530 [DEBUG] [org.gradle.workers.internal.WorkerDaemonExpiration] Will attempt to release 793 of memory
2024-10-22T11:14:42.793+0530 [DEBUG] [org.gradle.process.internal.health.memory.DefaultMemoryManager] 831603097 memory requested, 0 released, 435515392 free
2024-10-22T11:14:42.793+0530 [DEBUG] [org.gradle.process.internal.health.memory.DefaultMemoryManager] 831603097 memory requested, 435527680 free
2024-10-22T11:14:42.794+0530 [DEBUG] [org.gradle.workers.internal.WorkerDaemonExpiration] Will attempt to release 793 of memory
2024-10-22T11:14:42.794+0530 [DEBUG] [org.gradle.process.internal.health.memory.DefaultMemoryManager] 831603097 memory requested, 0 released, 435527680 free
2024-10-22T11:14:42.794+0530 [DEBUG] [org.gradle.process.internal.health.memory.DefaultMemoryManager] 831603097 memory requested, 435519488 free
2024-10-22T11:14:42.794+0530 [DEBUG] [org.gradle.workers.internal.WorkerDaemonExpiration] Will attempt to release 793 of memory
2024-10-22T11:14:42.794+0530 [DEBUG] [org.gradle.process.internal.health.memory.DefaultMemoryManager] 831603097 memory requested, 0 released, 435519488 free
2024-10-22T11:14:42.794+0530 [DEBUG] [org.gradle.cache.internal.DefaultFileLockManager] Waiting to acquire shared lock on daemon addresses registry.
2024-10-22T11:14:42.794+0530 [DEBUG] [org.gradle.cache.internal.DefaultFileLockManager] Lock acquired on daemon addresses registry.
2024-10-22T11:14:42.794+0530 [DEBUG] [org.gradle.process.internal.health.memory.DefaultMemoryManager] 831603097 memory requested, 435503104 free
2024-10-22T11:14:42.794+0530 [DEBUG] [org.gradle.workers.internal.WorkerDaemonExpiration] Will attempt to release 793 of memory
2024-10-22T11:14:42.795+0530 [DEBUG] [org.gradle.process.internal.health.memory.DefaultMemoryManager] 831603097 memory requested, 0 released, 435503104 free
2024-10-22T11:14:42.795+0530 [DEBUG] [org.gradle.cache.internal.DefaultFileLockManager] Releasing lock on daemon addresses registry.
2024-10-22T11:14:42.795+0530 [DEBUG] [org.gradle.process.internal.health.memory.DefaultMemoryManager] 831603097 memory requested, 435507200 free
2024-10-22T11:14:42.795+0530 [DEBUG] [org.gradle.workers.internal.WorkerDaemonExpiration] Will attempt to release 793 of memory
2024-10-22T11:14:42.795+0530 [DEBUG] [org.gradle.process.internal.health.memory.DefaultMemoryManager] 831603097 memory requested, 0 released, 435507200 free
2024-10-22T11:14:42.795+0530 [DEBUG] [org.gradle.process.internal.health.memory.DefaultMemoryManager] 831603097 memory requested, 435544064 free
2024-10-22T11:14:42.795+0530 [DEBUG] [org.gradle.workers.internal.WorkerDaemonExpiration] Will attempt to release 793 of memory
2024-10-22T11:14:42.795+0530 [DEBUG] [org.gradle.process.internal.health.memory.DefaultMemoryManager] 831603097 memory requested, 0 released, 435544064 free
2024-10-22T11:14:42.795+0530 [DEBUG] [org.gradle.cache.internal.DefaultFileLockManager] Waiting to acquire shared lock on daemon addresses registry.
2024-10-22T11:14:42.796+0530 [DEBUG] [org.gradle.process.internal.health.memory.DefaultMemoryManager] 831603097 memory requested, 435580928 free
2024-10-22T11:14:42.796+0530 [DEBUG] [org.gradle.workers.internal.WorkerDaemonExpiration] Will attempt to release 793 of memory
2024-10-22T11:14:42.796+0530 [DEBUG] [org.gradle.cache.internal.DefaultFileLockManager] Lock acquired on daemon addresses registry.
2024-10-22T11:14:42.796+0530 [DEBUG] [org.gradle.process.internal.health.memory.DefaultMemoryManager] 831603097 memory requested, 0 released, 435580928 free
2024-10-22T11:14:42.796+0530 [DEBUG] [org.gradle.process.internal.health.memory.DefaultMemoryManager] 831603097 memory requested, 435630080 free
2024-10-22T11:14:42.796+0530 [DEBUG] [org.gradle.workers.internal.WorkerDaemonExpiration] Will attempt to release 793 of memory
2024-10-22T11:14:42.796+0530 [DEBUG] [org.gradle.cache.internal.DefaultFileLockManager] Releasing lock on daemon addresses registry.
2024-10-22T11:14:42.796+0530 [DEBUG] [org.gradle.process.internal.health.memory.DefaultMemoryManager] 831603097 memory requested, 0 released, 435630080 free
2024-10-22T11:14:42.797+0530 [DEBUG] [org.gradle.process.internal.health.memory.DefaultMemoryManager] 831603097 memory requested, 435662848 free
2024-10-22T11:14:42.797+0530 [DEBUG] [org.gradle.workers.internal.WorkerDaemonExpiration] Will attempt to release 793 of memory
2024-10-22T11:14:42.797+0530 [DEBUG] [org.gradle.process.internal.health.memory.DefaultMemoryManager] 831603097 memory requested, 0 released, 435662848 free
2024-10-22T11:14:42.797+0530 [DEBUG] [org.gradle.process.internal.health.memory.DefaultMemoryManager] 831603097 memory requested, 434290688 free
2024-10-22T11:14:42.797+0530 [DEBUG] [org.gradle.workers.internal.WorkerDaemonExpiration] Will attempt to release 793 of memory
2024-10-22T11:14:42.797+0530 [DEBUG] [org.gradle.process.internal.health.memory.DefaultMemoryManager] 831603097 memory requested, 0 released, 434290688 free
2024-10-22T11:14:42.798+0530 [DEBUG] [org.gradle.cache.internal.DefaultFileLockManager] Waiting to acquire shared lock on daemon addresses registry.
2024-10-22T11:14:42.798+0530 [DEBUG] [org.gradle.cache.internal.DefaultFileLockManager] Lock acquired on daemon addresses registry.
2024-10-22T11:14:42.798+0530 [DEBUG] [org.gradle.process.internal.health.memory.DefaultMemoryManager] 831603097 memory requested, 433020928 free
2024-10-22T11:14:42.798+0530 [DEBUG] [org.gradle.workers.internal.WorkerDaemonExpiration] Will attempt to release 793 of memory
2024-10-22T11:14:42.798+0530 [DEBUG] [org.gradle.process.internal.health.memory.DefaultMemoryManager] 831603097 memory requested, 0 released, 433020928 free
2024-10-22T11:14:42.798+0530 [DEBUG] [org.gradle.process.internal.health.memory.DefaultMemoryManager] 831603097 memory requested, 431509504 free
2024-10-22T11:14:42.798+0530 [DEBUG] [org.gradle.workers.internal.WorkerDaemonExpiration] Will attempt to release 793 of memory
2024-10-22T11:14:42.799+0530 [DEBUG] [org.gradle.process.internal.health.memory.DefaultMemoryManager] 831603097 memory requested, 0 released, 431509504 free
2024-10-22T11:14:42.799+0530 [DEBUG] [org.gradle.process.internal.health.memory.DefaultMemoryManager] 831603097 memory requested, 431570944 free
2024-10-22T11:14:42.799+0530 [DEBUG] [org.gradle.workers.internal.WorkerDaemonExpiration] Will attempt to release 793 of memory
2024-10-22T11:14:42.799+0530 [DEBUG] [org.gradle.process.internal.health.memory.DefaultMemoryManager] 831603097 memory requested, 0 released, 431570944 free
2024-10-22T11:14:42.799+0530 [DEBUG] [org.gradle.process.internal.health.memory.DefaultMemoryManager] 831603097 memory requested, 431591424 free
2024-10-22T11:14:42.799+0530 [DEBUG] [org.gradle.cache.internal.DefaultFileLockManager] Releasing lock on daemon addresses registry.
2024-10-22T11:14:42.799+0530 [DEBUG] [org.gradle.workers.internal.WorkerDaemonExpiration] Will attempt to release 793 of memory
2024-10-22T11:14:42.800+0530 [DEBUG] [org.gradle.process.internal.health.memory.DefaultMemoryManager] 831603097 memory requested, 0 released, 431591424 free
2024-10-22T11:14:42.800+0530 [DEBUG] [org.gradle.process.internal.health.memory.DefaultMemoryManager] 831603097 memory requested, 431697920 free
2024-10-22T11:14:42.800+0530 [DEBUG] [org.gradle.workers.internal.WorkerDaemonExpiration] Will attempt to release 793 of memory
2024-10-22T11:14:42.800+0530 [DEBUG] [org.gradle.process.internal.health.memory.DefaultMemoryManager] 831603097 memory requested, 0 released, 431697920 free
2024-10-22T11:14:42.800+0530 [DEBUG] [org.gradle.process.internal.health.memory.DefaultMemoryManager] 831603097 memory requested, 431702016 free
2024-10-22T11:14:42.800+0530 [DEBUG] [org.gradle.workers.internal.WorkerDaemonExpiration] Will attempt to release 793 of memory
2024-10-22T11:14:42.800+0530 [DEBUG] [org.gradle.process.internal.health.memory.DefaultMemoryManager] 831603097 memory requested, 0 released, 431702016 free
2024-10-22T11:14:42.800+0530 [DEBUG] [org.gradle.process.internal.health.memory.DefaultMemoryManager] 831603097 memory requested, 431751168 free
2024-10-22T11:14:42.800+0530 [DEBUG] [org.gradle.workers.internal.WorkerDaemonExpiration] Will attempt to release 793 of memory
2024-10-22T11:14:42.801+0530 [DEBUG] [org.gradle.process.internal.health.memory.DefaultMemoryManager] 831603097 memory requested, 0 released, 431751168 free
2024-10-22T11:14:42.801+0530 [DEBUG] [org.gradle.process.internal.health.memory.DefaultMemoryManager] 831603097 memory requested, 431886336 free
2024-10-22T11:14:42.801+0530 [DEBUG] [org.gradle.workers.internal.WorkerDaemonExpiration] Will attempt to release 793 of memory
2024-10-22T11:14:42.801+0530 [DEBUG] [org.gradle.process.internal.health.memory.DefaultMemoryManager] 831603097 memory requested, 0 released, 431886336 free
2024-10-22T11:14:42.801+0530 [DEBUG] [org.gradle.process.internal.health.memory.DefaultMemoryManager] 831603097 memory requested, 431898624 free
2024-10-22T11:14:42.801+0530 [DEBUG] [org.gradle.workers.internal.WorkerDaemonExpiration] Will attempt to release 793 of memory
2024-10-22T11:14:42.801+0530 [DEBUG] [org.gradle.process.internal.health.memory.DefaultMemoryManager] 831603097 memory requested, 0 released, 431898624 free
2024-10-22T11:14:42.801+0530 [DEBUG] [org.gradle.process.internal.health.memory.DefaultMemoryManager] 831603097 memory requested, 431919104 free
2024-10-22T11:14:42.801+0530 [DEBUG] [org.gradle.workers.internal.WorkerDaemonExpiration] Will attempt to release 793 of memory
2024-10-22T11:14:42.801+0530 [DEBUG] [org.gradle.process.internal.health.memory.DefaultMemoryManager] 831603097 memory requested, 0 released, 431919104 free
2024-10-22T11:14:42.802+0530 [DEBUG] [org.gradle.process.internal.health.memory.DefaultMemoryManager] 831603097 memory requested, 431955968 free
2024-10-22T11:14:42.802+0530 [DEBUG] [org.gradle.workers.internal.WorkerDaemonExpiration] Will attempt to release 793 of memory
2024-10-22T11:14:42.802+0530 [DEBUG] [org.gradle.process.internal.health.memory.DefaultMemoryManager] 831603097 memory requested, 0 released, 431955968 free
2024-10-22T11:14:42.802+0530 [DEBUG] [org.gradle.process.internal.health.memory.DefaultMemoryManager] 831603097 memory requested, 431972352 free
2024-10-22T11:14:42.802+0530 [DEBUG] [org.gradle.workers.internal.WorkerDaemonExpiration] Will attempt to release 793 of memory
2024-10-22T11:14:42.802+0530 [DEBUG] [org.gradle.process.internal.health.memory.DefaultMemoryManager] 831603097 memory requested, 0 released, 431972352 free
2024-10-22T11:14:42.802+0530 [DEBUG] [org.gradle.process.internal.health.memory.DefaultMemoryManager] 831603097 memory requested, 432013312 free
2024-10-22T11:14:42.802+0530 [DEBUG] [org.gradle.workers.internal.WorkerDaemonExpiration] Will attempt to release 793 of memory
2024-10-22T11:14:42.802+0530 [DEBUG] [org.gradle.process.internal.health.memory.DefaultMemoryManager] 831603097 memory requested, 0 released, 432013312 free
2024-10-22T11:14:42.802+0530 [DEBUG] [org.gradle.process.internal.health.memory.DefaultMemoryManager] 831603097 memory requested, 432005120 free
2024-10-22T11:14:42.802+0530 [DEBUG] [org.gradle.workers.internal.WorkerDaemonExpiration] Will attempt to release 793 of memory
2024-10-22T11:14:42.802+0530 [DEBUG] [org.gradle.process.internal.health.memory.DefaultMemoryManager] 831603097 memory requested, 0 released, 432005120 free
2024-10-22T11:14:42.803+0530 [DEBUG] [org.gradle.process.internal.health.memory.DefaultMemoryManager] 831603097 memory requested, 431996928 free
2024-10-22T11:14:42.803+0530 [DEBUG] [org.gradle.workers.internal.WorkerDaemonExpiration] Will attempt to release 793 of memory
2024-10-22T11:14:42.803+0530 [DEBUG] [org.gradle.process.internal.health.memory.DefaultMemoryManager] 831603097 memory requested, 0 released, 431996928 free
2024-10-22T11:14:42.803+0530 [DEBUG] [org.gradle.process.internal.health.memory.DefaultMemoryManager] 831603097 memory requested, 432021504 free
2024-10-22T11:14:42.803+0530 [DEBUG] [org.gradle.workers.internal.WorkerDaemonExpiration] Will attempt to release 793 of memory
2024-10-22T11:14:42.803+0530 [DEBUG] [org.gradle.process.internal.health.memory.DefaultMemoryManager] 831603097 memory requested, 0 released, 432021504 free
2024-10-22T11:14:42.803+0530 [DEBUG] [org.gradle.process.internal.health.memory.DefaultMemoryManager] 831603097 memory requested, 432037888 free
2024-10-22T11:14:42.803+0530 [DEBUG] [org.gradle.workers.internal.WorkerDaemonExpiration] Will attempt to release 793 of memory
2024-10-22T11:14:42.803+0530 [DEBUG] [org.gradle.process.internal.health.memory.DefaultMemoryManager] 831603097 memory requested, 0 released, 432037888 free
2024-10-22T11:14:42.803+0530 [DEBUG] [org.gradle.process.internal.health.memory.DefaultMemoryManager] 831603097 memory requested, 432054272 free
2024-10-22T11:14:42.803+0530 [DEBUG] [org.gradle.cache.internal.DefaultFileLockManager] Waiting to acquire shared lock on daemon addresses registry.
2024-10-22T11:14:42.804+0530 [DEBUG] [org.gradle.workers.internal.WorkerDaemonExpiration] Will attempt to release 793 of memory
2024-10-22T11:14:42.805+0530 [DEBUG] [org.gradle.process.internal.health.memory.DefaultMemoryManager] 831603097 memory requested, 0 released, 432054272 free
2024-10-22T11:14:42.805+0530 [DEBUG] [org.gradle.cache.internal.DefaultFileLockManager] Lock acquired on daemon addresses registry.
2024-10-22T11:14:42.805+0530 [DEBUG] [org.gradle.process.internal.health.memory.DefaultMemoryManager] 831603097 memory requested, 432128000 free
2024-10-22T11:14:42.805+0530 [DEBUG] [org.gradle.cache.internal.DefaultFileLockManager] Releasing lock on daemon addresses registry.
2024-10-22T11:14:42.805+0530 [DEBUG] [org.gradle.workers.internal.WorkerDaemonExpiration] Will attempt to release 793 of memory
2024-10-22T11:14:42.806+0530 [DEBUG] [org.gradle.process.internal.health.memory.DefaultMemoryManager] 831603097 memory requested, 0 released, 432128000 free
2024-10-22T11:14:42.806+0530 [DEBUG] [org.gradle.process.internal.health.memory.DefaultMemoryManager] 831603097 memory requested, 432263168 free
2024-10-22T11:14:42.806+0530 [DEBUG] [org.gradle.workers.internal.WorkerDaemonExpiration] Will attempt to release 793 of memory
2024-10-22T11:14:42.806+0530 [DEBUG] [org.gradle.process.internal.health.memory.DefaultMemoryManager] 831603097 memory requested, 0 released, 432263168 free
2024-10-22T11:14:42.806+0530 [DEBUG] [org.gradle.cache.internal.DefaultFileLockManager] Waiting to acquire shared lock on daemon addresses registry.
2024-10-22T11:14:42.806+0530 [DEBUG] [org.gradle.process.internal.health.memory.DefaultMemoryManager] 831603097 memory requested, 432263168 free
2024-10-22T11:14:42.806+0530 [DEBUG] [org.gradle.workers.internal.WorkerDaemonExpiration] Will attempt to release 793 of memory
2024-10-22T11:14:42.806+0530 [DEBUG] [org.gradle.cache.internal.DefaultFileLockManager] Lock acquired on daemon addresses registry.
2024-10-22T11:14:42.807+0530 [DEBUG] [org.gradle.process.internal.health.memory.DefaultMemoryManager] 831603097 memory requested, 0 released, 432263168 free
2024-10-22T11:14:42.807+0530 [DEBUG] [org.gradle.process.internal.health.memory.DefaultMemoryManager] 831603097 memory requested, 432390144 free
2024-10-22T11:14:42.807+0530 [DEBUG] [org.gradle.workers.internal.WorkerDaemonExpiration] Will attempt to release 793 of memory
2024-10-22T11:14:42.807+0530 [DEBUG] [org.gradle.process.internal.health.memory.DefaultMemoryManager] 831603097 memory requested, 0 released, 432390144 free
2024-10-22T11:14:42.807+0530 [DEBUG] [org.gradle.cache.internal.DefaultFileLockManager] Releasing lock on daemon addresses registry.
2024-10-22T11:14:42.807+0530 [DEBUG] [org.gradle.process.internal.health.memory.DefaultMemoryManager] 831603097 memory requested, 432414720 free
2024-10-22T11:14:42.808+0530 [DEBUG] [org.gradle.workers.internal.WorkerDaemonExpiration] Will attempt to release 793 of memory
2024-10-22T11:14:42.808+0530 [DEBUG] [org.gradle.process.internal.health.memory.DefaultMemoryManager] 831603097 memory requested, 0 released, 432414720 free
2024-10-22T11:14:42.808+0530 [DEBUG] [org.gradle.process.internal.health.memory.DefaultMemoryManager] 831603097 memory requested, 432484352 free
2024-10-22T11:14:42.808+0530 [DEBUG] [org.gradle.cache.internal.DefaultFileLockManager] Waiting to acquire shared lock on daemon addresses registry.
2024-10-22T11:14:42.809+0530 [DEBUG] [org.gradle.cache.internal.DefaultFileLockManager] Lock acquired on daemon addresses registry.
2024-10-22T11:14:42.809+0530 [DEBUG] [org.gradle.workers.internal.WorkerDaemonExpiration] Will attempt to release 793 of memory
2024-10-22T11:14:42.809+0530 [DEBUG] [org.gradle.cache.internal.DefaultFileLockManager] Releasing lock on daemon addresses registry.
2024-10-22T11:14:42.809+0530 [DEBUG] [org.gradle.process.internal.health.memory.DefaultMemoryManager] 831603097 memory requested, 0 released, 432484352 free
2024-10-22T11:14:42.810+0530 [DEBUG] [org.gradle.process.internal.health.memory.DefaultMemoryManager] 831603097 memory requested, 432635904 free
2024-10-22T11:14:42.810+0530 [DEBUG] [org.gradle.workers.internal.WorkerDaemonExpiration] Will attempt to release 793 of memory
2024-10-22T11:14:42.810+0530 [DEBUG] [org.gradle.process.internal.health.memory.DefaultMemoryManager] 831603097 memory requested, 0 released, 432635904 free
2024-10-22T11:14:42.810+0530 [DEBUG] [org.gradle.process.internal.health.memory.DefaultMemoryManager] 831603097 memory requested, 432660480 free
2024-10-22T11:14:42.810+0530 [DEBUG] [org.gradle.cache.internal.DefaultFileLockManager] Waiting to acquire shared lock on daemon addresses registry.
2024-10-22T11:14:42.811+0530 [DEBUG] [org.gradle.cache.internal.DefaultFileLockManager] Lock acquired on daemon addresses registry.
2024-10-22T11:14:42.811+0530 [DEBUG] [org.gradle.cache.internal.DefaultFileLockManager] Releasing lock on daemon addresses registry.
2024-10-22T11:14:42.811+0530 [DEBUG] [org.gradle.workers.internal.WorkerDaemonExpiration] Will attempt to release 793 of memory
2024-10-22T11:14:42.812+0530 [DEBUG] [org.gradle.process.internal.health.memory.DefaultMemoryManager] 831603097 memory requested, 0 released, 432660480 free
2024-10-22T11:14:42.812+0530 [DEBUG] [org.gradle.process.internal.health.memory.DefaultMemoryManager] 831603097 memory requested, 432840704 free
2024-10-22T11:14:42.812+0530 [DEBUG] [org.gradle.cache.internal.DefaultFileLockManager] Waiting to acquire shared lock on daemon addresses registry.
2024-10-22T11:14:42.812+0530 [DEBUG] [org.gradle.workers.internal.WorkerDaemonExpiration] Will attempt to release 793 of memory
2024-10-22T11:14:42.812+0530 [DEBUG] [org.gradle.process.internal.health.memory.DefaultMemoryManager] 831603097 memory requested, 0 released, 432840704 free
2024-10-22T11:14:42.813+0530 [DEBUG] [org.gradle.process.internal.health.memory.DefaultMemoryManager] 831603097 memory requested, 432922624 free
2024-10-22T11:14:42.813+0530 [DEBUG] [org.gradle.workers.internal.WorkerDaemonExpiration] Will attempt to release 793 of memory
2024-10-22T11:14:42.812+0530 [DEBUG] [org.gradle.cache.internal.DefaultFileLockManager] Lock acquired on daemon addresses registry.
2024-10-22T11:14:42.813+0530 [DEBUG] [org.gradle.cache.internal.DefaultFileLockManager] Releasing lock on daemon addresses registry.
2024-10-22T11:14:42.813+0530 [DEBUG] [org.gradle.process.internal.health.memory.DefaultMemoryManager] 831603097 memory requested, 0 released, 432922624 free
2024-10-22T11:14:42.813+0530 [DEBUG] [org.gradle.process.internal.health.memory.DefaultMemoryManager] 831603097 memory requested, 433065984 free
2024-10-22T11:14:42.813+0530 [DEBUG] [org.gradle.workers.internal.WorkerDaemonExpiration] Will attempt to release 793 of memory
2024-10-22T11:14:42.814+0530 [DEBUG] [org.gradle.process.internal.health.memory.DefaultMemoryManager] 831603097 memory requested, 0 released, 433065984 free
2024-10-22T11:14:42.814+0530 [DEBUG] [org.gradle.process.internal.health.memory.DefaultMemoryManager] 831603097 memory requested, 433078272 free
2024-10-22T11:14:42.814+0530 [DEBUG] [org.gradle.workers.internal.WorkerDaemonExpiration] Will attempt to release 793 of memory
2024-10-22T11:14:42.814+0530 [DEBUG] [org.gradle.process.internal.health.memory.DefaultMemoryManager] 831603097 memory requested, 0 released, 433078272 free
2024-10-22T11:14:42.814+0530 [DEBUG] [org.gradle.process.internal.health.memory.DefaultMemoryManager] 831603097 memory requested, 433070080 free
2024-10-22T11:14:42.814+0530 [DEBUG] [org.gradle.workers.internal.WorkerDaemonExpiration] Will attempt to release 793 of memory
2024-10-22T11:14:42.814+0530 [DEBUG] [org.gradle.cache.internal.DefaultFileLockManager] Waiting to acquire shared lock on daemon addresses registry.
2024-10-22T11:14:42.814+0530 [DEBUG] [org.gradle.cache.internal.DefaultFileLockManager] Lock acquired on daemon addresses registry.
2024-10-22T11:14:42.814+0530 [DEBUG] [org.gradle.process.internal.health.memory.DefaultMemoryManager] 831603097 memory requested, 0 released, 433070080 free
2024-10-22T11:14:42.815+0530 [DEBUG] [org.gradle.cache.internal.DefaultFileLockManager] Releasing lock on daemon addresses registry.
2024-10-22T11:14:42.815+0530 [DEBUG] [org.gradle.process.internal.health.memory.DefaultMemoryManager] 831603097 memory requested, 433094656 free
2024-10-22T11:14:42.815+0530 [DEBUG] [org.gradle.workers.internal.WorkerDaemonExpiration] Will attempt to release 793 of memory
2024-10-22T11:14:42.815+0530 [DEBUG] [org.gradle.process.internal.health.memory.DefaultMemoryManager] 831603097 memory requested, 0 released, 433094656 free
2024-10-22T11:14:42.815+0530 [DEBUG] [org.gradle.process.internal.health.memory.DefaultMemoryManager] 831603097 memory requested, 433094656 free
2024-10-22T11:14:42.816+0530 [DEBUG] [org.gradle.workers.internal.WorkerDaemonExpiration] Will attempt to release 793 of memory
2024-10-22T11:14:42.816+0530 [DEBUG] [org.gradle.process.internal.health.memory.DefaultMemoryManager] 831603097 memory requested, 0 released, 433094656 free
2024-10-22T11:14:42.816+0530 [DEBUG] [org.gradle.process.internal.health.memory.DefaultMemoryManager] 831603097 memory requested, 433143808 free
2024-10-22T11:14:42.816+0530 [DEBUG] [org.gradle.cache.internal.DefaultFileLockManager] Waiting to acquire shared lock on daemon addresses registry.
2024-10-22T11:14:42.816+0530 [DEBUG] [org.gradle.cache.internal.DefaultFileLockManager] Lock acquired on daemon addresses registry.
2024-10-22T11:14:42.816+0530 [DEBUG] [org.gradle.workers.internal.WorkerDaemonExpiration] Will attempt to release 793 of memory
2024-10-22T11:14:42.817+0530 [DEBUG] [org.gradle.process.internal.health.memory.DefaultMemoryManager] 831603097 memory requested, 0 released, 433143808 free
2024-10-22T11:14:42.817+0530 [DEBUG] [org.gradle.cache.internal.DefaultFileLockManager] Releasing lock on daemon addresses registry.
2024-10-22T11:14:42.817+0530 [DEBUG] [org.gradle.process.internal.health.memory.DefaultMemoryManager] 831603097 memory requested, 433205248 free
2024-10-22T11:14:42.818+0530 [DEBUG] [org.gradle.workers.internal.WorkerDaemonExpiration] Will attempt to release 793 of memory
2024-10-22T11:14:42.818+0530 [DEBUG] [org.gradle.process.internal.health.memory.DefaultMemoryManager] 831603097 memory requested, 0 released, 433205248 free
2024-10-22T11:14:42.818+0530 [DEBUG] [org.gradle.cache.internal.DefaultFileLockManager] Waiting to acquire shared lock on daemon addresses registry.
2024-10-22T11:14:42.818+0530 [DEBUG] [org.gradle.cache.internal.DefaultFileLockManager] Lock acquired on daemon addresses registry.
2024-10-22T11:14:42.818+0530 [DEBUG] [org.gradle.cache.internal.DefaultFileLockManager] Releasing lock on daemon addresses registry.
2024-10-22T11:14:42.819+0530 [DEBUG] [org.gradle.cache.internal.DefaultFileLockManager] Waiting to acquire shared lock on daemon addresses registry.
2024-10-22T11:14:42.819+0530 [DEBUG] [org.gradle.cache.internal.DefaultFileLockManager] Lock acquired on daemon addresses registry.
2024-10-22T11:14:42.819+0530 [DEBUG] [org.gradle.cache.internal.DefaultFileLockManager] Releasing lock on daemon addresses registry.
2024-10-22T11:14:42.820+0530 [DEBUG] [org.gradle.cache.internal.DefaultFileLockManager] Waiting to acquire shared lock on daemon addresses registry.
2024-10-22T11:14:42.821+0530 [DEBUG] [org.gradle.cache.internal.DefaultFileLockManager] Lock acquired on daemon addresses registry.
2024-10-22T11:14:42.821+0530 [DEBUG] [org.gradle.cache.internal.DefaultFileLockManager] Releasing lock on daemon addresses registry.
2024-10-22T11:14:42.822+0530 [DEBUG] [org.gradle.cache.internal.DefaultFileLockManager] Waiting to acquire shared lock on daemon addresses registry.
2024-10-22T11:14:42.822+0530 [DEBUG] [org.gradle.cache.internal.DefaultFileLockManager] Lock acquired on daemon addresses registry.
2024-10-22T11:14:42.823+0530 [DEBUG] [org.gradle.cache.internal.DefaultFileLockManager] Releasing lock on daemon addresses registry.
2024-10-22T11:14:42.824+0530 [DEBUG] [org.gradle.cache.internal.DefaultFileLockManager] Waiting to acquire shared lock on daemon addresses registry.
2024-10-22T11:14:42.824+0530 [DEBUG] [org.gradle.cache.internal.DefaultFileLockManager] Lock acquired on daemon addresses registry.
2024-10-22T11:14:42.825+0530 [DEBUG] [org.gradle.cache.internal.DefaultFileLockManager] Releasing lock on daemon addresses registry.
2024-10-22T11:14:42.826+0530 [DEBUG] [org.gradle.cache.internal.DefaultFileLockManager] Waiting to acquire shared lock on daemon addresses registry.
2024-10-22T11:14:42.826+0530 [DEBUG] [org.gradle.cache.internal.DefaultFileLockManager] Lock acquired on daemon addresses registry.
2024-10-22T11:14:42.827+0530 [DEBUG] [org.gradle.cache.internal.DefaultFileLockManager] Releasing lock on daemon addresses registry.
2024-10-22T11:14:42.828+0530 [DEBUG] [org.gradle.cache.internal.DefaultFileLockManager] Waiting to acquire shared lock on daemon addresses registry.
2024-10-22T11:14:42.828+0530 [DEBUG] [org.gradle.cache.internal.DefaultFileLockManager] Lock acquired on daemon addresses registry.
2024-10-22T11:14:42.828+0530 [DEBUG] [org.gradle.cache.internal.DefaultFileLockManager] Releasing lock on daemon addresses registry.
2024-10-22T11:14:42.829+0530 [DEBUG] [org.gradle.cache.internal.DefaultFileLockManager] Waiting to acquire shared lock on daemon addresses registry.
2024-10-22T11:14:42.829+0530 [DEBUG] [org.gradle.cache.internal.DefaultFileLockManager] Lock acquired on daemon addresses registry.
2024-10-22T11:14:42.818+0530 [DEBUG] [org.gradle.process.internal.health.memory.DefaultMemoryManager] 831603097 memory requested, 433291264 free
2024-10-22T11:14:42.830+0530 [DEBUG] [org.gradle.cache.internal.DefaultFileLockManager] Releasing lock on daemon addresses registry.
2024-10-22T11:14:42.831+0530 [DEBUG] [org.gradle.cache.internal.DefaultFileLockManager] Waiting to acquire shared lock on daemon addresses registry.
2024-10-22T11:14:42.831+0530 [DEBUG] [org.gradle.cache.internal.DefaultFileLockManager] Lock acquired on daemon addresses registry.
2024-10-22T11:14:42.832+0530 [DEBUG] [org.gradle.cache.internal.DefaultFileLockManager] Releasing lock on daemon addresses registry.
2024-10-22T11:14:42.831+0530 [DEBUG] [org.gradle.workers.internal.WorkerDaemonExpiration] Will attempt to release 793 of memory
2024-10-22T11:14:42.832+0530 [DEBUG] [org.gradle.process.internal.health.memory.DefaultMemoryManager] 831603097 memory requested, 0 released, 433291264 free
2024-10-22T11:14:42.832+0530 [DEBUG] [org.gradle.process.internal.health.memory.DefaultMemoryManager] 831603097 memory requested, 433373184 free
2024-10-22T11:14:42.832+0530 [DEBUG] [org.gradle.workers.internal.WorkerDaemonExpiration] Will attempt to release 793 of memory
2024-10-22T11:14:42.832+0530 [DEBUG] [org.gradle.process.internal.health.memory.DefaultMemoryManager] 831603097 memory requested, 0 released, 433373184 free
2024-10-22T11:14:42.833+0530 [DEBUG] [org.gradle.process.internal.health.memory.DefaultMemoryManager] 831603097 memory requested, 433356800 free
2024-10-22T11:14:42.833+0530 [DEBUG] [org.gradle.workers.internal.WorkerDaemonExpiration] Will attempt to release 793 of memory
2024-10-22T11:14:42.833+0530 [DEBUG] [org.gradle.process.internal.health.memory.DefaultMemoryManager] 831603097 memory requested, 0 released, 433356800 free
2024-10-22T11:14:42.833+0530 [DEBUG] [org.gradle.process.internal.health.memory.DefaultMemoryManager] 831603097 memory requested, 433360896 free
2024-10-22T11:14:42.833+0530 [DEBUG] [org.gradle.workers.internal.WorkerDaemonExpiration] Will attempt to release 793 of memory
2024-10-22T11:14:42.834+0530 [DEBUG] [org.gradle.process.internal.health.memory.DefaultMemoryManager] 831603097 memory requested, 0 released, 433360896 free
2024-10-22T11:14:42.834+0530 [DEBUG] [org.gradle.process.internal.health.memory.DefaultMemoryManager] 831603097 memory requested, 433360896 free
2024-10-22T11:14:42.834+0530 [DEBUG] [org.gradle.workers.internal.WorkerDaemonExpiration] Will attempt to release 793 of memory
2024-10-22T11:14:42.834+0530 [DEBUG] [org.gradle.process.internal.health.memory.DefaultMemoryManager] 831603097 memory requested, 0 released, 433360896 free
2024-10-22T11:14:42.833+0530 [DEBUG] [org.gradle.cache.internal.DefaultFileLockManager] Waiting to acquire shared lock on daemon addresses registry.
2024-10-22T11:14:42.835+0530 [DEBUG] [org.gradle.cache.internal.DefaultFileLockManager] Lock acquired on daemon addresses registry.
2024-10-22T11:14:42.836+0530 [DEBUG] [org.gradle.cache.internal.DefaultFileLockManager] Releasing lock on daemon addresses registry.
2024-10-22T11:14:42.837+0530 [DEBUG] [org.gradle.cache.internal.DefaultFileLockManager] Waiting to acquire shared lock on daemon addresses registry.
2024-10-22T11:14:42.837+0530 [DEBUG] [org.gradle.cache.internal.DefaultFileLockManager] Lock acquired on daemon addresses registry.
2024-10-22T11:14:42.834+0530 [DEBUG] [org.gradle.process.internal.health.memory.DefaultMemoryManager] 831603097 memory requested, 433381376 free
2024-10-22T11:14:42.838+0530 [DEBUG] [org.gradle.workers.internal.WorkerDaemonExpiration] Will attempt to release 793 of memory
2024-10-22T11:14:42.839+0530 [DEBUG] [org.gradle.process.internal.health.memory.DefaultMemoryManager] 831603097 memory requested, 0 released, 433381376 free
2024-10-22T11:14:42.839+0530 [DEBUG] [org.gradle.process.internal.health.memory.DefaultMemoryManager] 831603097 memory requested, 433434624 free
2024-10-22T11:14:42.839+0530 [DEBUG] [org.gradle.workers.internal.WorkerDaemonExpiration] Will attempt to release 793 of memory
2024-10-22T11:14:42.839+0530 [DEBUG] [org.gradle.process.internal.health.memory.DefaultMemoryManager] 831603097 memory requested, 0 released, 433434624 free
2024-10-22T11:14:42.839+0530 [DEBUG] [org.gradle.cache.internal.DefaultFileLockManager] Releasing lock on daemon addresses registry.
2024-10-22T11:14:42.839+0530 [DEBUG] [org.gradle.process.internal.health.memory.DefaultMemoryManager] 831603097 memory requested, 433442816 free
2024-10-22T11:14:42.841+0530 [DEBUG] [org.gradle.workers.internal.WorkerDaemonExpiration] Will attempt to release 793 of memory
2024-10-22T11:14:42.841+0530 [DEBUG] [org.gradle.process.internal.health.memory.DefaultMemoryManager] 831603097 memory requested, 0 released, 433442816 free
2024-10-22T11:14:42.841+0530 [DEBUG] [org.gradle.cache.internal.DefaultFileLockManager] Waiting to acquire shared lock on daemon addresses registry.
2024-10-22T11:14:42.841+0530 [DEBUG] [org.gradle.process.internal.health.memory.DefaultMemoryManager] 831603097 memory requested, 433618944 free
2024-10-22T11:14:42.841+0530 [DEBUG] [org.gradle.workers.internal.WorkerDaemonExpiration] Will attempt to release 793 of memory
2024-10-22T11:14:42.842+0530 [DEBUG] [org.gradle.process.internal.health.memory.DefaultMemoryManager] 831603097 memory requested, 0 released, 433618944 free
2024-10-22T11:14:42.842+0530 [DEBUG] [org.gradle.process.internal.health.memory.DefaultMemoryManager] 831603097 memory requested, 433659904 free
2024-10-22T11:14:42.842+0530 [DEBUG] [org.gradle.workers.internal.WorkerDaemonExpiration] Will attempt to release 793 of memory
2024-10-22T11:14:42.842+0530 [DEBUG] [org.gradle.process.internal.health.memory.DefaultMemoryManager] 831603097 memory requested, 0 released, 433659904 free
2024-10-22T11:14:42.842+0530 [DEBUG] [org.gradle.process.internal.health.memory.DefaultMemoryManager] 831603097 memory requested, 433647616 free
2024-10-22T11:14:42.842+0530 [DEBUG] [org.gradle.workers.internal.WorkerDaemonExpiration] Will attempt to release 793 of memory
2024-10-22T11:14:42.843+0530 [DEBUG] [org.gradle.process.internal.health.memory.DefaultMemoryManager] 831603097 memory requested, 0 released, 433647616 free
2024-10-22T11:14:42.843+0530 [DEBUG] [org.gradle.process.internal.health.memory.DefaultMemoryManager] 831603097 memory requested, 433672192 free
2024-10-22T11:14:42.843+0530 [DEBUG] [org.gradle.workers.internal.WorkerDaemonExpiration] Will attempt to release 793 of memory
2024-10-22T11:14:42.843+0530 [DEBUG] [org.gradle.process.internal.health.memory.DefaultMemoryManager] 831603097 memory requested, 0 released, 433672192 free
2024-10-22T11:14:42.844+0530 [DEBUG] [org.gradle.process.internal.health.memory.DefaultMemoryManager] 831603097 memory requested, 433762304 free
2024-10-22T11:14:42.844+0530 [DEBUG] [org.gradle.workers.internal.WorkerDaemonExpiration] Will attempt to release 793 of memory
2024-10-22T11:14:42.841+0530 [DEBUG] [org.gradle.cache.internal.DefaultFileLockManager] Lock acquired on daemon addresses registry.
2024-10-22T11:14:42.844+0530 [DEBUG] [org.gradle.cache.internal.DefaultFileLockManager] Releasing lock on daemon addresses registry.
2024-10-22T11:14:42.844+0530 [DEBUG] [org.gradle.process.internal.health.memory.DefaultMemoryManager] 831603097 memory requested, 0 released, 433762304 free
2024-10-22T11:14:42.845+0530 [DEBUG] [org.gradle.process.internal.health.memory.DefaultMemoryManager] 831603097 memory requested, 433786880 free
2024-10-22T11:14:42.845+0530 [DEBUG] [org.gradle.workers.internal.WorkerDaemonExpiration] Will attempt to release 793 of memory
2024-10-22T11:14:42.845+0530 [DEBUG] [org.gradle.process.internal.health.memory.DefaultMemoryManager] 831603097 memory requested, 0 released, 433786880 free
2024-10-22T11:14:42.845+0530 [DEBUG] [org.gradle.process.internal.health.memory.DefaultMemoryManager] 831603097 memory requested, 433799168 free
2024-10-22T11:14:42.845+0530 [DEBUG] [org.gradle.workers.internal.WorkerDaemonExpiration] Will attempt to release 793 of memory
2024-10-22T11:14:42.845+0530 [DEBUG] [org.gradle.process.internal.health.memory.DefaultMemoryManager] 831603097 memory requested, 0 released, 433799168 free
2024-10-22T11:14:42.845+0530 [DEBUG] [org.gradle.process.internal.health.memory.DefaultMemoryManager] 831603097 memory requested, 433774592 free
2024-10-22T11:14:42.845+0530 [DEBUG] [org.gradle.workers.internal.WorkerDaemonExpiration] Will attempt to release 793 of memory
2024-10-22T11:14:42.845+0530 [DEBUG] [org.gradle.process.internal.health.memory.DefaultMemoryManager] 831603097 memory requested, 0 released, 433774592 free
2024-10-22T11:14:42.845+0530 [DEBUG] [org.gradle.cache.internal.DefaultFileLockManager] Waiting to acquire shared lock on daemon addresses registry.
2024-10-22T11:14:42.846+0530 [DEBUG] [org.gradle.cache.internal.DefaultFileLockManager] Lock acquired on daemon addresses registry.
2024-10-22T11:14:42.846+0530 [DEBUG] [org.gradle.process.internal.health.memory.DefaultMemoryManager] 831603097 memory requested, 433762304 free
2024-10-22T11:14:42.846+0530 [DEBUG] [org.gradle.workers.internal.WorkerDaemonExpiration] Will attempt to release 793 of memory
2024-10-22T11:14:42.846+0530 [DEBUG] [org.gradle.process.internal.health.memory.DefaultMemoryManager] 831603097 memory requested, 0 released, 433762304 free
2024-10-22T11:14:42.846+0530 [DEBUG] [org.gradle.process.internal.health.memory.DefaultMemoryManager] 831603097 memory requested, 433754112 free
2024-10-22T11:14:42.846+0530 [DEBUG] [org.gradle.workers.internal.WorkerDaemonExpiration] Will attempt to release 793 of memory
2024-10-22T11:14:42.846+0530 [DEBUG] [org.gradle.process.internal.health.memory.DefaultMemoryManager] 831603097 memory requested, 0 released, 433754112 free
2024-10-22T11:14:42.846+0530 [DEBUG] [org.gradle.cache.internal.DefaultFileLockManager] Releasing lock on daemon addresses registry.
2024-10-22T11:14:42.848+0530 [DEBUG] [org.gradle.cache.internal.DefaultFileLockManager] Waiting to acquire shared lock on daemon addresses registry.
2024-10-22T11:14:42.848+0530 [DEBUG] [org.gradle.cache.internal.DefaultFileLockManager] Lock acquired on daemon addresses registry.
2024-10-22T11:14:42.848+0530 [DEBUG] [org.gradle.process.internal.health.memory.DefaultMemoryManager] 831603097 memory requested, 433770496 free
2024-10-22T11:14:42.848+0530 [DEBUG] [org.gradle.cache.internal.DefaultFileLockManager] Releasing lock on daemon addresses registry.
2024-10-22T11:14:42.850+0530 [DEBUG] [org.gradle.workers.internal.WorkerDaemonExpiration] Will attempt to release 793 of memory
2024-10-22T11:14:42.851+0530 [DEBUG] [org.gradle.cache.internal.DefaultFileLockManager] Waiting to acquire shared lock on daemon addresses registry.
2024-10-22T11:14:42.854+0530 [DEBUG] [org.gradle.process.internal.health.memory.DefaultMemoryManager] 831603097 memory requested, 0 released, 433770496 free
2024-10-22T11:14:42.855+0530 [DEBUG] [org.gradle.process.internal.health.memory.DefaultMemoryManager] 831603097 memory requested, 428740608 free
2024-10-22T11:14:42.855+0530 [DEBUG] [org.gradle.cache.internal.DefaultFileLockManager] Lock acquired on daemon addresses registry.
2024-10-22T11:14:42.855+0530 [DEBUG] [org.gradle.workers.internal.WorkerDaemonExpiration] Will attempt to release 793 of memory
2024-10-22T11:14:42.856+0530 [DEBUG] [org.gradle.process.internal.health.memory.DefaultMemoryManager] 831603097 memory requested, 0 released, 428740608 free
2024-10-22T11:14:42.856+0530 [DEBUG] [org.gradle.process.internal.health.memory.DefaultMemoryManager] 831603097 memory requested, 428953600 free
2024-10-22T11:14:42.856+0530 [DEBUG] [org.gradle.workers.internal.WorkerDaemonExpiration] Will attempt to release 793 of memory
2024-10-22T11:14:42.856+0530 [DEBUG] [org.gradle.cache.internal.DefaultFileLockManager] Releasing lock on daemon addresses registry.
2024-10-22T11:14:42.856+0530 [DEBUG] [org.gradle.process.internal.health.memory.DefaultMemoryManager] 831603097 memory requested, 0 released, 428953600 free
2024-10-22T11:14:42.856+0530 [DEBUG] [org.gradle.process.internal.health.memory.DefaultMemoryManager] 831603097 memory requested, 428974080 free
2024-10-22T11:14:42.856+0530 [DEBUG] [org.gradle.workers.internal.WorkerDaemonExpiration] Will attempt to release 793 of memory
2024-10-22T11:14:42.856+0530 [DEBUG] [org.gradle.process.internal.health.memory.DefaultMemoryManager] 831603097 memory requested, 0 released, 428974080 free
2024-10-22T11:14:42.856+0530 [DEBUG] [org.gradle.process.internal.health.memory.DefaultMemoryManager] 831603097 memory requested, 429023232 free
2024-10-22T11:14:42.856+0530 [DEBUG] [org.gradle.workers.internal.WorkerDaemonExpiration] Will attempt to release 793 of memory
2024-10-22T11:14:42.857+0530 [DEBUG] [org.gradle.process.internal.health.memory.DefaultMemoryManager] 831603097 memory requested, 0 released, 429023232 free
2024-10-22T11:14:42.857+0530 [DEBUG] [org.gradle.process.internal.health.memory.DefaultMemoryManager] 831603097 memory requested, 429006848 free
2024-10-22T11:14:42.857+0530 [DEBUG] [org.gradle.cache.internal.DefaultFileLockManager] Waiting to acquire shared lock on daemon addresses registry.
2024-10-22T11:14:42.857+0530 [DEBUG] [org.gradle.workers.internal.WorkerDaemonExpiration] Will attempt to release 793 of memory
2024-10-22T11:14:42.857+0530 [DEBUG] [org.gradle.cache.internal.DefaultFileLockManager] Lock acquired on daemon addresses registry.
2024-10-22T11:14:42.857+0530 [DEBUG] [org.gradle.process.internal.health.memory.DefaultMemoryManager] 831603097 memory requested, 0 released, 429006848 free
2024-10-22T11:14:42.857+0530 [DEBUG] [org.gradle.process.internal.health.memory.DefaultMemoryManager] 831603097 memory requested, 429015040 free
2024-10-22T11:14:42.857+0530 [DEBUG] [org.gradle.workers.internal.WorkerDaemonExpiration] Will attempt to release 793 of memory
2024-10-22T11:14:42.857+0530 [DEBUG] [org.gradle.cache.internal.DefaultFileLockManager] Releasing lock on daemon addresses registry.
2024-10-22T11:14:42.857+0530 [DEBUG] [org.gradle.process.internal.health.memory.DefaultMemoryManager] 831603097 memory requested, 0 released, 429015040 free
2024-10-22T11:14:42.857+0530 [DEBUG] [org.gradle.process.internal.health.memory.DefaultMemoryManager] 831603097 memory requested, 429068288 free
2024-10-22T11:14:42.858+0530 [DEBUG] [org.gradle.workers.internal.WorkerDaemonExpiration] Will attempt to release 793 of memory
2024-10-22T11:14:42.858+0530 [DEBUG] [org.gradle.process.internal.health.memory.DefaultMemoryManager] 831603097 memory requested, 0 released, 429068288 free
2024-10-22T11:14:42.858+0530 [DEBUG] [org.gradle.process.internal.health.memory.DefaultMemoryManager] 831603097 memory requested, 429056000 free
2024-10-22T11:14:42.858+0530 [DEBUG] [org.gradle.workers.internal.WorkerDaemonExpiration] Will attempt to release 793 of memory
2024-10-22T11:14:42.858+0530 [DEBUG] [org.gradle.process.internal.health.memory.DefaultMemoryManager] 831603097 memory requested, 0 released, 429056000 free
2024-10-22T11:14:42.858+0530 [DEBUG] [org.gradle.process.internal.health.memory.DefaultMemoryManager] 831603097 memory requested, 429047808 free
2024-10-22T11:14:42.858+0530 [DEBUG] [org.gradle.cache.internal.DefaultFileLockManager] Waiting to acquire shared lock on daemon addresses registry.
2024-10-22T11:14:42.858+0530 [DEBUG] [org.gradle.workers.internal.WorkerDaemonExpiration] Will attempt to release 793 of memory
2024-10-22T11:14:42.858+0530 [DEBUG] [org.gradle.cache.internal.DefaultFileLockManager] Lock acquired on daemon addresses registry.
2024-10-22T11:14:42.858+0530 [DEBUG] [org.gradle.process.internal.health.memory.DefaultMemoryManager] 831603097 memory requested, 0 released, 429047808 free
2024-10-22T11:14:42.859+0530 [DEBUG] [org.gradle.process.internal.health.memory.DefaultMemoryManager] 831603097 memory requested, 429113344 free
2024-10-22T11:14:42.859+0530 [DEBUG] [org.gradle.cache.internal.DefaultFileLockManager] Releasing lock on daemon addresses registry.
2024-10-22T11:14:42.859+0530 [DEBUG] [org.gradle.workers.internal.WorkerDaemonExpiration] Will attempt to release 793 of memory
2024-10-22T11:14:42.859+0530 [DEBUG] [org.gradle.process.internal.health.memory.DefaultMemoryManager] 831603097 memory requested, 0 released, 429113344 free
2024-10-22T11:14:42.859+0530 [DEBUG] [org.gradle.process.internal.health.memory.DefaultMemoryManager] 831603097 memory requested, 429117440 free
2024-10-22T11:14:42.860+0530 [DEBUG] [org.gradle.workers.internal.WorkerDaemonExpiration] Will attempt to release 793 of memory
2024-10-22T11:14:42.860+0530 [DEBUG] [org.gradle.process.internal.health.memory.DefaultMemoryManager] 831603097 memory requested, 0 released, 429117440 free
2024-10-22T11:14:42.860+0530 [DEBUG] [org.gradle.cache.internal.DefaultFileLockManager] Waiting to acquire shared lock on daemon addresses registry.
2024-10-22T11:14:42.860+0530 [DEBUG] [org.gradle.process.internal.health.memory.DefaultMemoryManager] 831603097 memory requested, 429350912 free
2024-10-22T11:14:42.860+0530 [DEBUG] [org.gradle.workers.internal.WorkerDaemonExpiration] Will attempt to release 793 of memory
2024-10-22T11:14:42.861+0530 [DEBUG] [org.gradle.process.internal.health.memory.DefaultMemoryManager] 831603097 memory requested, 0 released, 429350912 free
2024-10-22T11:14:42.861+0530 [DEBUG] [org.gradle.cache.internal.DefaultFileLockManager] Lock acquired on daemon addresses registry.
2024-10-22T11:14:42.861+0530 [DEBUG] [org.gradle.process.internal.health.memory.DefaultMemoryManager] 831603097 memory requested, 429383680 free
2024-10-22T11:14:42.861+0530 [DEBUG] [org.gradle.workers.internal.WorkerDaemonExpiration] Will attempt to release 793 of memory
2024-10-22T11:14:42.861+0530 [DEBUG] [org.gradle.process.internal.health.memory.DefaultMemoryManager] 831603097 memory requested, 0 released, 429383680 free
2024-10-22T11:14:42.861+0530 [DEBUG] [org.gradle.process.internal.health.memory.DefaultMemoryManager] 831603097 memory requested, 429424640 free
2024-10-22T11:14:42.861+0530 [DEBUG] [org.gradle.workers.internal.WorkerDaemonExpiration] Will attempt to release 793 of memory
2024-10-22T11:14:42.861+0530 [DEBUG] [org.gradle.process.internal.health.memory.DefaultMemoryManager] 831603097 memory requested, 0 released, 429424640 free
2024-10-22T11:14:42.861+0530 [DEBUG] [org.gradle.process.internal.health.memory.DefaultMemoryManager] 831603097 memory requested, 429441024 free
2024-10-22T11:14:42.861+0530 [DEBUG] [org.gradle.workers.internal.WorkerDaemonExpiration] Will attempt to release 793 of memory
2024-10-22T11:14:42.861+0530 [DEBUG] [org.gradle.process.internal.health.memory.DefaultMemoryManager] 831603097 memory requested, 0 released, 429441024 free
2024-10-22T11:14:42.861+0530 [DEBUG] [org.gradle.cache.internal.DefaultFileLockManager] Releasing lock on daemon addresses registry.
2024-10-22T11:14:42.862+0530 [DEBUG] [org.gradle.process.internal.health.memory.DefaultMemoryManager] 831603097 memory requested, 429514752 free
2024-10-22T11:14:42.862+0530 [DEBUG] [org.gradle.workers.internal.WorkerDaemonExpiration] Will attempt to release 793 of memory
2024-10-22T11:14:42.862+0530 [DEBUG] [org.gradle.process.internal.health.memory.DefaultMemoryManager] 831603097 memory requested, 0 released, 429514752 free
2024-10-22T11:14:42.862+0530 [DEBUG] [org.gradle.process.internal.health.memory.DefaultMemoryManager] 831603097 memory requested, 429645824 free
2024-10-22T11:14:42.862+0530 [DEBUG] [org.gradle.workers.internal.WorkerDaemonExpiration] Will attempt to release 793 of memory
2024-10-22T11:14:42.863+0530 [DEBUG] [org.gradle.process.internal.health.memory.DefaultMemoryManager] 831603097 memory requested, 0 released, 429645824 free
2024-10-22T11:14:42.863+0530 [DEBUG] [org.gradle.process.internal.health.memory.DefaultMemoryManager] 831603097 memory requested, 429760512 free
2024-10-22T11:14:42.863+0530 [DEBUG] [org.gradle.workers.internal.WorkerDaemonExpiration] Will attempt to release 793 of memory
2024-10-22T11:14:42.863+0530 [DEBUG] [org.gradle.process.internal.health.memory.DefaultMemoryManager] 831603097 memory requested, 0 released, 429760512 free
2024-10-22T11:14:42.862+0530 [DEBUG] [org.gradle.cache.internal.DefaultFileLockManager] Waiting to acquire shared lock on daemon addresses registry.
2024-10-22T11:14:42.863+0530 [DEBUG] [org.gradle.process.internal.health.memory.DefaultMemoryManager] 831603097 memory requested, 429838336 free
2024-10-22T11:14:42.864+0530 [DEBUG] [org.gradle.cache.internal.DefaultFileLockManager] Lock acquired on daemon addresses registry.
2024-10-22T11:14:42.864+0530 [DEBUG] [org.gradle.workers.internal.WorkerDaemonExpiration] Will attempt to release 793 of memory
2024-10-22T11:14:42.864+0530 [DEBUG] [org.gradle.process.internal.health.memory.DefaultMemoryManager] 831603097 memory requested, 0 released, 429838336 free
2024-10-22T11:14:42.864+0530 [DEBUG] [org.gradle.process.internal.health.memory.DefaultMemoryManager] 831603097 memory requested, 429912064 free
2024-10-22T11:14:42.864+0530 [DEBUG] [org.gradle.workers.internal.WorkerDaemonExpiration] Will attempt to release 793 of memory
2024-10-22T11:14:42.864+0530 [DEBUG] [org.gradle.process.internal.health.memory.DefaultMemoryManager] 831603097 memory requested, 0 released, 429912064 free
2024-10-22T11:14:42.864+0530 [DEBUG] [org.gradle.cache.internal.DefaultFileLockManager] Releasing lock on daemon addresses registry.
2024-10-22T11:14:42.865+0530 [DEBUG] [org.gradle.process.internal.health.memory.DefaultMemoryManager] 831603097 memory requested, 429916160 free
2024-10-22T11:14:42.865+0530 [DEBUG] [org.gradle.workers.internal.WorkerDaemonExpiration] Will attempt to release 793 of memory
2024-10-22T11:14:42.865+0530 [DEBUG] [org.gradle.process.internal.health.memory.DefaultMemoryManager] 831603097 memory requested, 0 released, 429916160 free
2024-10-22T11:14:42.865+0530 [DEBUG] [org.gradle.process.internal.health.memory.DefaultMemoryManager] 831603097 memory requested, 429961216 free
2024-10-22T11:14:42.865+0530 [DEBUG] [org.gradle.workers.internal.WorkerDaemonExpiration] Will attempt to release 793 of memory
2024-10-22T11:14:42.865+0530 [DEBUG] [org.gradle.process.internal.health.memory.DefaultMemoryManager] 831603097 memory requested, 0 released, 429961216 free
2024-10-22T11:14:42.866+0530 [DEBUG] [org.gradle.process.internal.health.memory.DefaultMemoryManager] 831603097 memory requested, 429961216 free
2024-10-22T11:14:42.866+0530 [DEBUG] [org.gradle.workers.internal.WorkerDaemonExpiration] Will attempt to release 793 of memory
2024-10-22T11:14:42.866+0530 [DEBUG] [org.gradle.process.internal.health.memory.DefaultMemoryManager] 831603097 memory requested, 0 released, 429961216 free
2024-10-22T11:14:42.866+0530 [DEBUG] [org.gradle.cache.internal.DefaultFileLockManager] Waiting to acquire shared lock on daemon addresses registry.
2024-10-22T11:14:42.866+0530 [DEBUG] [org.gradle.cache.internal.DefaultFileLockManager] Lock acquired on daemon addresses registry.
2024-10-22T11:14:42.866+0530 [DEBUG] [org.gradle.process.internal.health.memory.DefaultMemoryManager] 831603097 memory requested, 429957120 free
2024-10-22T11:14:42.867+0530 [DEBUG] [org.gradle.workers.internal.WorkerDaemonExpiration] Will attempt to release 793 of memory
2024-10-22T11:14:42.867+0530 [DEBUG] [org.gradle.process.internal.health.memory.DefaultMemoryManager] 831603097 memory requested, 0 released, 429957120 free
2024-10-22T11:14:42.867+0530 [DEBUG] [org.gradle.cache.internal.DefaultFileLockManager] Releasing lock on daemon addresses registry.
2024-10-22T11:14:42.867+0530 [DEBUG] [org.gradle.process.internal.health.memory.DefaultMemoryManager] 831603097 memory requested, 429948928 free
2024-10-22T11:14:42.867+0530 [DEBUG] [org.gradle.workers.internal.WorkerDaemonExpiration] Will attempt to release 793 of memory
2024-10-22T11:14:42.868+0530 [DEBUG] [org.gradle.process.internal.health.memory.DefaultMemoryManager] 831603097 memory requested, 0 released, 429948928 free
2024-10-22T11:14:42.868+0530 [DEBUG] [org.gradle.process.internal.health.memory.DefaultMemoryManager] 831603097 memory requested, 429998080 free
2024-10-22T11:14:42.868+0530 [DEBUG] [org.gradle.workers.internal.WorkerDaemonExpiration] Will attempt to release 793 of memory
2024-10-22T11:14:42.868+0530 [DEBUG] [org.gradle.process.internal.health.memory.DefaultMemoryManager] 831603097 memory requested, 0 released, 429998080 free
2024-10-22T11:14:42.868+0530 [DEBUG] [org.gradle.process.internal.health.memory.DefaultMemoryManager] 831603097 memory requested, 430018560 free
2024-10-22T11:14:42.868+0530 [DEBUG] [org.gradle.workers.internal.WorkerDaemonExpiration] Will attempt to release 793 of memory
2024-10-22T11:14:42.868+0530 [DEBUG] [org.gradle.process.internal.health.memory.DefaultMemoryManager] 831603097 memory requested, 0 released, 430018560 free
2024-10-22T11:14:42.868+0530 [DEBUG] [org.gradle.cache.internal.DefaultFileLockManager] Waiting to acquire shared lock on daemon addresses registry.
2024-10-22T11:14:42.869+0530 [DEBUG] [org.gradle.process.internal.health.memory.DefaultMemoryManager] 831603097 memory requested, 430014464 free
2024-10-22T11:14:42.869+0530 [DEBUG] [org.gradle.workers.internal.WorkerDaemonExpiration] Will attempt to release 793 of memory
2024-10-22T11:14:42.869+0530 [DEBUG] [org.gradle.cache.internal.DefaultFileLockManager] Lock acquired on daemon addresses registry.
2024-10-22T11:14:42.869+0530 [DEBUG] [org.gradle.process.internal.health.memory.DefaultMemoryManager] 831603097 memory requested, 0 released, 430014464 free
2024-10-22T11:14:42.869+0530 [DEBUG] [org.gradle.cache.internal.DefaultFileLockManager] Releasing lock on daemon addresses registry.
2024-10-22T11:14:42.869+0530 [DEBUG] [org.gradle.process.internal.health.memory.DefaultMemoryManager] 831603097 memory requested, 430063616 free
2024-10-22T11:14:42.870+0530 [DEBUG] [org.gradle.workers.internal.WorkerDaemonExpiration] Will attempt to release 793 of memory
2024-10-22T11:14:42.870+0530 [DEBUG] [org.gradle.process.internal.health.memory.DefaultMemoryManager] 831603097 memory requested, 0 released, 430063616 free
2024-10-22T11:14:42.870+0530 [DEBUG] [org.gradle.process.internal.health.memory.DefaultMemoryManager] 831603097 memory requested, 430120960 free
2024-10-22T11:14:42.870+0530 [DEBUG] [org.gradle.workers.internal.WorkerDaemonExpiration] Will attempt to release 793 of memory
2024-10-22T11:14:42.870+0530 [DEBUG] [org.gradle.process.internal.health.memory.DefaultMemoryManager] 831603097 memory requested, 0 released, 430120960 free
2024-10-22T11:14:42.870+0530 [DEBUG] [org.gradle.cache.internal.DefaultFileLockManager] Waiting to acquire shared lock on daemon addresses registry.
2024-10-22T11:14:42.871+0530 [DEBUG] [org.gradle.cache.internal.DefaultFileLockManager] Lock acquired on daemon addresses registry.
2024-10-22T11:14:42.871+0530 [DEBUG] [org.gradle.process.internal.health.memory.DefaultMemoryManager] 831603097 memory requested, 430206976 free
2024-10-22T11:14:42.871+0530 [DEBUG] [org.gradle.cache.internal.DefaultFileLockManager] Releasing lock on daemon addresses registry.
2024-10-22T11:14:42.871+0530 [DEBUG] [org.gradle.workers.internal.WorkerDaemonExpiration] Will attempt to release 793 of memory
2024-10-22T11:14:42.871+0530 [DEBUG] [org.gradle.process.internal.health.memory.DefaultMemoryManager] 831603097 memory requested, 0 released, 430206976 free
2024-10-22T11:14:42.871+0530 [DEBUG] [org.gradle.process.internal.health.memory.DefaultMemoryManager] 831603097 memory requested, 430198784 free
2024-10-22T11:14:42.871+0530 [DEBUG] [org.gradle.workers.internal.WorkerDaemonExpiration] Will attempt to release 793 of memory
2024-10-22T11:14:42.872+0530 [DEBUG] [org.gradle.process.internal.health.memory.DefaultMemoryManager] 831603097 memory requested, 0 released, 430198784 free
2024-10-22T11:14:42.872+0530 [DEBUG] [org.gradle.process.internal.health.memory.DefaultMemoryManager] 831603097 memory requested, 430211072 free
2024-10-22T11:14:42.872+0530 [DEBUG] [org.gradle.workers.internal.WorkerDaemonExpiration] Will attempt to release 793 of memory
2024-10-22T11:14:42.872+0530 [DEBUG] [org.gradle.cache.internal.DefaultFileLockManager] Waiting to acquire shared lock on daemon addresses registry.
2024-10-22T11:14:42.872+0530 [DEBUG] [org.gradle.process.internal.health.memory.DefaultMemoryManager] 831603097 memory requested, 0 released, 430211072 free
2024-10-22T11:14:42.872+0530 [DEBUG] [org.gradle.cache.internal.DefaultFileLockManager] Lock acquired on daemon addresses registry.
2024-10-22T11:14:42.872+0530 [DEBUG] [org.gradle.process.internal.health.memory.DefaultMemoryManager] 831603097 memory requested, 430186496 free
2024-10-22T11:14:42.873+0530 [DEBUG] [org.gradle.workers.internal.WorkerDaemonExpiration] Will attempt to release 793 of memory
2024-10-22T11:14:42.873+0530 [DEBUG] [org.gradle.process.internal.health.memory.DefaultMemoryManager] 831603097 memory requested, 0 released, 430186496 free
2024-10-22T11:14:42.875+0530 [DEBUG] [org.gradle.cache.internal.DefaultFileLockManager] Releasing lock on daemon addresses registry.
2024-10-22T11:14:42.885+0530 [DEBUG] [org.gradle.process.internal.health.memory.DefaultMemoryManager] 831603097 memory requested, 425537536 free
2024-10-22T11:14:42.885+0530 [DEBUG] [org.gradle.workers.internal.WorkerDaemonExpiration] Will attempt to release 793 of memory
2024-10-22T11:14:42.885+0530 [DEBUG] [org.gradle.process.internal.health.memory.DefaultMemoryManager] 831603097 memory requested, 0 released, 425537536 free
2024-10-22T11:14:42.885+0530 [DEBUG] [org.gradle.process.internal.health.memory.DefaultMemoryManager] 831603097 memory requested, 425648128 free
2024-10-22T11:14:42.886+0530 [DEBUG] [org.gradle.workers.internal.WorkerDaemonExpiration] Will attempt to release 793 of memory
2024-10-22T11:14:42.886+0530 [DEBUG] [org.gradle.process.internal.health.memory.DefaultMemoryManager] 831603097 memory requested, 0 released, 425648128 free
2024-10-22T11:14:42.886+0530 [DEBUG] [org.gradle.process.internal.health.memory.DefaultMemoryManager] 831603097 memory requested, 425701376 free
2024-10-22T11:14:42.886+0530 [DEBUG] [org.gradle.workers.internal.WorkerDaemonExpiration] Will attempt to release 793 of memory
2024-10-22T11:14:42.886+0530 [DEBUG] [org.gradle.process.internal.health.memory.DefaultMemoryManager] 831603097 memory requested, 0 released, 425701376 free
2024-10-22T11:14:42.885+0530 [DEBUG] [org.gradle.cache.internal.DefaultFileLockManager] Waiting to acquire shared lock on daemon addresses registry.
2024-10-22T11:14:42.887+0530 [DEBUG] [org.gradle.process.internal.health.memory.DefaultMemoryManager] 831603097 memory requested, 425742336 free
2024-10-22T11:14:42.887+0530 [DEBUG] [org.gradle.cache.internal.DefaultFileLockManager] Lock acquired on daemon addresses registry.
2024-10-22T11:14:42.887+0530 [DEBUG] [org.gradle.cache.internal.DefaultFileLockManager] Releasing lock on daemon addresses registry.
2024-10-22T11:14:42.888+0530 [DEBUG] [org.gradle.workers.internal.WorkerDaemonExpiration] Will attempt to release 793 of memory
2024-10-22T11:14:42.888+0530 [DEBUG] [org.gradle.process.internal.health.memory.DefaultMemoryManager] 831603097 memory requested, 0 released, 425742336 free
2024-10-22T11:14:42.888+0530 [DEBUG] [org.gradle.cache.internal.DefaultFileLockManager] Waiting to acquire shared lock on daemon addresses registry.
2024-10-22T11:14:42.888+0530 [DEBUG] [org.gradle.process.internal.health.memory.DefaultMemoryManager] 831603097 memory requested, 425824256 free
2024-10-22T11:14:42.888+0530 [DEBUG] [org.gradle.workers.internal.WorkerDaemonExpiration] Will attempt to release 793 of memory
2024-10-22T11:14:42.889+0530 [DEBUG] [org.gradle.process.internal.health.memory.DefaultMemoryManager] 831603097 memory requested, 0 released, 425824256 free
2024-10-22T11:14:42.890+0530 [DEBUG] [org.gradle.process.internal.health.memory.DefaultMemoryManager] 831603097 memory requested, 426119168 free
2024-10-22T11:14:42.891+0530 [DEBUG] [org.gradle.workers.internal.WorkerDaemonExpiration] Will attempt to release 793 of memory
2024-10-22T11:14:42.891+0530 [DEBUG] [org.gradle.process.internal.health.memory.DefaultMemoryManager] 831603097 memory requested, 0 released, 426119168 free
2024-10-22T11:14:42.891+0530 [DEBUG] [org.gradle.process.internal.health.memory.DefaultMemoryManager] 831603097 memory requested, 426102784 free
2024-10-22T11:14:42.891+0530 [DEBUG] [org.gradle.workers.internal.WorkerDaemonExpiration] Will attempt to release 793 of memory
2024-10-22T11:14:42.892+0530 [DEBUG] [org.gradle.process.internal.health.memory.DefaultMemoryManager] 831603097 memory requested, 0 released, 426102784 free
2024-10-22T11:14:42.888+0530 [DEBUG] [org.gradle.cache.internal.DefaultFileLockManager] Lock acquired on daemon addresses registry.
2024-10-22T11:14:42.892+0530 [DEBUG] [org.gradle.cache.internal.DefaultFileLockManager] Releasing lock on daemon addresses registry.
2024-10-22T11:14:42.892+0530 [DEBUG] [org.gradle.process.internal.health.memory.DefaultMemoryManager] 831603097 memory requested, 426209280 free
2024-10-22T11:14:42.893+0530 [DEBUG] [org.gradle.workers.internal.WorkerDaemonExpiration] Will attempt to release 793 of memory
2024-10-22T11:14:42.893+0530 [DEBUG] [org.gradle.process.internal.health.memory.DefaultMemoryManager] 831603097 memory requested, 0 released, 426209280 free
2024-10-22T11:14:42.894+0530 [DEBUG] [org.gradle.cache.internal.DefaultFileLockManager] Waiting to acquire shared lock on daemon addresses registry.
2024-10-22T11:14:42.894+0530 [DEBUG] [org.gradle.process.internal.health.memory.DefaultMemoryManager] 831603097 memory requested, 426291200 free
2024-10-22T11:14:42.894+0530 [DEBUG] [org.gradle.workers.internal.WorkerDaemonExpiration] Will attempt to release 793 of memory
2024-10-22T11:14:42.894+0530 [DEBUG] [org.gradle.cache.internal.DefaultFileLockManager] Lock acquired on daemon addresses registry.
2024-10-22T11:14:42.896+0530 [DEBUG] [org.gradle.process.internal.health.memory.DefaultMemoryManager] 831603097 memory requested, 0 released, 426291200 free
2024-10-22T11:14:42.896+0530 [DEBUG] [org.gradle.process.internal.health.memory.DefaultMemoryManager] 831603097 memory requested, 426496000 free
2024-10-22T11:14:42.896+0530 [DEBUG] [org.gradle.workers.internal.WorkerDaemonExpiration] Will attempt to release 793 of memory
2024-10-22T11:14:42.896+0530 [DEBUG] [org.gradle.process.internal.health.memory.DefaultMemoryManager] 831603097 memory requested, 0 released, 426496000 free
2024-10-22T11:14:42.896+0530 [DEBUG] [org.gradle.process.internal.health.memory.DefaultMemoryManager] 831603097 memory requested, 426479616 free
2024-10-22T11:14:42.896+0530 [DEBUG] [org.gradle.workers.internal.WorkerDaemonExpiration] Will attempt to release 793 of memory
2024-10-22T11:14:42.896+0530 [DEBUG] [org.gradle.process.internal.health.memory.DefaultMemoryManager] 831603097 memory requested, 0 released, 426479616 free
2024-10-22T11:14:42.896+0530 [DEBUG] [org.gradle.process.internal.health.memory.DefaultMemoryManager] 831603097 memory requested, 426524672 free
2024-10-22T11:14:42.896+0530 [DEBUG] [org.gradle.workers.internal.WorkerDaemonExpiration] Will attempt to release 793 of memory
2024-10-22T11:14:42.897+0530 [DEBUG] [org.gradle.process.internal.health.memory.DefaultMemoryManager] 831603097 memory requested, 0 released, 426524672 free
2024-10-22T11:14:42.897+0530 [DEBUG] [org.gradle.process.internal.health.memory.DefaultMemoryManager] 831603097 memory requested, 426516480 free
2024-10-22T11:14:42.897+0530 [DEBUG] [org.gradle.workers.internal.WorkerDaemonExpiration] Will attempt to release 793 of memory
2024-10-22T11:14:42.897+0530 [DEBUG] [org.gradle.process.internal.health.memory.DefaultMemoryManager] 831603097 memory requested, 0 released, 426516480 free
2024-10-22T11:14:42.897+0530 [DEBUG] [org.gradle.process.internal.health.memory.DefaultMemoryManager] 831603097 memory requested, 426512384 free
2024-10-22T11:14:42.897+0530 [DEBUG] [org.gradle.workers.internal.WorkerDaemonExpiration] Will attempt to release 793 of memory
2024-10-22T11:14:42.897+0530 [DEBUG] [org.gradle.process.internal.health.memory.DefaultMemoryManager] 831603097 memory requested, 0 released, 426512384 free
2024-10-22T11:14:42.897+0530 [DEBUG] [org.gradle.process.internal.health.memory.DefaultMemoryManager] 831603097 memory requested, 426516480 free
2024-10-22T11:14:42.897+0530 [DEBUG] [org.gradle.workers.internal.WorkerDaemonExpiration] Will attempt to release 793 of memory
2024-10-22T11:14:42.896+0530 [DEBUG] [org.gradle.cache.internal.DefaultFileLockManager] Releasing lock on daemon addresses registry.
2024-10-22T11:14:42.898+0530 [DEBUG] [org.gradle.process.internal.health.memory.DefaultMemoryManager] 831603097 memory requested, 0 released, 426516480 free
2024-10-22T11:14:42.898+0530 [DEBUG] [org.gradle.process.internal.health.memory.DefaultMemoryManager] 831603097 memory requested, 426557440 free
2024-10-22T11:14:42.898+0530 [DEBUG] [org.gradle.workers.internal.WorkerDaemonExpiration] Will attempt to release 793 of memory
2024-10-22T11:14:42.898+0530 [DEBUG] [org.gradle.process.internal.health.memory.DefaultMemoryManager] 831603097 memory requested, 0 released, 426557440 free
2024-10-22T11:14:42.898+0530 [DEBUG] [org.gradle.process.internal.health.memory.DefaultMemoryManager] 831603097 memory requested, 426532864 free
2024-10-22T11:14:42.898+0530 [DEBUG] [org.gradle.workers.internal.WorkerDaemonExpiration] Will attempt to release 793 of memory
2024-10-22T11:14:42.898+0530 [DEBUG] [org.gradle.process.internal.health.memory.DefaultMemoryManager] 831603097 memory requested, 0 released, 426532864 free
2024-10-22T11:14:42.899+0530 [DEBUG] [org.gradle.process.internal.health.memory.DefaultMemoryManager] 831603097 memory requested, 426545152 free
2024-10-22T11:14:42.899+0530 [DEBUG] [org.gradle.workers.internal.WorkerDaemonExpiration] Will attempt to release 793 of memory
2024-10-22T11:14:42.899+0530 [DEBUG] [org.gradle.process.internal.health.memory.DefaultMemoryManager] 831603097 memory requested, 0 released, 426545152 free
2024-10-22T11:14:42.899+0530 [DEBUG] [org.gradle.process.internal.health.memory.DefaultMemoryManager] 831603097 memory requested, 426602496 free
2024-10-22T11:14:42.899+0530 [DEBUG] [org.gradle.workers.internal.WorkerDaemonExpiration] Will attempt to release 793 of memory
2024-10-22T11:14:42.899+0530 [DEBUG] [org.gradle.cache.internal.DefaultFileLockManager] Waiting to acquire shared lock on daemon addresses registry.
2024-10-22T11:14:42.900+0530 [DEBUG] [org.gradle.cache.internal.DefaultFileLockManager] Lock acquired on daemon addresses registry.
2024-10-22T11:14:42.900+0530 [DEBUG] [org.gradle.cache.internal.DefaultFileLockManager] Releasing lock on daemon addresses registry.
2024-10-22T11:14:42.901+0530 [DEBUG] [org.gradle.cache.internal.DefaultFileLockManager] Waiting to acquire shared lock on daemon addresses registry.
2024-10-22T11:14:42.902+0530 [DEBUG] [org.gradle.cache.internal.DefaultFileLockManager] Lock acquired on daemon addresses registry.
2024-10-22T11:14:42.904+0530 [DEBUG] [org.gradle.cache.internal.DefaultFileLockManager] Releasing lock on daemon addresses registry.
2024-10-22T11:14:42.899+0530 [DEBUG] [org.gradle.process.internal.health.memory.DefaultMemoryManager] 831603097 memory requested, 0 released, 426602496 free
2024-10-22T11:14:42.907+0530 [DEBUG] [org.gradle.process.internal.health.memory.DefaultMemoryManager] 831603097 memory requested, 427200512 free
2024-10-22T11:14:42.908+0530 [DEBUG] [org.gradle.workers.internal.WorkerDaemonExpiration] Will attempt to release 793 of memory
2024-10-22T11:14:42.908+0530 [DEBUG] [org.gradle.process.internal.health.memory.DefaultMemoryManager] 831603097 memory requested, 0 released, 427200512 free
2024-10-22T11:14:42.909+0530 [DEBUG] [org.gradle.process.internal.health.memory.DefaultMemoryManager] 831603097 memory requested, 427356160 free
2024-10-22T11:14:42.909+0530 [DEBUG] [org.gradle.cache.internal.DefaultFileLockManager] Waiting to acquire shared lock on daemon addresses registry.
2024-10-22T11:14:42.910+0530 [DEBUG] [org.gradle.workers.internal.WorkerDaemonExpiration] Will attempt to release 793 of memory
2024-10-22T11:14:42.913+0530 [DEBUG] [org.gradle.process.internal.health.memory.DefaultMemoryManager] 831603097 memory requested, 0 released, 427356160 free
2024-10-22T11:14:42.913+0530 [DEBUG] [org.gradle.process.internal.health.memory.DefaultMemoryManager] 831603097 memory requested, 427745280 free
2024-10-22T11:14:42.913+0530 [DEBUG] [org.gradle.workers.internal.WorkerDaemonExpiration] Will attempt to release 793 of memory
2024-10-22T11:14:42.913+0530 [DEBUG] [org.gradle.process.internal.health.memory.DefaultMemoryManager] 831603097 memory requested, 0 released, 427745280 free
2024-10-22T11:14:42.913+0530 [DEBUG] [org.gradle.cache.internal.DefaultFileLockManager] Lock acquired on daemon addresses registry.
2024-10-22T11:14:42.913+0530 [DEBUG] [org.gradle.process.internal.health.memory.DefaultMemoryManager] 831603097 memory requested, 427773952 free
2024-10-22T11:14:42.913+0530 [DEBUG] [org.gradle.workers.internal.WorkerDaemonExpiration] Will attempt to release 793 of memory
2024-10-22T11:14:42.914+0530 [DEBUG] [org.gradle.process.internal.health.memory.DefaultMemoryManager] 831603097 memory requested, 0 released, 427773952 free
2024-10-22T11:14:42.914+0530 [DEBUG] [org.gradle.process.internal.health.memory.DefaultMemoryManager] 831603097 memory requested, 427827200 free
2024-10-22T11:14:42.914+0530 [DEBUG] [org.gradle.workers.internal.WorkerDaemonExpiration] Will attempt to release 793 of memory
2024-10-22T11:14:42.914+0530 [DEBUG] [org.gradle.process.internal.health.memory.DefaultMemoryManager] 831603097 memory requested, 0 released, 427827200 free
2024-10-22T11:14:42.914+0530 [DEBUG] [org.gradle.process.internal.health.memory.DefaultMemoryManager] 831603097 memory requested, 427905024 free
2024-10-22T11:14:42.914+0530 [DEBUG] [org.gradle.cache.internal.DefaultFileLockManager] Releasing lock on daemon addresses registry.
2024-10-22T11:14:42.914+0530 [DEBUG] [org.gradle.workers.internal.WorkerDaemonExpiration] Will attempt to release 793 of memory
2024-10-22T11:14:42.914+0530 [DEBUG] [org.gradle.process.internal.health.memory.DefaultMemoryManager] 831603097 memory requested, 0 released, 427905024 free
2024-10-22T11:14:42.915+0530 [DEBUG] [org.gradle.process.internal.health.memory.DefaultMemoryManager] 831603097 memory requested, 428019712 free
2024-10-22T11:14:42.915+0530 [DEBUG] [org.gradle.workers.internal.WorkerDaemonExpiration] Will attempt to release 793 of memory
2024-10-22T11:14:42.915+0530 [DEBUG] [org.gradle.process.internal.health.memory.DefaultMemoryManager] 831603097 memory requested, 0 released, 428019712 free
2024-10-22T11:14:42.915+0530 [DEBUG] [org.gradle.cache.internal.DefaultFileLockManager] Waiting to acquire shared lock on daemon addresses registry.
2024-10-22T11:14:42.915+0530 [DEBUG] [org.gradle.process.internal.health.memory.DefaultMemoryManager] 831603097 memory requested, 428142592 free
2024-10-22T11:14:42.916+0530 [DEBUG] [org.gradle.cache.internal.DefaultFileLockManager] Lock acquired on daemon addresses registry.
2024-10-22T11:14:42.916+0530 [DEBUG] [org.gradle.workers.internal.WorkerDaemonExpiration] Will attempt to release 793 of memory
2024-10-22T11:14:42.916+0530 [DEBUG] [org.gradle.process.internal.health.memory.DefaultMemoryManager] 831603097 memory requested, 0 released, 428142592 free
2024-10-22T11:14:42.916+0530 [DEBUG] [org.gradle.process.internal.health.memory.DefaultMemoryManager] 831603097 memory requested, 428294144 free
2024-10-22T11:14:42.916+0530 [DEBUG] [org.gradle.cache.internal.DefaultFileLockManager] Releasing lock on daemon addresses registry.
2024-10-22T11:14:42.916+0530 [DEBUG] [org.gradle.workers.internal.WorkerDaemonExpiration] Will attempt to release 793 of memory
2024-10-22T11:14:42.916+0530 [DEBUG] [org.gradle.process.internal.health.memory.DefaultMemoryManager] 831603097 memory requested, 0 released, 428294144 free
2024-10-22T11:14:42.917+0530 [DEBUG] [org.gradle.process.internal.health.memory.DefaultMemoryManager] 831603097 memory requested, 428347392 free
2024-10-22T11:14:42.917+0530 [DEBUG] [org.gradle.workers.internal.WorkerDaemonExpiration] Will attempt to release 793 of memory
2024-10-22T11:14:42.917+0530 [DEBUG] [org.gradle.process.internal.health.memory.DefaultMemoryManager] 831603097 memory requested, 0 released, 428347392 free
2024-10-22T11:14:42.917+0530 [DEBUG] [org.gradle.process.internal.health.memory.DefaultMemoryManager] 831603097 memory requested, 428429312 free
2024-10-22T11:14:42.917+0530 [DEBUG] [org.gradle.workers.internal.WorkerDaemonExpiration] Will attempt to release 793 of memory
2024-10-22T11:14:42.917+0530 [DEBUG] [org.gradle.process.internal.health.memory.DefaultMemoryManager] 831603097 memory requested, 0 released, 428429312 free
2024-10-22T11:14:42.917+0530 [DEBUG] [org.gradle.cache.internal.DefaultFileLockManager] Waiting to acquire shared lock on daemon addresses registry.
2024-10-22T11:14:42.917+0530 [DEBUG] [org.gradle.cache.internal.DefaultFileLockManager] Lock acquired on daemon addresses registry.
2024-10-22T11:14:42.917+0530 [DEBUG] [org.gradle.process.internal.health.memory.DefaultMemoryManager] 831603097 memory requested, 428421120 free
2024-10-22T11:14:42.918+0530 [DEBUG] [org.gradle.workers.internal.WorkerDaemonExpiration] Will attempt to release 793 of memory
2024-10-22T11:14:42.918+0530 [DEBUG] [org.gradle.process.internal.health.memory.DefaultMemoryManager] 831603097 memory requested, 0 released, 428421120 free
2024-10-22T11:14:42.918+0530 [DEBUG] [org.gradle.process.internal.health.memory.DefaultMemoryManager] 831603097 memory requested, 428400640 free
2024-10-22T11:14:42.919+0530 [DEBUG] [org.gradle.workers.internal.WorkerDaemonExpiration] Will attempt to release 793 of memory
2024-10-22T11:14:42.918+0530 [DEBUG] [org.gradle.cache.internal.DefaultFileLockManager] Releasing lock on daemon addresses registry.
2024-10-22T11:14:42.921+0530 [DEBUG] [org.gradle.process.internal.health.memory.DefaultMemoryManager] 831603097 memory requested, 0 released, 428400640 free
2024-10-22T11:14:42.922+0530 [DEBUG] [org.gradle.cache.internal.DefaultFileLockManager] Waiting to acquire shared lock on daemon addresses registry.
2024-10-22T11:14:42.922+0530 [DEBUG] [org.gradle.process.internal.health.memory.DefaultMemoryManager] 831603097 memory requested, 423010304 free
2024-10-22T11:14:42.923+0530 [DEBUG] [org.gradle.cache.internal.DefaultFileLockManager] Lock acquired on daemon addresses registry.
2024-10-22T11:14:42.923+0530 [DEBUG] [org.gradle.workers.internal.WorkerDaemonExpiration] Will attempt to release 793 of memory
2024-10-22T11:14:42.923+0530 [DEBUG] [org.gradle.process.internal.health.memory.DefaultMemoryManager] 831603097 memory requested, 0 released, 423010304 free
2024-10-22T11:14:42.923+0530 [DEBUG] [org.gradle.process.internal.health.memory.DefaultMemoryManager] 831603097 memory requested, 423243776 free
2024-10-22T11:14:42.923+0530 [DEBUG] [org.gradle.workers.internal.WorkerDaemonExpiration] Will attempt to release 793 of memory
2024-10-22T11:14:42.924+0530 [DEBUG] [org.gradle.cache.internal.DefaultFileLockManager] Releasing lock on daemon addresses registry.
2024-10-22T11:14:42.924+0530 [DEBUG] [org.gradle.process.internal.health.memory.DefaultMemoryManager] 831603097 memory requested, 0 released, 423243776 free
2024-10-22T11:14:42.925+0530 [DEBUG] [org.gradle.process.internal.health.memory.DefaultMemoryManager] 831603097 memory requested, 423432192 free
2024-10-22T11:14:42.925+0530 [DEBUG] [org.gradle.cache.internal.DefaultFileLockManager] Waiting to acquire shared lock on daemon addresses registry.
2024-10-22T11:14:42.925+0530 [DEBUG] [org.gradle.cache.internal.DefaultFileLockManager] Lock acquired on daemon addresses registry.
2024-10-22T11:14:42.925+0530 [DEBUG] [org.gradle.workers.internal.WorkerDaemonExpiration] Will attempt to release 793 of memory
2024-10-22T11:14:42.925+0530 [DEBUG] [org.gradle.process.internal.health.memory.DefaultMemoryManager] 831603097 memory requested, 0 released, 423432192 free
2024-10-22T11:14:42.925+0530 [DEBUG] [org.gradle.process.internal.health.memory.DefaultMemoryManager] 831603097 memory requested, 423620608 free
2024-10-22T11:14:42.925+0530 [DEBUG] [org.gradle.workers.internal.WorkerDaemonExpiration] Will attempt to release 793 of memory
2024-10-22T11:14:42.925+0530 [DEBUG] [org.gradle.cache.internal.DefaultFileLockManager] Releasing lock on daemon addresses registry.
2024-10-22T11:14:42.925+0530 [DEBUG] [org.gradle.process.internal.health.memory.DefaultMemoryManager] 831603097 memory requested, 0 released, 423620608 free
2024-10-22T11:14:42.926+0530 [DEBUG] [org.gradle.process.internal.health.memory.DefaultMemoryManager] 831603097 memory requested, 423854080 free
2024-10-22T11:14:42.927+0530 [DEBUG] [org.gradle.workers.internal.WorkerDaemonExpiration] Will attempt to release 793 of memory
2024-10-22T11:14:42.927+0530 [DEBUG] [org.gradle.process.internal.health.memory.DefaultMemoryManager] 831603097 memory requested, 0 released, 423854080 free
2024-10-22T11:14:42.927+0530 [DEBUG] [org.gradle.process.internal.health.memory.DefaultMemoryManager] 831603097 memory requested, 423890944 free
2024-10-22T11:14:42.927+0530 [DEBUG] [org.gradle.cache.internal.DefaultFileLockManager] Waiting to acquire shared lock on daemon addresses registry.
2024-10-22T11:14:42.927+0530 [DEBUG] [org.gradle.cache.internal.DefaultFileLockManager] Lock acquired on daemon addresses registry.
2024-10-22T11:14:42.927+0530 [DEBUG] [org.gradle.workers.internal.WorkerDaemonExpiration] Will attempt to release 793 of memory
2024-10-22T11:14:42.927+0530 [DEBUG] [org.gradle.process.internal.health.memory.DefaultMemoryManager] 831603097 memory requested, 0 released, 423890944 free
2024-10-22T11:14:42.928+0530 [DEBUG] [org.gradle.process.internal.health.memory.DefaultMemoryManager] 831603097 memory requested, 423948288 free
2024-10-22T11:14:42.928+0530 [DEBUG] [org.gradle.workers.internal.WorkerDaemonExpiration] Will attempt to release 793 of memory
2024-10-22T11:14:42.928+0530 [DEBUG] [org.gradle.process.internal.health.memory.DefaultMemoryManager] 831603097 memory requested, 0 released, 423948288 free
2024-10-22T11:14:42.928+0530 [DEBUG] [org.gradle.cache.internal.DefaultFileLockManager] Releasing lock on daemon addresses registry.
2024-10-22T11:14:42.929+0530 [DEBUG] [org.gradle.cache.internal.DefaultFileLockManager] Waiting to acquire shared lock on daemon addresses registry.
2024-10-22T11:14:42.928+0530 [DEBUG] [org.gradle.process.internal.health.memory.DefaultMemoryManager] 831603097 memory requested, 423956480 free
2024-10-22T11:14:42.929+0530 [DEBUG] [org.gradle.cache.internal.DefaultFileLockManager] Lock acquired on daemon addresses registry.
2024-10-22T11:14:42.929+0530 [DEBUG] [org.gradle.workers.internal.WorkerDaemonExpiration] Will attempt to release 793 of memory
2024-10-22T11:14:42.932+0530 [DEBUG] [org.gradle.process.internal.health.memory.DefaultMemoryManager] 831603097 memory requested, 0 released, 423956480 free
2024-10-22T11:14:42.932+0530 [DEBUG] [org.gradle.process.internal.health.memory.DefaultMemoryManager] 831603097 memory requested, 424153088 free
2024-10-22T11:14:42.932+0530 [DEBUG] [org.gradle.workers.internal.WorkerDaemonExpiration] Will attempt to release 793 of memory
2024-10-22T11:14:42.932+0530 [DEBUG] [org.gradle.process.internal.health.memory.DefaultMemoryManager] 831603097 memory requested, 0 released, 424153088 free
2024-10-22T11:14:42.932+0530 [DEBUG] [org.gradle.process.internal.health.memory.DefaultMemoryManager] 831603097 memory requested, 424148992 free
2024-10-22T11:14:42.932+0530 [DEBUG] [org.gradle.workers.internal.WorkerDaemonExpiration] Will attempt to release 793 of memory
2024-10-22T11:14:42.932+0530 [DEBUG] [org.gradle.process.internal.health.memory.DefaultMemoryManager] 831603097 memory requested, 0 released, 424148992 free
2024-10-22T11:14:42.933+0530 [DEBUG] [org.gradle.process.internal.health.memory.DefaultMemoryManager] 831603097 memory requested, 424165376 free
2024-10-22T11:14:42.933+0530 [DEBUG] [org.gradle.workers.internal.WorkerDaemonExpiration] Will attempt to release 793 of memory
2024-10-22T11:14:42.933+0530 [DEBUG] [org.gradle.process.internal.health.memory.DefaultMemoryManager] 831603097 memory requested, 0 released, 424165376 free
2024-10-22T11:14:42.933+0530 [DEBUG] [org.gradle.process.internal.health.memory.DefaultMemoryManager] 831603097 memory requested, 424153088 free
2024-10-22T11:14:42.933+0530 [DEBUG] [org.gradle.workers.internal.WorkerDaemonExpiration] Will attempt to release 793 of memory
2024-10-22T11:14:42.933+0530 [DEBUG] [org.gradle.process.internal.health.memory.DefaultMemoryManager] 831603097 memory requested, 0 released, 424153088 free
2024-10-22T11:14:42.933+0530 [DEBUG] [org.gradle.process.internal.health.memory.DefaultMemoryManager] 831603097 memory requested, 424144896 free
2024-10-22T11:14:42.934+0530 [DEBUG] [org.gradle.workers.internal.WorkerDaemonExpiration] Will attempt to release 793 of memory
2024-10-22T11:14:42.934+0530 [DEBUG] [org.gradle.process.internal.health.memory.DefaultMemoryManager] 831603097 memory requested, 0 released, 424144896 free
2024-10-22T11:14:42.934+0530 [DEBUG] [org.gradle.process.internal.health.memory.DefaultMemoryManager] 831603097 memory requested, 424161280 free
2024-10-22T11:14:42.930+0530 [DEBUG] [org.gradle.cache.internal.DefaultFileLockManager] Releasing lock on daemon addresses registry.
2024-10-22T11:14:42.934+0530 [DEBUG] [org.gradle.workers.internal.WorkerDaemonExpiration] Will attempt to release 793 of memory
2024-10-22T11:14:42.934+0530 [DEBUG] [org.gradle.process.internal.health.memory.DefaultMemoryManager] 831603097 memory requested, 0 released, 424161280 free
2024-10-22T11:14:42.934+0530 [DEBUG] [org.gradle.process.internal.health.memory.DefaultMemoryManager] 831603097 memory requested, 424153088 free
2024-10-22T11:14:42.934+0530 [DEBUG] [org.gradle.workers.internal.WorkerDaemonExpiration] Will attempt to release 793 of memory
2024-10-22T11:14:42.934+0530 [DEBUG] [org.gradle.process.internal.health.memory.DefaultMemoryManager] 831603097 memory requested, 0 released, 424153088 free
2024-10-22T11:14:42.935+0530 [DEBUG] [org.gradle.process.internal.health.memory.DefaultMemoryManager] 831603097 memory requested, 424144896 free
2024-10-22T11:14:42.935+0530 [DEBUG] [org.gradle.workers.internal.WorkerDaemonExpiration] Will attempt to release 793 of memory
2024-10-22T11:14:42.935+0530 [DEBUG] [org.gradle.process.internal.health.memory.DefaultMemoryManager] 831603097 memory requested, 0 released, 424144896 free
2024-10-22T11:14:42.935+0530 [DEBUG] [org.gradle.process.internal.health.memory.DefaultMemoryManager] 831603097 memory requested, 424189952 free
2024-10-22T11:14:42.935+0530 [DEBUG] [org.gradle.workers.internal.WorkerDaemonExpiration] Will attempt to release 793 of memory
2024-10-22T11:14:42.935+0530 [DEBUG] [org.gradle.process.internal.health.memory.DefaultMemoryManager] 831603097 memory requested, 0 released, 424189952 free
2024-10-22T11:14:42.935+0530 [DEBUG] [org.gradle.process.internal.health.memory.DefaultMemoryManager] 831603097 memory requested, 424181760 free
2024-10-22T11:14:42.935+0530 [DEBUG] [org.gradle.workers.internal.WorkerDaemonExpiration] Will attempt to release 793 of memory
2024-10-22T11:14:42.935+0530 [DEBUG] [org.gradle.cache.internal.DefaultFileLockManager] Waiting to acquire shared lock on daemon addresses registry.
2024-10-22T11:14:42.936+0530 [DEBUG] [org.gradle.process.internal.health.memory.DefaultMemoryManager] 831603097 memory requested, 0 released, 424181760 free
2024-10-22T11:14:42.936+0530 [DEBUG] [org.gradle.process.internal.health.memory.DefaultMemoryManager] 831603097 memory requested, 424247296 free
2024-10-22T11:14:42.936+0530 [DEBUG] [org.gradle.workers.internal.WorkerDaemonExpiration] Will attempt to release 793 of memory
2024-10-22T11:14:42.936+0530 [DEBUG] [org.gradle.process.internal.health.memory.DefaultMemoryManager] 831603097 memory requested, 0 released, 424247296 free
2024-10-22T11:14:42.936+0530 [DEBUG] [org.gradle.process.internal.health.memory.DefaultMemoryManager] 831603097 memory requested, 424247296 free
2024-10-22T11:14:42.936+0530 [DEBUG] [org.gradle.workers.internal.WorkerDaemonExpiration] Will attempt to release 793 of memory
2024-10-22T11:14:42.936+0530 [DEBUG] [org.gradle.process.internal.health.memory.DefaultMemoryManager] 831603097 memory requested, 0 released, 424247296 free
2024-10-22T11:14:42.936+0530 [DEBUG] [org.gradle.process.internal.health.memory.DefaultMemoryManager] 831603097 memory requested, 424333312 free
2024-10-22T11:14:42.936+0530 [DEBUG] [org.gradle.workers.internal.WorkerDaemonExpiration] Will attempt to release 793 of memory
2024-10-22T11:14:42.936+0530 [DEBUG] [org.gradle.cache.internal.DefaultFileLockManager] Lock acquired on daemon addresses registry.
2024-10-22T11:14:42.937+0530 [DEBUG] [org.gradle.cache.internal.DefaultFileLockManager] Releasing lock on daemon addresses registry.
2024-10-22T11:14:42.936+0530 [DEBUG] [org.gradle.process.internal.health.memory.DefaultMemoryManager] 831603097 memory requested, 0 released, 424333312 free
2024-10-22T11:14:42.938+0530 [DEBUG] [org.gradle.cache.internal.DefaultFileLockManager] Waiting to acquire shared lock on daemon addresses registry.
2024-10-22T11:14:42.939+0530 [DEBUG] [org.gradle.process.internal.health.memory.DefaultMemoryManager] 831603097 memory requested, 424505344 free
2024-10-22T11:14:42.939+0530 [DEBUG] [org.gradle.cache.internal.DefaultFileLockManager] Lock acquired on daemon addresses registry.
2024-10-22T11:14:42.939+0530 [DEBUG] [org.gradle.workers.internal.WorkerDaemonExpiration] Will attempt to release 793 of memory
2024-10-22T11:14:42.939+0530 [DEBUG] [org.gradle.process.internal.health.memory.DefaultMemoryManager] 831603097 memory requested, 0 released, 424505344 free
2024-10-22T11:14:42.939+0530 [DEBUG] [org.gradle.cache.internal.DefaultFileLockManager] Releasing lock on daemon addresses registry.
2024-10-22T11:14:42.940+0530 [DEBUG] [org.gradle.process.internal.health.memory.DefaultMemoryManager] 831603097 memory requested, 424595456 free
2024-10-22T11:14:42.940+0530 [DEBUG] [org.gradle.workers.internal.WorkerDaemonExpiration] Will attempt to release 793 of memory
2024-10-22T11:14:42.940+0530 [DEBUG] [org.gradle.process.internal.health.memory.DefaultMemoryManager] 831603097 memory requested, 0 released, 424595456 free
2024-10-22T11:14:42.940+0530 [DEBUG] [org.gradle.cache.internal.DefaultFileLockManager] Waiting to acquire shared lock on daemon addresses registry.
2024-10-22T11:14:42.941+0530 [DEBUG] [org.gradle.cache.internal.DefaultFileLockManager] Lock acquired on daemon addresses registry.
2024-10-22T11:14:42.941+0530 [DEBUG] [org.gradle.cache.internal.DefaultFileLockManager] Releasing lock on daemon addresses registry.
2024-10-22T11:14:42.942+0530 [DEBUG] [org.gradle.cache.internal.DefaultFileLockManager] Waiting to acquire shared lock on daemon addresses registry.
2024-10-22T11:14:42.942+0530 [DEBUG] [org.gradle.cache.internal.DefaultFileLockManager] Lock acquired on daemon addresses registry.
2024-10-22T11:14:42.943+0530 [DEBUG] [org.gradle.cache.internal.DefaultFileLockManager] Releasing lock on daemon addresses registry.
2024-10-22T11:14:42.944+0530 [DEBUG] [org.gradle.cache.internal.DefaultFileLockManager] Waiting to acquire shared lock on daemon addresses registry.
2024-10-22T11:14:42.945+0530 [DEBUG] [org.gradle.cache.internal.DefaultFileLockManager] Lock acquired on daemon addresses registry.
2024-10-22T11:14:42.945+0530 [DEBUG] [org.gradle.cache.internal.DefaultFileLockManager] Releasing lock on daemon addresses registry.
2024-10-22T11:14:42.946+0530 [DEBUG] [org.gradle.cache.internal.DefaultFileLockManager] Waiting to acquire shared lock on daemon addresses registry.
2024-10-22T11:14:42.947+0530 [DEBUG] [org.gradle.cache.internal.DefaultFileLockManager] Lock acquired on daemon addresses registry.
2024-10-22T11:14:42.947+0530 [DEBUG] [org.gradle.cache.internal.DefaultFileLockManager] Releasing lock on daemon addresses registry.
2024-10-22T11:14:42.949+0530 [DEBUG] [org.gradle.cache.internal.DefaultFileLockManager] Waiting to acquire shared lock on daemon addresses registry.
2024-10-22T11:14:42.956+0530 [DEBUG] [org.gradle.cache.internal.DefaultFileLockManager] Lock acquired on daemon addresses registry.
2024-10-22T11:14:42.957+0530 [DEBUG] [org.gradle.cache.internal.DefaultFileLockManager] Releasing lock on daemon addresses registry.
2024-10-22T11:14:42.958+0530 [DEBUG] [org.gradle.cache.internal.DefaultFileLockManager] Waiting to acquire shared lock on daemon addresses registry.
2024-10-22T11:14:42.958+0530 [DEBUG] [org.gradle.cache.internal.DefaultFileLockManager] Lock acquired on daemon addresses registry.
2024-10-22T11:14:42.959+0530 [DEBUG] [org.gradle.cache.internal.DefaultFileLockManager] Releasing lock on daemon addresses registry.
2024-10-22T11:14:42.961+0530 [DEBUG] [org.gradle.cache.internal.DefaultFileLockManager] Waiting to acquire shared lock on daemon addresses registry.
2024-10-22T11:14:42.961+0530 [DEBUG] [org.gradle.cache.internal.DefaultFileLockManager] Lock acquired on daemon addresses registry.
2024-10-22T11:14:42.973+0530 [DEBUG] [org.gradle.cache.internal.DefaultFileLockManager] Releasing lock on daemon addresses registry.
2024-10-22T11:14:42.977+0530 [DEBUG] [org.gradle.cache.internal.DefaultFileLockManager] Waiting to acquire shared lock on daemon addresses registry.
2024-10-22T11:14:42.978+0530 [DEBUG] [org.gradle.cache.internal.DefaultFileLockManager] Lock acquired on daemon addresses registry.
2024-10-22T11:14:42.978+0530 [DEBUG] [org.gradle.cache.internal.DefaultFileLockManager] Releasing lock on daemon addresses registry.
2024-10-22T11:14:42.979+0530 [DEBUG] [org.gradle.cache.internal.DefaultFileLockManager] Waiting to acquire shared lock on daemon addresses registry.
2024-10-22T11:14:42.980+0530 [DEBUG] [org.gradle.cache.internal.DefaultFileLockManager] Lock acquired on daemon addresses registry.
2024-10-22T11:14:42.997+0530 [DEBUG] [org.gradle.cache.internal.DefaultFileLockManager] Releasing lock on daemon addresses registry.
2024-10-22T11:14:42.999+0530 [DEBUG] [org.gradle.cache.internal.DefaultFileLockManager] Waiting to acquire shared lock on daemon addresses registry.
2024-10-22T11:14:42.999+0530 [DEBUG] [org.gradle.cache.internal.DefaultFileLockManager] Lock acquired on daemon addresses registry.
2024-10-22T11:14:43.000+0530 [DEBUG] [org.gradle.cache.internal.DefaultFileLockManager] Releasing lock on daemon addresses registry.
2024-10-22T11:14:43.003+0530 [DEBUG] [org.gradle.cache.internal.DefaultFileLockManager] Waiting to acquire shared lock on daemon addresses registry.
2024-10-22T11:14:43.004+0530 [DEBUG] [org.gradle.cache.internal.DefaultFileLockManager] Lock acquired on daemon addresses registry.
2024-10-22T11:14:43.004+0530 [DEBUG] [org.gradle.cache.internal.DefaultFileLockManager] Releasing lock on daemon addresses registry.
2024-10-22T11:14:43.007+0530 [DEBUG] [org.gradle.cache.internal.DefaultFileLockManager] Waiting to acquire shared lock on daemon addresses registry.
2024-10-22T11:14:43.011+0530 [DEBUG] [org.gradle.cache.internal.DefaultFileLockManager] Lock acquired on daemon addresses registry.
2024-10-22T11:14:43.012+0530 [DEBUG] [org.gradle.cache.internal.DefaultFileLockManager] Releasing lock on daemon addresses registry.
2024-10-22T11:14:43.013+0530 [DEBUG] [org.gradle.cache.internal.DefaultFileLockManager] Waiting to acquire shared lock on daemon addresses registry.
2024-10-22T11:14:43.014+0530 [DEBUG] [org.gradle.cache.internal.DefaultFileLockManager] Lock acquired on daemon addresses registry.
2024-10-22T11:14:43.029+0530 [DEBUG] [org.gradle.cache.internal.DefaultFileLockManager] Releasing lock on daemon addresses registry.
2024-10-22T11:14:43.030+0530 [DEBUG] [org.gradle.cache.internal.DefaultFileLockManager] Waiting to acquire shared lock on daemon addresses registry.
2024-10-22T11:14:43.030+0530 [DEBUG] [org.gradle.cache.internal.DefaultFileLockManager] Lock acquired on daemon addresses registry.
2024-10-22T11:14:43.030+0530 [DEBUG] [org.gradle.cache.internal.DefaultFileLockManager] Releasing lock on daemon addresses registry.
2024-10-22T11:14:43.032+0530 [DEBUG] [org.gradle.cache.internal.DefaultFileLockManager] Waiting to acquire shared lock on daemon addresses registry.
2024-10-22T11:14:43.033+0530 [DEBUG] [org.gradle.cache.internal.DefaultFileLockManager] Lock acquired on daemon addresses registry.
2024-10-22T11:14:43.033+0530 [DEBUG] [org.gradle.cache.internal.DefaultFileLockManager] Releasing lock on daemon addresses registry.
2024-10-22T11:14:43.035+0530 [DEBUG] [org.gradle.cache.internal.DefaultFileLockManager] Waiting to acquire shared lock on daemon addresses registry.
2024-10-22T11:14:43.035+0530 [DEBUG] [org.gradle.cache.internal.DefaultFileLockManager] Lock acquired on daemon addresses registry.
2024-10-22T11:14:43.036+0530 [DEBUG] [org.gradle.cache.internal.DefaultFileLockManager] Releasing lock on daemon addresses registry.
2024-10-22T11:14:43.037+0530 [DEBUG] [org.gradle.cache.internal.DefaultFileLockManager] Waiting to acquire shared lock on daemon addresses registry.
2024-10-22T11:14:43.038+0530 [DEBUG] [org.gradle.cache.internal.DefaultFileLockManager] Lock acquired on daemon addresses registry.
2024-10-22T11:14:43.038+0530 [DEBUG] [org.gradle.cache.internal.DefaultFileLockManager] Releasing lock on daemon addresses registry.
2024-10-22T11:14:43.040+0530 [DEBUG] [org.gradle.cache.internal.DefaultFileLockManager] Waiting to acquire shared lock on daemon addresses registry.
2024-10-22T11:14:43.041+0530 [DEBUG] [org.gradle.cache.internal.DefaultFileLockManager] Lock acquired on daemon addresses registry.
2024-10-22T11:14:43.041+0530 [DEBUG] [org.gradle.cache.internal.DefaultFileLockManager] Releasing lock on daemon addresses registry.
2024-10-22T11:14:43.042+0530 [DEBUG] [org.gradle.cache.internal.DefaultFileLockManager] Waiting to acquire shared lock on daemon addresses registry.
2024-10-22T11:14:43.043+0530 [DEBUG] [org.gradle.cache.internal.DefaultFileLockManager] Lock acquired on daemon addresses registry.
2024-10-22T11:14:43.044+0530 [DEBUG] [org.gradle.cache.internal.DefaultFileLockManager] Releasing lock on daemon addresses registry.
2024-10-22T11:14:43.044+0530 [DEBUG] [org.gradle.cache.internal.DefaultFileLockManager] Waiting to acquire shared lock on daemon addresses registry.
2024-10-22T11:14:43.045+0530 [DEBUG] [org.gradle.cache.internal.DefaultFileLockManager] Lock acquired on daemon addresses registry.
2024-10-22T11:14:43.045+0530 [DEBUG] [org.gradle.cache.internal.DefaultFileLockManager] Releasing lock on daemon addresses registry.
2024-10-22T11:14:43.045+0530 [DEBUG] [org.gradle.cache.internal.DefaultFileLockManager] Waiting to acquire shared lock on daemon addresses registry.
2024-10-22T11:14:43.046+0530 [DEBUG] [org.gradle.cache.internal.DefaultFileLockManager] Lock acquired on daemon addresses registry.
2024-10-22T11:14:43.046+0530 [DEBUG] [org.gradle.cache.internal.DefaultFileLockManager] Releasing lock on daemon addresses registry.
2024-10-22T11:14:43.046+0530 [DEBUG] [org.gradle.cache.internal.DefaultFileLockManager] Waiting to acquire shared lock on daemon addresses registry.
2024-10-22T11:14:43.046+0530 [DEBUG] [org.gradle.cache.internal.DefaultFileLockManager] Lock acquired on daemon addresses registry.
2024-10-22T11:14:43.047+0530 [DEBUG] [org.gradle.cache.internal.DefaultFileLockManager] Releasing lock on daemon addresses registry.
2024-10-22T11:14:43.047+0530 [DEBUG] [org.gradle.cache.internal.DefaultFileLockManager] Waiting to acquire shared lock on daemon addresses registry.
2024-10-22T11:14:43.047+0530 [DEBUG] [org.gradle.cache.internal.DefaultFileLockManager] Lock acquired on daemon addresses registry.
2024-10-22T11:14:43.048+0530 [DEBUG] [org.gradle.cache.internal.DefaultFileLockManager] Releasing lock on daemon addresses registry.
2024-10-22T11:14:43.048+0530 [DEBUG] [org.gradle.cache.internal.DefaultFileLockManager] Waiting to acquire shared lock on daemon addresses registry.
2024-10-22T11:14:43.048+0530 [DEBUG] [org.gradle.cache.internal.DefaultFileLockManager] Lock acquired on daemon addresses registry.
2024-10-22T11:14:43.048+0530 [DEBUG] [org.gradle.cache.internal.DefaultFileLockManager] Releasing lock on daemon addresses registry.
2024-10-22T11:14:43.049+0530 [DEBUG] [org.gradle.cache.internal.DefaultFileLockManager] Waiting to acquire shared lock on daemon addresses registry.
2024-10-22T11:14:43.049+0530 [DEBUG] [org.gradle.cache.internal.DefaultFileLockManager] Lock acquired on daemon addresses registry.
2024-10-22T11:14:43.049+0530 [DEBUG] [org.gradle.cache.internal.DefaultFileLockManager] Releasing lock on daemon addresses registry.
2024-10-22T11:14:43.050+0530 [DEBUG] [org.gradle.cache.internal.DefaultFileLockManager] Waiting to acquire shared lock on daemon addresses registry.
2024-10-22T11:14:43.050+0530 [DEBUG] [org.gradle.cache.internal.DefaultFileLockManager] Lock acquired on daemon addresses registry.
2024-10-22T11:14:43.050+0530 [DEBUG] [org.gradle.cache.internal.DefaultFileLockManager] Releasing lock on daemon addresses registry.
2024-10-22T11:14:43.051+0530 [DEBUG] [org.gradle.cache.internal.DefaultFileLockManager] Waiting to acquire shared lock on daemon addresses registry.
2024-10-22T11:14:43.051+0530 [DEBUG] [org.gradle.cache.internal.DefaultFileLockManager] Lock acquired on daemon addresses registry.
2024-10-22T11:14:43.051+0530 [DEBUG] [org.gradle.cache.internal.DefaultFileLockManager] Releasing lock on daemon addresses registry.
2024-10-22T11:14:43.052+0530 [DEBUG] [org.gradle.cache.internal.DefaultFileLockManager] Waiting to acquire shared lock on daemon addresses registry.
2024-10-22T11:14:43.052+0530 [DEBUG] [org.gradle.cache.internal.DefaultFileLockManager] Lock acquired on daemon addresses registry.
2024-10-22T11:14:43.052+0530 [DEBUG] [org.gradle.cache.internal.DefaultFileLockManager] Releasing lock on daemon addresses registry.
2024-10-22T11:14:43.056+0530 [DEBUG] [org.gradle.cache.internal.DefaultFileLockManager] Waiting to acquire shared lock on daemon addresses registry.
2024-10-22T11:14:43.056+0530 [DEBUG] [org.gradle.cache.internal.DefaultFileLockManager] Lock acquired on daemon addresses registry.
2024-10-22T11:14:43.057+0530 [DEBUG] [org.gradle.cache.internal.DefaultFileLockManager] Releasing lock on daemon addresses registry.
2024-10-22T11:14:43.061+0530 [DEBUG] [org.gradle.cache.internal.DefaultFileLockManager] Waiting to acquire shared lock on daemon addresses registry.
2024-10-22T11:14:43.064+0530 [DEBUG] [org.gradle.cache.internal.DefaultFileLockManager] Lock acquired on daemon addresses registry.
2024-10-22T11:14:43.081+0530 [DEBUG] [org.gradle.cache.internal.DefaultFileLockManager] Releasing lock on daemon addresses registry.
2024-10-22T11:14:43.096+0530 [DEBUG] [org.gradle.cache.internal.DefaultFileLockManager] Waiting to acquire shared lock on daemon addresses registry.
2024-10-22T11:14:43.097+0530 [DEBUG] [org.gradle.cache.internal.DefaultFileLockManager] Lock acquired on daemon addresses registry.
2024-10-22T11:14:43.098+0530 [DEBUG] [org.gradle.cache.internal.DefaultFileLockManager] Releasing lock on daemon addresses registry.
2024-10-22T11:14:43.100+0530 [DEBUG] [org.gradle.cache.internal.DefaultFileLockManager] Waiting to acquire shared lock on daemon addresses registry.
2024-10-22T11:14:43.100+0530 [DEBUG] [org.gradle.cache.internal.DefaultFileLockManager] Lock acquired on daemon addresses registry.
2024-10-22T11:14:43.101+0530 [DEBUG] [org.gradle.cache.internal.DefaultFileLockManager] Releasing lock on daemon addresses registry.
2024-10-22T11:14:43.102+0530 [DEBUG] [org.gradle.cache.internal.DefaultFileLockManager] Waiting to acquire shared lock on daemon addresses registry.
2024-10-22T11:14:43.102+0530 [DEBUG] [org.gradle.cache.internal.DefaultFileLockManager] Lock acquired on daemon addresses registry.
2024-10-22T11:14:43.102+0530 [DEBUG] [org.gradle.cache.internal.DefaultFileLockManager] Releasing lock on daemon addresses registry.
2024-10-22T11:14:43.103+0530 [DEBUG] [org.gradle.cache.internal.DefaultFileLockManager] Waiting to acquire shared lock on daemon addresses registry.
2024-10-22T11:14:43.103+0530 [DEBUG] [org.gradle.cache.internal.DefaultFileLockManager] Lock acquired on daemon addresses registry.
2024-10-22T11:14:43.103+0530 [DEBUG] [org.gradle.cache.internal.DefaultFileLockManager] Releasing lock on daemon addresses registry.
2024-10-22T11:14:43.104+0530 [DEBUG] [org.gradle.cache.internal.DefaultFileLockManager] Waiting to acquire shared lock on daemon addresses registry.
2024-10-22T11:14:43.105+0530 [DEBUG] [org.gradle.cache.internal.DefaultFileLockManager] Lock acquired on daemon addresses registry.
2024-10-22T11:14:43.105+0530 [DEBUG] [org.gradle.cache.internal.DefaultFileLockManager] Releasing lock on daemon addresses registry.
2024-10-22T11:14:43.106+0530 [DEBUG] [org.gradle.cache.internal.DefaultFileLockManager] Waiting to acquire shared lock on daemon addresses registry.
2024-10-22T11:14:43.106+0530 [DEBUG] [org.gradle.cache.internal.DefaultFileLockManager] Lock acquired on daemon addresses registry.
2024-10-22T11:14:43.106+0530 [DEBUG] [org.gradle.cache.internal.DefaultFileLockManager] Releasing lock on daemon addresses registry.
2024-10-22T11:14:43.108+0530 [DEBUG] [org.gradle.cache.internal.DefaultFileLockManager] Waiting to acquire shared lock on daemon addresses registry.
2024-10-22T11:14:43.108+0530 [DEBUG] [org.gradle.cache.internal.DefaultFileLockManager] Lock acquired on daemon addresses registry.
2024-10-22T11:14:43.108+0530 [DEBUG] [org.gradle.cache.internal.DefaultFileLockManager] Releasing lock on daemon addresses registry.
2024-10-22T11:14:43.110+0530 [DEBUG] [org.gradle.cache.internal.DefaultFileLockManager] Waiting to acquire shared lock on daemon addresses registry.
2024-10-22T11:14:43.110+0530 [DEBUG] [org.gradle.cache.internal.DefaultFileLockManager] Lock acquired on daemon addresses registry.
2024-10-22T11:14:43.111+0530 [DEBUG] [org.gradle.cache.internal.DefaultFileLockManager] Releasing lock on daemon addresses registry.
2024-10-22T11:14:43.112+0530 [DEBUG] [org.gradle.cache.internal.DefaultFileLockManager] Waiting to acquire shared lock on daemon addresses registry.
2024-10-22T11:14:43.112+0530 [DEBUG] [org.gradle.cache.internal.DefaultFileLockManager] Lock acquired on daemon addresses registry.
2024-10-22T11:14:43.113+0530 [DEBUG] [org.gradle.cache.internal.DefaultFileLockManager] Releasing lock on daemon addresses registry.
2024-10-22T11:14:43.113+0530 [DEBUG] [org.gradle.cache.internal.DefaultFileLockManager] Waiting to acquire shared lock on daemon addresses registry.
2024-10-22T11:14:43.114+0530 [DEBUG] [org.gradle.cache.internal.DefaultFileLockManager] Lock acquired on daemon addresses registry.
2024-10-22T11:14:43.114+0530 [DEBUG] [org.gradle.cache.internal.DefaultFileLockManager] Releasing lock on daemon addresses registry.
2024-10-22T11:14:43.116+0530 [DEBUG] [org.gradle.cache.internal.DefaultFileLockManager] Waiting to acquire shared lock on daemon addresses registry.
2024-10-22T11:14:43.116+0530 [DEBUG] [org.gradle.cache.internal.DefaultFileLockManager] Lock acquired on daemon addresses registry.
2024-10-22T11:14:43.116+0530 [DEBUG] [org.gradle.cache.internal.DefaultFileLockManager] Releasing lock on daemon addresses registry.
2024-10-22T11:14:43.117+0530 [DEBUG] [org.gradle.cache.internal.DefaultFileLockManager] Waiting to acquire shared lock on daemon addresses registry.
2024-10-22T11:14:43.117+0530 [DEBUG] [org.gradle.cache.internal.DefaultFileLockManager] Lock acquired on daemon addresses registry.
2024-10-22T11:14:43.117+0530 [DEBUG] [org.gradle.cache.internal.DefaultFileLockManager] Releasing lock on daemon addresses registry.
2024-10-22T11:14:43.119+0530 [DEBUG] [org.gradle.cache.internal.DefaultFileLockManager] Waiting to acquire shared lock on daemon addresses registry.
2024-10-22T11:14:43.119+0530 [DEBUG] [org.gradle.cache.internal.DefaultFileLockManager] Lock acquired on daemon addresses registry.
2024-10-22T11:14:43.119+0530 [DEBUG] [org.gradle.cache.internal.DefaultFileLockManager] Releasing lock on daemon addresses registry.
2024-10-22T11:14:43.120+0530 [DEBUG] [org.gradle.cache.internal.DefaultFileLockManager] Waiting to acquire shared lock on daemon addresses registry.
2024-10-22T11:14:43.120+0530 [DEBUG] [org.gradle.cache.internal.DefaultFileLockManager] Lock acquired on daemon addresses registry.
2024-10-22T11:14:43.121+0530 [DEBUG] [org.gradle.cache.internal.DefaultFileLockManager] Releasing lock on daemon addresses registry.
2024-10-22T11:14:43.122+0530 [DEBUG] [org.gradle.cache.internal.DefaultFileLockManager] Waiting to acquire shared lock on daemon addresses registry.
2024-10-22T11:14:43.122+0530 [DEBUG] [org.gradle.cache.internal.DefaultFileLockManager] Lock acquired on daemon addresses registry.
2024-10-22T11:14:43.122+0530 [DEBUG] [org.gradle.cache.internal.DefaultFileLockManager] Releasing lock on daemon addresses registry.
2024-10-22T11:14:43.123+0530 [DEBUG] [org.gradle.cache.internal.DefaultFileLockManager] Waiting to acquire shared lock on daemon addresses registry.
2024-10-22T11:14:43.124+0530 [DEBUG] [org.gradle.cache.internal.DefaultFileLockManager] Lock acquired on daemon addresses registry.
2024-10-22T11:14:43.124+0530 [DEBUG] [org.gradle.cache.internal.DefaultFileLockManager] Releasing lock on daemon addresses registry.
2024-10-22T11:14:43.128+0530 [DEBUG] [org.gradle.cache.internal.DefaultFileLockManager] Waiting to acquire shared lock on daemon addresses registry.
2024-10-22T11:14:43.130+0530 [DEBUG] [org.gradle.cache.internal.DefaultFileLockManager] Lock acquired on daemon addresses registry.
2024-10-22T11:14:43.134+0530 [DEBUG] [org.gradle.cache.internal.DefaultFileLockManager] Releasing lock on daemon addresses registry.
2024-10-22T11:14:43.135+0530 [DEBUG] [org.gradle.cache.internal.DefaultFileLockManager] Waiting to acquire shared lock on daemon addresses registry.
2024-10-22T11:14:43.135+0530 [DEBUG] [org.gradle.cache.internal.DefaultFileLockManager] Lock acquired on daemon addresses registry.
2024-10-22T11:14:43.136+0530 [DEBUG] [org.gradle.cache.internal.DefaultFileLockManager] Releasing lock on daemon addresses registry.
2024-10-22T11:14:43.138+0530 [DEBUG] [org.gradle.cache.internal.DefaultFileLockManager] Waiting to acquire shared lock on daemon addresses registry.
2024-10-22T11:14:43.138+0530 [DEBUG] [org.gradle.cache.internal.DefaultFileLockManager] Lock acquired on daemon addresses registry.
2024-10-22T11:14:43.141+0530 [DEBUG] [org.gradle.cache.internal.DefaultFileLockManager] Releasing lock on daemon addresses registry.
2024-10-22T11:14:43.150+0530 [DEBUG] [org.gradle.cache.internal.DefaultFileLockManager] Waiting to acquire shared lock on daemon addresses registry.
2024-10-22T11:14:43.151+0530 [DEBUG] [org.gradle.cache.internal.DefaultFileLockManager] Lock acquired on daemon addresses registry.
2024-10-22T11:14:43.151+0530 [DEBUG] [org.gradle.cache.internal.DefaultFileLockManager] Releasing lock on daemon addresses registry.
2024-10-22T11:14:43.154+0530 [DEBUG] [org.gradle.cache.internal.DefaultFileLockManager] Waiting to acquire shared lock on daemon addresses registry.
2024-10-22T11:14:43.155+0530 [DEBUG] [org.gradle.cache.internal.DefaultFileLockManager] Lock acquired on daemon addresses registry.
2024-10-22T11:14:43.155+0530 [DEBUG] [org.gradle.cache.internal.DefaultFileLockManager] Releasing lock on daemon addresses registry.
2024-10-22T11:14:43.157+0530 [DEBUG] [org.gradle.cache.internal.DefaultFileLockManager] Waiting to acquire shared lock on daemon addresses registry.
2024-10-22T11:14:43.157+0530 [DEBUG] [org.gradle.cache.internal.DefaultFileLockManager] Lock acquired on daemon addresses registry.
2024-10-22T11:14:43.158+0530 [DEBUG] [org.gradle.cache.internal.DefaultFileLockManager] Releasing lock on daemon addresses registry.
2024-10-22T11:14:43.163+0530 [DEBUG] [org.gradle.cache.internal.DefaultFileLockManager] Waiting to acquire shared lock on daemon addresses registry.
2024-10-22T11:14:43.164+0530 [DEBUG] [org.gradle.cache.internal.DefaultFileLockManager] Lock acquired on daemon addresses registry.
2024-10-22T11:14:43.164+0530 [DEBUG] [org.gradle.cache.internal.DefaultFileLockManager] Releasing lock on daemon addresses registry.
2024-10-22T11:14:43.166+0530 [DEBUG] [org.gradle.cache.internal.DefaultFileLockManager] Waiting to acquire shared lock on daemon addresses registry.
2024-10-22T11:14:43.166+0530 [DEBUG] [org.gradle.cache.internal.DefaultFileLockManager] Lock acquired on daemon addresses registry.
2024-10-22T11:14:43.167+0530 [DEBUG] [org.gradle.cache.internal.DefaultFileLockManager] Releasing lock on daemon addresses registry.
2024-10-22T11:14:43.170+0530 [DEBUG] [org.gradle.cache.internal.DefaultFileLockManager] Waiting to acquire shared lock on daemon addresses registry.
2024-10-22T11:14:43.171+0530 [DEBUG] [org.gradle.cache.internal.DefaultFileLockManager] Lock acquired on daemon addresses registry.
2024-10-22T11:14:43.175+0530 [DEBUG] [org.gradle.cache.internal.DefaultFileLockManager] Releasing lock on daemon addresses registry.
2024-10-22T11:14:43.178+0530 [DEBUG] [org.gradle.cache.internal.DefaultFileLockManager] Waiting to acquire shared lock on daemon addresses registry.
2024-10-22T11:14:43.178+0530 [DEBUG] [org.gradle.cache.internal.DefaultFileLockManager] Lock acquired on daemon addresses registry.
2024-10-22T11:14:43.179+0530 [DEBUG] [org.gradle.cache.internal.DefaultFileLockManager] Releasing lock on daemon addresses registry.
2024-10-22T11:14:43.180+0530 [DEBUG] [org.gradle.cache.internal.DefaultFileLockManager] Waiting to acquire shared lock on daemon addresses registry.
2024-10-22T11:14:43.181+0530 [DEBUG] [org.gradle.cache.internal.DefaultFileLockManager] Lock acquired on daemon addresses registry.
2024-10-22T11:14:43.182+0530 [DEBUG] [org.gradle.cache.internal.DefaultFileLockManager] Releasing lock on daemon addresses registry.
2024-10-22T11:14:43.183+0530 [DEBUG] [org.gradle.cache.internal.DefaultFileLockManager] Waiting to acquire shared lock on daemon addresses registry.
2024-10-22T11:14:43.183+0530 [DEBUG] [org.gradle.cache.internal.DefaultFileLockManager] Lock acquired on daemon addresses registry.
2024-10-22T11:14:43.184+0530 [DEBUG] [org.gradle.cache.internal.DefaultFileLockManager] Releasing lock on daemon addresses registry.
2024-10-22T11:14:43.185+0530 [DEBUG] [org.gradle.cache.internal.DefaultFileLockManager] Waiting to acquire shared lock on daemon addresses registry.
2024-10-22T11:14:43.186+0530 [DEBUG] [org.gradle.cache.internal.DefaultFileLockManager] Lock acquired on daemon addresses registry.
2024-10-22T11:14:43.186+0530 [DEBUG] [org.gradle.cache.internal.DefaultFileLockManager] Releasing lock on daemon addresses registry.
2024-10-22T11:14:43.187+0530 [DEBUG] [org.gradle.cache.internal.DefaultFileLockManager] Waiting to acquire shared lock on daemon addresses registry.
2024-10-22T11:14:43.187+0530 [DEBUG] [org.gradle.cache.internal.DefaultFileLockManager] Lock acquired on daemon addresses registry.
2024-10-22T11:14:43.188+0530 [DEBUG] [org.gradle.cache.internal.DefaultFileLockManager] Releasing lock on daemon addresses registry.
2024-10-22T11:14:43.189+0530 [DEBUG] [org.gradle.cache.internal.DefaultFileLockManager] Waiting to acquire shared lock on daemon addresses registry.
2024-10-22T11:14:43.189+0530 [DEBUG] [org.gradle.cache.internal.DefaultFileLockManager] Lock acquired on daemon addresses registry.
2024-10-22T11:14:43.189+0530 [DEBUG] [org.gradle.cache.internal.DefaultFileLockManager] Releasing lock on daemon addresses registry.
2024-10-22T11:14:43.191+0530 [DEBUG] [org.gradle.cache.internal.DefaultFileLockManager] Waiting to acquire shared lock on daemon addresses registry.
2024-10-22T11:14:43.191+0530 [DEBUG] [org.gradle.cache.internal.DefaultFileLockManager] Lock acquired on daemon addresses registry.
2024-10-22T11:14:43.194+0530 [DEBUG] [org.gradle.cache.internal.DefaultFileLockManager] Releasing lock on daemon addresses registry.
2024-10-22T11:14:43.196+0530 [DEBUG] [org.gradle.cache.internal.DefaultFileLockManager] Waiting to acquire shared lock on daemon addresses registry.
2024-10-22T11:14:43.196+0530 [DEBUG] [org.gradle.cache.internal.DefaultFileLockManager] Lock acquired on daemon addresses registry.
2024-10-22T11:14:43.197+0530 [DEBUG] [org.gradle.cache.internal.DefaultFileLockManager] Releasing lock on daemon addresses registry.
2024-10-22T11:14:43.198+0530 [DEBUG] [org.gradle.cache.internal.DefaultFileLockManager] Waiting to acquire shared lock on daemon addresses registry.
2024-10-22T11:14:43.198+0530 [DEBUG] [org.gradle.cache.internal.DefaultFileLockManager] Lock acquired on daemon addresses registry.
2024-10-22T11:14:43.198+0530 [DEBUG] [org.gradle.cache.internal.DefaultFileLockManager] Releasing lock on daemon addresses registry.
2024-10-22T11:14:43.200+0530 [DEBUG] [org.gradle.cache.internal.DefaultFileLockManager] Waiting to acquire shared lock on daemon addresses registry.
2024-10-22T11:14:43.200+0530 [DEBUG] [org.gradle.cache.internal.DefaultFileLockManager] Lock acquired on daemon addresses registry.
2024-10-22T11:14:43.201+0530 [DEBUG] [org.gradle.cache.internal.DefaultFileLockManager] Releasing lock on daemon addresses registry.
2024-10-22T11:14:43.202+0530 [DEBUG] [org.gradle.cache.internal.DefaultFileLockManager] Waiting to acquire shared lock on daemon addresses registry.
2024-10-22T11:14:43.202+0530 [DEBUG] [org.gradle.cache.internal.DefaultFileLockManager] Lock acquired on daemon addresses registry.
2024-10-22T11:14:43.203+0530 [DEBUG] [org.gradle.cache.internal.DefaultFileLockManager] Releasing lock on daemon addresses registry.
2024-10-22T11:14:43.203+0530 [DEBUG] [org.gradle.cache.internal.DefaultFileLockManager] Waiting to acquire shared lock on daemon addresses registry.
2024-10-22T11:14:43.204+0530 [DEBUG] [org.gradle.cache.internal.DefaultFileLockManager] Lock acquired on daemon addresses registry.
2024-10-22T11:14:43.204+0530 [DEBUG] [org.gradle.cache.internal.DefaultFileLockManager] Releasing lock on daemon addresses registry.
2024-10-22T11:14:43.205+0530 [DEBUG] [org.gradle.cache.internal.DefaultFileLockManager] Waiting to acquire shared lock on daemon addresses registry.
2024-10-22T11:14:43.205+0530 [DEBUG] [org.gradle.cache.internal.DefaultFileLockManager] Lock acquired on daemon addresses registry.
2024-10-22T11:14:43.205+0530 [DEBUG] [org.gradle.cache.internal.DefaultFileLockManager] Releasing lock on daemon addresses registry.
2024-10-22T11:14:43.206+0530 [DEBUG] [org.gradle.cache.internal.DefaultFileLockManager] Waiting to acquire shared lock on daemon addresses registry.
2024-10-22T11:14:43.207+0530 [DEBUG] [org.gradle.cache.internal.DefaultFileLockManager] Lock acquired on daemon addresses registry.
2024-10-22T11:14:43.207+0530 [DEBUG] [org.gradle.cache.internal.DefaultFileLockManager] Releasing lock on daemon addresses registry.
2024-10-22T11:14:43.208+0530 [DEBUG] [org.gradle.cache.internal.DefaultFileLockManager] Waiting to acquire shared lock on daemon addresses registry.
2024-10-22T11:14:43.209+0530 [DEBUG] [org.gradle.cache.internal.DefaultFileLockManager] Lock acquired on daemon addresses registry.
2024-10-22T11:14:43.209+0530 [DEBUG] [org.gradle.cache.internal.DefaultFileLockManager] Releasing lock on daemon addresses registry.
2024-10-22T11:14:43.211+0530 [DEBUG] [org.gradle.cache.internal.DefaultFileLockManager] Waiting to acquire shared lock on daemon addresses registry.
2024-10-22T11:14:43.212+0530 [DEBUG] [org.gradle.cache.internal.DefaultFileLockManager] Lock acquired on daemon addresses registry.
2024-10-22T11:14:43.212+0530 [DEBUG] [org.gradle.cache.internal.DefaultFileLockManager] Releasing lock on daemon addresses registry.
2024-10-22T11:14:43.213+0530 [DEBUG] [org.gradle.cache.internal.DefaultFileLockManager] Waiting to acquire shared lock on daemon addresses registry.
2024-10-22T11:14:43.213+0530 [DEBUG] [org.gradle.cache.internal.DefaultFileLockManager] Lock acquired on daemon addresses registry.
2024-10-22T11:14:43.213+0530 [DEBUG] [org.gradle.cache.internal.DefaultFileLockManager] Releasing lock on daemon addresses registry.
2024-10-22T11:14:43.214+0530 [DEBUG] [org.gradle.cache.internal.DefaultFileLockManager] Waiting to acquire shared lock on daemon addresses registry.
2024-10-22T11:14:43.214+0530 [DEBUG] [org.gradle.cache.internal.DefaultFileLockManager] Lock acquired on daemon addresses registry.
2024-10-22T11:14:43.215+0530 [DEBUG] [org.gradle.cache.internal.DefaultFileLockManager] Releasing lock on daemon addresses registry.
2024-10-22T11:14:43.217+0530 [DEBUG] [org.gradle.cache.internal.DefaultFileLockManager] Waiting to acquire shared lock on daemon addresses registry.
2024-10-22T11:14:43.217+0530 [DEBUG] [org.gradle.cache.internal.DefaultFileLockManager] Lock acquired on daemon addresses registry.
2024-10-22T11:14:43.217+0530 [DEBUG] [org.gradle.cache.internal.DefaultFileLockManager] Releasing lock on daemon addresses registry.
2024-10-22T11:14:43.218+0530 [DEBUG] [org.gradle.cache.internal.DefaultFileLockManager] Waiting to acquire shared lock on daemon addresses registry.
2024-10-22T11:14:43.219+0530 [DEBUG] [org.gradle.cache.internal.DefaultFileLockManager] Lock acquired on daemon addresses registry.
2024-10-22T11:14:43.219+0530 [DEBUG] [org.gradle.cache.internal.DefaultFileLockManager] Releasing lock on daemon addresses registry.
2024-10-22T11:14:43.220+0530 [DEBUG] [org.gradle.cache.internal.DefaultFileLockManager] Waiting to acquire shared lock on daemon addresses registry.
2024-10-22T11:14:43.220+0530 [DEBUG] [org.gradle.cache.internal.DefaultFileLockManager] Lock acquired on daemon addresses registry.
2024-10-22T11:14:43.221+0530 [DEBUG] [org.gradle.cache.internal.DefaultFileLockManager] Releasing lock on daemon addresses registry.
2024-10-22T11:14:43.222+0530 [DEBUG] [org.gradle.cache.internal.DefaultFileLockManager] Waiting to acquire shared lock on daemon addresses registry.
2024-10-22T11:14:43.223+0530 [DEBUG] [org.gradle.cache.internal.DefaultFileLockManager] Lock acquired on daemon addresses registry.
2024-10-22T11:14:43.223+0530 [DEBUG] [org.gradle.cache.internal.DefaultFileLockManager] Releasing lock on daemon addresses registry.
2024-10-22T11:14:43.224+0530 [DEBUG] [org.gradle.cache.internal.DefaultFileLockManager] Waiting to acquire shared lock on daemon addresses registry.
2024-10-22T11:14:43.224+0530 [DEBUG] [org.gradle.cache.internal.DefaultFileLockManager] Lock acquired on daemon addresses registry.
2024-10-22T11:14:43.225+0530 [DEBUG] [org.gradle.cache.internal.DefaultFileLockManager] Releasing lock on daemon addresses registry.
2024-10-22T11:14:43.226+0530 [DEBUG] [org.gradle.cache.internal.DefaultFileLockManager] Waiting to acquire shared lock on daemon addresses registry.
2024-10-22T11:14:43.226+0530 [DEBUG] [org.gradle.cache.internal.DefaultFileLockManager] Lock acquired on daemon addresses registry.
2024-10-22T11:14:43.227+0530 [DEBUG] [org.gradle.cache.internal.DefaultFileLockManager] Releasing lock on daemon addresses registry.
2024-10-22T11:14:43.228+0530 [DEBUG] [org.gradle.cache.internal.DefaultFileLockManager] Waiting to acquire shared lock on daemon addresses registry.
2024-10-22T11:14:43.229+0530 [DEBUG] [org.gradle.cache.internal.DefaultFileLockManager] Lock acquired on daemon addresses registry.
2024-10-22T11:14:43.233+0530 [DEBUG] [org.gradle.cache.internal.DefaultFileLockManager] Releasing lock on daemon addresses registry.
2024-10-22T11:14:43.262+0530 [DEBUG] [org.gradle.cache.internal.DefaultFileLockManager] Waiting to acquire shared lock on daemon addresses registry.
2024-10-22T11:14:43.262+0530 [DEBUG] [org.gradle.cache.internal.DefaultFileLockManager] Lock acquired on daemon addresses registry.
2024-10-22T11:14:43.263+0530 [DEBUG] [org.gradle.cache.internal.DefaultFileLockManager] Releasing lock on daemon addresses registry.
2024-10-22T11:14:43.264+0530 [DEBUG] [org.gradle.cache.internal.DefaultFileLockManager] Waiting to acquire shared lock on daemon addresses registry.
2024-10-22T11:14:43.264+0530 [DEBUG] [org.gradle.cache.internal.DefaultFileLockManager] Lock acquired on daemon addresses registry.
2024-10-22T11:14:43.264+0530 [DEBUG] [org.gradle.cache.internal.DefaultFileLockManager] Releasing lock on daemon addresses registry.
2024-10-22T11:14:43.266+0530 [DEBUG] [org.gradle.cache.internal.DefaultFileLockManager] Waiting to acquire shared lock on daemon addresses registry.
2024-10-22T11:14:43.266+0530 [DEBUG] [org.gradle.cache.internal.DefaultFileLockManager] Lock acquired on daemon addresses registry.
2024-10-22T11:14:43.266+0530 [DEBUG] [org.gradle.cache.internal.DefaultFileLockManager] Releasing lock on daemon addresses registry.
2024-10-22T11:14:43.267+0530 [DEBUG] [org.gradle.cache.internal.DefaultFileLockManager] Waiting to acquire shared lock on daemon addresses registry.
2024-10-22T11:14:43.267+0530 [DEBUG] [org.gradle.cache.internal.DefaultFileLockManager] Lock acquired on daemon addresses registry.
2024-10-22T11:14:43.268+0530 [DEBUG] [org.gradle.cache.internal.DefaultFileLockManager] Releasing lock on daemon addresses registry.
2024-10-22T11:14:43.269+0530 [DEBUG] [org.gradle.cache.internal.DefaultFileLockManager] Waiting to acquire shared lock on daemon addresses registry.
2024-10-22T11:14:43.269+0530 [DEBUG] [org.gradle.cache.internal.DefaultFileLockManager] Lock acquired on daemon addresses registry.
2024-10-22T11:14:43.270+0530 [DEBUG] [org.gradle.cache.internal.DefaultFileLockManager] Releasing lock on daemon addresses registry.
2024-10-22T11:14:43.271+0530 [DEBUG] [org.gradle.cache.internal.DefaultFileLockManager] Waiting to acquire shared lock on daemon addresses registry.
2024-10-22T11:14:43.271+0530 [DEBUG] [org.gradle.cache.internal.DefaultFileLockManager] Lock acquired on daemon addresses registry.
2024-10-22T11:14:43.272+0530 [DEBUG] [org.gradle.cache.internal.DefaultFileLockManager] Releasing lock on daemon addresses registry.
2024-10-22T11:14:43.272+0530 [DEBUG] [org.gradle.cache.internal.DefaultFileLockManager] Waiting to acquire shared lock on daemon addresses registry.
2024-10-22T11:14:43.273+0530 [DEBUG] [org.gradle.cache.internal.DefaultFileLockManager] Lock acquired on daemon addresses registry.
2024-10-22T11:14:43.273+0530 [DEBUG] [org.gradle.cache.internal.DefaultFileLockManager] Releasing lock on daemon addresses registry.
2024-10-22T11:14:43.274+0530 [DEBUG] [org.gradle.cache.internal.DefaultFileLockManager] Waiting to acquire shared lock on daemon addresses registry.
2024-10-22T11:14:43.274+0530 [DEBUG] [org.gradle.cache.internal.DefaultFileLockManager] Lock acquired on daemon addresses registry.
2024-10-22T11:14:43.275+0530 [DEBUG] [org.gradle.cache.internal.DefaultFileLockManager] Releasing lock on daemon addresses registry.
2024-10-22T11:14:43.276+0530 [DEBUG] [org.gradle.cache.internal.DefaultFileLockManager] Waiting to acquire shared lock on daemon addresses registry.
2024-10-22T11:14:43.276+0530 [DEBUG] [org.gradle.cache.internal.DefaultFileLockManager] Lock acquired on daemon addresses registry.
2024-10-22T11:14:43.276+0530 [DEBUG] [org.gradle.cache.internal.DefaultFileLockManager] Releasing lock on daemon addresses registry.
2024-10-22T11:14:43.277+0530 [DEBUG] [org.gradle.cache.internal.DefaultFileLockManager] Waiting to acquire shared lock on daemon addresses registry.
2024-10-22T11:14:43.277+0530 [DEBUG] [org.gradle.cache.internal.DefaultFileLockManager] Lock acquired on daemon addresses registry.
2024-10-22T11:14:43.278+0530 [DEBUG] [org.gradle.cache.internal.DefaultFileLockManager] Releasing lock on daemon addresses registry.
2024-10-22T11:14:43.279+0530 [DEBUG] [org.gradle.cache.internal.DefaultFileLockManager] Waiting to acquire shared lock on daemon addresses registry.
2024-10-22T11:14:43.279+0530 [DEBUG] [org.gradle.cache.internal.DefaultFileLockManager] Lock acquired on daemon addresses registry.
2024-10-22T11:14:43.280+0530 [DEBUG] [org.gradle.cache.internal.DefaultFileLockManager] Releasing lock on daemon addresses registry.
2024-10-22T11:14:43.281+0530 [DEBUG] [org.gradle.cache.internal.DefaultFileLockManager] Waiting to acquire shared lock on daemon addresses registry.
2024-10-22T11:14:43.281+0530 [DEBUG] [org.gradle.cache.internal.DefaultFileLockManager] Lock acquired on daemon addresses registry.
2024-10-22T11:14:43.281+0530 [DEBUG] [org.gradle.cache.internal.DefaultFileLockManager] Releasing lock on daemon addresses registry.
2024-10-22T11:14:43.282+0530 [DEBUG] [org.gradle.cache.internal.DefaultFileLockManager] Waiting to acquire shared lock on daemon addresses registry.
2024-10-22T11:14:43.283+0530 [DEBUG] [org.gradle.cache.internal.DefaultFileLockManager] Lock acquired on daemon addresses registry.
2024-10-22T11:14:43.283+0530 [DEBUG] [org.gradle.cache.internal.DefaultFileLockManager] Releasing lock on daemon addresses registry.
2024-10-22T11:14:43.284+0530 [DEBUG] [org.gradle.cache.internal.DefaultFileLockManager] Waiting to acquire shared lock on daemon addresses registry.
2024-10-22T11:14:43.284+0530 [DEBUG] [org.gradle.cache.internal.DefaultFileLockManager] Lock acquired on daemon addresses registry.
2024-10-22T11:14:43.285+0530 [DEBUG] [org.gradle.cache.internal.DefaultFileLockManager] Releasing lock on daemon addresses registry.
2024-10-22T11:14:43.286+0530 [DEBUG] [org.gradle.cache.internal.DefaultFileLockManager] Waiting to acquire shared lock on daemon addresses registry.
2024-10-22T11:14:43.286+0530 [DEBUG] [org.gradle.cache.internal.DefaultFileLockManager] Lock acquired on daemon addresses registry.
2024-10-22T11:14:43.286+0530 [DEBUG] [org.gradle.cache.internal.DefaultFileLockManager] Releasing lock on daemon addresses registry.
2024-10-22T11:14:43.288+0530 [DEBUG] [org.gradle.cache.internal.DefaultFileLockManager] Waiting to acquire shared lock on daemon addresses registry.
2024-10-22T11:14:43.288+0530 [DEBUG] [org.gradle.cache.internal.DefaultFileLockManager] Lock acquired on daemon addresses registry.
2024-10-22T11:14:43.292+0530 [DEBUG] [org.gradle.cache.internal.DefaultFileLockManager] Releasing lock on daemon addresses registry.
2024-10-22T11:14:43.293+0530 [DEBUG] [org.gradle.cache.internal.DefaultFileLockManager] Waiting to acquire shared lock on daemon addresses registry.
2024-10-22T11:14:43.294+0530 [DEBUG] [org.gradle.cache.internal.DefaultFileLockManager] Lock acquired on daemon addresses registry.
2024-10-22T11:14:43.295+0530 [DEBUG] [org.gradle.cache.internal.DefaultFileLockManager] Releasing lock on daemon addresses registry.
2024-10-22T11:14:43.296+0530 [DEBUG] [org.gradle.cache.internal.DefaultFileLockManager] Waiting to acquire shared lock on daemon addresses registry.
2024-10-22T11:14:43.297+0530 [DEBUG] [org.gradle.cache.internal.DefaultFileLockManager] Lock acquired on daemon addresses registry.
2024-10-22T11:14:43.298+0530 [DEBUG] [org.gradle.cache.internal.DefaultFileLockManager] Releasing lock on daemon addresses registry.
2024-10-22T11:14:43.300+0530 [DEBUG] [org.gradle.cache.internal.DefaultFileLockManager] Waiting to acquire shared lock on daemon addresses registry.
2024-10-22T11:14:43.300+0530 [DEBUG] [org.gradle.cache.internal.DefaultFileLockManager] Lock acquired on daemon addresses registry.
2024-10-22T11:14:43.301+0530 [DEBUG] [org.gradle.cache.internal.DefaultFileLockManager] Releasing lock on daemon addresses registry.
2024-10-22T11:14:43.305+0530 [DEBUG] [org.gradle.cache.internal.DefaultFileLockManager] Waiting to acquire shared lock on daemon addresses registry.
2024-10-22T11:14:43.307+0530 [DEBUG] [org.gradle.cache.internal.DefaultFileLockManager] Lock acquired on daemon addresses registry.
2024-10-22T11:14:43.313+0530 [DEBUG] [org.gradle.cache.internal.DefaultFileLockManager] Releasing lock on daemon addresses registry.
2024-10-22T11:14:43.316+0530 [DEBUG] [org.gradle.cache.internal.DefaultFileLockManager] Waiting to acquire shared lock on daemon addresses registry.
2024-10-22T11:14:43.316+0530 [DEBUG] [org.gradle.cache.internal.DefaultFileLockManager] Lock acquired on daemon addresses registry.
2024-10-22T11:14:43.317+0530 [DEBUG] [org.gradle.cache.internal.DefaultFileLockManager] Releasing lock on daemon addresses registry.
2024-10-22T11:14:43.320+0530 [DEBUG] [org.gradle.cache.internal.DefaultFileLockManager] Waiting to acquire shared lock on daemon addresses registry.
2024-10-22T11:14:43.320+0530 [DEBUG] [org.gradle.cache.internal.DefaultFileLockManager] Lock acquired on daemon addresses registry.
2024-10-22T11:14:43.321+0530 [DEBUG] [org.gradle.cache.internal.DefaultFileLockManager] Releasing lock on daemon addresses registry.
2024-10-22T11:14:43.321+0530 [DEBUG] [org.gradle.cache.internal.DefaultFileLockManager] Waiting to acquire shared lock on daemon addresses registry.
2024-10-22T11:14:43.322+0530 [DEBUG] [org.gradle.cache.internal.DefaultFileLockManager] Lock acquired on daemon addresses registry.
2024-10-22T11:14:43.324+0530 [DEBUG] [org.gradle.cache.internal.DefaultFileLockManager] Releasing lock on daemon addresses registry.
2024-10-22T11:14:43.326+0530 [DEBUG] [org.gradle.cache.internal.DefaultFileLockManager] Waiting to acquire shared lock on daemon addresses registry.
2024-10-22T11:14:43.327+0530 [DEBUG] [org.gradle.cache.internal.DefaultFileLockManager] Lock acquired on daemon addresses registry.
2024-10-22T11:14:43.333+0530 [DEBUG] [org.gradle.cache.internal.DefaultFileLockManager] Releasing lock on daemon addresses registry.
2024-10-22T11:14:43.337+0530 [DEBUG] [org.gradle.cache.internal.DefaultFileLockManager] Waiting to acquire shared lock on daemon addresses registry.
2024-10-22T11:14:43.338+0530 [DEBUG] [org.gradle.cache.internal.DefaultFileLockManager] Lock acquired on daemon addresses registry.
2024-10-22T11:14:43.339+0530 [DEBUG] [org.gradle.cache.internal.DefaultFileLockManager] Releasing lock on daemon addresses registry.
2024-10-22T11:14:43.340+0530 [DEBUG] [org.gradle.cache.internal.DefaultFileLockManager] Waiting to acquire shared lock on daemon addresses registry.
2024-10-22T11:14:43.340+0530 [DEBUG] [org.gradle.cache.internal.DefaultFileLockManager] Lock acquired on daemon addresses registry.
2024-10-22T11:14:43.342+0530 [DEBUG] [org.gradle.cache.internal.DefaultFileLockManager] Releasing lock on daemon addresses registry.
2024-10-22T11:14:43.344+0530 [DEBUG] [org.gradle.cache.internal.DefaultFileLockManager] Waiting to acquire shared lock on daemon addresses registry.
2024-10-22T11:14:43.345+0530 [DEBUG] [org.gradle.cache.internal.DefaultFileLockManager] Lock acquired on daemon addresses registry.
2024-10-22T11:14:43.349+0530 [DEBUG] [org.gradle.cache.internal.DefaultFileLockManager] Releasing lock on daemon addresses registry.
2024-10-22T11:14:43.350+0530 [DEBUG] [org.gradle.cache.internal.DefaultFileLockManager] Waiting to acquire shared lock on daemon addresses registry.
2024-10-22T11:14:43.350+0530 [DEBUG] [org.gradle.cache.internal.DefaultFileLockManager] Lock acquired on daemon addresses registry.
2024-10-22T11:14:43.351+0530 [DEBUG] [org.gradle.cache.internal.DefaultFileLockManager] Releasing lock on daemon addresses registry.
2024-10-22T11:14:43.352+0530 [DEBUG] [org.gradle.cache.internal.DefaultFileLockManager] Waiting to acquire shared lock on daemon addresses registry.
2024-10-22T11:14:43.352+0530 [DEBUG] [org.gradle.cache.internal.DefaultFileLockManager] Lock acquired on daemon addresses registry.
2024-10-22T11:14:43.353+0530 [DEBUG] [org.gradle.cache.internal.DefaultFileLockManager] Releasing lock on daemon addresses registry.
2024-10-22T11:14:43.366+0530 [DEBUG] [org.gradle.cache.internal.DefaultFileLockManager] Waiting to acquire shared lock on daemon addresses registry.
2024-10-22T11:14:43.367+0530 [DEBUG] [org.gradle.cache.internal.DefaultFileLockManager] Lock acquired on daemon addresses registry.
2024-10-22T11:14:43.367+0530 [DEBUG] [org.gradle.cache.internal.DefaultFileLockManager] Releasing lock on daemon addresses registry.
2024-10-22T11:14:43.368+0530 [DEBUG] [org.gradle.cache.internal.DefaultFileLockManager] Waiting to acquire shared lock on daemon addresses registry.
2024-10-22T11:14:43.369+0530 [DEBUG] [org.gradle.cache.internal.DefaultFileLockManager] Lock acquired on daemon addresses registry.
2024-10-22T11:14:43.386+0530 [DEBUG] [org.gradle.cache.internal.DefaultFileLockManager] Releasing lock on daemon addresses registry.
2024-10-22T11:14:43.388+0530 [DEBUG] [org.gradle.cache.internal.DefaultFileLockManager] Waiting to acquire shared lock on daemon addresses registry.
2024-10-22T11:14:43.388+0530 [DEBUG] [org.gradle.cache.internal.DefaultFileLockManager] Lock acquired on daemon addresses registry.
2024-10-22T11:14:43.389+0530 [DEBUG] [org.gradle.cache.internal.DefaultFileLockManager] Releasing lock on daemon addresses registry.
2024-10-22T11:14:43.390+0530 [DEBUG] [org.gradle.cache.internal.DefaultFileLockManager] Waiting to acquire shared lock on daemon addresses registry.
2024-10-22T11:14:43.391+0530 [DEBUG] [org.gradle.cache.internal.DefaultFileLockManager] Lock acquired on daemon addresses registry.
2024-10-22T11:14:43.391+0530 [DEBUG] [org.gradle.cache.internal.DefaultFileLockManager] Releasing lock on daemon addresses registry.
2024-10-22T11:14:43.392+0530 [DEBUG] [org.gradle.cache.internal.DefaultFileLockManager] Waiting to acquire shared lock on daemon addresses registry.
2024-10-22T11:14:43.392+0530 [DEBUG] [org.gradle.cache.internal.DefaultFileLockManager] Lock acquired on daemon addresses registry.
2024-10-22T11:14:43.393+0530 [DEBUG] [org.gradle.cache.internal.DefaultFileLockManager] Releasing lock on daemon addresses registry.
2024-10-22T11:14:43.393+0530 [DEBUG] [org.gradle.cache.internal.DefaultFileLockManager] Waiting to acquire shared lock on daemon addresses registry.
2024-10-22T11:14:43.394+0530 [DEBUG] [org.gradle.cache.internal.DefaultFileLockManager] Lock acquired on daemon addresses registry.
2024-10-22T11:14:43.394+0530 [DEBUG] [org.gradle.cache.internal.DefaultFileLockManager] Releasing lock on daemon addresses registry.
2024-10-22T11:14:43.396+0530 [DEBUG] [org.gradle.cache.internal.DefaultFileLockManager] Waiting to acquire shared lock on daemon addresses registry.
2024-10-22T11:14:43.397+0530 [DEBUG] [org.gradle.cache.internal.DefaultFileLockManager] Lock acquired on daemon addresses registry.
2024-10-22T11:14:43.397+0530 [DEBUG] [org.gradle.cache.internal.DefaultFileLockManager] Releasing lock on daemon addresses registry.
2024-10-22T11:14:43.405+0530 [DEBUG] [org.gradle.cache.internal.DefaultFileLockManager] Waiting to acquire shared lock on daemon addresses registry.
2024-10-22T11:14:43.407+0530 [DEBUG] [org.gradle.cache.internal.DefaultFileLockManager] Lock acquired on daemon addresses registry.
2024-10-22T11:14:43.417+0530 [DEBUG] [org.gradle.cache.internal.DefaultFileLockManager] Releasing lock on daemon addresses registry.
2024-10-22T11:14:43.429+0530 [DEBUG] [org.gradle.cache.internal.DefaultFileLockManager] Waiting to acquire shared lock on daemon addresses registry.
2024-10-22T11:14:43.430+0530 [DEBUG] [org.gradle.cache.internal.DefaultFileLockManager] Lock acquired on daemon addresses registry.
2024-10-22T11:14:43.432+0530 [DEBUG] [org.gradle.cache.internal.DefaultFileLockManager] Releasing lock on daemon addresses registry.
2024-10-22T11:14:43.524+0530 [DEBUG] [org.gradle.cache.internal.DefaultFileLockManager] Waiting to acquire shared lock on daemon addresses registry.
2024-10-22T11:14:43.524+0530 [DEBUG] [org.gradle.cache.internal.DefaultFileLockManager] Lock acquired on daemon addresses registry.
2024-10-22T11:14:43.525+0530 [DEBUG] [org.gradle.cache.internal.DefaultFileLockManager] Releasing lock on daemon addresses registry.
2024-10-22T11:14:43.526+0530 [DEBUG] [org.gradle.cache.internal.DefaultFileLockManager] Waiting to acquire shared lock on daemon addresses registry.
2024-10-22T11:14:43.526+0530 [DEBUG] [org.gradle.cache.internal.DefaultFileLockManager] Lock acquired on daemon addresses registry.
2024-10-22T11:14:43.527+0530 [DEBUG] [org.gradle.cache.internal.DefaultFileLockManager] Releasing lock on daemon addresses registry.
2024-10-22T11:14:43.527+0530 [DEBUG] [org.gradle.cache.internal.DefaultFileLockManager] Waiting to acquire shared lock on daemon addresses registry.
2024-10-22T11:14:43.528+0530 [DEBUG] [org.gradle.cache.internal.DefaultFileLockManager] Lock acquired on daemon addresses registry.
2024-10-22T11:14:43.528+0530 [DEBUG] [org.gradle.cache.internal.DefaultFileLockManager] Releasing lock on daemon addresses registry.
2024-10-22T11:14:43.529+0530 [DEBUG] [org.gradle.cache.internal.DefaultFileLockManager] Waiting to acquire shared lock on daemon addresses registry.
2024-10-22T11:14:43.530+0530 [DEBUG] [org.gradle.cache.internal.DefaultFileLockManager] Lock acquired on daemon addresses registry.
2024-10-22T11:14:43.530+0530 [DEBUG] [org.gradle.cache.internal.DefaultFileLockManager] Releasing lock on daemon addresses registry.
2024-10-22T11:14:43.531+0530 [DEBUG] [org.gradle.cache.internal.DefaultFileLockManager] Waiting to acquire shared lock on daemon addresses registry.
2024-10-22T11:14:43.531+0530 [DEBUG] [org.gradle.cache.internal.DefaultFileLockManager] Lock acquired on daemon addresses registry.
2024-10-22T11:14:43.532+0530 [DEBUG] [org.gradle.cache.internal.DefaultFileLockManager] Releasing lock on daemon addresses registry.
2024-10-22T11:14:43.535+0530 [DEBUG] [org.gradle.cache.internal.DefaultFileLockManager] Waiting to acquire shared lock on daemon addresses registry.
2024-10-22T11:14:43.535+0530 [DEBUG] [org.gradle.cache.internal.DefaultFileLockManager] Lock acquired on daemon addresses registry.
2024-10-22T11:14:43.536+0530 [DEBUG] [org.gradle.cache.internal.DefaultFileLockManager] Releasing lock on daemon addresses registry.
2024-10-22T11:14:43.538+0530 [DEBUG] [org.gradle.cache.internal.DefaultFileLockManager] Waiting to acquire shared lock on daemon addresses registry.
2024-10-22T11:14:43.539+0530 [DEBUG] [org.gradle.cache.internal.DefaultFileLockManager] Lock acquired on daemon addresses registry.
2024-10-22T11:14:43.539+0530 [DEBUG] [org.gradle.cache.internal.DefaultFileLockManager] Releasing lock on daemon addresses registry.
2024-10-22T11:14:43.541+0530 [DEBUG] [org.gradle.cache.internal.DefaultFileLockManager] Waiting to acquire shared lock on daemon addresses registry.
2024-10-22T11:14:43.541+0530 [DEBUG] [org.gradle.cache.internal.DefaultFileLockManager] Lock acquired on daemon addresses registry.
2024-10-22T11:14:43.542+0530 [DEBUG] [org.gradle.cache.internal.DefaultFileLockManager] Releasing lock on daemon addresses registry.
2024-10-22T11:14:43.544+0530 [DEBUG] [org.gradle.cache.internal.DefaultFileLockManager] Waiting to acquire shared lock on daemon addresses registry.
2024-10-22T11:14:43.544+0530 [DEBUG] [org.gradle.cache.internal.DefaultFileLockManager] Lock acquired on daemon addresses registry.
2024-10-22T11:14:43.545+0530 [DEBUG] [org.gradle.cache.internal.DefaultFileLockManager] Releasing lock on daemon addresses registry.
2024-10-22T11:14:43.548+0530 [DEBUG] [org.gradle.cache.internal.DefaultFileLockManager] Waiting to acquire shared lock on daemon addresses registry.
2024-10-22T11:14:43.548+0530 [DEBUG] [org.gradle.cache.internal.DefaultFileLockManager] Lock acquired on daemon addresses registry.
2024-10-22T11:14:43.551+0530 [DEBUG] [org.gradle.cache.internal.DefaultFileLockManager] Releasing lock on daemon addresses registry.
2024-10-22T11:14:43.553+0530 [DEBUG] [org.gradle.cache.internal.DefaultFileLockManager] Waiting to acquire shared lock on daemon addresses registry.
2024-10-22T11:14:43.553+0530 [DEBUG] [org.gradle.cache.internal.DefaultFileLockManager] Lock acquired on daemon addresses registry.
2024-10-22T11:14:43.554+0530 [DEBUG] [org.gradle.cache.internal.DefaultFileLockManager] Releasing lock on daemon addresses registry.
2024-10-22T11:14:43.554+0530 [DEBUG] [org.gradle.cache.internal.DefaultFileLockManager] Waiting to acquire shared lock on daemon addresses registry.
2024-10-22T11:14:43.555+0530 [DEBUG] [org.gradle.cache.internal.DefaultFileLockManager] Lock acquired on daemon addresses registry.
2024-10-22T11:14:43.555+0530 [DEBUG] [org.gradle.cache.internal.DefaultFileLockManager] Releasing lock on daemon addresses registry.
2024-10-22T11:14:43.558+0530 [DEBUG] [org.gradle.cache.internal.DefaultFileLockManager] Waiting to acquire shared lock on daemon addresses registry.
2024-10-22T11:14:43.558+0530 [DEBUG] [org.gradle.cache.internal.DefaultFileLockManager] Lock acquired on daemon addresses registry.
2024-10-22T11:14:43.558+0530 [DEBUG] [org.gradle.cache.internal.DefaultFileLockManager] Releasing lock on daemon addresses registry.
2024-10-22T11:14:43.587+0530 [DEBUG] [org.gradle.cache.internal.DefaultFileLockManager] Waiting to acquire shared lock on daemon addresses registry.
2024-10-22T11:14:43.587+0530 [DEBUG] [org.gradle.cache.internal.DefaultFileLockManager] Lock acquired on daemon addresses registry.
2024-10-22T11:14:43.588+0530 [DEBUG] [org.gradle.cache.internal.DefaultFileLockManager] Releasing lock on daemon addresses registry.
2024-10-22T11:14:43.589+0530 [DEBUG] [org.gradle.cache.internal.DefaultFileLockManager] Waiting to acquire shared lock on daemon addresses registry.
2024-10-22T11:14:43.591+0530 [DEBUG] [org.gradle.cache.internal.DefaultFileLockManager] Lock acquired on daemon addresses registry.
2024-10-22T11:14:43.593+0530 [DEBUG] [org.gradle.cache.internal.DefaultFileLockManager] Releasing lock on daemon addresses registry.
2024-10-22T11:14:43.597+0530 [DEBUG] [org.gradle.cache.internal.DefaultFileLockManager] Waiting to acquire shared lock on daemon addresses registry.
2024-10-22T11:14:43.600+0530 [DEBUG] [org.gradle.cache.internal.DefaultFileLockManager] Lock acquired on daemon addresses registry.
2024-10-22T11:14:43.600+0530 [DEBUG] [org.gradle.cache.internal.DefaultFileLockManager] Releasing lock on daemon addresses registry.
2024-10-22T11:14:43.602+0530 [DEBUG] [org.gradle.cache.internal.DefaultFileLockManager] Waiting to acquire shared lock on daemon addresses registry.
2024-10-22T11:14:43.602+0530 [DEBUG] [org.gradle.cache.internal.DefaultFileLockManager] Lock acquired on daemon addresses registry.
2024-10-22T11:14:43.635+0530 [DEBUG] [org.gradle.cache.internal.DefaultFileLockManager] Releasing lock on daemon addresses registry.
2024-10-22T11:14:47.459+0530 [DEBUG] [org.gradle.process.internal.health.memory.DefaultMemoryManager] 831603097 memory requested, 469573632 free
2024-10-22T11:14:47.460+0530 [DEBUG] [org.gradle.workers.internal.WorkerDaemonExpiration] Will attempt to release 793 of memory
2024-10-22T11:14:47.460+0530 [DEBUG] [org.gradle.process.internal.health.memory.DefaultMemoryManager] 831603097 memory requested, 0 released, 469573632 free
2024-10-22T11:14:49.337+0530 [DEBUG] [org.gradle.cache.internal.DefaultFileLockManager] Waiting to acquire shared lock on daemon addresses registry.
2024-10-22T11:14:49.340+0530 [DEBUG] [org.gradle.cache.internal.DefaultFileLockManager] Lock acquired on daemon addresses registry.
2024-10-22T11:14:49.343+0530 [DEBUG] [org.gradle.cache.internal.DefaultFileLockManager] Releasing lock on daemon addresses registry.
2024-10-22T11:14:49.352+0530 [DEBUG] [org.gradle.cache.internal.DefaultFileLockManager] Waiting to acquire shared lock on daemon addresses registry.
2024-10-22T11:14:49.353+0530 [DEBUG] [org.gradle.cache.internal.DefaultFileLockManager] Lock acquired on daemon addresses registry.
2024-10-22T11:14:49.369+0530 [DEBUG] [org.gradle.cache.internal.DefaultFileLockManager] Releasing lock on daemon addresses registry.
2024-10-22T11:14:49.371+0530 [DEBUG] [org.gradle.cache.internal.DefaultFileLockManager] Waiting to acquire shared lock on daemon addresses registry.
2024-10-22T11:14:49.372+0530 [DEBUG] [org.gradle.cache.internal.DefaultFileLockManager] Lock acquired on daemon addresses registry.
2024-10-22T11:14:49.415+0530 [DEBUG] [org.gradle.cache.internal.DefaultFileLockManager] Releasing lock on daemon addresses registry.
2024-10-22T11:14:52.484+0530 [DEBUG] [org.gradle.process.internal.health.memory.DefaultMemoryManager] 831603097 memory requested, 274571264 free
2024-10-22T11:14:52.486+0530 [DEBUG] [org.gradle.workers.internal.WorkerDaemonExpiration] Will attempt to release 793 of memory
2024-10-22T11:14:52.487+0530 [DEBUG] [org.gradle.process.internal.health.memory.DefaultMemoryManager] 831603097 memory requested, 0 released, 274571264 free
2024-10-22T11:14:57.459+0530 [DEBUG] [org.gradle.process.internal.health.memory.DefaultMemoryManager] 831603097 memory requested, 403230720 free
2024-10-22T11:14:57.459+0530 [DEBUG] [org.gradle.workers.internal.WorkerDaemonExpiration] Will attempt to release 793 of memory
2024-10-22T11:14:57.459+0530 [DEBUG] [org.gradle.process.internal.health.memory.DefaultMemoryManager] 831603097 memory requested, 0 released, 403230720 free
2024-10-22T11:14:59.291+0530 [DEBUG] [org.gradle.cache.internal.DefaultFileLockManager] Waiting to acquire shared lock on daemon addresses registry.
2024-10-22T11:14:59.292+0530 [DEBUG] [org.gradle.cache.internal.DefaultFileLockManager] Lock acquired on daemon addresses registry.
2024-10-22T11:14:59.293+0530 [DEBUG] [org.gradle.cache.internal.DefaultFileLockManager] Releasing lock on daemon addresses registry.
2024-10-22T11:14:59.294+0530 [DEBUG] [org.gradle.cache.internal.DefaultFileLockManager] Waiting to acquire shared lock on daemon addresses registry.
2024-10-22T11:14:59.294+0530 [DEBUG] [org.gradle.cache.internal.DefaultFileLockManager] Lock acquired on daemon addresses registry.
2024-10-22T11:14:59.295+0530 [DEBUG] [org.gradle.cache.internal.DefaultFileLockManager] Releasing lock on daemon addresses registry.
2024-10-22T11:14:59.296+0530 [DEBUG] [org.gradle.cache.internal.DefaultFileLockManager] Waiting to acquire shared lock on daemon addresses registry.
2024-10-22T11:14:59.296+0530 [DEBUG] [org.gradle.cache.internal.DefaultFileLockManager] Lock acquired on daemon addresses registry.
2024-10-22T11:14:59.296+0530 [DEBUG] [org.gradle.cache.internal.DefaultFileLockManager] Releasing lock on daemon addresses registry.
2024-10-22T11:15:02.463+0530 [DEBUG] [org.gradle.process.internal.health.memory.DefaultMemoryManager] 831603097 memory requested, 461598720 free
2024-10-22T11:15:02.463+0530 [DEBUG] [org.gradle.workers.internal.WorkerDaemonExpiration] Will attempt to release 793 of memory
2024-10-22T11:15:02.463+0530 [DEBUG] [org.gradle.process.internal.health.memory.DefaultMemoryManager] 831603097 memory requested, 0 released, 461598720 free
2024-10-22T11:15:07.466+0530 [DEBUG] [org.gradle.process.internal.health.memory.DefaultMemoryManager] 831603097 memory requested, 689340416 free
2024-10-22T11:15:07.466+0530 [DEBUG] [org.gradle.workers.internal.WorkerDaemonExpiration] Will attempt to release 793 of memory
2024-10-22T11:15:07.466+0530 [DEBUG] [org.gradle.process.internal.health.memory.DefaultMemoryManager] 831603097 memory requested, 0 released, 689340416 free
2024-10-22T11:15:09.306+0530 [DEBUG] [org.gradle.cache.internal.DefaultFileLockManager] Waiting to acquire shared lock on daemon addresses registry.
2024-10-22T11:15:09.307+0530 [DEBUG] [org.gradle.cache.internal.DefaultFileLockManager] Lock acquired on daemon addresses registry.
2024-10-22T11:15:09.308+0530 [DEBUG] [org.gradle.cache.internal.DefaultFileLockManager] Releasing lock on daemon addresses registry.
2024-10-22T11:15:09.309+0530 [DEBUG] [org.gradle.cache.internal.DefaultFileLockManager] Waiting to acquire shared lock on daemon addresses registry.
2024-10-22T11:15:09.310+0530 [DEBUG] [org.gradle.cache.internal.DefaultFileLockManager] Lock acquired on daemon addresses registry.
2024-10-22T11:15:09.311+0530 [DEBUG] [org.gradle.cache.internal.DefaultFileLockManager] Releasing lock on daemon addresses registry.
2024-10-22T11:15:09.313+0530 [DEBUG] [org.gradle.cache.internal.DefaultFileLockManager] Waiting to acquire shared lock on daemon addresses registry.
2024-10-22T11:15:09.313+0530 [DEBUG] [org.gradle.cache.internal.DefaultFileLockManager] Lock acquired on daemon addresses registry.
2024-10-22T11:15:09.314+0530 [DEBUG] [org.gradle.cache.internal.DefaultFileLockManager] Releasing lock on daemon addresses registry.
2024-10-22T11:15:12.464+0530 [DEBUG] [org.gradle.process.internal.health.memory.DefaultMemoryManager] 831603097 memory requested, 460853248 free
2024-10-22T11:15:12.464+0530 [DEBUG] [org.gradle.workers.internal.WorkerDaemonExpiration] Will attempt to release 793 of memory
2024-10-22T11:15:12.464+0530 [DEBUG] [org.gradle.process.internal.health.memory.DefaultMemoryManager] 831603097 memory requested, 0 released, 460853248 free
2024-10-22T11:15:17.462+0530 [DEBUG] [org.gradle.process.internal.health.memory.DefaultMemoryManager] 831603097 memory requested, 593985536 free
2024-10-22T11:15:17.462+0530 [DEBUG] [org.gradle.workers.internal.WorkerDaemonExpiration] Will attempt to release 793 of memory
2024-10-22T11:15:17.463+0530 [DEBUG] [org.gradle.process.internal.health.memory.DefaultMemoryManager] 831603097 memory requested, 0 released, 593985536 free
2024-10-22T11:15:19.297+0530 [DEBUG] [org.gradle.cache.internal.DefaultFileLockManager] Waiting to acquire shared lock on daemon addresses registry.
2024-10-22T11:15:19.315+0530 [DEBUG] [org.gradle.cache.internal.DefaultFileLockManager] Lock acquired on daemon addresses registry.
2024-10-22T11:15:19.316+0530 [DEBUG] [org.gradle.cache.internal.DefaultFileLockManager] Releasing lock on daemon addresses registry.
2024-10-22T11:15:19.318+0530 [DEBUG] [org.gradle.cache.internal.DefaultFileLockManager] Waiting to acquire shared lock on daemon addresses registry.
2024-10-22T11:15:19.318+0530 [DEBUG] [org.gradle.cache.internal.DefaultFileLockManager] Lock acquired on daemon addresses registry.
2024-10-22T11:15:19.319+0530 [DEBUG] [org.gradle.cache.internal.DefaultFileLockManager] Releasing lock on daemon addresses registry.
2024-10-22T11:15:19.323+0530 [DEBUG] [org.gradle.cache.internal.DefaultFileLockManager] Waiting to acquire shared lock on daemon addresses registry.
2024-10-22T11:15:19.323+0530 [DEBUG] [org.gradle.cache.internal.DefaultFileLockManager] Lock acquired on daemon addresses registry.
2024-10-22T11:15:19.324+0530 [DEBUG] [org.gradle.cache.internal.DefaultFileLockManager] Releasing lock on daemon addresses registry.
2024-10-22T11:15:22.469+0530 [DEBUG] [org.gradle.process.internal.health.memory.DefaultMemoryManager] 831603097 memory requested, 439857152 free
2024-10-22T11:15:22.470+0530 [DEBUG] [org.gradle.workers.internal.WorkerDaemonExpiration] Will attempt to release 793 of memory
2024-10-22T11:15:22.470+0530 [DEBUG] [org.gradle.process.internal.health.memory.DefaultMemoryManager] 831603097 memory requested, 0 released, 439857152 free
2024-10-22T11:15:27.468+0530 [DEBUG] [org.gradle.process.internal.health.memory.DefaultMemoryManager] 831603097 memory requested, 325828608 free
2024-10-22T11:15:27.468+0530 [DEBUG] [org.gradle.workers.internal.WorkerDaemonExpiration] Will attempt to release 793 of memory
2024-10-22T11:15:27.469+0530 [DEBUG] [org.gradle.process.internal.health.memory.DefaultMemoryManager] 831603097 memory requested, 0 released, 325828608 free
2024-10-22T11:15:29.292+0530 [DEBUG] [org.gradle.cache.internal.DefaultFileLockManager] Waiting to acquire shared lock on daemon addresses registry.
2024-10-22T11:15:29.292+0530 [DEBUG] [org.gradle.cache.internal.DefaultFileLockManager] Lock acquired on daemon addresses registry.
2024-10-22T11:15:29.294+0530 [DEBUG] [org.gradle.cache.internal.DefaultFileLockManager] Releasing lock on daemon addresses registry.
2024-10-22T11:15:29.297+0530 [DEBUG] [org.gradle.cache.internal.DefaultFileLockManager] Waiting to acquire shared lock on daemon addresses registry.
2024-10-22T11:15:29.297+0530 [DEBUG] [org.gradle.cache.internal.DefaultFileLockManager] Lock acquired on daemon addresses registry.
2024-10-22T11:15:29.298+0530 [DEBUG] [org.gradle.cache.internal.DefaultFileLockManager] Releasing lock on daemon addresses registry.
2024-10-22T11:15:29.299+0530 [DEBUG] [org.gradle.cache.internal.DefaultFileLockManager] Waiting to acquire shared lock on daemon addresses registry.
2024-10-22T11:15:29.299+0530 [DEBUG] [org.gradle.cache.internal.DefaultFileLockManager] Lock acquired on daemon addresses registry.
2024-10-22T11:15:29.301+0530 [DEBUG] [org.gradle.cache.internal.DefaultFileLockManager] Releasing lock on daemon addresses registry.
2024-10-22T11:15:32.466+0530 [DEBUG] [org.gradle.process.internal.health.memory.DefaultMemoryManager] 831603097 memory requested, 289427456 free
2024-10-22T11:15:32.466+0530 [DEBUG] [org.gradle.workers.internal.WorkerDaemonExpiration] Will attempt to release 793 of memory
2024-10-22T11:15:32.466+0530 [DEBUG] [org.gradle.process.internal.health.memory.DefaultMemoryManager] 831603097 memory requested, 0 released, 289427456 free
2024-10-22T11:15:37.469+0530 [DEBUG] [org.gradle.process.internal.health.memory.DefaultMemoryManager] 831603097 memory requested, 548073472 free
2024-10-22T11:15:37.469+0530 [DEBUG] [org.gradle.workers.internal.WorkerDaemonExpiration] Will attempt to release 793 of memory
2024-10-22T11:15:37.470+0530 [DEBUG] [org.gradle.process.internal.health.memory.DefaultMemoryManager] 831603097 memory requested, 0 released, 548073472 free
2024-10-22T11:15:39.294+0530 [DEBUG] [org.gradle.cache.internal.DefaultFileLockManager] Waiting to acquire shared lock on daemon addresses registry.
2024-10-22T11:15:39.297+0530 [DEBUG] [org.gradle.cache.internal.DefaultFileLockManager] Lock acquired on daemon addresses registry.
2024-10-22T11:15:39.299+0530 [DEBUG] [org.gradle.cache.internal.DefaultFileLockManager] Releasing lock on daemon addresses registry.
2024-10-22T11:15:39.302+0530 [DEBUG] [org.gradle.cache.internal.DefaultFileLockManager] Waiting to acquire shared lock on daemon addresses registry.
2024-10-22T11:15:39.302+0530 [DEBUG] [org.gradle.cache.internal.DefaultFileLockManager] Lock acquired on daemon addresses registry.
2024-10-22T11:15:39.302+0530 [DEBUG] [org.gradle.cache.internal.DefaultFileLockManager] Releasing lock on daemon addresses registry.
2024-10-22T11:15:39.303+0530 [DEBUG] [org.gradle.cache.internal.DefaultFileLockManager] Waiting to acquire shared lock on daemon addresses registry.
2024-10-22T11:15:39.304+0530 [DEBUG] [org.gradle.cache.internal.DefaultFileLockManager] Lock acquired on daemon addresses registry.
2024-10-22T11:15:39.304+0530 [DEBUG] [org.gradle.cache.internal.DefaultFileLockManager] Releasing lock on daemon addresses registry.
2024-10-22T11:15:42.489+0530 [DEBUG] [org.gradle.process.internal.health.memory.DefaultMemoryManager] 831603097 memory requested, 424800256 free
2024-10-22T11:15:42.489+0530 [DEBUG] [org.gradle.workers.internal.WorkerDaemonExpiration] Will attempt to release 793 of memory
2024-10-22T11:15:42.491+0530 [DEBUG] [org.gradle.process.internal.health.memory.DefaultMemoryManager] 831603097 memory requested, 0 released, 424800256 free
2024-10-22T11:15:49.299+0530 [DEBUG] [org.gradle.cache.internal.DefaultFileLockManager] Waiting to acquire shared lock on daemon addresses registry.
2024-10-22T11:15:49.299+0530 [DEBUG] [org.gradle.cache.internal.DefaultFileLockManager] Lock acquired on daemon addresses registry.
2024-10-22T11:15:49.300+0530 [DEBUG] [org.gradle.cache.internal.DefaultFileLockManager] Releasing lock on daemon addresses registry.
2024-10-22T11:15:49.302+0530 [DEBUG] [org.gradle.cache.internal.DefaultFileLockManager] Waiting to acquire shared lock on daemon addresses registry.
2024-10-22T11:15:49.302+0530 [DEBUG] [org.gradle.cache.internal.DefaultFileLockManager] Lock acquired on daemon addresses registry.
2024-10-22T11:15:49.303+0530 [DEBUG] [org.gradle.cache.internal.DefaultFileLockManager] Releasing lock on daemon addresses registry.
2024-10-22T11:15:49.305+0530 [DEBUG] [org.gradle.cache.internal.DefaultFileLockManager] Waiting to acquire shared lock on daemon addresses registry.
2024-10-22T11:15:49.305+0530 [DEBUG] [org.gradle.cache.internal.DefaultFileLockManager] Lock acquired on daemon addresses registry.
2024-10-22T11:15:49.311+0530 [DEBUG] [org.gradle.cache.internal.DefaultFileLockManager] Releasing lock on daemon addresses registry.
2024-10-22T11:15:59.289+0530 [DEBUG] [org.gradle.cache.internal.DefaultFileLockManager] Waiting to acquire shared lock on daemon addresses registry.
2024-10-22T11:15:59.289+0530 [DEBUG] [org.gradle.cache.internal.DefaultFileLockManager] Lock acquired on daemon addresses registry.
2024-10-22T11:15:59.290+0530 [DEBUG] [org.gradle.cache.internal.DefaultFileLockManager] Releasing lock on daemon addresses registry.
2024-10-22T11:15:59.292+0530 [DEBUG] [org.gradle.cache.internal.DefaultFileLockManager] Waiting to acquire shared lock on daemon addresses registry.
2024-10-22T11:15:59.292+0530 [DEBUG] [org.gradle.cache.internal.DefaultFileLockManager] Lock acquired on daemon addresses registry.
2024-10-22T11:15:59.293+0530 [DEBUG] [org.gradle.cache.internal.DefaultFileLockManager] Releasing lock on daemon addresses registry.
2024-10-22T11:15:59.294+0530 [DEBUG] [org.gradle.cache.internal.DefaultFileLockManager] Waiting to acquire shared lock on daemon addresses registry.
2024-10-22T11:15:59.294+0530 [DEBUG] [org.gradle.cache.internal.DefaultFileLockManager] Lock acquired on daemon addresses registry.
2024-10-22T11:15:59.295+0530 [DEBUG] [org.gradle.cache.internal.DefaultFileLockManager] Releasing lock on daemon addresses registry.
2024-10-22T11:16:09.298+0530 [DEBUG] [org.gradle.cache.internal.DefaultFileLockManager] Waiting to acquire shared lock on daemon addresses registry.
2024-10-22T11:16:09.298+0530 [DEBUG] [org.gradle.cache.internal.DefaultFileLockManager] Lock acquired on daemon addresses registry.
2024-10-22T11:16:09.300+0530 [DEBUG] [org.gradle.cache.internal.DefaultFileLockManager] Releasing lock on daemon addresses registry.
2024-10-22T11:16:09.301+0530 [DEBUG] [org.gradle.cache.internal.DefaultFileLockManager] Waiting to acquire shared lock on daemon addresses registry.
2024-10-22T11:16:09.301+0530 [DEBUG] [org.gradle.cache.internal.DefaultFileLockManager] Lock acquired on daemon addresses registry.
2024-10-22T11:16:09.302+0530 [DEBUG] [org.gradle.cache.internal.DefaultFileLockManager] Releasing lock on daemon addresses registry.
2024-10-22T11:16:09.302+0530 [DEBUG] [org.gradle.cache.internal.DefaultFileLockManager] Waiting to acquire shared lock on daemon addresses registry.
2024-10-22T11:16:09.303+0530 [DEBUG] [org.gradle.cache.internal.DefaultFileLockManager] Lock acquired on daemon addresses registry.
2024-10-22T11:16:09.304+0530 [DEBUG] [org.gradle.cache.internal.DefaultFileLockManager] Releasing lock on daemon addresses registry.
2024-10-22T11:16:12.459+0530 [DEBUG] [org.gradle.process.internal.health.memory.DefaultMemoryManager] 831603097 memory requested, 624336896 free
2024-10-22T11:16:12.459+0530 [DEBUG] [org.gradle.workers.internal.WorkerDaemonExpiration] Will attempt to release 793 of memory
2024-10-22T11:16:12.459+0530 [DEBUG] [org.gradle.process.internal.health.memory.DefaultMemoryManager] 831603097 memory requested, 0 released, 624336896 free
2024-10-22T11:16:17.471+0530 [DEBUG] [org.gradle.process.internal.health.memory.DefaultMemoryManager] 831603097 memory requested, 696164352 free
2024-10-22T11:16:17.471+0530 [DEBUG] [org.gradle.workers.internal.WorkerDaemonExpiration] Will attempt to release 793 of memory
2024-10-22T11:16:17.471+0530 [DEBUG] [org.gradle.process.internal.health.memory.DefaultMemoryManager] 831603097 memory requested, 0 released, 696164352 free
2024-10-22T11:16:19.302+0530 [DEBUG] [org.gradle.cache.internal.DefaultFileLockManager] Waiting to acquire shared lock on daemon addresses registry.
2024-10-22T11:16:19.303+0530 [DEBUG] [org.gradle.cache.internal.DefaultFileLockManager] Lock acquired on daemon addresses registry.
2024-10-22T11:16:19.303+0530 [DEBUG] [org.gradle.cache.internal.DefaultFileLockManager] Releasing lock on daemon addresses registry.
2024-10-22T11:16:19.305+0530 [DEBUG] [org.gradle.cache.internal.DefaultFileLockManager] Waiting to acquire shared lock on daemon addresses registry.
2024-10-22T11:16:19.305+0530 [DEBUG] [org.gradle.cache.internal.DefaultFileLockManager] Lock acquired on daemon addresses registry.
2024-10-22T11:16:19.305+0530 [DEBUG] [org.gradle.cache.internal.DefaultFileLockManager] Releasing lock on daemon addresses registry.
2024-10-22T11:16:19.306+0530 [DEBUG] [org.gradle.cache.internal.DefaultFileLockManager] Waiting to acquire shared lock on daemon addresses registry.
2024-10-22T11:16:19.307+0530 [DEBUG] [org.gradle.cache.internal.DefaultFileLockManager] Lock acquired on daemon addresses registry.
2024-10-22T11:16:19.310+0530 [DEBUG] [org.gradle.cache.internal.DefaultFileLockManager] Releasing lock on daemon addresses registry.
2024-10-22T11:16:22.462+0530 [DEBUG] [org.gradle.process.internal.health.memory.DefaultMemoryManager] 831603097 memory requested, 584011776 free
2024-10-22T11:16:22.463+0530 [DEBUG] [org.gradle.workers.internal.WorkerDaemonExpiration] Will attempt to release 793 of memory
2024-10-22T11:16:22.463+0530 [DEBUG] [org.gradle.process.internal.health.memory.DefaultMemoryManager] 831603097 memory requested, 0 released, 584011776 free
2024-10-22T11:16:27.455+0530 [DEBUG] [org.gradle.process.internal.health.memory.DefaultMemoryManager] 831603097 memory requested, 500940800 free
2024-10-22T11:16:27.455+0530 [DEBUG] [org.gradle.workers.internal.WorkerDaemonExpiration] Will attempt to release 793 of memory
2024-10-22T11:16:27.456+0530 [DEBUG] [org.gradle.process.internal.health.memory.DefaultMemoryManager] 831603097 memory requested, 0 released, 500940800 free
2024-10-22T11:16:29.302+0530 [DEBUG] [org.gradle.cache.internal.DefaultFileLockManager] Waiting to acquire shared lock on daemon addresses registry.
2024-10-22T11:16:29.303+0530 [DEBUG] [org.gradle.cache.internal.DefaultFileLockManager] Lock acquired on daemon addresses registry.
2024-10-22T11:16:29.305+0530 [DEBUG] [org.gradle.cache.internal.DefaultFileLockManager] Releasing lock on daemon addresses registry.
2024-10-22T11:16:29.306+0530 [DEBUG] [org.gradle.cache.internal.DefaultFileLockManager] Waiting to acquire shared lock on daemon addresses registry.
2024-10-22T11:16:29.307+0530 [DEBUG] [org.gradle.cache.internal.DefaultFileLockManager] Lock acquired on daemon addresses registry.
2024-10-22T11:16:29.307+0530 [DEBUG] [org.gradle.cache.internal.DefaultFileLockManager] Releasing lock on daemon addresses registry.
2024-10-22T11:16:29.308+0530 [DEBUG] [org.gradle.cache.internal.DefaultFileLockManager] Waiting to acquire shared lock on daemon addresses registry.
2024-10-22T11:16:29.308+0530 [DEBUG] [org.gradle.cache.internal.DefaultFileLockManager] Lock acquired on daemon addresses registry.
2024-10-22T11:16:29.309+0530 [DEBUG] [org.gradle.cache.internal.DefaultFileLockManager] Releasing lock on daemon addresses registry.
2024-10-22T11:16:32.465+0530 [DEBUG] [org.gradle.process.internal.health.memory.DefaultMemoryManager] 831603097 memory requested, 504045568 free
2024-10-22T11:16:32.465+0530 [DEBUG] [org.gradle.workers.internal.WorkerDaemonExpiration] Will attempt to release 793 of memory
2024-10-22T11:16:32.465+0530 [DEBUG] [org.gradle.process.internal.health.memory.DefaultMemoryManager] 831603097 memory requested, 0 released, 504045568 free
2024-10-22T11:16:37.460+0530 [DEBUG] [org.gradle.process.internal.health.memory.DefaultMemoryManager] 831603097 memory requested, 463343616 free
2024-10-22T11:16:37.460+0530 [DEBUG] [org.gradle.workers.internal.WorkerDaemonExpiration] Will attempt to release 793 of memory
2024-10-22T11:16:37.460+0530 [DEBUG] [org.gradle.process.internal.health.memory.DefaultMemoryManager] 831603097 memory requested, 0 released, 463343616 free
2024-10-22T11:16:39.310+0530 [DEBUG] [org.gradle.cache.internal.DefaultFileLockManager] Waiting to acquire shared lock on daemon addresses registry.
2024-10-22T11:16:39.310+0530 [DEBUG] [org.gradle.cache.internal.DefaultFileLockManager] Lock acquired on daemon addresses registry.
2024-10-22T11:16:39.311+0530 [DEBUG] [org.gradle.cache.internal.DefaultFileLockManager] Releasing lock on daemon addresses registry.
2024-10-22T11:16:39.313+0530 [DEBUG] [org.gradle.cache.internal.DefaultFileLockManager] Waiting to acquire shared lock on daemon addresses registry.
2024-10-22T11:16:39.313+0530 [DEBUG] [org.gradle.cache.internal.DefaultFileLockManager] Lock acquired on daemon addresses registry.
2024-10-22T11:16:39.314+0530 [DEBUG] [org.gradle.cache.internal.DefaultFileLockManager] Releasing lock on daemon addresses registry.
2024-10-22T11:16:39.314+0530 [DEBUG] [org.gradle.cache.internal.DefaultFileLockManager] Waiting to acquire shared lock on daemon addresses registry.
2024-10-22T11:16:39.315+0530 [DEBUG] [org.gradle.cache.internal.DefaultFileLockManager] Lock acquired on daemon addresses registry.
2024-10-22T11:16:39.315+0530 [DEBUG] [org.gradle.cache.internal.DefaultFileLockManager] Releasing lock on daemon addresses registry.
2024-10-22T11:16:42.462+0530 [DEBUG] [org.gradle.process.internal.health.memory.DefaultMemoryManager] 831603097 memory requested, 396189696 free
2024-10-22T11:16:42.462+0530 [DEBUG] [org.gradle.workers.internal.WorkerDaemonExpiration] Will attempt to release 793 of memory
2024-10-22T11:16:42.463+0530 [DEBUG] [org.gradle.process.internal.health.memory.DefaultMemoryManager] 831603097 memory requested, 0 released, 396189696 free
2024-10-22T11:16:47.462+0530 [DEBUG] [org.gradle.process.internal.health.memory.DefaultMemoryManager] 831603097 memory requested, 390631424 free
2024-10-22T11:16:47.463+0530 [DEBUG] [org.gradle.workers.internal.WorkerDaemonExpiration] Will attempt to release 793 of memory
2024-10-22T11:16:47.463+0530 [DEBUG] [org.gradle.process.internal.health.memory.DefaultMemoryManager] 831603097 memory requested, 0 released, 390631424 free
2024-10-22T11:16:49.295+0530 [DEBUG] [org.gradle.cache.internal.DefaultFileLockManager] Waiting to acquire shared lock on daemon addresses registry.
2024-10-22T11:16:49.295+0530 [DEBUG] [org.gradle.cache.internal.DefaultFileLockManager] Lock acquired on daemon addresses registry.
2024-10-22T11:16:49.296+0530 [DEBUG] [org.gradle.cache.internal.DefaultFileLockManager] Releasing lock on daemon addresses registry.
2024-10-22T11:16:49.297+0530 [DEBUG] [org.gradle.cache.internal.DefaultFileLockManager] Waiting to acquire shared lock on daemon addresses registry.
2024-10-22T11:16:49.297+0530 [DEBUG] [org.gradle.cache.internal.DefaultFileLockManager] Lock acquired on daemon addresses registry.
2024-10-22T11:16:49.298+0530 [DEBUG] [org.gradle.cache.internal.DefaultFileLockManager] Releasing lock on daemon addresses registry.
2024-10-22T11:16:49.298+0530 [DEBUG] [org.gradle.cache.internal.DefaultFileLockManager] Waiting to acquire shared lock on daemon addresses registry.
2024-10-22T11:16:49.299+0530 [DEBUG] [org.gradle.cache.internal.DefaultFileLockManager] Lock acquired on daemon addresses registry.
2024-10-22T11:16:49.299+0530 [DEBUG] [org.gradle.cache.internal.DefaultFileLockManager] Releasing lock on daemon addresses registry.
2024-10-22T11:16:52.463+0530 [DEBUG] [org.gradle.process.internal.health.memory.DefaultMemoryManager] 831603097 memory requested, 352575488 free
2024-10-22T11:16:52.463+0530 [DEBUG] [org.gradle.workers.internal.WorkerDaemonExpiration] Will attempt to release 793 of memory
2024-10-22T11:16:52.464+0530 [DEBUG] [org.gradle.process.internal.health.memory.DefaultMemoryManager] 831603097 memory requested, 0 released, 352575488 free
2024-10-22T11:16:57.467+0530 [DEBUG] [org.gradle.process.internal.health.memory.DefaultMemoryManager] 831603097 memory requested, 284999680 free
2024-10-22T11:16:57.467+0530 [DEBUG] [org.gradle.workers.internal.WorkerDaemonExpiration] Will attempt to release 793 of memory
2024-10-22T11:16:57.467+0530 [DEBUG] [org.gradle.process.internal.health.memory.DefaultMemoryManager] 831603097 memory requested, 0 released, 284999680 free
2024-10-22T11:16:59.293+0530 [DEBUG] [org.gradle.cache.internal.DefaultFileLockManager] Waiting to acquire shared lock on daemon addresses registry.
2024-10-22T11:16:59.293+0530 [DEBUG] [org.gradle.cache.internal.DefaultFileLockManager] Lock acquired on daemon addresses registry.
2024-10-22T11:16:59.294+0530 [DEBUG] [org.gradle.cache.internal.DefaultFileLockManager] Releasing lock on daemon addresses registry.
2024-10-22T11:16:59.295+0530 [DEBUG] [org.gradle.cache.internal.DefaultFileLockManager] Waiting to acquire shared lock on daemon addresses registry.
2024-10-22T11:16:59.296+0530 [DEBUG] [org.gradle.cache.internal.DefaultFileLockManager] Lock acquired on daemon addresses registry.
2024-10-22T11:16:59.297+0530 [DEBUG] [org.gradle.cache.internal.DefaultFileLockManager] Releasing lock on daemon addresses registry.
2024-10-22T11:16:59.298+0530 [DEBUG] [org.gradle.cache.internal.DefaultFileLockManager] Waiting to acquire shared lock on daemon addresses registry.
2024-10-22T11:16:59.298+0530 [DEBUG] [org.gradle.cache.internal.DefaultFileLockManager] Lock acquired on daemon addresses registry.
2024-10-22T11:16:59.299+0530 [DEBUG] [org.gradle.cache.internal.DefaultFileLockManager] Releasing lock on daemon addresses registry.
2024-10-22T11:17:02.457+0530 [DEBUG] [org.gradle.process.internal.health.memory.DefaultMemoryManager] 831603097 memory requested, 443056128 free
2024-10-22T11:17:02.457+0530 [DEBUG] [org.gradle.workers.internal.WorkerDaemonExpiration] Will attempt to release 793 of memory
2024-10-22T11:17:02.457+0530 [DEBUG] [org.gradle.process.internal.health.memory.DefaultMemoryManager] 831603097 memory requested, 0 released, 443056128 free
2024-10-22T11:17:07.464+0530 [DEBUG] [org.gradle.process.internal.health.memory.DefaultMemoryManager] 831603097 memory requested, 230629376 free
2024-10-22T11:17:07.464+0530 [DEBUG] [org.gradle.workers.internal.WorkerDaemonExpiration] Will attempt to release 793 of memory
2024-10-22T11:17:07.464+0530 [DEBUG] [org.gradle.process.internal.health.memory.DefaultMemoryManager] 831603097 memory requested, 0 released, 230629376 free
2024-10-22T11:17:09.290+0530 [DEBUG] [org.gradle.cache.internal.DefaultFileLockManager] Waiting to acquire shared lock on daemon addresses registry.
2024-10-22T11:17:09.291+0530 [DEBUG] [org.gradle.cache.internal.DefaultFileLockManager] Lock acquired on daemon addresses registry.
2024-10-22T11:17:09.292+0530 [DEBUG] [org.gradle.cache.internal.DefaultFileLockManager] Releasing lock on daemon addresses registry.
2024-10-22T11:17:09.293+0530 [DEBUG] [org.gradle.cache.internal.DefaultFileLockManager] Waiting to acquire shared lock on daemon addresses registry.
2024-10-22T11:17:09.293+0530 [DEBUG] [org.gradle.cache.internal.DefaultFileLockManager] Lock acquired on daemon addresses registry.
2024-10-22T11:17:09.294+0530 [DEBUG] [org.gradle.cache.internal.DefaultFileLockManager] Releasing lock on daemon addresses registry.
2024-10-22T11:17:09.294+0530 [DEBUG] [org.gradle.cache.internal.DefaultFileLockManager] Waiting to acquire shared lock on daemon addresses registry.
2024-10-22T11:17:09.295+0530 [DEBUG] [org.gradle.cache.internal.DefaultFileLockManager] Lock acquired on daemon addresses registry.
2024-10-22T11:17:09.295+0530 [DEBUG] [org.gradle.cache.internal.DefaultFileLockManager] Releasing lock on daemon addresses registry.
2024-10-22T11:17:12.475+0530 [DEBUG] [org.gradle.process.internal.health.memory.DefaultMemoryManager] 831603097 memory requested, 280625152 free
2024-10-22T11:17:12.475+0530 [DEBUG] [org.gradle.workers.internal.WorkerDaemonExpiration] Will attempt to release 793 of memory
2024-10-22T11:17:12.475+0530 [DEBUG] [org.gradle.process.internal.health.memory.DefaultMemoryManager] 831603097 memory requested, 0 released, 280625152 free
2024-10-22T11:17:17.461+0530 [DEBUG] [org.gradle.process.internal.health.memory.DefaultMemoryManager] 831603097 memory requested, 623144960 free
2024-10-22T11:17:17.461+0530 [DEBUG] [org.gradle.workers.internal.WorkerDaemonExpiration] Will attempt to release 793 of memory
2024-10-22T11:17:17.461+0530 [DEBUG] [org.gradle.process.internal.health.memory.DefaultMemoryManager] 831603097 memory requested, 0 released, 623144960 free
2024-10-22T11:17:19.300+0530 [DEBUG] [org.gradle.cache.internal.DefaultFileLockManager] Waiting to acquire shared lock on daemon addresses registry.
2024-10-22T11:17:19.301+0530 [DEBUG] [org.gradle.cache.internal.DefaultFileLockManager] Lock acquired on daemon addresses registry.
2024-10-22T11:17:19.302+0530 [DEBUG] [org.gradle.cache.internal.DefaultFileLockManager] Releasing lock on daemon addresses registry.
2024-10-22T11:17:19.318+0530 [DEBUG] [org.gradle.cache.internal.DefaultFileLockManager] Waiting to acquire shared lock on daemon addresses registry.
2024-10-22T11:17:19.319+0530 [DEBUG] [org.gradle.cache.internal.DefaultFileLockManager] Lock acquired on daemon addresses registry.
2024-10-22T11:17:19.319+0530 [DEBUG] [org.gradle.cache.internal.DefaultFileLockManager] Releasing lock on daemon addresses registry.
2024-10-22T11:17:19.324+0530 [DEBUG] [org.gradle.cache.internal.DefaultFileLockManager] Waiting to acquire shared lock on daemon addresses registry.
2024-10-22T11:17:19.324+0530 [DEBUG] [org.gradle.cache.internal.DefaultFileLockManager] Lock acquired on daemon addresses registry.
2024-10-22T11:17:19.325+0530 [DEBUG] [org.gradle.cache.internal.DefaultFileLockManager] Releasing lock on daemon addresses registry.
2024-10-22T11:17:22.609+0530 [DEBUG] [org.gradle.process.internal.health.memory.DefaultMemoryManager] 831603097 memory requested, 559538176 free
2024-10-22T11:17:22.609+0530 [DEBUG] [org.gradle.workers.internal.WorkerDaemonExpiration] Will attempt to release 793 of memory
2024-10-22T11:17:22.609+0530 [DEBUG] [org.gradle.process.internal.health.memory.DefaultMemoryManager] 831603097 memory requested, 0 released, 559538176 free
2024-10-22T11:17:27.504+0530 [DEBUG] [org.gradle.process.internal.health.memory.DefaultMemoryManager] 831603097 memory requested, 388247552 free
2024-10-22T11:17:27.504+0530 [DEBUG] [org.gradle.workers.internal.WorkerDaemonExpiration] Will attempt to release 793 of memory
2024-10-22T11:17:27.505+0530 [DEBUG] [org.gradle.process.internal.health.memory.DefaultMemoryManager] 831603097 memory requested, 0 released, 388247552 free
2024-10-22T11:17:29.310+0530 [DEBUG] [org.gradle.cache.internal.DefaultFileLockManager] Waiting to acquire shared lock on daemon addresses registry.
2024-10-22T11:17:29.312+0530 [DEBUG] [org.gradle.cache.internal.DefaultFileLockManager] Lock acquired on daemon addresses registry.
2024-10-22T11:17:29.326+0530 [DEBUG] [org.gradle.cache.internal.DefaultFileLockManager] Releasing lock on daemon addresses registry.
2024-10-22T11:17:29.328+0530 [DEBUG] [org.gradle.cache.internal.DefaultFileLockManager] Waiting to acquire shared lock on daemon addresses registry.
2024-10-22T11:17:29.328+0530 [DEBUG] [org.gradle.cache.internal.DefaultFileLockManager] Lock acquired on daemon addresses registry.
2024-10-22T11:17:29.328+0530 [DEBUG] [org.gradle.cache.internal.DefaultFileLockManager] Releasing lock on daemon addresses registry.
2024-10-22T11:17:29.329+0530 [DEBUG] [org.gradle.cache.internal.DefaultFileLockManager] Waiting to acquire shared lock on daemon addresses registry.
2024-10-22T11:17:29.329+0530 [DEBUG] [org.gradle.cache.internal.DefaultFileLockManager] Lock acquired on daemon addresses registry.
2024-10-22T11:17:29.329+0530 [DEBUG] [org.gradle.cache.internal.DefaultFileLockManager] Releasing lock on daemon addresses registry.
2024-10-22T11:17:32.467+0530 [DEBUG] [org.gradle.process.internal.health.memory.DefaultMemoryManager] 831603097 memory requested, 454012928 free
2024-10-22T11:17:32.467+0530 [DEBUG] [org.gradle.workers.internal.WorkerDaemonExpiration] Will attempt to release 793 of memory
2024-10-22T11:17:32.467+0530 [DEBUG] [org.gradle.process.internal.health.memory.DefaultMemoryManager] 831603097 memory requested, 0 released, 454012928 free
2024-10-22T11:17:37.456+0530 [DEBUG] [org.gradle.process.internal.health.memory.DefaultMemoryManager] 831603097 memory requested, 398467072 free
2024-10-22T11:17:37.457+0530 [DEBUG] [org.gradle.workers.internal.WorkerDaemonExpiration] Will attempt to release 793 of memory
2024-10-22T11:17:37.457+0530 [DEBUG] [org.gradle.process.internal.health.memory.DefaultMemoryManager] 831603097 memory requested, 0 released, 398467072 free
2024-10-22T11:17:39.315+0530 [DEBUG] [org.gradle.cache.internal.DefaultFileLockManager] Waiting to acquire shared lock on daemon addresses registry.
2024-10-22T11:17:39.317+0530 [DEBUG] [org.gradle.cache.internal.DefaultFileLockManager] Lock acquired on daemon addresses registry.
2024-10-22T11:17:39.325+0530 [DEBUG] [org.gradle.cache.internal.DefaultFileLockManager] Releasing lock on daemon addresses registry.
2024-10-22T11:17:39.327+0530 [DEBUG] [org.gradle.cache.internal.DefaultFileLockManager] Waiting to acquire shared lock on daemon addresses registry.
2024-10-22T11:17:39.327+0530 [DEBUG] [org.gradle.cache.internal.DefaultFileLockManager] Lock acquired on daemon addresses registry.
2024-10-22T11:17:39.329+0530 [DEBUG] [org.gradle.cache.internal.DefaultFileLockManager] Releasing lock on daemon addresses registry.
2024-10-22T11:17:39.333+0530 [DEBUG] [org.gradle.cache.internal.DefaultFileLockManager] Waiting to acquire shared lock on daemon addresses registry.
2024-10-22T11:17:39.334+0530 [DEBUG] [org.gradle.cache.internal.DefaultFileLockManager] Lock acquired on daemon addresses registry.
2024-10-22T11:17:39.342+0530 [DEBUG] [org.gradle.cache.internal.DefaultFileLockManager] Releasing lock on daemon addresses registry.
2024-10-22T11:17:42.647+0530 [DEBUG] [org.gradle.process.internal.health.memory.DefaultMemoryManager] 831603097 memory requested, 491388928 free
2024-10-22T11:17:42.647+0530 [DEBUG] [org.gradle.workers.internal.WorkerDaemonExpiration] Will attempt to release 793 of memory
2024-10-22T11:17:42.649+0530 [DEBUG] [org.gradle.process.internal.health.memory.DefaultMemoryManager] 831603097 memory requested, 0 released, 491388928 free
2024-10-22T11:17:47.461+0530 [DEBUG] [org.gradle.process.internal.health.memory.DefaultMemoryManager] 831603097 memory requested, 583028736 free
2024-10-22T11:17:47.475+0530 [DEBUG] [org.gradle.workers.internal.WorkerDaemonExpiration] Will attempt to release 793 of memory
2024-10-22T11:17:47.478+0530 [DEBUG] [org.gradle.process.internal.health.memory.DefaultMemoryManager] 831603097 memory requested, 0 released, 583028736 free
2024-10-22T11:17:49.302+0530 [DEBUG] [org.gradle.cache.internal.DefaultFileLockManager] Waiting to acquire shared lock on daemon addresses registry.
2024-10-22T11:17:49.305+0530 [DEBUG] [org.gradle.cache.internal.DefaultFileLockManager] Lock acquired on daemon addresses registry.
2024-10-22T11:17:49.306+0530 [DEBUG] [org.gradle.cache.internal.DefaultFileLockManager] Releasing lock on daemon addresses registry.
2024-10-22T11:17:49.307+0530 [DEBUG] [org.gradle.cache.internal.DefaultFileLockManager] Waiting to acquire shared lock on daemon addresses registry.
2024-10-22T11:17:49.307+0530 [DEBUG] [org.gradle.cache.internal.DefaultFileLockManager] Lock acquired on daemon addresses registry.
2024-10-22T11:17:49.325+0530 [DEBUG] [org.gradle.cache.internal.DefaultFileLockManager] Releasing lock on daemon addresses registry.
2024-10-22T11:17:49.326+0530 [DEBUG] [org.gradle.cache.internal.DefaultFileLockManager] Waiting to acquire shared lock on daemon addresses registry.
2024-10-22T11:17:49.326+0530 [DEBUG] [org.gradle.cache.internal.DefaultFileLockManager] Lock acquired on daemon addresses registry.
2024-10-22T11:17:49.326+0530 [DEBUG] [org.gradle.cache.internal.DefaultFileLockManager] Releasing lock on daemon addresses registry.
2024-10-22T11:17:52.467+0530 [DEBUG] [org.gradle.process.internal.health.memory.DefaultMemoryManager] 831603097 memory requested, 571232256 free
2024-10-22T11:17:52.467+0530 [DEBUG] [org.gradle.workers.internal.WorkerDaemonExpiration] Will attempt to release 793 of memory
2024-10-22T11:17:52.467+0530 [DEBUG] [org.gradle.process.internal.health.memory.DefaultMemoryManager] 831603097 memory requested, 0 released, 571232256 free
2024-10-22T11:17:57.465+0530 [DEBUG] [org.gradle.process.internal.health.memory.DefaultMemoryManager] 831603097 memory requested, 504229888 free
2024-10-22T11:17:57.474+0530 [DEBUG] [org.gradle.workers.internal.WorkerDaemonExpiration] Will attempt to release 793 of memory
2024-10-22T11:17:57.479+0530 [DEBUG] [org.gradle.process.internal.health.memory.DefaultMemoryManager] 831603097 memory requested, 0 released, 504229888 free
2024-10-22T11:17:59.302+0530 [DEBUG] [org.gradle.cache.internal.DefaultFileLockManager] Waiting to acquire shared lock on daemon addresses registry.
2024-10-22T11:17:59.303+0530 [DEBUG] [org.gradle.cache.internal.DefaultFileLockManager] Lock acquired on daemon addresses registry.
2024-10-22T11:17:59.304+0530 [DEBUG] [org.gradle.cache.internal.DefaultFileLockManager] Releasing lock on daemon addresses registry.
2024-10-22T11:17:59.307+0530 [DEBUG] [org.gradle.cache.internal.DefaultFileLockManager] Waiting to acquire shared lock on daemon addresses registry.
2024-10-22T11:17:59.307+0530 [DEBUG] [org.gradle.cache.internal.DefaultFileLockManager] Lock acquired on daemon addresses registry.
2024-10-22T11:17:59.308+0530 [DEBUG] [org.gradle.cache.internal.DefaultFileLockManager] Releasing lock on daemon addresses registry.
2024-10-22T11:17:59.312+0530 [DEBUG] [org.gradle.cache.internal.DefaultFileLockManager] Waiting to acquire shared lock on daemon addresses registry.
2024-10-22T11:17:59.312+0530 [DEBUG] [org.gradle.cache.internal.DefaultFileLockManager] Lock acquired on daemon addresses registry.
2024-10-22T11:17:59.313+0530 [DEBUG] [org.gradle.cache.internal.DefaultFileLockManager] Releasing lock on daemon addresses registry.
2024-10-22T11:18:09.289+0530 [DEBUG] [org.gradle.cache.internal.DefaultFileLockManager] Waiting to acquire shared lock on daemon addresses registry.
2024-10-22T11:18:09.289+0530 [DEBUG] [org.gradle.cache.internal.DefaultFileLockManager] Lock acquired on daemon addresses registry.
2024-10-22T11:18:09.291+0530 [DEBUG] [org.gradle.cache.internal.DefaultFileLockManager] Releasing lock on daemon addresses registry.
2024-10-22T11:18:09.292+0530 [DEBUG] [org.gradle.cache.internal.DefaultFileLockManager] Waiting to acquire shared lock on daemon addresses registry.
2024-10-22T11:18:09.292+0530 [DEBUG] [org.gradle.cache.internal.DefaultFileLockManager] Lock acquired on daemon addresses registry.
2024-10-22T11:18:09.294+0530 [DEBUG] [org.gradle.cache.internal.DefaultFileLockManager] Releasing lock on daemon addresses registry.
2024-10-22T11:18:09.295+0530 [DEBUG] [org.gradle.cache.internal.DefaultFileLockManager] Waiting to acquire shared lock on daemon addresses registry.
2024-10-22T11:18:09.295+0530 [DEBUG] [org.gradle.cache.internal.DefaultFileLockManager] Lock acquired on daemon addresses registry.
2024-10-22T11:18:09.296+0530 [DEBUG] [org.gradle.cache.internal.DefaultFileLockManager] Releasing lock on daemon addresses registry.
2024-10-22T11:18:17.460+0530 [DEBUG] [org.gradle.process.internal.health.memory.DefaultMemoryManager] 831603097 memory requested, 785600512 free
2024-10-22T11:18:17.461+0530 [DEBUG] [org.gradle.workers.internal.WorkerDaemonExpiration] Will attempt to release 793 of memory
2024-10-22T11:18:17.461+0530 [DEBUG] [org.gradle.process.internal.health.memory.DefaultMemoryManager] 831603097 memory requested, 0 released, 785600512 free
2024-10-22T11:18:19.302+0530 [DEBUG] [org.gradle.cache.internal.DefaultFileLockManager] Waiting to acquire shared lock on daemon addresses registry.
2024-10-22T11:18:19.302+0530 [DEBUG] [org.gradle.cache.internal.DefaultFileLockManager] Lock acquired on daemon addresses registry.
2024-10-22T11:18:19.302+0530 [DEBUG] [org.gradle.cache.internal.DefaultFileLockManager] Releasing lock on daemon addresses registry.
2024-10-22T11:18:19.303+0530 [DEBUG] [org.gradle.cache.internal.DefaultFileLockManager] Waiting to acquire shared lock on daemon addresses registry.
2024-10-22T11:18:19.304+0530 [DEBUG] [org.gradle.cache.internal.DefaultFileLockManager] Lock acquired on daemon addresses registry.
2024-10-22T11:18:19.304+0530 [DEBUG] [org.gradle.cache.internal.DefaultFileLockManager] Releasing lock on daemon addresses registry.
2024-10-22T11:18:19.304+0530 [DEBUG] [org.gradle.cache.internal.DefaultFileLockManager] Waiting to acquire shared lock on daemon addresses registry.
2024-10-22T11:18:19.304+0530 [DEBUG] [org.gradle.cache.internal.DefaultFileLockManager] Lock acquired on daemon addresses registry.
2024-10-22T11:18:19.306+0530 [DEBUG] [org.gradle.cache.internal.DefaultFileLockManager] Releasing lock on daemon addresses registry.
2024-10-22T11:18:22.469+0530 [DEBUG] [org.gradle.process.internal.health.memory.DefaultMemoryManager] 831603097 memory requested, 610369536 free
2024-10-22T11:18:22.469+0530 [DEBUG] [org.gradle.workers.internal.WorkerDaemonExpiration] Will attempt to release 793 of memory
2024-10-22T11:18:22.469+0530 [DEBUG] [org.gradle.process.internal.health.memory.DefaultMemoryManager] 831603097 memory requested, 0 released, 610369536 free
2024-10-22T11:18:27.469+0530 [DEBUG] [org.gradle.process.internal.health.memory.DefaultMemoryManager] 831603097 memory requested, 649945088 free
2024-10-22T11:18:27.469+0530 [DEBUG] [org.gradle.workers.internal.WorkerDaemonExpiration] Will attempt to release 793 of memory
2024-10-22T11:18:27.469+0530 [DEBUG] [org.gradle.process.internal.health.memory.DefaultMemoryManager] 831603097 memory requested, 0 released, 649945088 free
2024-10-22T11:18:29.290+0530 [DEBUG] [org.gradle.cache.internal.DefaultFileLockManager] Waiting to acquire shared lock on daemon addresses registry.
2024-10-22T11:18:29.291+0530 [DEBUG] [org.gradle.cache.internal.DefaultFileLockManager] Lock acquired on daemon addresses registry.
2024-10-22T11:18:29.293+0530 [DEBUG] [org.gradle.cache.internal.DefaultFileLockManager] Releasing lock on daemon addresses registry.
2024-10-22T11:18:29.295+0530 [DEBUG] [org.gradle.cache.internal.DefaultFileLockManager] Waiting to acquire shared lock on daemon addresses registry.
2024-10-22T11:18:29.295+0530 [DEBUG] [org.gradle.cache.internal.DefaultFileLockManager] Lock acquired on daemon addresses registry.
2024-10-22T11:18:29.296+0530 [DEBUG] [org.gradle.cache.internal.DefaultFileLockManager] Releasing lock on daemon addresses registry.
2024-10-22T11:18:29.298+0530 [DEBUG] [org.gradle.cache.internal.DefaultFileLockManager] Waiting to acquire shared lock on daemon addresses registry.
2024-10-22T11:18:29.298+0530 [DEBUG] [org.gradle.cache.internal.DefaultFileLockManager] Lock acquired on daemon addresses registry.
2024-10-22T11:18:29.298+0530 [DEBUG] [org.gradle.cache.internal.DefaultFileLockManager] Releasing lock on daemon addresses registry.
2024-10-22T11:18:32.457+0530 [DEBUG] [org.gradle.process.internal.health.memory.DefaultMemoryManager] 831603097 memory requested, 618090496 free
2024-10-22T11:18:32.459+0530 [DEBUG] [org.gradle.workers.internal.WorkerDaemonExpiration] Will attempt to release 793 of memory
2024-10-22T11:18:32.459+0530 [DEBUG] [org.gradle.process.internal.health.memory.DefaultMemoryManager] 831603097 memory requested, 0 released, 618090496 free
2024-10-22T11:18:37.457+0530 [DEBUG] [org.gradle.process.internal.health.memory.DefaultMemoryManager] 831603097 memory requested, 580296704 free
2024-10-22T11:18:37.458+0530 [DEBUG] [org.gradle.workers.internal.WorkerDaemonExpiration] Will attempt to release 793 of memory
2024-10-22T11:18:37.458+0530 [DEBUG] [org.gradle.process.internal.health.memory.DefaultMemoryManager] 831603097 memory requested, 0 released, 580296704 free
2024-10-22T11:18:39.297+0530 [DEBUG] [org.gradle.cache.internal.DefaultFileLockManager] Waiting to acquire shared lock on daemon addresses registry.
2024-10-22T11:18:39.297+0530 [DEBUG] [org.gradle.cache.internal.DefaultFileLockManager] Lock acquired on daemon addresses registry.
2024-10-22T11:18:39.298+0530 [DEBUG] [org.gradle.cache.internal.DefaultFileLockManager] Releasing lock on daemon addresses registry.
2024-10-22T11:18:39.299+0530 [DEBUG] [org.gradle.cache.internal.DefaultFileLockManager] Waiting to acquire shared lock on daemon addresses registry.
2024-10-22T11:18:39.300+0530 [DEBUG] [org.gradle.cache.internal.DefaultFileLockManager] Lock acquired on daemon addresses registry.
2024-10-22T11:18:39.300+0530 [DEBUG] [org.gradle.cache.internal.DefaultFileLockManager] Releasing lock on daemon addresses registry.
2024-10-22T11:18:39.301+0530 [DEBUG] [org.gradle.cache.internal.DefaultFileLockManager] Waiting to acquire shared lock on daemon addresses registry.
2024-10-22T11:18:39.301+0530 [DEBUG] [org.gradle.cache.internal.DefaultFileLockManager] Lock acquired on daemon addresses registry.
2024-10-22T11:18:39.303+0530 [DEBUG] [org.gradle.cache.internal.DefaultFileLockManager] Releasing lock on daemon addresses registry.
2024-10-22T11:18:42.468+0530 [DEBUG] [org.gradle.process.internal.health.memory.DefaultMemoryManager] 831603097 memory requested, 510435328 free
2024-10-22T11:18:42.468+0530 [DEBUG] [org.gradle.workers.internal.WorkerDaemonExpiration] Will attempt to release 793 of memory
2024-10-22T11:18:42.468+0530 [DEBUG] [org.gradle.process.internal.health.memory.DefaultMemoryManager] 831603097 memory requested, 0 released, 510435328 free
2024-10-22T11:18:47.467+0530 [DEBUG] [org.gradle.process.internal.health.memory.DefaultMemoryManager] 831603097 memory requested, 414420992 free
2024-10-22T11:18:47.467+0530 [DEBUG] [org.gradle.workers.internal.WorkerDaemonExpiration] Will attempt to release 793 of memory
2024-10-22T11:18:47.467+0530 [DEBUG] [org.gradle.process.internal.health.memory.DefaultMemoryManager] 831603097 memory requested, 0 released, 414420992 free
2024-10-22T11:18:49.300+0530 [DEBUG] [org.gradle.cache.internal.DefaultFileLockManager] Waiting to acquire shared lock on daemon addresses registry.
2024-10-22T11:18:49.300+0530 [DEBUG] [org.gradle.cache.internal.DefaultFileLockManager] Lock acquired on daemon addresses registry.
2024-10-22T11:18:49.301+0530 [DEBUG] [org.gradle.cache.internal.DefaultFileLockManager] Releasing lock on daemon addresses registry.
2024-10-22T11:18:49.302+0530 [DEBUG] [org.gradle.cache.internal.DefaultFileLockManager] Waiting to acquire shared lock on daemon addresses registry.
2024-10-22T11:18:49.302+0530 [DEBUG] [org.gradle.cache.internal.DefaultFileLockManager] Lock acquired on daemon addresses registry.
2024-10-22T11:18:49.302+0530 [DEBUG] [org.gradle.cache.internal.DefaultFileLockManager] Releasing lock on daemon addresses registry.
2024-10-22T11:18:49.303+0530 [DEBUG] [org.gradle.cache.internal.DefaultFileLockManager] Waiting to acquire shared lock on daemon addresses registry.
2024-10-22T11:18:49.320+0530 [DEBUG] [org.gradle.cache.internal.DefaultFileLockManager] Lock acquired on daemon addresses registry.
2024-10-22T11:18:49.321+0530 [DEBUG] [org.gradle.cache.internal.DefaultFileLockManager] Releasing lock on daemon addresses registry.
2024-10-22T11:18:52.463+0530 [DEBUG] [org.gradle.process.internal.health.memory.DefaultMemoryManager] 831603097 memory requested, 520531968 free
2024-10-22T11:18:52.463+0530 [DEBUG] [org.gradle.workers.internal.WorkerDaemonExpiration] Will attempt to release 793 of memory
2024-10-22T11:18:52.463+0530 [DEBUG] [org.gradle.process.internal.health.memory.DefaultMemoryManager] 831603097 memory requested, 0 released, 520531968 free
2024-10-22T11:18:57.468+0530 [DEBUG] [org.gradle.process.internal.health.memory.DefaultMemoryManager] 831603097 memory requested, 423014400 free
2024-10-22T11:18:57.468+0530 [DEBUG] [org.gradle.workers.internal.WorkerDaemonExpiration] Will attempt to release 793 of memory
2024-10-22T11:18:57.468+0530 [DEBUG] [org.gradle.process.internal.health.memory.DefaultMemoryManager] 831603097 memory requested, 0 released, 423014400 free
2024-10-22T11:18:59.297+0530 [DEBUG] [org.gradle.cache.internal.DefaultFileLockManager] Waiting to acquire shared lock on daemon addresses registry.
2024-10-22T11:18:59.297+0530 [DEBUG] [org.gradle.cache.internal.DefaultFileLockManager] Lock acquired on daemon addresses registry.
2024-10-22T11:18:59.298+0530 [DEBUG] [org.gradle.cache.internal.DefaultFileLockManager] Releasing lock on daemon addresses registry.
2024-10-22T11:18:59.300+0530 [DEBUG] [org.gradle.cache.internal.DefaultFileLockManager] Waiting to acquire shared lock on daemon addresses registry.
2024-10-22T11:18:59.300+0530 [DEBUG] [org.gradle.cache.internal.DefaultFileLockManager] Lock acquired on daemon addresses registry.
2024-10-22T11:18:59.301+0530 [DEBUG] [org.gradle.cache.internal.DefaultFileLockManager] Releasing lock on daemon addresses registry.
2024-10-22T11:18:59.302+0530 [DEBUG] [org.gradle.cache.internal.DefaultFileLockManager] Waiting to acquire shared lock on daemon addresses registry.
2024-10-22T11:18:59.303+0530 [DEBUG] [org.gradle.cache.internal.DefaultFileLockManager] Lock acquired on daemon addresses registry.
2024-10-22T11:18:59.303+0530 [DEBUG] [org.gradle.cache.internal.DefaultFileLockManager] Releasing lock on daemon addresses registry.
2024-10-22T11:19:02.459+0530 [DEBUG] [org.gradle.process.internal.health.memory.DefaultMemoryManager] 831603097 memory requested, 477986816 free
2024-10-22T11:19:02.459+0530 [DEBUG] [org.gradle.workers.internal.WorkerDaemonExpiration] Will attempt to release 793 of memory
2024-10-22T11:19:02.459+0530 [DEBUG] [org.gradle.process.internal.health.memory.DefaultMemoryManager] 831603097 memory requested, 0 released, 477986816 free
2024-10-22T11:19:07.468+0530 [DEBUG] [org.gradle.process.internal.health.memory.DefaultMemoryManager] 831603097 memory requested, 439443456 free
2024-10-22T11:19:07.468+0530 [DEBUG] [org.gradle.workers.internal.WorkerDaemonExpiration] Will attempt to release 793 of memory
2024-10-22T11:19:07.468+0530 [DEBUG] [org.gradle.process.internal.health.memory.DefaultMemoryManager] 831603097 memory requested, 0 released, 439443456 free
2024-10-22T11:19:09.290+0530 [DEBUG] [org.gradle.cache.internal.DefaultFileLockManager] Waiting to acquire shared lock on daemon addresses registry.
2024-10-22T11:19:09.291+0530 [DEBUG] [org.gradle.cache.internal.DefaultFileLockManager] Lock acquired on daemon addresses registry.
2024-10-22T11:19:09.292+0530 [DEBUG] [org.gradle.cache.internal.DefaultFileLockManager] Releasing lock on daemon addresses registry.
2024-10-22T11:19:09.293+0530 [DEBUG] [org.gradle.cache.internal.DefaultFileLockManager] Waiting to acquire shared lock on daemon addresses registry.
2024-10-22T11:19:09.293+0530 [DEBUG] [org.gradle.cache.internal.DefaultFileLockManager] Lock acquired on daemon addresses registry.
2024-10-22T11:19:09.295+0530 [DEBUG] [org.gradle.cache.internal.DefaultFileLockManager] Releasing lock on daemon addresses registry.
2024-10-22T11:19:09.297+0530 [DEBUG] [org.gradle.cache.internal.DefaultFileLockManager] Waiting to acquire shared lock on daemon addresses registry.
2024-10-22T11:19:09.297+0530 [DEBUG] [org.gradle.cache.internal.DefaultFileLockManager] Lock acquired on daemon addresses registry.
2024-10-22T11:19:09.298+0530 [DEBUG] [org.gradle.cache.internal.DefaultFileLockManager] Releasing lock on daemon addresses registry.
2024-10-22T11:19:12.466+0530 [DEBUG] [org.gradle.process.internal.health.memory.DefaultMemoryManager] 831603097 memory requested, 392880128 free
2024-10-22T11:19:12.466+0530 [DEBUG] [org.gradle.workers.internal.WorkerDaemonExpiration] Will attempt to release 793 of memory
2024-10-22T11:19:12.466+0530 [DEBUG] [org.gradle.process.internal.health.memory.DefaultMemoryManager] 831603097 memory requested, 0 released, 392880128 free
2024-10-22T11:19:17.458+0530 [DEBUG] [org.gradle.process.internal.health.memory.DefaultMemoryManager] 831603097 memory requested, 359723008 free
2024-10-22T11:19:17.458+0530 [DEBUG] [org.gradle.workers.internal.WorkerDaemonExpiration] Will attempt to release 793 of memory
2024-10-22T11:19:17.458+0530 [DEBUG] [org.gradle.process.internal.health.memory.DefaultMemoryManager] 831603097 memory requested, 0 released, 359723008 free
2024-10-22T11:19:19.291+0530 [DEBUG] [org.gradle.cache.internal.DefaultFileLockManager] Waiting to acquire shared lock on daemon addresses registry.
2024-10-22T11:19:19.292+0530 [DEBUG] [org.gradle.cache.internal.DefaultFileLockManager] Lock acquired on daemon addresses registry.
2024-10-22T11:19:19.292+0530 [DEBUG] [org.gradle.cache.internal.DefaultFileLockManager] Releasing lock on daemon addresses registry.
2024-10-22T11:19:19.294+0530 [DEBUG] [org.gradle.cache.internal.DefaultFileLockManager] Waiting to acquire shared lock on daemon addresses registry.
2024-10-22T11:19:19.294+0530 [DEBUG] [org.gradle.cache.internal.DefaultFileLockManager] Lock acquired on daemon addresses registry.
2024-10-22T11:19:19.294+0530 [DEBUG] [org.gradle.cache.internal.DefaultFileLockManager] Releasing lock on daemon addresses registry.
2024-10-22T11:19:19.295+0530 [DEBUG] [org.gradle.cache.internal.DefaultFileLockManager] Waiting to acquire shared lock on daemon addresses registry.
2024-10-22T11:19:19.295+0530 [DEBUG] [org.gradle.cache.internal.DefaultFileLockManager] Lock acquired on daemon addresses registry.
2024-10-22T11:19:19.296+0530 [DEBUG] [org.gradle.cache.internal.DefaultFileLockManager] Releasing lock on daemon addresses registry.
2024-10-22T11:19:22.468+0530 [DEBUG] [org.gradle.process.internal.health.memory.DefaultMemoryManager] 831603097 memory requested, 316968960 free
2024-10-22T11:19:22.468+0530 [DEBUG] [org.gradle.workers.internal.WorkerDaemonExpiration] Will attempt to release 793 of memory
2024-10-22T11:19:22.468+0530 [DEBUG] [org.gradle.process.internal.health.memory.DefaultMemoryManager] 831603097 memory requested, 0 released, 316968960 free
2024-10-22T11:19:27.456+0530 [DEBUG] [org.gradle.process.internal.health.memory.DefaultMemoryManager] 831603097 memory requested, 295899136 free
2024-10-22T11:19:27.456+0530 [DEBUG] [org.gradle.workers.internal.WorkerDaemonExpiration] Will attempt to release 793 of memory
2024-10-22T11:19:27.457+0530 [DEBUG] [org.gradle.process.internal.health.memory.DefaultMemoryManager] 831603097 memory requested, 0 released, 295899136 free
2024-10-22T11:19:29.301+0530 [DEBUG] [org.gradle.cache.internal.DefaultFileLockManager] Waiting to acquire shared lock on daemon addresses registry.
2024-10-22T11:19:29.301+0530 [DEBUG] [org.gradle.cache.internal.DefaultFileLockManager] Lock acquired on daemon addresses registry.
2024-10-22T11:19:29.302+0530 [DEBUG] [org.gradle.cache.internal.DefaultFileLockManager] Releasing lock on daemon addresses registry.
2024-10-22T11:19:29.303+0530 [DEBUG] [org.gradle.cache.internal.DefaultFileLockManager] Waiting to acquire shared lock on daemon addresses registry.
2024-10-22T11:19:29.303+0530 [DEBUG] [org.gradle.cache.internal.DefaultFileLockManager] Lock acquired on daemon addresses registry.
2024-10-22T11:19:29.305+0530 [DEBUG] [org.gradle.cache.internal.DefaultFileLockManager] Releasing lock on daemon addresses registry.
2024-10-22T11:19:29.306+0530 [DEBUG] [org.gradle.cache.internal.DefaultFileLockManager] Waiting to acquire shared lock on daemon addresses registry.
2024-10-22T11:19:29.306+0530 [DEBUG] [org.gradle.cache.internal.DefaultFileLockManager] Lock acquired on daemon addresses registry.
2024-10-22T11:19:29.308+0530 [DEBUG] [org.gradle.cache.internal.DefaultFileLockManager] Releasing lock on daemon addresses registry.
2024-10-22T11:19:32.482+0530 [DEBUG] [org.gradle.process.internal.health.memory.DefaultMemoryManager] 831603097 memory requested, 276369408 free
2024-10-22T11:19:32.482+0530 [DEBUG] [org.gradle.workers.internal.WorkerDaemonExpiration] Will attempt to release 793 of memory
2024-10-22T11:19:32.482+0530 [DEBUG] [org.gradle.process.internal.health.memory.DefaultMemoryManager] 831603097 memory requested, 0 released, 276369408 free
2024-10-22T11:19:37.468+0530 [DEBUG] [org.gradle.process.internal.health.memory.DefaultMemoryManager] 831603097 memory requested, 515526656 free
2024-10-22T11:19:37.469+0530 [DEBUG] [org.gradle.workers.internal.WorkerDaemonExpiration] Will attempt to release 793 of memory
2024-10-22T11:19:37.469+0530 [DEBUG] [org.gradle.process.internal.health.memory.DefaultMemoryManager] 831603097 memory requested, 0 released, 515526656 free
2024-10-22T11:19:39.295+0530 [DEBUG] [org.gradle.cache.internal.DefaultFileLockManager] Waiting to acquire shared lock on daemon addresses registry.
2024-10-22T11:19:39.295+0530 [DEBUG] [org.gradle.cache.internal.DefaultFileLockManager] Lock acquired on daemon addresses registry.
2024-10-22T11:19:39.297+0530 [DEBUG] [org.gradle.cache.internal.DefaultFileLockManager] Releasing lock on daemon addresses registry.
2024-10-22T11:19:39.299+0530 [DEBUG] [org.gradle.cache.internal.DefaultFileLockManager] Waiting to acquire shared lock on daemon addresses registry.
2024-10-22T11:19:39.299+0530 [DEBUG] [org.gradle.cache.internal.DefaultFileLockManager] Lock acquired on daemon addresses registry.
2024-10-22T11:19:39.300+0530 [DEBUG] [org.gradle.cache.internal.DefaultFileLockManager] Releasing lock on daemon addresses registry.
2024-10-22T11:19:39.301+0530 [DEBUG] [org.gradle.cache.internal.DefaultFileLockManager] Waiting to acquire shared lock on daemon addresses registry.
2024-10-22T11:19:39.301+0530 [DEBUG] [org.gradle.cache.internal.DefaultFileLockManager] Lock acquired on daemon addresses registry.
2024-10-22T11:19:39.302+0530 [DEBUG] [org.gradle.cache.internal.DefaultFileLockManager] Releasing lock on daemon addresses registry.
2024-10-22T11:19:42.466+0530 [DEBUG] [org.gradle.process.internal.health.memory.DefaultMemoryManager] 831603097 memory requested, 478957568 free
2024-10-22T11:19:42.466+0530 [DEBUG] [org.gradle.workers.internal.WorkerDaemonExpiration] Will attempt to release 793 of memory
2024-10-22T11:19:42.466+0530 [DEBUG] [org.gradle.process.internal.health.memory.DefaultMemoryManager] 831603097 memory requested, 0 released, 478957568 free
2024-10-22T11:19:47.470+0530 [DEBUG] [org.gradle.process.internal.health.memory.DefaultMemoryManager] 831603097 memory requested, 506654720 free
2024-10-22T11:19:47.471+0530 [DEBUG] [org.gradle.workers.internal.WorkerDaemonExpiration] Will attempt to release 793 of memory
2024-10-22T11:19:47.471+0530 [DEBUG] [org.gradle.process.internal.health.memory.DefaultMemoryManager] 831603097 memory requested, 0 released, 506654720 free
2024-10-22T11:19:49.293+0530 [DEBUG] [org.gradle.cache.internal.DefaultFileLockManager] Waiting to acquire shared lock on daemon addresses registry.
2024-10-22T11:19:49.293+0530 [DEBUG] [org.gradle.cache.internal.DefaultFileLockManager] Lock acquired on daemon addresses registry.
2024-10-22T11:19:49.293+0530 [DEBUG] [org.gradle.cache.internal.DefaultFileLockManager] Releasing lock on daemon addresses registry.
2024-10-22T11:19:49.294+0530 [DEBUG] [org.gradle.cache.internal.DefaultFileLockManager] Waiting to acquire shared lock on daemon addresses registry.
2024-10-22T11:19:49.295+0530 [DEBUG] [org.gradle.cache.internal.DefaultFileLockManager] Lock acquired on daemon addresses registry.
2024-10-22T11:19:49.296+0530 [DEBUG] [org.gradle.cache.internal.DefaultFileLockManager] Releasing lock on daemon addresses registry.
2024-10-22T11:19:49.297+0530 [DEBUG] [org.gradle.cache.internal.DefaultFileLockManager] Waiting to acquire shared lock on daemon addresses registry.
2024-10-22T11:19:49.297+0530 [DEBUG] [org.gradle.cache.internal.DefaultFileLockManager] Lock acquired on daemon addresses registry.
2024-10-22T11:19:49.297+0530 [DEBUG] [org.gradle.cache.internal.DefaultFileLockManager] Releasing lock on daemon addresses registry.
2024-10-22T11:19:52.465+0530 [DEBUG] [org.gradle.process.internal.health.memory.DefaultMemoryManager] 831603097 memory requested, 454451200 free
2024-10-22T11:19:52.465+0530 [DEBUG] [org.gradle.workers.internal.WorkerDaemonExpiration] Will attempt to release 793 of memory
2024-10-22T11:19:52.465+0530 [DEBUG] [org.gradle.process.internal.health.memory.DefaultMemoryManager] 831603097 memory requested, 0 released, 454451200 free
2024-10-22T11:19:57.463+0530 [DEBUG] [org.gradle.process.internal.health.memory.DefaultMemoryManager] 831603097 memory requested, 445861888 free
2024-10-22T11:19:57.464+0530 [DEBUG] [org.gradle.workers.internal.WorkerDaemonExpiration] Will attempt to release 793 of memory
2024-10-22T11:19:57.464+0530 [DEBUG] [org.gradle.process.internal.health.memory.DefaultMemoryManager] 831603097 memory requested, 0 released, 445861888 free
2024-10-22T11:19:59.290+0530 [DEBUG] [org.gradle.cache.internal.DefaultFileLockManager] Waiting to acquire shared lock on daemon addresses registry.
2024-10-22T11:19:59.290+0530 [DEBUG] [org.gradle.cache.internal.DefaultFileLockManager] Lock acquired on daemon addresses registry.
2024-10-22T11:19:59.291+0530 [DEBUG] [org.gradle.cache.internal.DefaultFileLockManager] Releasing lock on daemon addresses registry.
2024-10-22T11:19:59.292+0530 [DEBUG] [org.gradle.cache.internal.DefaultFileLockManager] Waiting to acquire shared lock on daemon addresses registry.
2024-10-22T11:19:59.293+0530 [DEBUG] [org.gradle.cache.internal.DefaultFileLockManager] Lock acquired on daemon addresses registry.
2024-10-22T11:19:59.293+0530 [DEBUG] [org.gradle.cache.internal.DefaultFileLockManager] Releasing lock on daemon addresses registry.
2024-10-22T11:19:59.295+0530 [DEBUG] [org.gradle.cache.internal.DefaultFileLockManager] Waiting to acquire shared lock on daemon addresses registry.
2024-10-22T11:19:59.295+0530 [DEBUG] [org.gradle.cache.internal.DefaultFileLockManager] Lock acquired on daemon addresses registry.
2024-10-22T11:19:59.296+0530 [DEBUG] [org.gradle.cache.internal.DefaultFileLockManager] Releasing lock on daemon addresses registry.
2024-10-22T11:20:02.455+0530 [DEBUG] [org.gradle.process.internal.health.memory.DefaultMemoryManager] 831603097 memory requested, 425259008 free
2024-10-22T11:20:02.455+0530 [DEBUG] [org.gradle.workers.internal.WorkerDaemonExpiration] Will attempt to release 793 of memory
2024-10-22T11:20:02.455+0530 [DEBUG] [org.gradle.process.internal.health.memory.DefaultMemoryManager] 831603097 memory requested, 0 released, 425259008 free
2024-10-22T11:20:07.463+0530 [DEBUG] [org.gradle.process.internal.health.memory.DefaultMemoryManager] 831603097 memory requested, 422141952 free
2024-10-22T11:20:07.464+0530 [DEBUG] [org.gradle.workers.internal.WorkerDaemonExpiration] Will attempt to release 793 of memory
2024-10-22T11:20:07.464+0530 [DEBUG] [org.gradle.process.internal.health.memory.DefaultMemoryManager] 831603097 memory requested, 0 released, 422141952 free
2024-10-22T11:20:09.305+0530 [DEBUG] [org.gradle.cache.internal.DefaultFileLockManager] Waiting to acquire shared lock on daemon addresses registry.
2024-10-22T11:20:09.305+0530 [DEBUG] [org.gradle.cache.internal.DefaultFileLockManager] Lock acquired on daemon addresses registry.
2024-10-22T11:20:09.305+0530 [DEBUG] [org.gradle.cache.internal.DefaultFileLockManager] Releasing lock on daemon addresses registry.
2024-10-22T11:20:09.306+0530 [DEBUG] [org.gradle.cache.internal.DefaultFileLockManager] Waiting to acquire shared lock on daemon addresses registry.
2024-10-22T11:20:09.307+0530 [DEBUG] [org.gradle.cache.internal.DefaultFileLockManager] Lock acquired on daemon addresses registry.
2024-10-22T11:20:09.307+0530 [DEBUG] [org.gradle.cache.internal.DefaultFileLockManager] Releasing lock on daemon addresses registry.
2024-10-22T11:20:09.309+0530 [DEBUG] [org.gradle.cache.internal.DefaultFileLockManager] Waiting to acquire shared lock on daemon addresses registry.
2024-10-22T11:20:09.310+0530 [DEBUG] [org.gradle.cache.internal.DefaultFileLockManager] Lock acquired on daemon addresses registry.
2024-10-22T11:20:09.310+0530 [DEBUG] [org.gradle.cache.internal.DefaultFileLockManager] Releasing lock on daemon addresses registry.
2024-10-22T11:20:12.461+0530 [DEBUG] [org.gradle.process.internal.health.memory.DefaultMemoryManager] 831603097 memory requested, 424849408 free
2024-10-22T11:20:12.461+0530 [DEBUG] [org.gradle.workers.internal.WorkerDaemonExpiration] Will attempt to release 793 of memory
2024-10-22T11:20:12.461+0530 [DEBUG] [org.gradle.process.internal.health.memory.DefaultMemoryManager] 831603097 memory requested, 0 released, 424849408 free
2024-10-22T11:20:17.463+0530 [DEBUG] [org.gradle.process.internal.health.memory.DefaultMemoryManager] 831603097 memory requested, 442507264 free
2024-10-22T11:20:17.463+0530 [DEBUG] [org.gradle.workers.internal.WorkerDaemonExpiration] Will attempt to release 793 of memory
2024-10-22T11:20:17.463+0530 [DEBUG] [org.gradle.process.internal.health.memory.DefaultMemoryManager] 831603097 memory requested, 0 released, 442507264 free
2024-10-22T11:20:19.299+0530 [DEBUG] [org.gradle.cache.internal.DefaultFileLockManager] Waiting to acquire shared lock on daemon addresses registry.
2024-10-22T11:20:19.299+0530 [DEBUG] [org.gradle.cache.internal.DefaultFileLockManager] Lock acquired on daemon addresses registry.
2024-10-22T11:20:19.301+0530 [DEBUG] [org.gradle.cache.internal.DefaultFileLockManager] Releasing lock on daemon addresses registry.
2024-10-22T11:20:19.303+0530 [DEBUG] [org.gradle.cache.internal.DefaultFileLockManager] Waiting to acquire shared lock on daemon addresses registry.
2024-10-22T11:20:19.303+0530 [DEBUG] [org.gradle.cache.internal.DefaultFileLockManager] Lock acquired on daemon addresses registry.
2024-10-22T11:20:19.303+0530 [DEBUG] [org.gradle.cache.internal.DefaultFileLockManager] Releasing lock on daemon addresses registry.
2024-10-22T11:20:19.304+0530 [DEBUG] [org.gradle.cache.internal.DefaultFileLockManager] Waiting to acquire shared lock on daemon addresses registry.
2024-10-22T11:20:19.305+0530 [DEBUG] [org.gradle.cache.internal.DefaultFileLockManager] Lock acquired on daemon addresses registry.
2024-10-22T11:20:19.305+0530 [DEBUG] [org.gradle.cache.internal.DefaultFileLockManager] Releasing lock on daemon addresses registry.
2024-10-22T11:20:22.458+0530 [DEBUG] [org.gradle.process.internal.health.memory.DefaultMemoryManager] 831603097 memory requested, 374726656 free
2024-10-22T11:20:22.458+0530 [DEBUG] [org.gradle.workers.internal.WorkerDaemonExpiration] Will attempt to release 793 of memory
2024-10-22T11:20:22.458+0530 [DEBUG] [org.gradle.process.internal.health.memory.DefaultMemoryManager] 831603097 memory requested, 0 released, 374726656 free
2024-10-22T11:20:27.456+0530 [DEBUG] [org.gradle.process.internal.health.memory.DefaultMemoryManager] 831603097 memory requested, 383959040 free
2024-10-22T11:20:27.456+0530 [DEBUG] [org.gradle.workers.internal.WorkerDaemonExpiration] Will attempt to release 793 of memory
2024-10-22T11:20:27.458+0530 [DEBUG] [org.gradle.process.internal.health.memory.DefaultMemoryManager] 831603097 memory requested, 0 released, 383959040 free
2024-10-22T11:20:29.291+0530 [DEBUG] [org.gradle.cache.internal.DefaultFileLockManager] Waiting to acquire shared lock on daemon addresses registry.
2024-10-22T11:20:29.291+0530 [DEBUG] [org.gradle.cache.internal.DefaultFileLockManager] Lock acquired on daemon addresses registry.
2024-10-22T11:20:29.292+0530 [DEBUG] [org.gradle.cache.internal.DefaultFileLockManager] Releasing lock on daemon addresses registry.
2024-10-22T11:20:29.293+0530 [DEBUG] [org.gradle.cache.internal.DefaultFileLockManager] Waiting to acquire shared lock on daemon addresses registry.
2024-10-22T11:20:29.293+0530 [DEBUG] [org.gradle.cache.internal.DefaultFileLockManager] Lock acquired on daemon addresses registry.
2024-10-22T11:20:29.293+0530 [DEBUG] [org.gradle.cache.internal.DefaultFileLockManager] Releasing lock on daemon addresses registry.
2024-10-22T11:20:29.294+0530 [DEBUG] [org.gradle.cache.internal.DefaultFileLockManager] Waiting to acquire shared lock on daemon addresses registry.
2024-10-22T11:20:29.294+0530 [DEBUG] [org.gradle.cache.internal.DefaultFileLockManager] Lock acquired on daemon addresses registry.
2024-10-22T11:20:29.295+0530 [DEBUG] [org.gradle.cache.internal.DefaultFileLockManager] Releasing lock on daemon addresses registry.
2024-10-22T11:20:32.463+0530 [DEBUG] [org.gradle.process.internal.health.memory.DefaultMemoryManager] 831603097 memory requested, 388423680 free
2024-10-22T11:20:32.463+0530 [DEBUG] [org.gradle.workers.internal.WorkerDaemonExpiration] Will attempt to release 793 of memory
2024-10-22T11:20:32.463+0530 [DEBUG] [org.gradle.process.internal.health.memory.DefaultMemoryManager] 831603097 memory requested, 0 released, 388423680 free
2024-10-22T11:20:37.465+0530 [DEBUG] [org.gradle.process.internal.health.memory.DefaultMemoryManager] 831603097 memory requested, 355196928 free
2024-10-22T11:20:37.465+0530 [DEBUG] [org.gradle.workers.internal.WorkerDaemonExpiration] Will attempt to release 793 of memory
2024-10-22T11:20:37.466+0530 [DEBUG] [org.gradle.process.internal.health.memory.DefaultMemoryManager] 831603097 memory requested, 0 released, 355196928 free
2024-10-22T11:20:39.304+0530 [DEBUG] [org.gradle.cache.internal.DefaultFileLockManager] Waiting to acquire shared lock on daemon addresses registry.
2024-10-22T11:20:39.304+0530 [DEBUG] [org.gradle.cache.internal.DefaultFileLockManager] Lock acquired on daemon addresses registry.
2024-10-22T11:20:39.304+0530 [DEBUG] [org.gradle.cache.internal.DefaultFileLockManager] Releasing lock on daemon addresses registry.
2024-10-22T11:20:39.309+0530 [DEBUG] [org.gradle.cache.internal.DefaultFileLockManager] Waiting to acquire shared lock on daemon addresses registry.
2024-10-22T11:20:39.309+0530 [DEBUG] [org.gradle.cache.internal.DefaultFileLockManager] Lock acquired on daemon addresses registry.
2024-10-22T11:20:39.309+0530 [DEBUG] [org.gradle.cache.internal.DefaultFileLockManager] Releasing lock on daemon addresses registry.
2024-10-22T11:20:39.310+0530 [DEBUG] [org.gradle.cache.internal.DefaultFileLockManager] Waiting to acquire shared lock on daemon addresses registry.
2024-10-22T11:20:39.311+0530 [DEBUG] [org.gradle.cache.internal.DefaultFileLockManager] Lock acquired on daemon addresses registry.
2024-10-22T11:20:39.311+0530 [DEBUG] [org.gradle.cache.internal.DefaultFileLockManager] Releasing lock on daemon addresses registry.
2024-10-22T11:20:42.456+0530 [DEBUG] [org.gradle.process.internal.health.memory.DefaultMemoryManager] 831603097 memory requested, 626126848 free
2024-10-22T11:20:42.456+0530 [DEBUG] [org.gradle.workers.internal.WorkerDaemonExpiration] Will attempt to release 793 of memory
2024-10-22T11:20:42.456+0530 [DEBUG] [org.gradle.process.internal.health.memory.DefaultMemoryManager] 831603097 memory requested, 0 released, 626126848 free
2024-10-22T11:20:47.462+0530 [DEBUG] [org.gradle.process.internal.health.memory.DefaultMemoryManager] 831603097 memory requested, 592961536 free
2024-10-22T11:20:47.462+0530 [DEBUG] [org.gradle.workers.internal.WorkerDaemonExpiration] Will attempt to release 793 of memory
2024-10-22T11:20:47.462+0530 [DEBUG] [org.gradle.process.internal.health.memory.DefaultMemoryManager] 831603097 memory requested, 0 released, 592961536 free
2024-10-22T11:20:49.295+0530 [DEBUG] [org.gradle.cache.internal.DefaultFileLockManager] Waiting to acquire shared lock on daemon addresses registry.
2024-10-22T11:20:49.295+0530 [DEBUG] [org.gradle.cache.internal.DefaultFileLockManager] Lock acquired on daemon addresses registry.
2024-10-22T11:20:49.296+0530 [DEBUG] [org.gradle.cache.internal.DefaultFileLockManager] Releasing lock on daemon addresses registry.
2024-10-22T11:20:49.297+0530 [DEBUG] [org.gradle.cache.internal.DefaultFileLockManager] Waiting to acquire shared lock on daemon addresses registry.
2024-10-22T11:20:49.297+0530 [DEBUG] [org.gradle.cache.internal.DefaultFileLockManager] Lock acquired on daemon addresses registry.
2024-10-22T11:20:49.298+0530 [DEBUG] [org.gradle.cache.internal.DefaultFileLockManager] Releasing lock on daemon addresses registry.
2024-10-22T11:20:49.298+0530 [DEBUG] [org.gradle.cache.internal.DefaultFileLockManager] Waiting to acquire shared lock on daemon addresses registry.
2024-10-22T11:20:49.299+0530 [DEBUG] [org.gradle.cache.internal.DefaultFileLockManager] Lock acquired on daemon addresses registry.
2024-10-22T11:20:49.299+0530 [DEBUG] [org.gradle.cache.internal.DefaultFileLockManager] Releasing lock on daemon addresses registry.
2024-10-22T11:20:52.458+0530 [DEBUG] [org.gradle.process.internal.health.memory.DefaultMemoryManager] 831603097 memory requested, 468115456 free
2024-10-22T11:20:52.458+0530 [DEBUG] [org.gradle.workers.internal.WorkerDaemonExpiration] Will attempt to release 793 of memory
2024-10-22T11:20:52.458+0530 [DEBUG] [org.gradle.process.internal.health.memory.DefaultMemoryManager] 831603097 memory requested, 0 released, 468115456 free
2024-10-22T11:20:57.466+0530 [DEBUG] [org.gradle.process.internal.health.memory.DefaultMemoryManager] 831603097 memory requested, 479842304 free
2024-10-22T11:20:57.466+0530 [DEBUG] [org.gradle.workers.internal.WorkerDaemonExpiration] Will attempt to release 793 of memory
2024-10-22T11:20:57.466+0530 [DEBUG] [org.gradle.process.internal.health.memory.DefaultMemoryManager] 831603097 memory requested, 0 released, 479842304 free
2024-10-22T11:20:59.297+0530 [DEBUG] [org.gradle.cache.internal.DefaultFileLockManager] Waiting to acquire shared lock on daemon addresses registry.
2024-10-22T11:20:59.297+0530 [DEBUG] [org.gradle.cache.internal.DefaultFileLockManager] Lock acquired on daemon addresses registry.
2024-10-22T11:20:59.299+0530 [DEBUG] [org.gradle.cache.internal.DefaultFileLockManager] Releasing lock on daemon addresses registry.
2024-10-22T11:20:59.301+0530 [DEBUG] [org.gradle.cache.internal.DefaultFileLockManager] Waiting to acquire shared lock on daemon addresses registry.
2024-10-22T11:20:59.301+0530 [DEBUG] [org.gradle.cache.internal.DefaultFileLockManager] Lock acquired on daemon addresses registry.
2024-10-22T11:20:59.301+0530 [DEBUG] [org.gradle.cache.internal.DefaultFileLockManager] Releasing lock on daemon addresses registry.
2024-10-22T11:20:59.302+0530 [DEBUG] [org.gradle.cache.internal.DefaultFileLockManager] Waiting to acquire shared lock on daemon addresses registry.
2024-10-22T11:20:59.302+0530 [DEBUG] [org.gradle.cache.internal.DefaultFileLockManager] Lock acquired on daemon addresses registry.
2024-10-22T11:20:59.302+0530 [DEBUG] [org.gradle.cache.internal.DefaultFileLockManager] Releasing lock on daemon addresses registry.
2024-10-22T11:21:02.455+0530 [DEBUG] [org.gradle.process.internal.health.memory.DefaultMemoryManager] 831603097 memory requested, 454799360 free
2024-10-22T11:21:02.455+0530 [DEBUG] [org.gradle.workers.internal.WorkerDaemonExpiration] Will attempt to release 793 of memory
2024-10-22T11:21:02.455+0530 [DEBUG] [org.gradle.process.internal.health.memory.DefaultMemoryManager] 831603097 memory requested, 0 released, 454799360 free
2024-10-22T11:21:07.464+0530 [DEBUG] [org.gradle.process.internal.health.memory.DefaultMemoryManager] 831603097 memory requested, 623493120 free
2024-10-22T11:21:07.464+0530 [DEBUG] [org.gradle.workers.internal.WorkerDaemonExpiration] Will attempt to release 793 of memory
2024-10-22T11:21:07.464+0530 [DEBUG] [org.gradle.process.internal.health.memory.DefaultMemoryManager] 831603097 memory requested, 0 released, 623493120 free
2024-10-22T11:21:09.293+0530 [DEBUG] [org.gradle.cache.internal.DefaultFileLockManager] Waiting to acquire shared lock on daemon addresses registry.
2024-10-22T11:21:09.293+0530 [DEBUG] [org.gradle.cache.internal.DefaultFileLockManager] Lock acquired on daemon addresses registry.
2024-10-22T11:21:09.294+0530 [DEBUG] [org.gradle.cache.internal.DefaultFileLockManager] Releasing lock on daemon addresses registry.
2024-10-22T11:21:09.295+0530 [DEBUG] [org.gradle.cache.internal.DefaultFileLockManager] Waiting to acquire shared lock on daemon addresses registry.
2024-10-22T11:21:09.295+0530 [DEBUG] [org.gradle.cache.internal.DefaultFileLockManager] Lock acquired on daemon addresses registry.
2024-10-22T11:21:09.296+0530 [DEBUG] [org.gradle.cache.internal.DefaultFileLockManager] Releasing lock on daemon addresses registry.
2024-10-22T11:21:09.298+0530 [DEBUG] [org.gradle.cache.internal.DefaultFileLockManager] Waiting to acquire shared lock on daemon addresses registry.
2024-10-22T11:21:09.298+0530 [DEBUG] [org.gradle.cache.internal.DefaultFileLockManager] Lock acquired on daemon addresses registry.
2024-10-22T11:21:09.299+0530 [DEBUG] [org.gradle.cache.internal.DefaultFileLockManager] Releasing lock on daemon addresses registry.
2024-10-22T11:21:12.467+0530 [DEBUG] [org.gradle.process.internal.health.memory.DefaultMemoryManager] 831603097 memory requested, 594731008 free
2024-10-22T11:21:12.467+0530 [DEBUG] [org.gradle.workers.internal.WorkerDaemonExpiration] Will attempt to release 793 of memory
2024-10-22T11:21:12.467+0530 [DEBUG] [org.gradle.process.internal.health.memory.DefaultMemoryManager] 831603097 memory requested, 0 released, 594731008 free
2024-10-22T11:21:17.463+0530 [DEBUG] [org.gradle.process.internal.health.memory.DefaultMemoryManager] 831603097 memory requested, 626352128 free
2024-10-22T11:21:17.463+0530 [DEBUG] [org.gradle.workers.internal.WorkerDaemonExpiration] Will attempt to release 793 of memory
2024-10-22T11:21:17.463+0530 [DEBUG] [org.gradle.process.internal.health.memory.DefaultMemoryManager] 831603097 memory requested, 0 released, 626352128 free
2024-10-22T11:21:19.302+0530 [DEBUG] [org.gradle.cache.internal.DefaultFileLockManager] Waiting to acquire shared lock on daemon addresses registry.
2024-10-22T11:21:19.302+0530 [DEBUG] [org.gradle.cache.internal.DefaultFileLockManager] Lock acquired on daemon addresses registry.
2024-10-22T11:21:19.303+0530 [DEBUG] [org.gradle.cache.internal.DefaultFileLockManager] Releasing lock on daemon addresses registry.
2024-10-22T11:21:19.305+0530 [DEBUG] [org.gradle.cache.internal.DefaultFileLockManager] Waiting to acquire shared lock on daemon addresses registry.
2024-10-22T11:21:19.305+0530 [DEBUG] [org.gradle.cache.internal.DefaultFileLockManager] Lock acquired on daemon addresses registry.
2024-10-22T11:21:19.305+0530 [DEBUG] [org.gradle.cache.internal.DefaultFileLockManager] Releasing lock on daemon addresses registry.
2024-10-22T11:21:19.306+0530 [DEBUG] [org.gradle.cache.internal.DefaultFileLockManager] Waiting to acquire shared lock on daemon addresses registry.
2024-10-22T11:21:19.306+0530 [DEBUG] [org.gradle.cache.internal.DefaultFileLockManager] Lock acquired on daemon addresses registry.
2024-10-22T11:21:19.307+0530 [DEBUG] [org.gradle.cache.internal.DefaultFileLockManager] Releasing lock on daemon addresses registry.
2024-10-22T11:21:22.455+0530 [DEBUG] [org.gradle.process.internal.health.memory.DefaultMemoryManager] 831603097 memory requested, 609738752 free
2024-10-22T11:21:22.456+0530 [DEBUG] [org.gradle.workers.internal.WorkerDaemonExpiration] Will attempt to release 793 of memory
2024-10-22T11:21:22.456+0530 [DEBUG] [org.gradle.process.internal.health.memory.DefaultMemoryManager] 831603097 memory requested, 0 released, 609738752 free
2024-10-22T11:21:27.458+0530 [DEBUG] [org.gradle.process.internal.health.memory.DefaultMemoryManager] 831603097 memory requested, 607023104 free
2024-10-22T11:21:27.458+0530 [DEBUG] [org.gradle.workers.internal.WorkerDaemonExpiration] Will attempt to release 793 of memory
2024-10-22T11:21:27.458+0530 [DEBUG] [org.gradle.process.internal.health.memory.DefaultMemoryManager] 831603097 memory requested, 0 released, 607023104 free
2024-10-22T11:21:29.289+0530 [DEBUG] [org.gradle.cache.internal.DefaultFileLockManager] Waiting to acquire shared lock on daemon addresses registry.
2024-10-22T11:21:29.289+0530 [DEBUG] [org.gradle.cache.internal.DefaultFileLockManager] Lock acquired on daemon addresses registry.
2024-10-22T11:21:29.289+0530 [DEBUG] [org.gradle.cache.internal.DefaultFileLockManager] Releasing lock on daemon addresses registry.
2024-10-22T11:21:29.291+0530 [DEBUG] [org.gradle.cache.internal.DefaultFileLockManager] Waiting to acquire shared lock on daemon addresses registry.
2024-10-22T11:21:29.291+0530 [DEBUG] [org.gradle.cache.internal.DefaultFileLockManager] Lock acquired on daemon addresses registry.
2024-10-22T11:21:29.292+0530 [DEBUG] [org.gradle.cache.internal.DefaultFileLockManager] Releasing lock on daemon addresses registry.
2024-10-22T11:21:29.293+0530 [DEBUG] [org.gradle.cache.internal.DefaultFileLockManager] Waiting to acquire shared lock on daemon addresses registry.
2024-10-22T11:21:29.293+0530 [DEBUG] [org.gradle.cache.internal.DefaultFileLockManager] Lock acquired on daemon addresses registry.
2024-10-22T11:21:29.294+0530 [DEBUG] [org.gradle.cache.internal.DefaultFileLockManager] Releasing lock on daemon addresses registry.
2024-10-22T11:21:32.466+0530 [DEBUG] [org.gradle.process.internal.health.memory.DefaultMemoryManager] 831603097 memory requested, 544935936 free
2024-10-22T11:21:32.466+0530 [DEBUG] [org.gradle.workers.internal.WorkerDaemonExpiration] Will attempt to release 793 of memory
2024-10-22T11:21:32.466+0530 [DEBUG] [org.gradle.process.internal.health.memory.DefaultMemoryManager] 831603097 memory requested, 0 released, 544935936 free
2024-10-22T11:21:37.462+0530 [DEBUG] [org.gradle.process.internal.health.memory.DefaultMemoryManager] 831603097 memory requested, 485040128 free
2024-10-22T11:21:37.463+0530 [DEBUG] [org.gradle.workers.internal.WorkerDaemonExpiration] Will attempt to release 793 of memory
2024-10-22T11:21:37.463+0530 [DEBUG] [org.gradle.process.internal.health.memory.DefaultMemoryManager] 831603097 memory requested, 0 released, 485040128 free
2024-10-22T11:21:39.300+0530 [DEBUG] [org.gradle.cache.internal.DefaultFileLockManager] Waiting to acquire shared lock on daemon addresses registry.
2024-10-22T11:21:39.300+0530 [DEBUG] [org.gradle.cache.internal.DefaultFileLockManager] Lock acquired on daemon addresses registry.
2024-10-22T11:21:39.302+0530 [DEBUG] [org.gradle.cache.internal.DefaultFileLockManager] Releasing lock on daemon addresses registry.
2024-10-22T11:21:39.303+0530 [DEBUG] [org.gradle.cache.internal.DefaultFileLockManager] Waiting to acquire shared lock on daemon addresses registry.
2024-10-22T11:21:39.304+0530 [DEBUG] [org.gradle.cache.internal.DefaultFileLockManager] Lock acquired on daemon addresses registry.
2024-10-22T11:21:39.305+0530 [DEBUG] [org.gradle.cache.internal.DefaultFileLockManager] Releasing lock on daemon addresses registry.
2024-10-22T11:21:39.306+0530 [DEBUG] [org.gradle.cache.internal.DefaultFileLockManager] Waiting to acquire shared lock on daemon addresses registry.
2024-10-22T11:21:39.306+0530 [DEBUG] [org.gradle.cache.internal.DefaultFileLockManager] Lock acquired on daemon addresses registry.
2024-10-22T11:21:39.307+0530 [DEBUG] [org.gradle.cache.internal.DefaultFileLockManager] Releasing lock on daemon addresses registry.
2024-10-22T11:21:42.456+0530 [DEBUG] [org.gradle.process.internal.health.memory.DefaultMemoryManager] 831603097 memory requested, 761581568 free
2024-10-22T11:21:42.456+0530 [DEBUG] [org.gradle.workers.internal.WorkerDaemonExpiration] Will attempt to release 793 of memory
2024-10-22T11:21:42.456+0530 [DEBUG] [org.gradle.process.internal.health.memory.DefaultMemoryManager] 831603097 memory requested, 0 released, 761581568 free
2024-10-22T11:21:49.288+0530 [DEBUG] [org.gradle.cache.internal.DefaultFileLockManager] Waiting to acquire shared lock on daemon addresses registry.
2024-10-22T11:21:49.289+0530 [DEBUG] [org.gradle.cache.internal.DefaultFileLockManager] Lock acquired on daemon addresses registry.
2024-10-22T11:21:49.291+0530 [DEBUG] [org.gradle.cache.internal.DefaultFileLockManager] Releasing lock on daemon addresses registry.
2024-10-22T11:21:49.292+0530 [DEBUG] [org.gradle.cache.internal.DefaultFileLockManager] Waiting to acquire shared lock on daemon addresses registry.
2024-10-22T11:21:49.292+0530 [DEBUG] [org.gradle.cache.internal.DefaultFileLockManager] Lock acquired on daemon addresses registry.
2024-10-22T11:21:49.293+0530 [DEBUG] [org.gradle.cache.internal.DefaultFileLockManager] Releasing lock on daemon addresses registry.
2024-10-22T11:21:49.293+0530 [DEBUG] [org.gradle.cache.internal.DefaultFileLockManager] Waiting to acquire shared lock on daemon addresses registry.
2024-10-22T11:21:49.294+0530 [DEBUG] [org.gradle.cache.internal.DefaultFileLockManager] Lock acquired on daemon addresses registry.
2024-10-22T11:21:49.294+0530 [DEBUG] [org.gradle.cache.internal.DefaultFileLockManager] Releasing lock on daemon addresses registry.
2024-10-22T11:21:52.458+0530 [DEBUG] [org.gradle.process.internal.health.memory.DefaultMemoryManager] 831603097 memory requested, 764358656 free
2024-10-22T11:21:52.458+0530 [DEBUG] [org.gradle.workers.internal.WorkerDaemonExpiration] Will attempt to release 793 of memory
2024-10-22T11:21:52.458+0530 [DEBUG] [org.gradle.process.internal.health.memory.DefaultMemoryManager] 831603097 memory requested, 0 released, 764358656 free
2024-10-22T11:21:57.465+0530 [DEBUG] [org.gradle.process.internal.health.memory.DefaultMemoryManager] 831603097 memory requested, 761942016 free
2024-10-22T11:21:57.465+0530 [DEBUG] [org.gradle.workers.internal.WorkerDaemonExpiration] Will attempt to release 793 of memory
2024-10-22T11:21:57.465+0530 [DEBUG] [org.gradle.process.internal.health.memory.DefaultMemoryManager] 831603097 memory requested, 0 released, 761942016 free
2024-10-22T11:21:59.293+0530 [DEBUG] [org.gradle.cache.internal.DefaultFileLockManager] Waiting to acquire shared lock on daemon addresses registry.
2024-10-22T11:21:59.293+0530 [DEBUG] [org.gradle.cache.internal.DefaultFileLockManager] Lock acquired on daemon addresses registry.
2024-10-22T11:21:59.293+0530 [DEBUG] [org.gradle.cache.internal.DefaultFileLockManager] Releasing lock on daemon addresses registry.
2024-10-22T11:21:59.295+0530 [DEBUG] [org.gradle.cache.internal.DefaultFileLockManager] Waiting to acquire shared lock on daemon addresses registry.
2024-10-22T11:21:59.295+0530 [DEBUG] [org.gradle.cache.internal.DefaultFileLockManager] Lock acquired on daemon addresses registry.
2024-10-22T11:21:59.296+0530 [DEBUG] [org.gradle.cache.internal.DefaultFileLockManager] Releasing lock on daemon addresses registry.
2024-10-22T11:21:59.297+0530 [DEBUG] [org.gradle.cache.internal.DefaultFileLockManager] Waiting to acquire shared lock on daemon addresses registry.
2024-10-22T11:21:59.297+0530 [DEBUG] [org.gradle.cache.internal.DefaultFileLockManager] Lock acquired on daemon addresses registry.
2024-10-22T11:21:59.298+0530 [DEBUG] [org.gradle.cache.internal.DefaultFileLockManager] Releasing lock on daemon addresses registry.
2024-10-22T11:22:02.461+0530 [DEBUG] [org.gradle.process.internal.health.memory.DefaultMemoryManager] 831603097 memory requested, 762023936 free
2024-10-22T11:22:02.461+0530 [DEBUG] [org.gradle.workers.internal.WorkerDaemonExpiration] Will attempt to release 793 of memory
2024-10-22T11:22:02.461+0530 [DEBUG] [org.gradle.process.internal.health.memory.DefaultMemoryManager] 831603097 memory requested, 0 released, 762023936 free
2024-10-22T11:22:07.458+0530 [DEBUG] [org.gradle.process.internal.health.memory.DefaultMemoryManager] 831603097 memory requested, 694546432 free
2024-10-22T11:22:07.458+0530 [DEBUG] [org.gradle.workers.internal.WorkerDaemonExpiration] Will attempt to release 793 of memory
2024-10-22T11:22:07.458+0530 [DEBUG] [org.gradle.process.internal.health.memory.DefaultMemoryManager] 831603097 memory requested, 0 released, 694546432 free
2024-10-22T11:22:09.290+0530 [DEBUG] [org.gradle.cache.internal.DefaultFileLockManager] Waiting to acquire shared lock on daemon addresses registry.
2024-10-22T11:22:09.291+0530 [DEBUG] [org.gradle.cache.internal.DefaultFileLockManager] Lock acquired on daemon addresses registry.
2024-10-22T11:22:09.291+0530 [DEBUG] [org.gradle.cache.internal.DefaultFileLockManager] Releasing lock on daemon addresses registry.
2024-10-22T11:22:09.293+0530 [DEBUG] [org.gradle.cache.internal.DefaultFileLockManager] Waiting to acquire shared lock on daemon addresses registry.
2024-10-22T11:22:09.293+0530 [DEBUG] [org.gradle.cache.internal.DefaultFileLockManager] Lock acquired on daemon addresses registry.
2024-10-22T11:22:09.294+0530 [DEBUG] [org.gradle.cache.internal.DefaultFileLockManager] Releasing lock on daemon addresses registry.
2024-10-22T11:22:09.299+0530 [DEBUG] [org.gradle.cache.internal.DefaultFileLockManager] Waiting to acquire shared lock on daemon addresses registry.
2024-10-22T11:22:09.299+0530 [DEBUG] [org.gradle.cache.internal.DefaultFileLockManager] Lock acquired on daemon addresses registry.
2024-10-22T11:22:09.300+0530 [DEBUG] [org.gradle.cache.internal.DefaultFileLockManager] Releasing lock on daemon addresses registry.
2024-10-22T11:22:12.459+0530 [DEBUG] [org.gradle.process.internal.health.memory.DefaultMemoryManager] 831603097 memory requested, 693067776 free
2024-10-22T11:22:12.459+0530 [DEBUG] [org.gradle.workers.internal.WorkerDaemonExpiration] Will attempt to release 793 of memory
2024-10-22T11:22:12.459+0530 [DEBUG] [org.gradle.process.internal.health.memory.DefaultMemoryManager] 831603097 memory requested, 0 released, 693067776 free
2024-10-22T11:22:17.469+0530 [DEBUG] [org.gradle.process.internal.health.memory.DefaultMemoryManager] 831603097 memory requested, 660545536 free
2024-10-22T11:22:17.470+0530 [DEBUG] [org.gradle.workers.internal.WorkerDaemonExpiration] Will attempt to release 793 of memory
2024-10-22T11:22:17.470+0530 [DEBUG] [org.gradle.process.internal.health.memory.DefaultMemoryManager] 831603097 memory requested, 0 released, 660545536 free
2024-10-22T11:22:19.298+0530 [DEBUG] [org.gradle.cache.internal.DefaultFileLockManager] Waiting to acquire shared lock on daemon addresses registry.
2024-10-22T11:22:19.299+0530 [DEBUG] [org.gradle.cache.internal.DefaultFileLockManager] Lock acquired on daemon addresses registry.
2024-10-22T11:22:19.299+0530 [DEBUG] [org.gradle.cache.internal.DefaultFileLockManager] Releasing lock on daemon addresses registry.
2024-10-22T11:22:19.300+0530 [DEBUG] [org.gradle.cache.internal.DefaultFileLockManager] Waiting to acquire shared lock on daemon addresses registry.
2024-10-22T11:22:19.300+0530 [DEBUG] [org.gradle.cache.internal.DefaultFileLockManager] Lock acquired on daemon addresses registry.
2024-10-22T11:22:19.300+0530 [DEBUG] [org.gradle.cache.internal.DefaultFileLockManager] Releasing lock on daemon addresses registry.
2024-10-22T11:22:19.302+0530 [DEBUG] [org.gradle.cache.internal.DefaultFileLockManager] Waiting to acquire shared lock on daemon addresses registry.
2024-10-22T11:22:19.302+0530 [DEBUG] [org.gradle.cache.internal.DefaultFileLockManager] Lock acquired on daemon addresses registry.
2024-10-22T11:22:19.303+0530 [DEBUG] [org.gradle.cache.internal.DefaultFileLockManager] Releasing lock on daemon addresses registry.
2024-10-22T11:22:22.469+0530 [DEBUG] [org.gradle.process.internal.health.memory.DefaultMemoryManager] 831603097 memory requested, 586518528 free
2024-10-22T11:22:22.469+0530 [DEBUG] [org.gradle.workers.internal.WorkerDaemonExpiration] Will attempt to release 793 of memory
2024-10-22T11:22:22.469+0530 [DEBUG] [org.gradle.process.internal.health.memory.DefaultMemoryManager] 831603097 memory requested, 0 released, 586518528 free
2024-10-22T11:22:29.297+0530 [DEBUG] [org.gradle.cache.internal.DefaultFileLockManager] Waiting to acquire shared lock on daemon addresses registry.
2024-10-22T11:22:29.297+0530 [DEBUG] [org.gradle.cache.internal.DefaultFileLockManager] Lock acquired on daemon addresses registry.
2024-10-22T11:22:29.297+0530 [DEBUG] [org.gradle.cache.internal.DefaultFileLockManager] Releasing lock on daemon addresses registry.
2024-10-22T11:22:29.298+0530 [DEBUG] [org.gradle.cache.internal.DefaultFileLockManager] Waiting to acquire shared lock on daemon addresses registry.
2024-10-22T11:22:29.298+0530 [DEBUG] [org.gradle.cache.internal.DefaultFileLockManager] Lock acquired on daemon addresses registry.
2024-10-22T11:22:29.298+0530 [DEBUG] [org.gradle.cache.internal.DefaultFileLockManager] Releasing lock on daemon addresses registry.
2024-10-22T11:22:29.299+0530 [DEBUG] [org.gradle.cache.internal.DefaultFileLockManager] Waiting to acquire shared lock on daemon addresses registry.
2024-10-22T11:22:29.300+0530 [DEBUG] [org.gradle.cache.internal.DefaultFileLockManager] Lock acquired on daemon addresses registry.
2024-10-22T11:22:29.300+0530 [DEBUG] [org.gradle.cache.internal.DefaultFileLockManager] Releasing lock on daemon addresses registry.
2024-10-22T11:22:39.297+0530 [DEBUG] [org.gradle.cache.internal.DefaultFileLockManager] Waiting to acquire shared lock on daemon addresses registry.
2024-10-22T11:22:39.297+0530 [DEBUG] [org.gradle.cache.internal.DefaultFileLockManager] Lock acquired on daemon addresses registry.
2024-10-22T11:22:39.297+0530 [DEBUG] [org.gradle.cache.internal.DefaultFileLockManager] Releasing lock on daemon addresses registry.
2024-10-22T11:22:39.300+0530 [DEBUG] [org.gradle.cache.internal.DefaultFileLockManager] Waiting to acquire shared lock on daemon addresses registry.
2024-10-22T11:22:39.300+0530 [DEBUG] [org.gradle.cache.internal.DefaultFileLockManager] Lock acquired on daemon addresses registry.
2024-10-22T11:22:39.301+0530 [DEBUG] [org.gradle.cache.internal.DefaultFileLockManager] Releasing lock on daemon addresses registry.
2024-10-22T11:22:39.303+0530 [DEBUG] [org.gradle.cache.internal.DefaultFileLockManager] Waiting to acquire shared lock on daemon addresses registry.
2024-10-22T11:22:39.303+0530 [DEBUG] [org.gradle.cache.internal.DefaultFileLockManager] Lock acquired on daemon addresses registry.
2024-10-22T11:22:39.304+0530 [DEBUG] [org.gradle.cache.internal.DefaultFileLockManager] Releasing lock on daemon addresses registry.
2024-10-22T11:22:49.305+0530 [DEBUG] [org.gradle.cache.internal.DefaultFileLockManager] Waiting to acquire shared lock on daemon addresses registry.
2024-10-22T11:22:49.305+0530 [DEBUG] [org.gradle.cache.internal.DefaultFileLockManager] Lock acquired on daemon addresses registry.
2024-10-22T11:22:49.305+0530 [DEBUG] [org.gradle.cache.internal.DefaultFileLockManager] Releasing lock on daemon addresses registry.
2024-10-22T11:22:49.307+0530 [DEBUG] [org.gradle.cache.internal.DefaultFileLockManager] Waiting to acquire shared lock on daemon addresses registry.
2024-10-22T11:22:49.307+0530 [DEBUG] [org.gradle.cache.internal.DefaultFileLockManager] Lock acquired on daemon addresses registry.
2024-10-22T11:22:49.308+0530 [DEBUG] [org.gradle.cache.internal.DefaultFileLockManager] Releasing lock on daemon addresses registry.
2024-10-22T11:22:49.310+0530 [DEBUG] [org.gradle.cache.internal.DefaultFileLockManager] Waiting to acquire shared lock on daemon addresses registry.
2024-10-22T11:22:49.310+0530 [DEBUG] [org.gradle.cache.internal.DefaultFileLockManager] Lock acquired on daemon addresses registry.
2024-10-22T11:22:49.310+0530 [DEBUG] [org.gradle.cache.internal.DefaultFileLockManager] Releasing lock on daemon addresses registry.
2024-10-22T11:22:59.300+0530 [DEBUG] [org.gradle.cache.internal.DefaultFileLockManager] Waiting to acquire shared lock on daemon addresses registry.
2024-10-22T11:22:59.300+0530 [DEBUG] [org.gradle.cache.internal.DefaultFileLockManager] Lock acquired on daemon addresses registry.
2024-10-22T11:22:59.301+0530 [DEBUG] [org.gradle.cache.internal.DefaultFileLockManager] Releasing lock on daemon addresses registry.
2024-10-22T11:22:59.301+0530 [DEBUG] [org.gradle.cache.internal.DefaultFileLockManager] Waiting to acquire shared lock on daemon addresses registry.
2024-10-22T11:22:59.302+0530 [DEBUG] [org.gradle.cache.internal.DefaultFileLockManager] Lock acquired on daemon addresses registry.
2024-10-22T11:22:59.302+0530 [DEBUG] [org.gradle.cache.internal.DefaultFileLockManager] Releasing lock on daemon addresses registry.
2024-10-22T11:22:59.303+0530 [DEBUG] [org.gradle.cache.internal.DefaultFileLockManager] Waiting to acquire shared lock on daemon addresses registry.
2024-10-22T11:22:59.303+0530 [DEBUG] [org.gradle.cache.internal.DefaultFileLockManager] Lock acquired on daemon addresses registry.
2024-10-22T11:22:59.304+0530 [DEBUG] [org.gradle.cache.internal.DefaultFileLockManager] Releasing lock on daemon addresses registry.
2024-10-22T11:23:07.465+0530 [DEBUG] [org.gradle.process.internal.health.memory.DefaultMemoryManager] 831603097 memory requested, 785457152 free
2024-10-22T11:23:07.465+0530 [DEBUG] [org.gradle.workers.internal.WorkerDaemonExpiration] Will attempt to release 793 of memory
2024-10-22T11:23:07.465+0530 [DEBUG] [org.gradle.process.internal.health.memory.DefaultMemoryManager] 831603097 memory requested, 0 released, 785457152 free
2024-10-22T11:23:09.304+0530 [DEBUG] [org.gradle.cache.internal.DefaultFileLockManager] Waiting to acquire shared lock on daemon addresses registry.
2024-10-22T11:23:09.305+0530 [DEBUG] [org.gradle.cache.internal.DefaultFileLockManager] Lock acquired on daemon addresses registry.
2024-10-22T11:23:09.305+0530 [DEBUG] [org.gradle.cache.internal.DefaultFileLockManager] Releasing lock on daemon addresses registry.
2024-10-22T11:23:09.307+0530 [DEBUG] [org.gradle.cache.internal.DefaultFileLockManager] Waiting to acquire shared lock on daemon addresses registry.
2024-10-22T11:23:09.308+0530 [DEBUG] [org.gradle.cache.internal.DefaultFileLockManager] Lock acquired on daemon addresses registry.
2024-10-22T11:23:09.308+0530 [DEBUG] [org.gradle.cache.internal.DefaultFileLockManager] Releasing lock on daemon addresses registry.
2024-10-22T11:23:09.309+0530 [DEBUG] [org.gradle.cache.internal.DefaultFileLockManager] Waiting to acquire shared lock on daemon addresses registry.
2024-10-22T11:23:09.309+0530 [DEBUG] [org.gradle.cache.internal.DefaultFileLockManager] Lock acquired on daemon addresses registry.
2024-10-22T11:23:09.310+0530 [DEBUG] [org.gradle.cache.internal.DefaultFileLockManager] Releasing lock on daemon addresses registry.
2024-10-22T11:23:12.458+0530 [DEBUG] [org.gradle.process.internal.health.memory.DefaultMemoryManager] 831603097 memory requested, 716677120 free
2024-10-22T11:23:12.458+0530 [DEBUG] [org.gradle.workers.internal.WorkerDaemonExpiration] Will attempt to release 793 of memory
2024-10-22T11:23:12.460+0530 [DEBUG] [org.gradle.process.internal.health.memory.DefaultMemoryManager] 831603097 memory requested, 0 released, 716677120 free
2024-10-22T11:23:17.469+0530 [DEBUG] [org.gradle.process.internal.health.memory.DefaultMemoryManager] 831603097 memory requested, 693497856 free
2024-10-22T11:23:17.470+0530 [DEBUG] [org.gradle.workers.internal.WorkerDaemonExpiration] Will attempt to release 793 of memory
2024-10-22T11:23:17.470+0530 [DEBUG] [org.gradle.process.internal.health.memory.DefaultMemoryManager] 831603097 memory requested, 0 released, 693497856 free
2024-10-22T11:23:19.299+0530 [DEBUG] [org.gradle.cache.internal.DefaultFileLockManager] Waiting to acquire shared lock on daemon addresses registry.
2024-10-22T11:23:19.300+0530 [DEBUG] [org.gradle.cache.internal.DefaultFileLockManager] Lock acquired on daemon addresses registry.
2024-10-22T11:23:19.301+0530 [DEBUG] [org.gradle.cache.internal.DefaultFileLockManager] Releasing lock on daemon addresses registry.
2024-10-22T11:23:19.303+0530 [DEBUG] [org.gradle.cache.internal.DefaultFileLockManager] Waiting to acquire shared lock on daemon addresses registry.
2024-10-22T11:23:19.303+0530 [DEBUG] [org.gradle.cache.internal.DefaultFileLockManager] Lock acquired on daemon addresses registry.
2024-10-22T11:23:19.304+0530 [DEBUG] [org.gradle.cache.internal.DefaultFileLockManager] Releasing lock on daemon addresses registry.
2024-10-22T11:23:19.304+0530 [DEBUG] [org.gradle.cache.internal.DefaultFileLockManager] Waiting to acquire shared lock on daemon addresses registry.
2024-10-22T11:23:19.305+0530 [DEBUG] [org.gradle.cache.internal.DefaultFileLockManager] Lock acquired on daemon addresses registry.
2024-10-22T11:23:19.305+0530 [DEBUG] [org.gradle.cache.internal.DefaultFileLockManager] Releasing lock on daemon addresses registry.
2024-10-22T11:23:22.465+0530 [DEBUG] [org.gradle.process.internal.health.memory.DefaultMemoryManager] 831603097 memory requested, 681918464 free
2024-10-22T11:23:22.465+0530 [DEBUG] [org.gradle.workers.internal.WorkerDaemonExpiration] Will attempt to release 793 of memory
2024-10-22T11:23:22.465+0530 [DEBUG] [org.gradle.process.internal.health.memory.DefaultMemoryManager] 831603097 memory requested, 0 released, 681918464 free
2024-10-22T11:23:27.455+0530 [DEBUG] [org.gradle.process.internal.health.memory.DefaultMemoryManager] 831603097 memory requested, 628396032 free
2024-10-22T11:23:27.456+0530 [DEBUG] [org.gradle.workers.internal.WorkerDaemonExpiration] Will attempt to release 793 of memory
2024-10-22T11:23:27.456+0530 [DEBUG] [org.gradle.process.internal.health.memory.DefaultMemoryManager] 831603097 memory requested, 0 released, 628396032 free
2024-10-22T11:23:29.298+0530 [DEBUG] [org.gradle.cache.internal.DefaultFileLockManager] Waiting to acquire shared lock on daemon addresses registry.
2024-10-22T11:23:29.298+0530 [DEBUG] [org.gradle.cache.internal.DefaultFileLockManager] Lock acquired on daemon addresses registry.
2024-10-22T11:23:29.299+0530 [DEBUG] [org.gradle.cache.internal.DefaultFileLockManager] Releasing lock on daemon addresses registry.
2024-10-22T11:23:29.301+0530 [DEBUG] [org.gradle.cache.internal.DefaultFileLockManager] Waiting to acquire shared lock on daemon addresses registry.
2024-10-22T11:23:29.301+0530 [DEBUG] [org.gradle.cache.internal.DefaultFileLockManager] Lock acquired on daemon addresses registry.
2024-10-22T11:23:29.302+0530 [DEBUG] [org.gradle.cache.internal.DefaultFileLockManager] Releasing lock on daemon addresses registry.
2024-10-22T11:23:29.303+0530 [DEBUG] [org.gradle.cache.internal.DefaultFileLockManager] Waiting to acquire shared lock on daemon addresses registry.
2024-10-22T11:23:29.303+0530 [DEBUG] [org.gradle.cache.internal.DefaultFileLockManager] Lock acquired on daemon addresses registry.
2024-10-22T11:23:29.303+0530 [DEBUG] [org.gradle.cache.internal.DefaultFileLockManager] Releasing lock on daemon addresses registry.
2024-10-22T11:23:32.461+0530 [DEBUG] [org.gradle.process.internal.health.memory.DefaultMemoryManager] 831603097 memory requested, 585035776 free
2024-10-22T11:23:32.462+0530 [DEBUG] [org.gradle.workers.internal.WorkerDaemonExpiration] Will attempt to release 793 of memory
2024-10-22T11:23:32.462+0530 [DEBUG] [org.gradle.process.internal.health.memory.DefaultMemoryManager] 831603097 memory requested, 0 released, 585035776 free
2024-10-22T11:23:37.470+0530 [DEBUG] [org.gradle.process.internal.health.memory.DefaultMemoryManager] 831603097 memory requested, 574984192 free
2024-10-22T11:23:37.471+0530 [DEBUG] [org.gradle.workers.internal.WorkerDaemonExpiration] Will attempt to release 793 of memory
2024-10-22T11:23:37.472+0530 [DEBUG] [org.gradle.process.internal.health.memory.DefaultMemoryManager] 831603097 memory requested, 0 released, 574984192 free
2024-10-22T11:23:39.300+0530 [DEBUG] [org.gradle.cache.internal.DefaultFileLockManager] Waiting to acquire shared lock on daemon addresses registry.
2024-10-22T11:23:39.300+0530 [DEBUG] [org.gradle.cache.internal.DefaultFileLockManager] Lock acquired on daemon addresses registry.
2024-10-22T11:23:39.301+0530 [DEBUG] [org.gradle.cache.internal.DefaultFileLockManager] Releasing lock on daemon addresses registry.
2024-10-22T11:23:39.302+0530 [DEBUG] [org.gradle.cache.internal.DefaultFileLockManager] Waiting to acquire shared lock on daemon addresses registry.
2024-10-22T11:23:39.302+0530 [DEBUG] [org.gradle.cache.internal.DefaultFileLockManager] Lock acquired on daemon addresses registry.
2024-10-22T11:23:39.303+0530 [DEBUG] [org.gradle.cache.internal.DefaultFileLockManager] Releasing lock on daemon addresses registry.
2024-10-22T11:23:39.303+0530 [DEBUG] [org.gradle.cache.internal.DefaultFileLockManager] Waiting to acquire shared lock on daemon addresses registry.
2024-10-22T11:23:39.304+0530 [DEBUG] [org.gradle.cache.internal.DefaultFileLockManager] Lock acquired on daemon addresses registry.
2024-10-22T11:23:39.304+0530 [DEBUG] [org.gradle.cache.internal.DefaultFileLockManager] Releasing lock on daemon addresses registry.
2024-10-22T11:23:42.457+0530 [DEBUG] [org.gradle.process.internal.health.memory.DefaultMemoryManager] 831603097 memory requested, 555364352 free
2024-10-22T11:23:42.457+0530 [DEBUG] [org.gradle.workers.internal.WorkerDaemonExpiration] Will attempt to release 793 of memory
2024-10-22T11:23:42.457+0530 [DEBUG] [org.gradle.process.internal.health.memory.DefaultMemoryManager] 831603097 memory requested, 0 released, 555364352 free
2024-10-22T11:23:47.466+0530 [DEBUG] [org.gradle.process.internal.health.memory.DefaultMemoryManager] 831603097 memory requested, 564637696 free
2024-10-22T11:23:47.466+0530 [DEBUG] [org.gradle.workers.internal.WorkerDaemonExpiration] Will attempt to release 793 of memory
2024-10-22T11:23:47.466+0530 [DEBUG] [org.gradle.process.internal.health.memory.DefaultMemoryManager] 831603097 memory requested, 0 released, 564637696 free
2024-10-22T11:23:49.296+0530 [DEBUG] [org.gradle.cache.internal.DefaultFileLockManager] Waiting to acquire shared lock on daemon addresses registry.
2024-10-22T11:23:49.296+0530 [DEBUG] [org.gradle.cache.internal.DefaultFileLockManager] Lock acquired on daemon addresses registry.
2024-10-22T11:23:49.298+0530 [DEBUG] [org.gradle.cache.internal.DefaultFileLockManager] Releasing lock on daemon addresses registry.
2024-10-22T11:23:49.299+0530 [DEBUG] [org.gradle.cache.internal.DefaultFileLockManager] Waiting to acquire shared lock on daemon addresses registry.
2024-10-22T11:23:49.300+0530 [DEBUG] [org.gradle.cache.internal.DefaultFileLockManager] Lock acquired on daemon addresses registry.
2024-10-22T11:23:49.300+0530 [DEBUG] [org.gradle.cache.internal.DefaultFileLockManager] Releasing lock on daemon addresses registry.
2024-10-22T11:23:49.301+0530 [DEBUG] [org.gradle.cache.internal.DefaultFileLockManager] Waiting to acquire shared lock on daemon addresses registry.
2024-10-22T11:23:49.301+0530 [DEBUG] [org.gradle.cache.internal.DefaultFileLockManager] Lock acquired on daemon addresses registry.
2024-10-22T11:23:49.301+0530 [DEBUG] [org.gradle.cache.internal.DefaultFileLockManager] Releasing lock on daemon addresses registry.
2024-10-22T11:23:52.457+0530 [DEBUG] [org.gradle.process.internal.health.memory.DefaultMemoryManager] 831603097 memory requested, 532840448 free
2024-10-22T11:23:52.458+0530 [DEBUG] [org.gradle.workers.internal.WorkerDaemonExpiration] Will attempt to release 793 of memory
2024-10-22T11:23:52.458+0530 [DEBUG] [org.gradle.process.internal.health.memory.DefaultMemoryManager] 831603097 memory requested, 0 released, 532840448 free
2024-10-22T11:23:57.464+0530 [DEBUG] [org.gradle.process.internal.health.memory.DefaultMemoryManager] 831603097 memory requested, 498233344 free
2024-10-22T11:23:57.464+0530 [DEBUG] [org.gradle.workers.internal.WorkerDaemonExpiration] Will attempt to release 793 of memory
2024-10-22T11:23:57.464+0530 [DEBUG] [org.gradle.process.internal.health.memory.DefaultMemoryManager] 831603097 memory requested, 0 released, 498233344 free
2024-10-22T11:23:59.300+0530 [DEBUG] [org.gradle.cache.internal.DefaultFileLockManager] Waiting to acquire shared lock on daemon addresses registry.
2024-10-22T11:23:59.300+0530 [DEBUG] [org.gradle.cache.internal.DefaultFileLockManager] Lock acquired on daemon addresses registry.
2024-10-22T11:23:59.300+0530 [DEBUG] [org.gradle.cache.internal.DefaultFileLockManager] Releasing lock on daemon addresses registry.
2024-10-22T11:23:59.303+0530 [DEBUG] [org.gradle.cache.internal.DefaultFileLockManager] Waiting to acquire shared lock on daemon addresses registry.
2024-10-22T11:23:59.303+0530 [DEBUG] [org.gradle.cache.internal.DefaultFileLockManager] Lock acquired on daemon addresses registry.
2024-10-22T11:23:59.303+0530 [DEBUG] [org.gradle.cache.internal.DefaultFileLockManager] Releasing lock on daemon addresses registry.
2024-10-22T11:23:59.304+0530 [DEBUG] [org.gradle.cache.internal.DefaultFileLockManager] Waiting to acquire shared lock on daemon addresses registry.
2024-10-22T11:23:59.304+0530 [DEBUG] [org.gradle.cache.internal.DefaultFileLockManager] Lock acquired on daemon addresses registry.
2024-10-22T11:23:59.305+0530 [DEBUG] [org.gradle.cache.internal.DefaultFileLockManager] Releasing lock on daemon addresses registry.
2024-10-22T11:24:02.459+0530 [DEBUG] [org.gradle.process.internal.health.memory.DefaultMemoryManager] 831603097 memory requested, 468946944 free
2024-10-22T11:24:02.459+0530 [DEBUG] [org.gradle.workers.internal.WorkerDaemonExpiration] Will attempt to release 793 of memory
2024-10-22T11:24:02.459+0530 [DEBUG] [org.gradle.process.internal.health.memory.DefaultMemoryManager] 831603097 memory requested, 0 released, 468946944 free
2024-10-22T11:24:07.464+0530 [DEBUG] [org.gradle.process.internal.health.memory.DefaultMemoryManager] 831603097 memory requested, 463020032 free
2024-10-22T11:24:07.464+0530 [DEBUG] [org.gradle.workers.internal.WorkerDaemonExpiration] Will attempt to release 793 of memory
2024-10-22T11:24:07.464+0530 [DEBUG] [org.gradle.process.internal.health.memory.DefaultMemoryManager] 831603097 memory requested, 0 released, 463020032 free
2024-10-22T11:24:09.299+0530 [DEBUG] [org.gradle.cache.internal.DefaultFileLockManager] Waiting to acquire shared lock on daemon addresses registry.
2024-10-22T11:24:09.300+0530 [DEBUG] [org.gradle.cache.internal.DefaultFileLockManager] Lock acquired on daemon addresses registry.
2024-10-22T11:24:09.300+0530 [DEBUG] [org.gradle.cache.internal.DefaultFileLockManager] Releasing lock on daemon addresses registry.
2024-10-22T11:24:09.302+0530 [DEBUG] [org.gradle.cache.internal.DefaultFileLockManager] Waiting to acquire shared lock on daemon addresses registry.
2024-10-22T11:24:09.302+0530 [DEBUG] [org.gradle.cache.internal.DefaultFileLockManager] Lock acquired on daemon addresses registry.
2024-10-22T11:24:09.303+0530 [DEBUG] [org.gradle.cache.internal.DefaultFileLockManager] Releasing lock on daemon addresses registry.
2024-10-22T11:24:09.304+0530 [DEBUG] [org.gradle.cache.internal.DefaultFileLockManager] Waiting to acquire shared lock on daemon addresses registry.
2024-10-22T11:24:09.305+0530 [DEBUG] [org.gradle.cache.internal.DefaultFileLockManager] Lock acquired on daemon addresses registry.
2024-10-22T11:24:09.306+0530 [DEBUG] [org.gradle.cache.internal.DefaultFileLockManager] Releasing lock on daemon addresses registry.
2024-10-22T11:24:12.461+0530 [DEBUG] [org.gradle.process.internal.health.memory.DefaultMemoryManager] 831603097 memory requested, 393883648 free
2024-10-22T11:24:12.461+0530 [DEBUG] [org.gradle.workers.internal.WorkerDaemonExpiration] Will attempt to release 793 of memory
2024-10-22T11:24:12.461+0530 [DEBUG] [org.gradle.process.internal.health.memory.DefaultMemoryManager] 831603097 memory requested, 0 released, 393883648 free
2024-10-22T11:24:17.456+0530 [DEBUG] [org.gradle.process.internal.health.memory.DefaultMemoryManager] 831603097 memory requested, 377573376 free
2024-10-22T11:24:17.456+0530 [DEBUG] [org.gradle.workers.internal.WorkerDaemonExpiration] Will attempt to release 793 of memory
2024-10-22T11:24:17.456+0530 [DEBUG] [org.gradle.process.internal.health.memory.DefaultMemoryManager] 831603097 memory requested, 0 released, 377573376 free
2024-10-22T11:24:19.301+0530 [DEBUG] [org.gradle.cache.internal.DefaultFileLockManager] Waiting to acquire shared lock on daemon addresses registry.
2024-10-22T11:24:19.301+0530 [DEBUG] [org.gradle.cache.internal.DefaultFileLockManager] Lock acquired on daemon addresses registry.
2024-10-22T11:24:19.302+0530 [DEBUG] [org.gradle.cache.internal.DefaultFileLockManager] Releasing lock on daemon addresses registry.
2024-10-22T11:24:19.304+0530 [DEBUG] [org.gradle.cache.internal.DefaultFileLockManager] Waiting to acquire shared lock on daemon addresses registry.
2024-10-22T11:24:19.306+0530 [DEBUG] [org.gradle.cache.internal.DefaultFileLockManager] Lock acquired on daemon addresses registry.
2024-10-22T11:24:19.307+0530 [DEBUG] [org.gradle.cache.internal.DefaultFileLockManager] Releasing lock on daemon addresses registry.
2024-10-22T11:24:19.309+0530 [DEBUG] [org.gradle.cache.internal.DefaultFileLockManager] Waiting to acquire shared lock on daemon addresses registry.
2024-10-22T11:24:19.309+0530 [DEBUG] [org.gradle.cache.internal.DefaultFileLockManager] Lock acquired on daemon addresses registry.
2024-10-22T11:24:19.309+0530 [DEBUG] [org.gradle.cache.internal.DefaultFileLockManager] Releasing lock on daemon addresses registry.
2024-10-22T11:24:22.455+0530 [DEBUG] [org.gradle.process.internal.health.memory.DefaultMemoryManager] 831603097 memory requested, 342196224 free
2024-10-22T11:24:22.455+0530 [DEBUG] [org.gradle.workers.internal.WorkerDaemonExpiration] Will attempt to release 793 of memory
2024-10-22T11:24:22.455+0530 [DEBUG] [org.gradle.process.internal.health.memory.DefaultMemoryManager] 831603097 memory requested, 0 released, 342196224 free
2024-10-22T11:24:27.454+0530 [DEBUG] [org.gradle.process.internal.health.memory.DefaultMemoryManager] 831603097 memory requested, 352411648 free
2024-10-22T11:24:27.455+0530 [DEBUG] [org.gradle.workers.internal.WorkerDaemonExpiration] Will attempt to release 793 of memory
2024-10-22T11:24:27.455+0530 [DEBUG] [org.gradle.process.internal.health.memory.DefaultMemoryManager] 831603097 memory requested, 0 released, 352411648 free
2024-10-22T11:24:29.298+0530 [DEBUG] [org.gradle.cache.internal.DefaultFileLockManager] Waiting to acquire shared lock on daemon addresses registry.
2024-10-22T11:24:29.298+0530 [DEBUG] [org.gradle.cache.internal.DefaultFileLockManager] Lock acquired on daemon addresses registry.
2024-10-22T11:24:29.298+0530 [DEBUG] [org.gradle.cache.internal.DefaultFileLockManager] Releasing lock on daemon addresses registry.
2024-10-22T11:24:29.300+0530 [DEBUG] [org.gradle.cache.internal.DefaultFileLockManager] Waiting to acquire shared lock on daemon addresses registry.
2024-10-22T11:24:29.300+0530 [DEBUG] [org.gradle.cache.internal.DefaultFileLockManager] Lock acquired on daemon addresses registry.
2024-10-22T11:24:29.301+0530 [DEBUG] [org.gradle.cache.internal.DefaultFileLockManager] Releasing lock on daemon addresses registry.
2024-10-22T11:24:29.303+0530 [DEBUG] [org.gradle.cache.internal.DefaultFileLockManager] Waiting to acquire shared lock on daemon addresses registry.
2024-10-22T11:24:29.303+0530 [DEBUG] [org.gradle.cache.internal.DefaultFileLockManager] Lock acquired on daemon addresses registry.
2024-10-22T11:24:29.303+0530 [DEBUG] [org.gradle.cache.internal.DefaultFileLockManager] Releasing lock on daemon addresses registry.
2024-10-22T11:24:32.458+0530 [DEBUG] [org.gradle.process.internal.health.memory.DefaultMemoryManager] 831603097 memory requested, 368586752 free
2024-10-22T11:24:32.458+0530 [DEBUG] [org.gradle.workers.internal.WorkerDaemonExpiration] Will attempt to release 793 of memory
2024-10-22T11:24:32.458+0530 [DEBUG] [org.gradle.process.internal.health.memory.DefaultMemoryManager] 831603097 memory requested, 0 released, 368586752 free
2024-10-22T11:24:37.470+0530 [DEBUG] [org.gradle.process.internal.health.memory.DefaultMemoryManager] 831603097 memory requested, 344154112 free
2024-10-22T11:24:37.471+0530 [DEBUG] [org.gradle.workers.internal.WorkerDaemonExpiration] Will attempt to release 793 of memory
2024-10-22T11:24:37.471+0530 [DEBUG] [org.gradle.process.internal.health.memory.DefaultMemoryManager] 831603097 memory requested, 0 released, 344154112 free
2024-10-22T11:24:39.293+0530 [DEBUG] [org.gradle.cache.internal.DefaultFileLockManager] Waiting to acquire shared lock on daemon addresses registry.
2024-10-22T11:24:39.293+0530 [DEBUG] [org.gradle.cache.internal.DefaultFileLockManager] Lock acquired on daemon addresses registry.
2024-10-22T11:24:39.295+0530 [DEBUG] [org.gradle.cache.internal.DefaultFileLockManager] Releasing lock on daemon addresses registry.
2024-10-22T11:24:39.299+0530 [DEBUG] [org.gradle.cache.internal.DefaultFileLockManager] Waiting to acquire shared lock on daemon addresses registry.
2024-10-22T11:24:39.299+0530 [DEBUG] [org.gradle.cache.internal.DefaultFileLockManager] Lock acquired on daemon addresses registry.
2024-10-22T11:24:39.299+0530 [DEBUG] [org.gradle.cache.internal.DefaultFileLockManager] Releasing lock on daemon addresses registry.
2024-10-22T11:24:39.301+0530 [DEBUG] [org.gradle.cache.internal.DefaultFileLockManager] Waiting to acquire shared lock on daemon addresses registry.
2024-10-22T11:24:39.301+0530 [DEBUG] [org.gradle.cache.internal.DefaultFileLockManager] Lock acquired on daemon addresses registry.
2024-10-22T11:24:39.302+0530 [DEBUG] [org.gradle.cache.internal.DefaultFileLockManager] Releasing lock on daemon addresses registry.
2024-10-22T11:24:42.468+0530 [DEBUG] [org.gradle.process.internal.health.memory.DefaultMemoryManager] 831603097 memory requested, 525193216 free
2024-10-22T11:24:42.468+0530 [DEBUG] [org.gradle.workers.internal.WorkerDaemonExpiration] Will attempt to release 793 of memory
2024-10-22T11:24:42.468+0530 [DEBUG] [org.gradle.process.internal.health.memory.DefaultMemoryManager] 831603097 memory requested, 0 released, 525193216 free
2024-10-22T11:24:47.454+0530 [DEBUG] [org.gradle.process.internal.health.memory.DefaultMemoryManager] 831603097 memory requested, 443772928 free
2024-10-22T11:24:47.455+0530 [DEBUG] [org.gradle.workers.internal.WorkerDaemonExpiration] Will attempt to release 793 of memory
2024-10-22T11:24:47.456+0530 [DEBUG] [org.gradle.process.internal.health.memory.DefaultMemoryManager] 831603097 memory requested, 0 released, 443772928 free
2024-10-22T11:24:49.315+0530 [DEBUG] [org.gradle.cache.internal.DefaultFileLockManager] Waiting to acquire shared lock on daemon addresses registry.
2024-10-22T11:24:49.316+0530 [DEBUG] [org.gradle.cache.internal.DefaultFileLockManager] Lock acquired on daemon addresses registry.
2024-10-22T11:24:49.317+0530 [DEBUG] [org.gradle.cache.internal.DefaultFileLockManager] Releasing lock on daemon addresses registry.
2024-10-22T11:24:49.318+0530 [DEBUG] [org.gradle.cache.internal.DefaultFileLockManager] Waiting to acquire shared lock on daemon addresses registry.
2024-10-22T11:24:49.318+0530 [DEBUG] [org.gradle.cache.internal.DefaultFileLockManager] Lock acquired on daemon addresses registry.
2024-10-22T11:24:49.320+0530 [DEBUG] [org.gradle.cache.internal.DefaultFileLockManager] Releasing lock on daemon addresses registry.
2024-10-22T11:24:49.321+0530 [DEBUG] [org.gradle.cache.internal.DefaultFileLockManager] Waiting to acquire shared lock on daemon addresses registry.
2024-10-22T11:24:49.322+0530 [DEBUG] [org.gradle.cache.internal.DefaultFileLockManager] Lock acquired on daemon addresses registry.
2024-10-22T11:24:49.322+0530 [DEBUG] [org.gradle.cache.internal.DefaultFileLockManager] Releasing lock on daemon addresses registry.
2024-10-22T11:24:52.466+0530 [DEBUG] [org.gradle.process.internal.health.memory.DefaultMemoryManager] 831603097 memory requested, 462888960 free
2024-10-22T11:24:52.466+0530 [DEBUG] [org.gradle.workers.internal.WorkerDaemonExpiration] Will attempt to release 793 of memory
2024-10-22T11:24:52.467+0530 [DEBUG] [org.gradle.process.internal.health.memory.DefaultMemoryManager] 831603097 memory requested, 0 released, 462888960 free
2024-10-22T11:24:57.465+0530 [DEBUG] [org.gradle.process.internal.health.memory.DefaultMemoryManager] 831603097 memory requested, 653971456 free
2024-10-22T11:24:57.465+0530 [DEBUG] [org.gradle.workers.internal.WorkerDaemonExpiration] Will attempt to release 793 of memory
2024-10-22T11:24:57.465+0530 [DEBUG] [org.gradle.process.internal.health.memory.DefaultMemoryManager] 831603097 memory requested, 0 released, 653971456 free
2024-10-22T11:24:59.298+0530 [DEBUG] [org.gradle.cache.internal.DefaultFileLockManager] Waiting to acquire shared lock on daemon addresses registry.
2024-10-22T11:24:59.298+0530 [DEBUG] [org.gradle.cache.internal.DefaultFileLockManager] Lock acquired on daemon addresses registry.
2024-10-22T11:24:59.299+0530 [DEBUG] [org.gradle.cache.internal.DefaultFileLockManager] Releasing lock on daemon addresses registry.
2024-10-22T11:24:59.300+0530 [DEBUG] [org.gradle.cache.internal.DefaultFileLockManager] Waiting to acquire shared lock on daemon addresses registry.
2024-10-22T11:24:59.300+0530 [DEBUG] [org.gradle.cache.internal.DefaultFileLockManager] Lock acquired on daemon addresses registry.
2024-10-22T11:24:59.301+0530 [DEBUG] [org.gradle.cache.internal.DefaultFileLockManager] Releasing lock on daemon addresses registry.
2024-10-22T11:24:59.302+0530 [DEBUG] [org.gradle.cache.internal.DefaultFileLockManager] Waiting to acquire shared lock on daemon addresses registry.
2024-10-22T11:24:59.302+0530 [DEBUG] [org.gradle.cache.internal.DefaultFileLockManager] Lock acquired on daemon addresses registry.
2024-10-22T11:24:59.302+0530 [DEBUG] [org.gradle.cache.internal.DefaultFileLockManager] Releasing lock on daemon addresses registry.
2024-10-22T11:25:02.465+0530 [DEBUG] [org.gradle.process.internal.health.memory.DefaultMemoryManager] 831603097 memory requested, 522780672 free
2024-10-22T11:25:02.468+0530 [DEBUG] [org.gradle.workers.internal.WorkerDaemonExpiration] Will attempt to release 793 of memory
2024-10-22T11:25:02.468+0530 [DEBUG] [org.gradle.process.internal.health.memory.DefaultMemoryManager] 831603097 memory requested, 0 released, 522780672 free
2024-10-22T11:25:07.464+0530 [DEBUG] [org.gradle.process.internal.health.memory.DefaultMemoryManager] 831603097 memory requested, 388714496 free
2024-10-22T11:25:07.465+0530 [DEBUG] [org.gradle.workers.internal.WorkerDaemonExpiration] Will attempt to release 793 of memory
2024-10-22T11:25:07.465+0530 [DEBUG] [org.gradle.process.internal.health.memory.DefaultMemoryManager] 831603097 memory requested, 0 released, 388714496 free
2024-10-22T11:25:09.296+0530 [DEBUG] [org.gradle.cache.internal.DefaultFileLockManager] Waiting to acquire shared lock on daemon addresses registry.
2024-10-22T11:25:09.297+0530 [DEBUG] [org.gradle.cache.internal.DefaultFileLockManager] Lock acquired on daemon addresses registry.
2024-10-22T11:25:09.298+0530 [DEBUG] [org.gradle.cache.internal.DefaultFileLockManager] Releasing lock on daemon addresses registry.
2024-10-22T11:25:09.300+0530 [DEBUG] [org.gradle.cache.internal.DefaultFileLockManager] Waiting to acquire shared lock on daemon addresses registry.
2024-10-22T11:25:09.300+0530 [DEBUG] [org.gradle.cache.internal.DefaultFileLockManager] Lock acquired on daemon addresses registry.
2024-10-22T11:25:09.301+0530 [DEBUG] [org.gradle.cache.internal.DefaultFileLockManager] Releasing lock on daemon addresses registry.
2024-10-22T11:25:09.302+0530 [DEBUG] [org.gradle.cache.internal.DefaultFileLockManager] Waiting to acquire shared lock on daemon addresses registry.
2024-10-22T11:25:09.302+0530 [DEBUG] [org.gradle.cache.internal.DefaultFileLockManager] Lock acquired on daemon addresses registry.
2024-10-22T11:25:09.303+0530 [DEBUG] [org.gradle.cache.internal.DefaultFileLockManager] Releasing lock on daemon addresses registry.
2024-10-22T11:25:12.462+0530 [DEBUG] [org.gradle.process.internal.health.memory.DefaultMemoryManager] 831603097 memory requested, 504029184 free
2024-10-22T11:25:12.464+0530 [DEBUG] [org.gradle.workers.internal.WorkerDaemonExpiration] Will attempt to release 793 of memory
2024-10-22T11:25:12.464+0530 [DEBUG] [org.gradle.process.internal.health.memory.DefaultMemoryManager] 831603097 memory requested, 0 released, 504029184 free
2024-10-22T11:25:17.456+0530 [DEBUG] [org.gradle.process.internal.health.memory.DefaultMemoryManager] 831603097 memory requested, 486637568 free
2024-10-22T11:25:17.457+0530 [DEBUG] [org.gradle.workers.internal.WorkerDaemonExpiration] Will attempt to release 793 of memory
2024-10-22T11:25:17.457+0530 [DEBUG] [org.gradle.process.internal.health.memory.DefaultMemoryManager] 831603097 memory requested, 0 released, 486637568 free
2024-10-22T11:25:19.294+0530 [DEBUG] [org.gradle.cache.internal.DefaultFileLockManager] Waiting to acquire shared lock on daemon addresses registry.
2024-10-22T11:25:19.296+0530 [DEBUG] [org.gradle.cache.internal.DefaultFileLockManager] Lock acquired on daemon addresses registry.
2024-10-22T11:25:19.297+0530 [DEBUG] [org.gradle.cache.internal.DefaultFileLockManager] Releasing lock on daemon addresses registry.
2024-10-22T11:25:19.301+0530 [DEBUG] [org.gradle.cache.internal.DefaultFileLockManager] Waiting to acquire shared lock on daemon addresses registry.
2024-10-22T11:25:19.301+0530 [DEBUG] [org.gradle.cache.internal.DefaultFileLockManager] Lock acquired on daemon addresses registry.
2024-10-22T11:25:19.301+0530 [DEBUG] [org.gradle.cache.internal.DefaultFileLockManager] Releasing lock on daemon addresses registry.
2024-10-22T11:25:19.302+0530 [DEBUG] [org.gradle.cache.internal.DefaultFileLockManager] Waiting to acquire shared lock on daemon addresses registry.
2024-10-22T11:25:19.303+0530 [DEBUG] [org.gradle.cache.internal.DefaultFileLockManager] Lock acquired on daemon addresses registry.
2024-10-22T11:25:19.303+0530 [DEBUG] [org.gradle.cache.internal.DefaultFileLockManager] Releasing lock on daemon addresses registry.
2024-10-22T11:25:22.458+0530 [DEBUG] [org.gradle.process.internal.health.memory.DefaultMemoryManager] 831603097 memory requested, 468307968 free
2024-10-22T11:25:22.458+0530 [DEBUG] [org.gradle.workers.internal.WorkerDaemonExpiration] Will attempt to release 793 of memory
2024-10-22T11:25:22.459+0530 [DEBUG] [org.gradle.process.internal.health.memory.DefaultMemoryManager] 831603097 memory requested, 0 released, 468307968 free
2024-10-22T11:25:27.462+0530 [DEBUG] [org.gradle.process.internal.health.memory.DefaultMemoryManager] 831603097 memory requested, 516259840 free
2024-10-22T11:25:27.462+0530 [DEBUG] [org.gradle.workers.internal.WorkerDaemonExpiration] Will attempt to release 793 of memory
2024-10-22T11:25:27.462+0530 [DEBUG] [org.gradle.process.internal.health.memory.DefaultMemoryManager] 831603097 memory requested, 0 released, 516259840 free
2024-10-22T11:25:29.303+0530 [DEBUG] [org.gradle.cache.internal.DefaultFileLockManager] Waiting to acquire shared lock on daemon addresses registry.
2024-10-22T11:25:29.303+0530 [DEBUG] [org.gradle.cache.internal.DefaultFileLockManager] Lock acquired on daemon addresses registry.
2024-10-22T11:25:29.303+0530 [DEBUG] [org.gradle.cache.internal.DefaultFileLockManager] Releasing lock on daemon addresses registry.
2024-10-22T11:25:29.305+0530 [DEBUG] [org.gradle.cache.internal.DefaultFileLockManager] Waiting to acquire shared lock on daemon addresses registry.
2024-10-22T11:25:29.305+0530 [DEBUG] [org.gradle.cache.internal.DefaultFileLockManager] Lock acquired on daemon addresses registry.
2024-10-22T11:25:29.305+0530 [DEBUG] [org.gradle.cache.internal.DefaultFileLockManager] Releasing lock on daemon addresses registry.
2024-10-22T11:25:29.306+0530 [DEBUG] [org.gradle.cache.internal.DefaultFileLockManager] Waiting to acquire shared lock on daemon addresses registry.
2024-10-22T11:25:29.306+0530 [DEBUG] [org.gradle.cache.internal.DefaultFileLockManager] Lock acquired on daemon addresses registry.
2024-10-22T11:25:29.307+0530 [DEBUG] [org.gradle.cache.internal.DefaultFileLockManager] Releasing lock on daemon addresses registry.
2024-10-22T11:25:32.464+0530 [DEBUG] [org.gradle.process.internal.health.memory.DefaultMemoryManager] 831603097 memory requested, 505929728 free
2024-10-22T11:25:32.464+0530 [DEBUG] [org.gradle.workers.internal.WorkerDaemonExpiration] Will attempt to release 793 of memory
2024-10-22T11:25:32.464+0530 [DEBUG] [org.gradle.process.internal.health.memory.DefaultMemoryManager] 831603097 memory requested, 0 released, 505929728 free
2024-10-22T11:25:37.463+0530 [DEBUG] [org.gradle.process.internal.health.memory.DefaultMemoryManager] 831603097 memory requested, 474361856 free
2024-10-22T11:25:37.464+0530 [DEBUG] [org.gradle.workers.internal.WorkerDaemonExpiration] Will attempt to release 793 of memory
2024-10-22T11:25:37.464+0530 [DEBUG] [org.gradle.process.internal.health.memory.DefaultMemoryManager] 831603097 memory requested, 0 released, 474361856 free
2024-10-22T11:25:39.304+0530 [DEBUG] [org.gradle.cache.internal.DefaultFileLockManager] Waiting to acquire shared lock on daemon addresses registry.
2024-10-22T11:25:39.304+0530 [DEBUG] [org.gradle.cache.internal.DefaultFileLockManager] Lock acquired on daemon addresses registry.
2024-10-22T11:25:39.306+0530 [DEBUG] [org.gradle.cache.internal.DefaultFileLockManager] Releasing lock on daemon addresses registry.
2024-10-22T11:25:39.308+0530 [DEBUG] [org.gradle.cache.internal.DefaultFileLockManager] Waiting to acquire shared lock on daemon addresses registry.
2024-10-22T11:25:39.308+0530 [DEBUG] [org.gradle.cache.internal.DefaultFileLockManager] Lock acquired on daemon addresses registry.
2024-10-22T11:25:39.309+0530 [DEBUG] [org.gradle.cache.internal.DefaultFileLockManager] Releasing lock on daemon addresses registry.
2024-10-22T11:25:39.310+0530 [DEBUG] [org.gradle.cache.internal.DefaultFileLockManager] Waiting to acquire shared lock on daemon addresses registry.
2024-10-22T11:25:39.310+0530 [DEBUG] [org.gradle.cache.internal.DefaultFileLockManager] Lock acquired on daemon addresses registry.
2024-10-22T11:25:39.310+0530 [DEBUG] [org.gradle.cache.internal.DefaultFileLockManager] Releasing lock on daemon addresses registry.
2024-10-22T11:25:42.459+0530 [DEBUG] [org.gradle.process.internal.health.memory.DefaultMemoryManager] 831603097 memory requested, 454823936 free
2024-10-22T11:25:42.459+0530 [DEBUG] [org.gradle.workers.internal.WorkerDaemonExpiration] Will attempt to release 793 of memory
2024-10-22T11:25:42.460+0530 [DEBUG] [org.gradle.process.internal.health.memory.DefaultMemoryManager] 831603097 memory requested, 0 released, 454823936 free
2024-10-22T11:25:47.455+0530 [DEBUG] [org.gradle.process.internal.health.memory.DefaultMemoryManager] 831603097 memory requested, 500932608 free
2024-10-22T11:25:47.455+0530 [DEBUG] [org.gradle.workers.internal.WorkerDaemonExpiration] Will attempt to release 793 of memory
2024-10-22T11:25:47.456+0530 [DEBUG] [org.gradle.process.internal.health.memory.DefaultMemoryManager] 831603097 memory requested, 0 released, 500932608 free
2024-10-22T11:25:49.299+0530 [DEBUG] [org.gradle.cache.internal.DefaultFileLockManager] Waiting to acquire shared lock on daemon addresses registry.
2024-10-22T11:25:49.299+0530 [DEBUG] [org.gradle.cache.internal.DefaultFileLockManager] Lock acquired on daemon addresses registry.
2024-10-22T11:25:49.299+0530 [DEBUG] [org.gradle.cache.internal.DefaultFileLockManager] Releasing lock on daemon addresses registry.
2024-10-22T11:25:49.302+0530 [DEBUG] [org.gradle.cache.internal.DefaultFileLockManager] Waiting to acquire shared lock on daemon addresses registry.
2024-10-22T11:25:49.302+0530 [DEBUG] [org.gradle.cache.internal.DefaultFileLockManager] Lock acquired on daemon addresses registry.
2024-10-22T11:25:49.303+0530 [DEBUG] [org.gradle.cache.internal.DefaultFileLockManager] Releasing lock on daemon addresses registry.
2024-10-22T11:25:49.303+0530 [DEBUG] [org.gradle.cache.internal.DefaultFileLockManager] Waiting to acquire shared lock on daemon addresses registry.
2024-10-22T11:25:49.303+0530 [DEBUG] [org.gradle.cache.internal.DefaultFileLockManager] Lock acquired on daemon addresses registry.
2024-10-22T11:25:49.304+0530 [DEBUG] [org.gradle.cache.internal.DefaultFileLockManager] Releasing lock on daemon addresses registry.
2024-10-22T11:25:52.461+0530 [DEBUG] [org.gradle.process.internal.health.memory.DefaultMemoryManager] 831603097 memory requested, 453070848 free
2024-10-22T11:25:52.461+0530 [DEBUG] [org.gradle.workers.internal.WorkerDaemonExpiration] Will attempt to release 793 of memory
2024-10-22T11:25:52.461+0530 [DEBUG] [org.gradle.process.internal.health.memory.DefaultMemoryManager] 831603097 memory requested, 0 released, 453070848 free
2024-10-22T11:25:57.467+0530 [DEBUG] [org.gradle.process.internal.health.memory.DefaultMemoryManager] 831603097 memory requested, 486948864 free
2024-10-22T11:25:57.468+0530 [DEBUG] [org.gradle.workers.internal.WorkerDaemonExpiration] Will attempt to release 793 of memory
2024-10-22T11:25:57.468+0530 [DEBUG] [org.gradle.process.internal.health.memory.DefaultMemoryManager] 831603097 memory requested, 0 released, 486948864 free
2024-10-22T11:25:59.299+0530 [DEBUG] [org.gradle.cache.internal.DefaultFileLockManager] Waiting to acquire shared lock on daemon addresses registry.
2024-10-22T11:25:59.299+0530 [DEBUG] [org.gradle.cache.internal.DefaultFileLockManager] Lock acquired on daemon addresses registry.
2024-10-22T11:25:59.299+0530 [DEBUG] [org.gradle.cache.internal.DefaultFileLockManager] Releasing lock on daemon addresses registry.
2024-10-22T11:25:59.300+0530 [DEBUG] [org.gradle.cache.internal.DefaultFileLockManager] Waiting to acquire shared lock on daemon addresses registry.
2024-10-22T11:25:59.300+0530 [DEBUG] [org.gradle.cache.internal.DefaultFileLockManager] Lock acquired on daemon addresses registry.
2024-10-22T11:25:59.301+0530 [DEBUG] [org.gradle.cache.internal.DefaultFileLockManager] Releasing lock on daemon addresses registry.
2024-10-22T11:25:59.301+0530 [DEBUG] [org.gradle.cache.internal.DefaultFileLockManager] Waiting to acquire shared lock on daemon addresses registry.
2024-10-22T11:25:59.301+0530 [DEBUG] [org.gradle.cache.internal.DefaultFileLockManager] Lock acquired on daemon addresses registry.
2024-10-22T11:25:59.301+0530 [DEBUG] [org.gradle.cache.internal.DefaultFileLockManager] Releasing lock on daemon addresses registry.
2024-10-22T11:26:02.469+0530 [DEBUG] [org.gradle.process.internal.health.memory.DefaultMemoryManager] 831603097 memory requested, 478228480 free
2024-10-22T11:26:02.469+0530 [DEBUG] [org.gradle.workers.internal.WorkerDaemonExpiration] Will attempt to release 793 of memory
2024-10-22T11:26:02.469+0530 [DEBUG] [org.gradle.process.internal.health.memory.DefaultMemoryManager] 831603097 memory requested, 0 released, 478228480 free
2024-10-22T11:26:07.461+0530 [DEBUG] [org.gradle.process.internal.health.memory.DefaultMemoryManager] 831603097 memory requested, 474984448 free
2024-10-22T11:26:07.462+0530 [DEBUG] [org.gradle.workers.internal.WorkerDaemonExpiration] Will attempt to release 793 of memory
2024-10-22T11:26:07.462+0530 [DEBUG] [org.gradle.process.internal.health.memory.DefaultMemoryManager] 831603097 memory requested, 0 released, 474984448 free
2024-10-22T11:26:09.294+0530 [DEBUG] [org.gradle.cache.internal.DefaultFileLockManager] Waiting to acquire shared lock on daemon addresses registry.
2024-10-22T11:26:09.294+0530 [DEBUG] [org.gradle.cache.internal.DefaultFileLockManager] Lock acquired on daemon addresses registry.
2024-10-22T11:26:09.295+0530 [DEBUG] [org.gradle.cache.internal.DefaultFileLockManager] Releasing lock on daemon addresses registry.
2024-10-22T11:26:09.295+0530 [DEBUG] [org.gradle.cache.internal.DefaultFileLockManager] Waiting to acquire shared lock on daemon addresses registry.
2024-10-22T11:26:09.295+0530 [DEBUG] [org.gradle.cache.internal.DefaultFileLockManager] Lock acquired on daemon addresses registry.
2024-10-22T11:26:09.296+0530 [DEBUG] [org.gradle.cache.internal.DefaultFileLockManager] Releasing lock on daemon addresses registry.
2024-10-22T11:26:09.296+0530 [DEBUG] [org.gradle.cache.internal.DefaultFileLockManager] Waiting to acquire shared lock on daemon addresses registry.
2024-10-22T11:26:09.298+0530 [DEBUG] [org.gradle.cache.internal.DefaultFileLockManager] Lock acquired on daemon addresses registry.
2024-10-22T11:26:09.300+0530 [DEBUG] [org.gradle.cache.internal.DefaultFileLockManager] Releasing lock on daemon addresses registry.
2024-10-22T11:26:12.459+0530 [DEBUG] [org.gradle.process.internal.health.memory.DefaultMemoryManager] 831603097 memory requested, 469704704 free
2024-10-22T11:26:12.459+0530 [DEBUG] [org.gradle.workers.internal.WorkerDaemonExpiration] Will attempt to release 793 of memory
2024-10-22T11:26:12.459+0530 [DEBUG] [org.gradle.process.internal.health.memory.DefaultMemoryManager] 831603097 memory requested, 0 released, 469704704 free
2024-10-22T11:26:17.465+0530 [DEBUG] [org.gradle.process.internal.health.memory.DefaultMemoryManager] 831603097 memory requested, 470794240 free
2024-10-22T11:26:17.466+0530 [DEBUG] [org.gradle.workers.internal.WorkerDaemonExpiration] Will attempt to release 793 of memory
2024-10-22T11:26:17.466+0530 [DEBUG] [org.gradle.process.internal.health.memory.DefaultMemoryManager] 831603097 memory requested, 0 released, 470794240 free
2024-10-22T11:26:19.291+0530 [DEBUG] [org.gradle.cache.internal.DefaultFileLockManager] Waiting to acquire shared lock on daemon addresses registry.
2024-10-22T11:26:19.291+0530 [DEBUG] [org.gradle.cache.internal.DefaultFileLockManager] Lock acquired on daemon addresses registry.
2024-10-22T11:26:19.291+0530 [DEBUG] [org.gradle.cache.internal.DefaultFileLockManager] Releasing lock on daemon addresses registry.
2024-10-22T11:26:19.292+0530 [DEBUG] [org.gradle.cache.internal.DefaultFileLockManager] Waiting to acquire shared lock on daemon addresses registry.
2024-10-22T11:26:19.292+0530 [DEBUG] [org.gradle.cache.internal.DefaultFileLockManager] Lock acquired on daemon addresses registry.
2024-10-22T11:26:19.293+0530 [DEBUG] [org.gradle.cache.internal.DefaultFileLockManager] Releasing lock on daemon addresses registry.
2024-10-22T11:26:19.296+0530 [DEBUG] [org.gradle.cache.internal.DefaultFileLockManager] Waiting to acquire shared lock on daemon addresses registry.
2024-10-22T11:26:19.296+0530 [DEBUG] [org.gradle.cache.internal.DefaultFileLockManager] Lock acquired on daemon addresses registry.
2024-10-22T11:26:19.296+0530 [DEBUG] [org.gradle.cache.internal.DefaultFileLockManager] Releasing lock on daemon addresses registry.
2024-10-22T11:26:22.460+0530 [DEBUG] [org.gradle.process.internal.health.memory.DefaultMemoryManager] 831603097 memory requested, 458727424 free
2024-10-22T11:26:22.460+0530 [DEBUG] [org.gradle.workers.internal.WorkerDaemonExpiration] Will attempt to release 793 of memory
2024-10-22T11:26:22.460+0530 [DEBUG] [org.gradle.process.internal.health.memory.DefaultMemoryManager] 831603097 memory requested, 0 released, 458727424 free
2024-10-22T11:26:27.457+0530 [DEBUG] [org.gradle.process.internal.health.memory.DefaultMemoryManager] 831603097 memory requested, 460468224 free
2024-10-22T11:26:27.457+0530 [DEBUG] [org.gradle.workers.internal.WorkerDaemonExpiration] Will attempt to release 793 of memory
2024-10-22T11:26:27.458+0530 [DEBUG] [org.gradle.process.internal.health.memory.DefaultMemoryManager] 831603097 memory requested, 0 released, 460468224 free
2024-10-22T11:26:29.302+0530 [DEBUG] [org.gradle.cache.internal.DefaultFileLockManager] Waiting to acquire shared lock on daemon addresses registry.
2024-10-22T11:26:29.303+0530 [DEBUG] [org.gradle.cache.internal.DefaultFileLockManager] Lock acquired on daemon addresses registry.
2024-10-22T11:26:29.303+0530 [DEBUG] [org.gradle.cache.internal.DefaultFileLockManager] Releasing lock on daemon addresses registry.
2024-10-22T11:26:29.304+0530 [DEBUG] [org.gradle.cache.internal.DefaultFileLockManager] Waiting to acquire shared lock on daemon addresses registry.
2024-10-22T11:26:29.304+0530 [DEBUG] [org.gradle.cache.internal.DefaultFileLockManager] Lock acquired on daemon addresses registry.
2024-10-22T11:26:29.305+0530 [DEBUG] [org.gradle.cache.internal.DefaultFileLockManager] Releasing lock on daemon addresses registry.
2024-10-22T11:26:29.305+0530 [DEBUG] [org.gradle.cache.internal.DefaultFileLockManager] Waiting to acquire shared lock on daemon addresses registry.
2024-10-22T11:26:29.307+0530 [DEBUG] [org.gradle.cache.internal.DefaultFileLockManager] Lock acquired on daemon addresses registry.
2024-10-22T11:26:29.307+0530 [DEBUG] [org.gradle.cache.internal.DefaultFileLockManager] Releasing lock on daemon addresses registry.
2024-10-22T11:26:32.465+0530 [DEBUG] [org.gradle.process.internal.health.memory.DefaultMemoryManager] 831603097 memory requested, 460353536 free
2024-10-22T11:26:32.465+0530 [DEBUG] [org.gradle.workers.internal.WorkerDaemonExpiration] Will attempt to release 793 of memory
2024-10-22T11:26:32.465+0530 [DEBUG] [org.gradle.process.internal.health.memory.DefaultMemoryManager] 831603097 memory requested, 0 released, 460353536 free
2024-10-22T11:26:37.468+0530 [DEBUG] [org.gradle.process.internal.health.memory.DefaultMemoryManager] 831603097 memory requested, 459436032 free
2024-10-22T11:26:37.468+0530 [DEBUG] [org.gradle.workers.internal.WorkerDaemonExpiration] Will attempt to release 793 of memory
2024-10-22T11:26:37.468+0530 [DEBUG] [org.gradle.process.internal.health.memory.DefaultMemoryManager] 831603097 memory requested, 0 released, 459436032 free
2024-10-22T11:26:39.305+0530 [DEBUG] [org.gradle.cache.internal.DefaultFileLockManager] Waiting to acquire shared lock on daemon addresses registry.
2024-10-22T11:26:39.307+0530 [DEBUG] [org.gradle.cache.internal.DefaultFileLockManager] Lock acquired on daemon addresses registry.
2024-10-22T11:26:39.308+0530 [DEBUG] [org.gradle.cache.internal.DefaultFileLockManager] Releasing lock on daemon addresses registry.
2024-10-22T11:26:39.309+0530 [DEBUG] [org.gradle.cache.internal.DefaultFileLockManager] Waiting to acquire shared lock on daemon addresses registry.
2024-10-22T11:26:39.310+0530 [DEBUG] [org.gradle.cache.internal.DefaultFileLockManager] Lock acquired on daemon addresses registry.
2024-10-22T11:26:39.310+0530 [DEBUG] [org.gradle.cache.internal.DefaultFileLockManager] Releasing lock on daemon addresses registry.
2024-10-22T11:26:39.311+0530 [DEBUG] [org.gradle.cache.internal.DefaultFileLockManager] Waiting to acquire shared lock on daemon addresses registry.
2024-10-22T11:26:39.312+0530 [DEBUG] [org.gradle.cache.internal.DefaultFileLockManager] Lock acquired on daemon addresses registry.
2024-10-22T11:26:39.312+0530 [DEBUG] [org.gradle.cache.internal.DefaultFileLockManager] Releasing lock on daemon addresses registry.
2024-10-22T11:26:42.460+0530 [DEBUG] [org.gradle.process.internal.health.memory.DefaultMemoryManager] 831603097 memory requested, 675663872 free
2024-10-22T11:26:42.460+0530 [DEBUG] [org.gradle.workers.internal.WorkerDaemonExpiration] Will attempt to release 793 of memory
2024-10-22T11:26:42.460+0530 [DEBUG] [org.gradle.process.internal.health.memory.DefaultMemoryManager] 831603097 memory requested, 0 released, 675663872 free
2024-10-22T11:26:47.465+0530 [DEBUG] [org.gradle.process.internal.health.memory.DefaultMemoryManager] 831603097 memory requested, 672976896 free
2024-10-22T11:26:47.465+0530 [DEBUG] [org.gradle.workers.internal.WorkerDaemonExpiration] Will attempt to release 793 of memory
2024-10-22T11:26:47.466+0530 [DEBUG] [org.gradle.process.internal.health.memory.DefaultMemoryManager] 831603097 memory requested, 0 released, 672976896 free
2024-10-22T11:26:49.290+0530 [DEBUG] [org.gradle.cache.internal.DefaultFileLockManager] Waiting to acquire shared lock on daemon addresses registry.
2024-10-22T11:26:49.291+0530 [DEBUG] [org.gradle.cache.internal.DefaultFileLockManager] Lock acquired on daemon addresses registry.
2024-10-22T11:26:49.291+0530 [DEBUG] [org.gradle.cache.internal.DefaultFileLockManager] Releasing lock on daemon addresses registry.
2024-10-22T11:26:49.292+0530 [DEBUG] [org.gradle.cache.internal.DefaultFileLockManager] Waiting to acquire shared lock on daemon addresses registry.
2024-10-22T11:26:49.292+0530 [DEBUG] [org.gradle.cache.internal.DefaultFileLockManager] Lock acquired on daemon addresses registry.
2024-10-22T11:26:49.293+0530 [DEBUG] [org.gradle.cache.internal.DefaultFileLockManager] Releasing lock on daemon addresses registry.
2024-10-22T11:26:49.293+0530 [DEBUG] [org.gradle.cache.internal.DefaultFileLockManager] Waiting to acquire shared lock on daemon addresses registry.
2024-10-22T11:26:49.293+0530 [DEBUG] [org.gradle.cache.internal.DefaultFileLockManager] Lock acquired on daemon addresses registry.
2024-10-22T11:26:49.294+0530 [DEBUG] [org.gradle.cache.internal.DefaultFileLockManager] Releasing lock on daemon addresses registry.
2024-10-22T11:26:52.457+0530 [DEBUG] [org.gradle.process.internal.health.memory.DefaultMemoryManager] 831603097 memory requested, 653914112 free
2024-10-22T11:26:52.457+0530 [DEBUG] [org.gradle.workers.internal.WorkerDaemonExpiration] Will attempt to release 793 of memory
2024-10-22T11:26:52.457+0530 [DEBUG] [org.gradle.process.internal.health.memory.DefaultMemoryManager] 831603097 memory requested, 0 released, 653914112 free
2024-10-22T11:26:57.457+0530 [DEBUG] [org.gradle.process.internal.health.memory.DefaultMemoryManager] 831603097 memory requested, 579563520 free
2024-10-22T11:26:57.457+0530 [DEBUG] [org.gradle.workers.internal.WorkerDaemonExpiration] Will attempt to release 793 of memory
2024-10-22T11:26:57.457+0530 [DEBUG] [org.gradle.process.internal.health.memory.DefaultMemoryManager] 831603097 memory requested, 0 released, 579563520 free
2024-10-22T11:26:59.293+0530 [DEBUG] [org.gradle.cache.internal.DefaultFileLockManager] Waiting to acquire shared lock on daemon addresses registry.
2024-10-22T11:26:59.293+0530 [DEBUG] [org.gradle.cache.internal.DefaultFileLockManager] Lock acquired on daemon addresses registry.
2024-10-22T11:26:59.293+0530 [DEBUG] [org.gradle.cache.internal.DefaultFileLockManager] Releasing lock on daemon addresses registry.
2024-10-22T11:26:59.294+0530 [DEBUG] [org.gradle.cache.internal.DefaultFileLockManager] Waiting to acquire shared lock on daemon addresses registry.
2024-10-22T11:26:59.295+0530 [DEBUG] [org.gradle.cache.internal.DefaultFileLockManager] Lock acquired on daemon addresses registry.
2024-10-22T11:26:59.298+0530 [DEBUG] [org.gradle.cache.internal.DefaultFileLockManager] Releasing lock on daemon addresses registry.
2024-10-22T11:26:59.298+0530 [DEBUG] [org.gradle.cache.internal.DefaultFileLockManager] Waiting to acquire shared lock on daemon addresses registry.
2024-10-22T11:26:59.299+0530 [DEBUG] [org.gradle.cache.internal.DefaultFileLockManager] Lock acquired on daemon addresses registry.
2024-10-22T11:26:59.299+0530 [DEBUG] [org.gradle.cache.internal.DefaultFileLockManager] Releasing lock on daemon addresses registry.
2024-10-22T11:27:02.463+0530 [DEBUG] [org.gradle.process.internal.health.memory.DefaultMemoryManager] 831603097 memory requested, 544288768 free
2024-10-22T11:27:02.463+0530 [DEBUG] [org.gradle.workers.internal.WorkerDaemonExpiration] Will attempt to release 793 of memory
2024-10-22T11:27:02.463+0530 [DEBUG] [org.gradle.process.internal.health.memory.DefaultMemoryManager] 831603097 memory requested, 0 released, 544288768 free
2024-10-22T11:27:07.462+0530 [DEBUG] [org.gradle.process.internal.health.memory.DefaultMemoryManager] 831603097 memory requested, 429924352 free
2024-10-22T11:27:07.462+0530 [DEBUG] [org.gradle.workers.internal.WorkerDaemonExpiration] Will attempt to release 793 of memory
2024-10-22T11:27:07.462+0530 [DEBUG] [org.gradle.process.internal.health.memory.DefaultMemoryManager] 831603097 memory requested, 0 released, 429924352 free
2024-10-22T11:27:09.296+0530 [DEBUG] [org.gradle.cache.internal.DefaultFileLockManager] Waiting to acquire shared lock on daemon addresses registry.
2024-10-22T11:27:09.296+0530 [DEBUG] [org.gradle.cache.internal.DefaultFileLockManager] Lock acquired on daemon addresses registry.
2024-10-22T11:27:09.298+0530 [DEBUG] [org.gradle.cache.internal.DefaultFileLockManager] Releasing lock on daemon addresses registry.
2024-10-22T11:27:09.301+0530 [DEBUG] [org.gradle.cache.internal.DefaultFileLockManager] Waiting to acquire shared lock on daemon addresses registry.
2024-10-22T11:27:09.301+0530 [DEBUG] [org.gradle.cache.internal.DefaultFileLockManager] Lock acquired on daemon addresses registry.
2024-10-22T11:27:09.302+0530 [DEBUG] [org.gradle.cache.internal.DefaultFileLockManager] Releasing lock on daemon addresses registry.
2024-10-22T11:27:09.303+0530 [DEBUG] [org.gradle.cache.internal.DefaultFileLockManager] Waiting to acquire shared lock on daemon addresses registry.
2024-10-22T11:27:09.304+0530 [DEBUG] [org.gradle.cache.internal.DefaultFileLockManager] Lock acquired on daemon addresses registry.
2024-10-22T11:27:09.305+0530 [DEBUG] [org.gradle.cache.internal.DefaultFileLockManager] Releasing lock on daemon addresses registry.
2024-10-22T11:27:12.463+0530 [DEBUG] [org.gradle.process.internal.health.memory.DefaultMemoryManager] 831603097 memory requested, 513114112 free
2024-10-22T11:27:12.463+0530 [DEBUG] [org.gradle.workers.internal.WorkerDaemonExpiration] Will attempt to release 793 of memory
2024-10-22T11:27:12.463+0530 [DEBUG] [org.gradle.process.internal.health.memory.DefaultMemoryManager] 831603097 memory requested, 0 released, 513114112 free
2024-10-22T11:27:17.456+0530 [DEBUG] [org.gradle.process.internal.health.memory.DefaultMemoryManager] 831603097 memory requested, 450277376 free
2024-10-22T11:27:17.456+0530 [DEBUG] [org.gradle.workers.internal.WorkerDaemonExpiration] Will attempt to release 793 of memory
2024-10-22T11:27:17.457+0530 [DEBUG] [org.gradle.process.internal.health.memory.DefaultMemoryManager] 831603097 memory requested, 0 released, 450277376 free
2024-10-22T11:27:19.294+0530 [DEBUG] [org.gradle.cache.internal.DefaultFileLockManager] Waiting to acquire shared lock on daemon addresses registry.
2024-10-22T11:27:19.294+0530 [DEBUG] [org.gradle.cache.internal.DefaultFileLockManager] Lock acquired on daemon addresses registry.
2024-10-22T11:27:19.294+0530 [DEBUG] [org.gradle.cache.internal.DefaultFileLockManager] Releasing lock on daemon addresses registry.
2024-10-22T11:27:19.296+0530 [DEBUG] [org.gradle.cache.internal.DefaultFileLockManager] Waiting to acquire shared lock on daemon addresses registry.
2024-10-22T11:27:19.296+0530 [DEBUG] [org.gradle.cache.internal.DefaultFileLockManager] Lock acquired on daemon addresses registry.
2024-10-22T11:27:19.297+0530 [DEBUG] [org.gradle.cache.internal.DefaultFileLockManager] Releasing lock on daemon addresses registry.
2024-10-22T11:27:19.299+0530 [DEBUG] [org.gradle.cache.internal.DefaultFileLockManager] Waiting to acquire shared lock on daemon addresses registry.
2024-10-22T11:27:19.299+0530 [DEBUG] [org.gradle.cache.internal.DefaultFileLockManager] Lock acquired on daemon addresses registry.
2024-10-22T11:27:19.300+0530 [DEBUG] [org.gradle.cache.internal.DefaultFileLockManager] Releasing lock on daemon addresses registry.
2024-10-22T11:27:22.462+0530 [DEBUG] [org.gradle.process.internal.health.memory.DefaultMemoryManager] 831603097 memory requested, 436781056 free
2024-10-22T11:27:22.462+0530 [DEBUG] [org.gradle.workers.internal.WorkerDaemonExpiration] Will attempt to release 793 of memory
2024-10-22T11:27:22.462+0530 [DEBUG] [org.gradle.process.internal.health.memory.DefaultMemoryManager] 831603097 memory requested, 0 released, 436781056 free
2024-10-22T11:27:27.464+0530 [DEBUG] [org.gradle.process.internal.health.memory.DefaultMemoryManager] 831603097 memory requested, 666099712 free
2024-10-22T11:27:27.464+0530 [DEBUG] [org.gradle.workers.internal.WorkerDaemonExpiration] Will attempt to release 793 of memory
2024-10-22T11:27:27.464+0530 [DEBUG] [org.gradle.process.internal.health.memory.DefaultMemoryManager] 831603097 memory requested, 0 released, 666099712 free
2024-10-22T11:27:29.293+0530 [DEBUG] [org.gradle.cache.internal.DefaultFileLockManager] Waiting to acquire shared lock on daemon addresses registry.
2024-10-22T11:27:29.293+0530 [DEBUG] [org.gradle.cache.internal.DefaultFileLockManager] Lock acquired on daemon addresses registry.
2024-10-22T11:27:29.293+0530 [DEBUG] [org.gradle.cache.internal.DefaultFileLockManager] Releasing lock on daemon addresses registry.
2024-10-22T11:27:29.295+0530 [DEBUG] [org.gradle.cache.internal.DefaultFileLockManager] Waiting to acquire shared lock on daemon addresses registry.
2024-10-22T11:27:29.296+0530 [DEBUG] [org.gradle.cache.internal.DefaultFileLockManager] Lock acquired on daemon addresses registry.
2024-10-22T11:27:29.296+0530 [DEBUG] [org.gradle.cache.internal.DefaultFileLockManager] Releasing lock on daemon addresses registry.
2024-10-22T11:27:29.297+0530 [DEBUG] [org.gradle.cache.internal.DefaultFileLockManager] Waiting to acquire shared lock on daemon addresses registry.
2024-10-22T11:27:29.297+0530 [DEBUG] [org.gradle.cache.internal.DefaultFileLockManager] Lock acquired on daemon addresses registry.
2024-10-22T11:27:29.297+0530 [DEBUG] [org.gradle.cache.internal.DefaultFileLockManager] Releasing lock on daemon addresses registry.
2024-10-22T11:27:32.460+0530 [DEBUG] [org.gradle.process.internal.health.memory.DefaultMemoryManager] 831603097 memory requested, 640983040 free
2024-10-22T11:27:32.460+0530 [DEBUG] [org.gradle.workers.internal.WorkerDaemonExpiration] Will attempt to release 793 of memory
2024-10-22T11:27:32.460+0530 [DEBUG] [org.gradle.process.internal.health.memory.DefaultMemoryManager] 831603097 memory requested, 0 released, 640983040 free
2024-10-22T11:27:37.467+0530 [DEBUG] [org.gradle.process.internal.health.memory.DefaultMemoryManager] 831603097 memory requested, 631685120 free
2024-10-22T11:27:37.468+0530 [DEBUG] [org.gradle.workers.internal.WorkerDaemonExpiration] Will attempt to release 793 of memory
2024-10-22T11:27:37.468+0530 [DEBUG] [org.gradle.process.internal.health.memory.DefaultMemoryManager] 831603097 memory requested, 0 released, 631685120 free
2024-10-22T11:27:39.297+0530 [DEBUG] [org.gradle.cache.internal.DefaultFileLockManager] Waiting to acquire shared lock on daemon addresses registry.
2024-10-22T11:27:39.297+0530 [DEBUG] [org.gradle.cache.internal.DefaultFileLockManager] Lock acquired on daemon addresses registry.
2024-10-22T11:27:39.297+0530 [DEBUG] [org.gradle.cache.internal.DefaultFileLockManager] Releasing lock on daemon addresses registry.
2024-10-22T11:27:39.298+0530 [DEBUG] [org.gradle.cache.internal.DefaultFileLockManager] Waiting to acquire shared lock on daemon addresses registry.
2024-10-22T11:27:39.299+0530 [DEBUG] [org.gradle.cache.internal.DefaultFileLockManager] Lock acquired on daemon addresses registry.
2024-10-22T11:27:39.299+0530 [DEBUG] [org.gradle.cache.internal.DefaultFileLockManager] Releasing lock on daemon addresses registry.
2024-10-22T11:27:39.300+0530 [DEBUG] [org.gradle.cache.internal.DefaultFileLockManager] Waiting to acquire shared lock on daemon addresses registry.
2024-10-22T11:27:39.300+0530 [DEBUG] [org.gradle.cache.internal.DefaultFileLockManager] Lock acquired on daemon addresses registry.
2024-10-22T11:27:39.301+0530 [DEBUG] [org.gradle.cache.internal.DefaultFileLockManager] Releasing lock on daemon addresses registry.
2024-10-22T11:27:42.471+0530 [DEBUG] [org.gradle.process.internal.health.memory.DefaultMemoryManager] 831603097 memory requested, 584646656 free
2024-10-22T11:27:42.471+0530 [DEBUG] [org.gradle.workers.internal.WorkerDaemonExpiration] Will attempt to release 793 of memory
2024-10-22T11:27:42.471+0530 [DEBUG] [org.gradle.process.internal.health.memory.DefaultMemoryManager] 831603097 memory requested, 0 released, 584646656 free
2024-10-22T11:27:47.465+0530 [DEBUG] [org.gradle.process.internal.health.memory.DefaultMemoryManager] 831603097 memory requested, 592650240 free
2024-10-22T11:27:47.465+0530 [DEBUG] [org.gradle.workers.internal.WorkerDaemonExpiration] Will attempt to release 793 of memory
2024-10-22T11:27:47.465+0530 [DEBUG] [org.gradle.process.internal.health.memory.DefaultMemoryManager] 831603097 memory requested, 0 released, 592650240 free
2024-10-22T11:27:49.303+0530 [DEBUG] [org.gradle.cache.internal.DefaultFileLockManager] Waiting to acquire shared lock on daemon addresses registry.
2024-10-22T11:27:49.304+0530 [DEBUG] [org.gradle.cache.internal.DefaultFileLockManager] Lock acquired on daemon addresses registry.
2024-10-22T11:27:49.305+0530 [DEBUG] [org.gradle.cache.internal.DefaultFileLockManager] Releasing lock on daemon addresses registry.
2024-10-22T11:27:49.306+0530 [DEBUG] [org.gradle.cache.internal.DefaultFileLockManager] Waiting to acquire shared lock on daemon addresses registry.
2024-10-22T11:27:49.307+0530 [DEBUG] [org.gradle.cache.internal.DefaultFileLockManager] Lock acquired on daemon addresses registry.
2024-10-22T11:27:49.308+0530 [DEBUG] [org.gradle.cache.internal.DefaultFileLockManager] Releasing lock on daemon addresses registry.
2024-10-22T11:27:49.312+0530 [DEBUG] [org.gradle.cache.internal.DefaultFileLockManager] Waiting to acquire shared lock on daemon addresses registry.
2024-10-22T11:27:49.312+0530 [DEBUG] [org.gradle.cache.internal.DefaultFileLockManager] Lock acquired on daemon addresses registry.
2024-10-22T11:27:49.312+0530 [DEBUG] [org.gradle.cache.internal.DefaultFileLockManager] Releasing lock on daemon addresses registry.
2024-10-22T11:27:52.457+0530 [DEBUG] [org.gradle.process.internal.health.memory.DefaultMemoryManager] 831603097 memory requested, 523739136 free
2024-10-22T11:27:52.458+0530 [DEBUG] [org.gradle.workers.internal.WorkerDaemonExpiration] Will attempt to release 793 of memory
2024-10-22T11:27:52.459+0530 [DEBUG] [org.gradle.process.internal.health.memory.DefaultMemoryManager] 831603097 memory requested, 0 released, 523739136 free
2024-10-22T11:27:57.457+0530 [DEBUG] [org.gradle.process.internal.health.memory.DefaultMemoryManager] 831603097 memory requested, 509739008 free
2024-10-22T11:27:57.457+0530 [DEBUG] [org.gradle.workers.internal.WorkerDaemonExpiration] Will attempt to release 793 of memory
2024-10-22T11:27:57.457+0530 [DEBUG] [org.gradle.process.internal.health.memory.DefaultMemoryManager] 831603097 memory requested, 0 released, 509739008 free
2024-10-22T11:27:59.303+0530 [DEBUG] [org.gradle.cache.internal.DefaultFileLockManager] Waiting to acquire shared lock on daemon addresses registry.
2024-10-22T11:27:59.303+0530 [DEBUG] [org.gradle.cache.internal.DefaultFileLockManager] Lock acquired on daemon addresses registry.
2024-10-22T11:27:59.304+0530 [DEBUG] [org.gradle.cache.internal.DefaultFileLockManager] Releasing lock on daemon addresses registry.
2024-10-22T11:27:59.305+0530 [DEBUG] [org.gradle.cache.internal.DefaultFileLockManager] Waiting to acquire shared lock on daemon addresses registry.
2024-10-22T11:27:59.305+0530 [DEBUG] [org.gradle.cache.internal.DefaultFileLockManager] Lock acquired on daemon addresses registry.
2024-10-22T11:27:59.307+0530 [DEBUG] [org.gradle.cache.internal.DefaultFileLockManager] Releasing lock on daemon addresses registry.
2024-10-22T11:27:59.308+0530 [DEBUG] [org.gradle.cache.internal.DefaultFileLockManager] Waiting to acquire shared lock on daemon addresses registry.
2024-10-22T11:27:59.308+0530 [DEBUG] [org.gradle.cache.internal.DefaultFileLockManager] Lock acquired on daemon addresses registry.
2024-10-22T11:27:59.309+0530 [DEBUG] [org.gradle.cache.internal.DefaultFileLockManager] Releasing lock on daemon addresses registry.
2024-10-22T11:28:02.456+0530 [DEBUG] [org.gradle.process.internal.health.memory.DefaultMemoryManager] 831603097 memory requested, 478588928 free
2024-10-22T11:28:02.456+0530 [DEBUG] [org.gradle.workers.internal.WorkerDaemonExpiration] Will attempt to release 793 of memory
2024-10-22T11:28:02.456+0530 [DEBUG] [org.gradle.process.internal.health.memory.DefaultMemoryManager] 831603097 memory requested, 0 released, 478588928 free
2024-10-22T11:28:07.459+0530 [DEBUG] [org.gradle.process.internal.health.memory.DefaultMemoryManager] 831603097 memory requested, 473018368 free
2024-10-22T11:28:07.459+0530 [DEBUG] [org.gradle.workers.internal.WorkerDaemonExpiration] Will attempt to release 793 of memory
2024-10-22T11:28:07.459+0530 [DEBUG] [org.gradle.process.internal.health.memory.DefaultMemoryManager] 831603097 memory requested, 0 released, 473018368 free
2024-10-22T11:28:09.292+0530 [DEBUG] [org.gradle.cache.internal.DefaultFileLockManager] Waiting to acquire shared lock on daemon addresses registry.
2024-10-22T11:28:09.292+0530 [DEBUG] [org.gradle.cache.internal.DefaultFileLockManager] Lock acquired on daemon addresses registry.
2024-10-22T11:28:09.293+0530 [DEBUG] [org.gradle.cache.internal.DefaultFileLockManager] Releasing lock on daemon addresses registry.
2024-10-22T11:28:09.294+0530 [DEBUG] [org.gradle.cache.internal.DefaultFileLockManager] Waiting to acquire shared lock on daemon addresses registry.
2024-10-22T11:28:09.295+0530 [DEBUG] [org.gradle.cache.internal.DefaultFileLockManager] Lock acquired on daemon addresses registry.
2024-10-22T11:28:09.295+0530 [DEBUG] [org.gradle.cache.internal.DefaultFileLockManager] Releasing lock on daemon addresses registry.
2024-10-22T11:28:09.297+0530 [DEBUG] [org.gradle.cache.internal.DefaultFileLockManager] Waiting to acquire shared lock on daemon addresses registry.
2024-10-22T11:28:09.297+0530 [DEBUG] [org.gradle.cache.internal.DefaultFileLockManager] Lock acquired on daemon addresses registry.
2024-10-22T11:28:09.298+0530 [DEBUG] [org.gradle.cache.internal.DefaultFileLockManager] Releasing lock on daemon addresses registry.
2024-10-22T11:28:12.463+0530 [DEBUG] [org.gradle.process.internal.health.memory.DefaultMemoryManager] 831603097 memory requested, 450252800 free
2024-10-22T11:28:12.465+0530 [DEBUG] [org.gradle.workers.internal.WorkerDaemonExpiration] Will attempt to release 793 of memory
2024-10-22T11:28:12.465+0530 [DEBUG] [org.gradle.process.internal.health.memory.DefaultMemoryManager] 831603097 memory requested, 0 released, 450252800 free
2024-10-22T11:28:17.460+0530 [DEBUG] [org.gradle.process.internal.health.memory.DefaultMemoryManager] 831603097 memory requested, 449654784 free
2024-10-22T11:28:17.460+0530 [DEBUG] [org.gradle.workers.internal.WorkerDaemonExpiration] Will attempt to release 793 of memory
2024-10-22T11:28:17.460+0530 [DEBUG] [org.gradle.process.internal.health.memory.DefaultMemoryManager] 831603097 memory requested, 0 released, 449654784 free
2024-10-22T11:28:19.296+0530 [DEBUG] [org.gradle.cache.internal.DefaultFileLockManager] Waiting to acquire shared lock on daemon addresses registry.
2024-10-22T11:28:19.296+0530 [DEBUG] [org.gradle.cache.internal.DefaultFileLockManager] Lock acquired on daemon addresses registry.
2024-10-22T11:28:19.297+0530 [DEBUG] [org.gradle.cache.internal.DefaultFileLockManager] Releasing lock on daemon addresses registry.
2024-10-22T11:28:19.299+0530 [DEBUG] [org.gradle.cache.internal.DefaultFileLockManager] Waiting to acquire shared lock on daemon addresses registry.
2024-10-22T11:28:19.299+0530 [DEBUG] [org.gradle.cache.internal.DefaultFileLockManager] Lock acquired on daemon addresses registry.
2024-10-22T11:28:19.301+0530 [DEBUG] [org.gradle.cache.internal.DefaultFileLockManager] Releasing lock on daemon addresses registry.
2024-10-22T11:28:19.303+0530 [DEBUG] [org.gradle.cache.internal.DefaultFileLockManager] Waiting to acquire shared lock on daemon addresses registry.
2024-10-22T11:28:19.303+0530 [DEBUG] [org.gradle.cache.internal.DefaultFileLockManager] Lock acquired on daemon addresses registry.
2024-10-22T11:28:19.303+0530 [DEBUG] [org.gradle.cache.internal.DefaultFileLockManager] Releasing lock on daemon addresses registry.
2024-10-22T11:28:22.459+0530 [DEBUG] [org.gradle.process.internal.health.memory.DefaultMemoryManager] 831603097 memory requested, 429047808 free
2024-10-22T11:28:22.459+0530 [DEBUG] [org.gradle.workers.internal.WorkerDaemonExpiration] Will attempt to release 793 of memory
2024-10-22T11:28:22.459+0530 [DEBUG] [org.gradle.process.internal.health.memory.DefaultMemoryManager] 831603097 memory requested, 0 released, 429047808 free
2024-10-22T11:28:27.461+0530 [DEBUG] [org.gradle.process.internal.health.memory.DefaultMemoryManager] 831603097 memory requested, 404860928 free
2024-10-22T11:28:27.461+0530 [DEBUG] [org.gradle.workers.internal.WorkerDaemonExpiration] Will attempt to release 793 of memory
2024-10-22T11:28:27.462+0530 [DEBUG] [org.gradle.process.internal.health.memory.DefaultMemoryManager] 831603097 memory requested, 0 released, 404860928 free
2024-10-22T11:28:29.294+0530 [DEBUG] [org.gradle.cache.internal.DefaultFileLockManager] Waiting to acquire shared lock on daemon addresses registry.
2024-10-22T11:28:29.295+0530 [DEBUG] [org.gradle.cache.internal.DefaultFileLockManager] Lock acquired on daemon addresses registry.
2024-10-22T11:28:29.295+0530 [DEBUG] [org.gradle.cache.internal.DefaultFileLockManager] Releasing lock on daemon addresses registry.
2024-10-22T11:28:29.296+0530 [DEBUG] [org.gradle.cache.internal.DefaultFileLockManager] Waiting to acquire shared lock on daemon addresses registry.
2024-10-22T11:28:29.296+0530 [DEBUG] [org.gradle.cache.internal.DefaultFileLockManager] Lock acquired on daemon addresses registry.
2024-10-22T11:28:29.296+0530 [DEBUG] [org.gradle.cache.internal.DefaultFileLockManager] Releasing lock on daemon addresses registry.
2024-10-22T11:28:29.297+0530 [DEBUG] [org.gradle.cache.internal.DefaultFileLockManager] Waiting to acquire shared lock on daemon addresses registry.
2024-10-22T11:28:29.297+0530 [DEBUG] [org.gradle.cache.internal.DefaultFileLockManager] Lock acquired on daemon addresses registry.
2024-10-22T11:28:29.298+0530 [DEBUG] [org.gradle.cache.internal.DefaultFileLockManager] Releasing lock on daemon addresses registry.
2024-10-22T11:28:32.456+0530 [DEBUG] [org.gradle.process.internal.health.memory.DefaultMemoryManager] 831603097 memory requested, 396410880 free
2024-10-22T11:28:32.456+0530 [DEBUG] [org.gradle.workers.internal.WorkerDaemonExpiration] Will attempt to release 793 of memory
2024-10-22T11:28:32.456+0530 [DEBUG] [org.gradle.process.internal.health.memory.DefaultMemoryManager] 831603097 memory requested, 0 released, 396410880 free
2024-10-22T11:28:37.467+0530 [DEBUG] [org.gradle.process.internal.health.memory.DefaultMemoryManager] 831603097 memory requested, 341622784 free
2024-10-22T11:28:37.467+0530 [DEBUG] [org.gradle.workers.internal.WorkerDaemonExpiration] Will attempt to release 793 of memory
2024-10-22T11:28:37.467+0530 [DEBUG] [org.gradle.process.internal.health.memory.DefaultMemoryManager] 831603097 memory requested, 0 released, 341622784 free
2024-10-22T11:28:39.297+0530 [DEBUG] [org.gradle.cache.internal.DefaultFileLockManager] Waiting to acquire shared lock on daemon addresses registry.
2024-10-22T11:28:39.297+0530 [DEBUG] [org.gradle.cache.internal.DefaultFileLockManager] Lock acquired on daemon addresses registry.
2024-10-22T11:28:39.297+0530 [DEBUG] [org.gradle.cache.internal.DefaultFileLockManager] Releasing lock on daemon addresses registry.
2024-10-22T11:28:39.313+0530 [DEBUG] [org.gradle.cache.internal.DefaultFileLockManager] Waiting to acquire shared lock on daemon addresses registry.
2024-10-22T11:28:39.313+0530 [DEBUG] [org.gradle.cache.internal.DefaultFileLockManager] Lock acquired on daemon addresses registry.
2024-10-22T11:28:39.314+0530 [DEBUG] [org.gradle.cache.internal.DefaultFileLockManager] Releasing lock on daemon addresses registry.
2024-10-22T11:28:39.315+0530 [DEBUG] [org.gradle.cache.internal.DefaultFileLockManager] Waiting to acquire shared lock on daemon addresses registry.
2024-10-22T11:28:39.315+0530 [DEBUG] [org.gradle.cache.internal.DefaultFileLockManager] Lock acquired on daemon addresses registry.
2024-10-22T11:28:39.316+0530 [DEBUG] [org.gradle.cache.internal.DefaultFileLockManager] Releasing lock on daemon addresses registry.
2024-10-22T11:28:42.460+0530 [DEBUG] [org.gradle.process.internal.health.memory.DefaultMemoryManager] 831603097 memory requested, 364396544 free
2024-10-22T11:28:42.460+0530 [DEBUG] [org.gradle.workers.internal.WorkerDaemonExpiration] Will attempt to release 793 of memory
2024-10-22T11:28:42.460+0530 [DEBUG] [org.gradle.process.internal.health.memory.DefaultMemoryManager] 831603097 memory requested, 0 released, 364396544 free
2024-10-22T11:28:47.455+0530 [DEBUG] [org.gradle.process.internal.health.memory.DefaultMemoryManager] 831603097 memory requested, 370372608 free
2024-10-22T11:28:47.455+0530 [DEBUG] [org.gradle.workers.internal.WorkerDaemonExpiration] Will attempt to release 793 of memory
2024-10-22T11:28:47.455+0530 [DEBUG] [org.gradle.process.internal.health.memory.DefaultMemoryManager] 831603097 memory requested, 0 released, 370372608 free
2024-10-22T11:28:49.288+0530 [DEBUG] [org.gradle.cache.internal.DefaultFileLockManager] Waiting to acquire shared lock on daemon addresses registry.
2024-10-22T11:28:49.288+0530 [DEBUG] [org.gradle.cache.internal.DefaultFileLockManager] Lock acquired on daemon addresses registry.
2024-10-22T11:28:49.289+0530 [DEBUG] [org.gradle.cache.internal.DefaultFileLockManager] Releasing lock on daemon addresses registry.
2024-10-22T11:28:49.293+0530 [DEBUG] [org.gradle.cache.internal.DefaultFileLockManager] Waiting to acquire shared lock on daemon addresses registry.
2024-10-22T11:28:49.293+0530 [DEBUG] [org.gradle.cache.internal.DefaultFileLockManager] Lock acquired on daemon addresses registry.
2024-10-22T11:28:49.296+0530 [DEBUG] [org.gradle.cache.internal.DefaultFileLockManager] Releasing lock on daemon addresses registry.
2024-10-22T11:28:49.298+0530 [DEBUG] [org.gradle.cache.internal.DefaultFileLockManager] Waiting to acquire shared lock on daemon addresses registry.
2024-10-22T11:28:49.298+0530 [DEBUG] [org.gradle.cache.internal.DefaultFileLockManager] Lock acquired on daemon addresses registry.
2024-10-22T11:28:49.299+0530 [DEBUG] [org.gradle.cache.internal.DefaultFileLockManager] Releasing lock on daemon addresses registry.
2024-10-22T11:28:52.468+0530 [DEBUG] [org.gradle.process.internal.health.memory.DefaultMemoryManager] 831603097 memory requested, 370774016 free
2024-10-22T11:28:52.468+0530 [DEBUG] [org.gradle.workers.internal.WorkerDaemonExpiration] Will attempt to release 793 of memory
2024-10-22T11:28:52.468+0530 [DEBUG] [org.gradle.process.internal.health.memory.DefaultMemoryManager] 831603097 memory requested, 0 released, 370774016 free
2024-10-22T11:28:57.455+0530 [DEBUG] [org.gradle.process.internal.health.memory.DefaultMemoryManager] 831603097 memory requested, 366010368 free
2024-10-22T11:28:57.456+0530 [DEBUG] [org.gradle.workers.internal.WorkerDaemonExpiration] Will attempt to release 793 of memory
2024-10-22T11:28:57.456+0530 [DEBUG] [org.gradle.process.internal.health.memory.DefaultMemoryManager] 831603097 memory requested, 0 released, 366010368 free
2024-10-22T11:28:59.304+0530 [DEBUG] [org.gradle.cache.internal.DefaultFileLockManager] Waiting to acquire shared lock on daemon addresses registry.
2024-10-22T11:28:59.304+0530 [DEBUG] [org.gradle.cache.internal.DefaultFileLockManager] Lock acquired on daemon addresses registry.
2024-10-22T11:28:59.305+0530 [DEBUG] [org.gradle.cache.internal.DefaultFileLockManager] Releasing lock on daemon addresses registry.
2024-10-22T11:28:59.306+0530 [DEBUG] [org.gradle.cache.internal.DefaultFileLockManager] Waiting to acquire shared lock on daemon addresses registry.
2024-10-22T11:28:59.306+0530 [DEBUG] [org.gradle.cache.internal.DefaultFileLockManager] Lock acquired on daemon addresses registry.
2024-10-22T11:28:59.306+0530 [DEBUG] [org.gradle.cache.internal.DefaultFileLockManager] Releasing lock on daemon addresses registry.
2024-10-22T11:28:59.307+0530 [DEBUG] [org.gradle.cache.internal.DefaultFileLockManager] Waiting to acquire shared lock on daemon addresses registry.
2024-10-22T11:28:59.307+0530 [DEBUG] [org.gradle.cache.internal.DefaultFileLockManager] Lock acquired on daemon addresses registry.
2024-10-22T11:28:59.308+0530 [DEBUG] [org.gradle.cache.internal.DefaultFileLockManager] Releasing lock on daemon addresses registry.
2024-10-22T11:29:02.457+0530 [DEBUG] [org.gradle.process.internal.health.memory.DefaultMemoryManager] 831603097 memory requested, 357941248 free
2024-10-22T11:29:02.458+0530 [DEBUG] [org.gradle.workers.internal.WorkerDaemonExpiration] Will attempt to release 793 of memory
2024-10-22T11:29:02.458+0530 [DEBUG] [org.gradle.process.internal.health.memory.DefaultMemoryManager] 831603097 memory requested, 0 released, 357941248 free
2024-10-22T11:29:07.469+0530 [DEBUG] [org.gradle.process.internal.health.memory.DefaultMemoryManager] 831603097 memory requested, 332693504 free
2024-10-22T11:29:07.469+0530 [DEBUG] [org.gradle.workers.internal.WorkerDaemonExpiration] Will attempt to release 793 of memory
2024-10-22T11:29:07.469+0530 [DEBUG] [org.gradle.process.internal.health.memory.DefaultMemoryManager] 831603097 memory requested, 0 released, 332693504 free
2024-10-22T11:29:09.301+0530 [DEBUG] [org.gradle.cache.internal.DefaultFileLockManager] Waiting to acquire shared lock on daemon addresses registry.
2024-10-22T11:29:09.301+0530 [DEBUG] [org.gradle.cache.internal.DefaultFileLockManager] Lock acquired on daemon addresses registry.
2024-10-22T11:29:09.303+0530 [DEBUG] [org.gradle.cache.internal.DefaultFileLockManager] Releasing lock on daemon addresses registry.
2024-10-22T11:29:09.304+0530 [DEBUG] [org.gradle.cache.internal.DefaultFileLockManager] Waiting to acquire shared lock on daemon addresses registry.
2024-10-22T11:29:09.304+0530 [DEBUG] [org.gradle.cache.internal.DefaultFileLockManager] Lock acquired on daemon addresses registry.
2024-10-22T11:29:09.305+0530 [DEBUG] [org.gradle.cache.internal.DefaultFileLockManager] Releasing lock on daemon addresses registry.
2024-10-22T11:29:09.306+0530 [DEBUG] [org.gradle.cache.internal.DefaultFileLockManager] Waiting to acquire shared lock on daemon addresses registry.
2024-10-22T11:29:09.306+0530 [DEBUG] [org.gradle.cache.internal.DefaultFileLockManager] Lock acquired on daemon addresses registry.
2024-10-22T11:29:09.307+0530 [DEBUG] [org.gradle.cache.internal.DefaultFileLockManager] Releasing lock on daemon addresses registry.
2024-10-22T11:29:12.467+0530 [DEBUG] [org.gradle.process.internal.health.memory.DefaultMemoryManager] 831603097 memory requested, 324173824 free
2024-10-22T11:29:12.467+0530 [DEBUG] [org.gradle.workers.internal.WorkerDaemonExpiration] Will attempt to release 793 of memory
2024-10-22T11:29:12.467+0530 [DEBUG] [org.gradle.process.internal.health.memory.DefaultMemoryManager] 831603097 memory requested, 0 released, 324173824 free
2024-10-22T11:29:17.469+0530 [DEBUG] [org.gradle.process.internal.health.memory.DefaultMemoryManager] 831603097 memory requested, 322129920 free
2024-10-22T11:29:17.469+0530 [DEBUG] [org.gradle.workers.internal.WorkerDaemonExpiration] Will attempt to release 793 of memory
2024-10-22T11:29:17.469+0530 [DEBUG] [org.gradle.process.internal.health.memory.DefaultMemoryManager] 831603097 memory requested, 0 released, 322129920 free
2024-10-22T11:29:19.299+0530 [DEBUG] [org.gradle.cache.internal.DefaultFileLockManager] Waiting to acquire shared lock on daemon addresses registry.
2024-10-22T11:29:19.299+0530 [DEBUG] [org.gradle.cache.internal.DefaultFileLockManager] Lock acquired on daemon addresses registry.
2024-10-22T11:29:19.299+0530 [DEBUG] [org.gradle.cache.internal.DefaultFileLockManager] Releasing lock on daemon addresses registry.
2024-10-22T11:29:19.301+0530 [DEBUG] [org.gradle.cache.internal.DefaultFileLockManager] Waiting to acquire shared lock on daemon addresses registry.
2024-10-22T11:29:19.301+0530 [DEBUG] [org.gradle.cache.internal.DefaultFileLockManager] Lock acquired on daemon addresses registry.
2024-10-22T11:29:19.303+0530 [DEBUG] [org.gradle.cache.internal.DefaultFileLockManager] Releasing lock on daemon addresses registry.
2024-10-22T11:29:19.304+0530 [DEBUG] [org.gradle.cache.internal.DefaultFileLockManager] Waiting to acquire shared lock on daemon addresses registry.
2024-10-22T11:29:19.304+0530 [DEBUG] [org.gradle.cache.internal.DefaultFileLockManager] Lock acquired on daemon addresses registry.
2024-10-22T11:29:19.305+0530 [DEBUG] [org.gradle.cache.internal.DefaultFileLockManager] Releasing lock on daemon addresses registry.
2024-10-22T11:29:22.457+0530 [DEBUG] [org.gradle.process.internal.health.memory.DefaultMemoryManager] 831603097 memory requested, 301932544 free
2024-10-22T11:29:22.457+0530 [DEBUG] [org.gradle.workers.internal.WorkerDaemonExpiration] Will attempt to release 793 of memory
2024-10-22T11:29:22.457+0530 [DEBUG] [org.gradle.process.internal.health.memory.DefaultMemoryManager] 831603097 memory requested, 0 released, 301932544 free
2024-10-22T11:29:27.465+0530 [DEBUG] [org.gradle.process.internal.health.memory.DefaultMemoryManager] 831603097 memory requested, 306266112 free
2024-10-22T11:29:27.465+0530 [DEBUG] [org.gradle.workers.internal.WorkerDaemonExpiration] Will attempt to release 793 of memory
2024-10-22T11:29:27.466+0530 [DEBUG] [org.gradle.process.internal.health.memory.DefaultMemoryManager] 831603097 memory requested, 0 released, 306266112 free
2024-10-22T11:29:29.305+0530 [DEBUG] [org.gradle.cache.internal.DefaultFileLockManager] Waiting to acquire shared lock on daemon addresses registry.
2024-10-22T11:29:29.305+0530 [DEBUG] [org.gradle.cache.internal.DefaultFileLockManager] Lock acquired on daemon addresses registry.
2024-10-22T11:29:29.308+0530 [DEBUG] [org.gradle.cache.internal.DefaultFileLockManager] Releasing lock on daemon addresses registry.
2024-10-22T11:29:29.312+0530 [DEBUG] [org.gradle.cache.internal.DefaultFileLockManager] Waiting to acquire shared lock on daemon addresses registry.
2024-10-22T11:29:29.312+0530 [DEBUG] [org.gradle.cache.internal.DefaultFileLockManager] Lock acquired on daemon addresses registry.
2024-10-22T11:29:29.313+0530 [DEBUG] [org.gradle.cache.internal.DefaultFileLockManager] Releasing lock on daemon addresses registry.
2024-10-22T11:29:29.314+0530 [DEBUG] [org.gradle.cache.internal.DefaultFileLockManager] Waiting to acquire shared lock on daemon addresses registry.
2024-10-22T11:29:29.314+0530 [DEBUG] [org.gradle.cache.internal.DefaultFileLockManager] Lock acquired on daemon addresses registry.
2024-10-22T11:29:29.315+0530 [DEBUG] [org.gradle.cache.internal.DefaultFileLockManager] Releasing lock on daemon addresses registry.
2024-10-22T11:29:32.455+0530 [DEBUG] [org.gradle.process.internal.health.memory.DefaultMemoryManager] 831603097 memory requested, 308695040 free
2024-10-22T11:29:32.455+0530 [DEBUG] [org.gradle.workers.internal.WorkerDaemonExpiration] Will attempt to release 793 of memory
2024-10-22T11:29:32.455+0530 [DEBUG] [org.gradle.process.internal.health.memory.DefaultMemoryManager] 831603097 memory requested, 0 released, 308695040 free
2024-10-22T11:29:37.464+0530 [DEBUG] [org.gradle.process.internal.health.memory.DefaultMemoryManager] 831603097 memory requested, 511246336 free
2024-10-22T11:29:37.464+0530 [DEBUG] [org.gradle.workers.internal.WorkerDaemonExpiration] Will attempt to release 793 of memory
2024-10-22T11:29:37.464+0530 [DEBUG] [org.gradle.process.internal.health.memory.DefaultMemoryManager] 831603097 memory requested, 0 released, 511246336 free
2024-10-22T11:29:39.294+0530 [DEBUG] [org.gradle.cache.internal.DefaultFileLockManager] Waiting to acquire shared lock on daemon addresses registry.
2024-10-22T11:29:39.294+0530 [DEBUG] [org.gradle.cache.internal.DefaultFileLockManager] Lock acquired on daemon addresses registry.
2024-10-22T11:29:39.295+0530 [DEBUG] [org.gradle.cache.internal.DefaultFileLockManager] Releasing lock on daemon addresses registry.
2024-10-22T11:29:39.297+0530 [DEBUG] [org.gradle.cache.internal.DefaultFileLockManager] Waiting to acquire shared lock on daemon addresses registry.
2024-10-22T11:29:39.297+0530 [DEBUG] [org.gradle.cache.internal.DefaultFileLockManager] Lock acquired on daemon addresses registry.
2024-10-22T11:29:39.297+0530 [DEBUG] [org.gradle.cache.internal.DefaultFileLockManager] Releasing lock on daemon addresses registry.
2024-10-22T11:29:39.298+0530 [DEBUG] [org.gradle.cache.internal.DefaultFileLockManager] Waiting to acquire shared lock on daemon addresses registry.
2024-10-22T11:29:39.298+0530 [DEBUG] [org.gradle.cache.internal.DefaultFileLockManager] Lock acquired on daemon addresses registry.
2024-10-22T11:29:39.298+0530 [DEBUG] [org.gradle.cache.internal.DefaultFileLockManager] Releasing lock on daemon addresses registry.
2024-10-22T11:29:49.292+0530 [DEBUG] [org.gradle.cache.internal.DefaultFileLockManager] Waiting to acquire shared lock on daemon addresses registry.
2024-10-22T11:29:49.292+0530 [DEBUG] [org.gradle.cache.internal.DefaultFileLockManager] Lock acquired on daemon addresses registry.
2024-10-22T11:29:49.292+0530 [DEBUG] [org.gradle.cache.internal.DefaultFileLockManager] Releasing lock on daemon addresses registry.
2024-10-22T11:29:49.295+0530 [DEBUG] [org.gradle.cache.internal.DefaultFileLockManager] Waiting to acquire shared lock on daemon addresses registry.
2024-10-22T11:29:49.295+0530 [DEBUG] [org.gradle.cache.internal.DefaultFileLockManager] Lock acquired on daemon addresses registry.
2024-10-22T11:29:49.296+0530 [DEBUG] [org.gradle.cache.internal.DefaultFileLockManager] Releasing lock on daemon addresses registry.
2024-10-22T11:29:49.298+0530 [DEBUG] [org.gradle.cache.internal.DefaultFileLockManager] Waiting to acquire shared lock on daemon addresses registry.
2024-10-22T11:29:49.298+0530 [DEBUG] [org.gradle.cache.internal.DefaultFileLockManager] Lock acquired on daemon addresses registry.
2024-10-22T11:29:49.299+0530 [DEBUG] [org.gradle.cache.internal.DefaultFileLockManager] Releasing lock on daemon addresses registry.
2024-10-22T11:29:52.461+0530 [DEBUG] [org.gradle.process.internal.health.memory.DefaultMemoryManager] 831603097 memory requested, 706285568 free
2024-10-22T11:29:52.461+0530 [DEBUG] [org.gradle.workers.internal.WorkerDaemonExpiration] Will attempt to release 793 of memory
2024-10-22T11:29:52.462+0530 [DEBUG] [org.gradle.process.internal.health.memory.DefaultMemoryManager] 831603097 memory requested, 0 released, 706285568 free
2024-10-22T11:29:57.465+0530 [DEBUG] [org.gradle.process.internal.health.memory.DefaultMemoryManager] 831603097 memory requested, 709423104 free
2024-10-22T11:29:57.465+0530 [DEBUG] [org.gradle.workers.internal.WorkerDaemonExpiration] Will attempt to release 793 of memory
2024-10-22T11:29:57.465+0530 [DEBUG] [org.gradle.process.internal.health.memory.DefaultMemoryManager] 831603097 memory requested, 0 released, 709423104 free
2024-10-22T11:29:59.302+0530 [DEBUG] [org.gradle.cache.internal.DefaultFileLockManager] Waiting to acquire shared lock on daemon addresses registry.
2024-10-22T11:29:59.303+0530 [DEBUG] [org.gradle.cache.internal.DefaultFileLockManager] Lock acquired on daemon addresses registry.
2024-10-22T11:29:59.304+0530 [DEBUG] [org.gradle.cache.internal.DefaultFileLockManager] Releasing lock on daemon addresses registry.
2024-10-22T11:29:59.314+0530 [DEBUG] [org.gradle.cache.internal.DefaultFileLockManager] Waiting to acquire shared lock on daemon addresses registry.
2024-10-22T11:29:59.314+0530 [DEBUG] [org.gradle.cache.internal.DefaultFileLockManager] Lock acquired on daemon addresses registry.
2024-10-22T11:29:59.315+0530 [DEBUG] [org.gradle.cache.internal.DefaultFileLockManager] Releasing lock on daemon addresses registry.
2024-10-22T11:29:59.316+0530 [DEBUG] [org.gradle.cache.internal.DefaultFileLockManager] Waiting to acquire shared lock on daemon addresses registry.
2024-10-22T11:29:59.317+0530 [DEBUG] [org.gradle.cache.internal.DefaultFileLockManager] Lock acquired on daemon addresses registry.
2024-10-22T11:29:59.317+0530 [DEBUG] [org.gradle.cache.internal.DefaultFileLockManager] Releasing lock on daemon addresses registry.
2024-10-22T11:30:02.466+0530 [DEBUG] [org.gradle.process.internal.health.memory.DefaultMemoryManager] 831603097 memory requested, 632127488 free
2024-10-22T11:30:02.466+0530 [DEBUG] [org.gradle.workers.internal.WorkerDaemonExpiration] Will attempt to release 793 of memory
2024-10-22T11:30:02.466+0530 [DEBUG] [org.gradle.process.internal.health.memory.DefaultMemoryManager] 831603097 memory requested, 0 released, 632127488 free
2024-10-22T11:30:07.468+0530 [DEBUG] [org.gradle.process.internal.health.memory.DefaultMemoryManager] 831603097 memory requested, 470380544 free
2024-10-22T11:30:07.468+0530 [DEBUG] [org.gradle.workers.internal.WorkerDaemonExpiration] Will attempt to release 793 of memory
2024-10-22T11:30:07.469+0530 [DEBUG] [org.gradle.process.internal.health.memory.DefaultMemoryManager] 831603097 memory requested, 0 released, 470380544 free
2024-10-22T11:30:09.300+0530 [DEBUG] [org.gradle.cache.internal.DefaultFileLockManager] Waiting to acquire shared lock on daemon addresses registry.
2024-10-22T11:30:09.300+0530 [DEBUG] [org.gradle.cache.internal.DefaultFileLockManager] Lock acquired on daemon addresses registry.
2024-10-22T11:30:09.301+0530 [DEBUG] [org.gradle.cache.internal.DefaultFileLockManager] Releasing lock on daemon addresses registry.
2024-10-22T11:30:09.304+0530 [DEBUG] [org.gradle.cache.internal.DefaultFileLockManager] Waiting to acquire shared lock on daemon addresses registry.
2024-10-22T11:30:09.304+0530 [DEBUG] [org.gradle.cache.internal.DefaultFileLockManager] Lock acquired on daemon addresses registry.
2024-10-22T11:30:09.305+0530 [DEBUG] [org.gradle.cache.internal.DefaultFileLockManager] Releasing lock on daemon addresses registry.
2024-10-22T11:30:09.306+0530 [DEBUG] [org.gradle.cache.internal.DefaultFileLockManager] Waiting to acquire shared lock on daemon addresses registry.
2024-10-22T11:30:09.306+0530 [DEBUG] [org.gradle.cache.internal.DefaultFileLockManager] Lock acquired on daemon addresses registry.
2024-10-22T11:30:09.308+0530 [DEBUG] [org.gradle.cache.internal.DefaultFileLockManager] Releasing lock on daemon addresses registry.
2024-10-22T11:30:12.470+0530 [DEBUG] [org.gradle.process.internal.health.memory.DefaultMemoryManager] 831603097 memory requested, 539140096 free
2024-10-22T11:30:12.472+0530 [DEBUG] [org.gradle.workers.internal.WorkerDaemonExpiration] Will attempt to release 793 of memory
2024-10-22T11:30:12.472+0530 [DEBUG] [org.gradle.process.internal.health.memory.DefaultMemoryManager] 831603097 memory requested, 0 released, 539140096 free
2024-10-22T11:30:17.469+0530 [DEBUG] [org.gradle.process.internal.health.memory.DefaultMemoryManager] 831603097 memory requested, 512114688 free
2024-10-22T11:30:17.469+0530 [DEBUG] [org.gradle.workers.internal.WorkerDaemonExpiration] Will attempt to release 793 of memory
2024-10-22T11:30:17.470+0530 [DEBUG] [org.gradle.process.internal.health.memory.DefaultMemoryManager] 831603097 memory requested, 0 released, 512114688 free
2024-10-22T11:30:19.300+0530 [DEBUG] [org.gradle.cache.internal.DefaultFileLockManager] Waiting to acquire shared lock on daemon addresses registry.
2024-10-22T11:30:19.300+0530 [DEBUG] [org.gradle.cache.internal.DefaultFileLockManager] Lock acquired on daemon addresses registry.
2024-10-22T11:30:19.301+0530 [DEBUG] [org.gradle.cache.internal.DefaultFileLockManager] Releasing lock on daemon addresses registry.
2024-10-22T11:30:19.304+0530 [DEBUG] [org.gradle.cache.internal.DefaultFileLockManager] Waiting to acquire shared lock on daemon addresses registry.
2024-10-22T11:30:19.305+0530 [DEBUG] [org.gradle.cache.internal.DefaultFileLockManager] Lock acquired on daemon addresses registry.
2024-10-22T11:30:19.306+0530 [DEBUG] [org.gradle.cache.internal.DefaultFileLockManager] Releasing lock on daemon addresses registry.
2024-10-22T11:30:19.307+0530 [DEBUG] [org.gradle.cache.internal.DefaultFileLockManager] Waiting to acquire shared lock on daemon addresses registry.
2024-10-22T11:30:19.307+0530 [DEBUG] [org.gradle.cache.internal.DefaultFileLockManager] Lock acquired on daemon addresses registry.
2024-10-22T11:30:19.308+0530 [DEBUG] [org.gradle.cache.internal.DefaultFileLockManager] Releasing lock on daemon addresses registry.
2024-10-22T11:30:22.459+0530 [DEBUG] [org.gradle.process.internal.health.memory.DefaultMemoryManager] 831603097 memory requested, 503615488 free
2024-10-22T11:30:22.459+0530 [DEBUG] [org.gradle.workers.internal.WorkerDaemonExpiration] Will attempt to release 793 of memory
2024-10-22T11:30:22.459+0530 [DEBUG] [org.gradle.process.internal.health.memory.DefaultMemoryManager] 831603097 memory requested, 0 released, 503615488 free
2024-10-22T11:30:27.455+0530 [DEBUG] [org.gradle.process.internal.health.memory.DefaultMemoryManager] 831603097 memory requested, 487018496 free
2024-10-22T11:30:27.455+0530 [DEBUG] [org.gradle.workers.internal.WorkerDaemonExpiration] Will attempt to release 793 of memory
2024-10-22T11:30:27.455+0530 [DEBUG] [org.gradle.process.internal.health.memory.DefaultMemoryManager] 831603097 memory requested, 0 released, 487018496 free
2024-10-22T11:30:29.297+0530 [DEBUG] [org.gradle.cache.internal.DefaultFileLockManager] Waiting to acquire shared lock on daemon addresses registry.
2024-10-22T11:30:29.297+0530 [DEBUG] [org.gradle.cache.internal.DefaultFileLockManager] Lock acquired on daemon addresses registry.
2024-10-22T11:30:29.297+0530 [DEBUG] [org.gradle.cache.internal.DefaultFileLockManager] Releasing lock on daemon addresses registry.
2024-10-22T11:30:29.300+0530 [DEBUG] [org.gradle.cache.internal.DefaultFileLockManager] Waiting to acquire shared lock on daemon addresses registry.
2024-10-22T11:30:29.301+0530 [DEBUG] [org.gradle.cache.internal.DefaultFileLockManager] Lock acquired on daemon addresses registry.
2024-10-22T11:30:29.301+0530 [DEBUG] [org.gradle.cache.internal.DefaultFileLockManager] Releasing lock on daemon addresses registry.
2024-10-22T11:30:29.302+0530 [DEBUG] [org.gradle.cache.internal.DefaultFileLockManager] Waiting to acquire shared lock on daemon addresses registry.
2024-10-22T11:30:29.303+0530 [DEBUG] [org.gradle.cache.internal.DefaultFileLockManager] Lock acquired on daemon addresses registry.
2024-10-22T11:30:29.303+0530 [DEBUG] [org.gradle.cache.internal.DefaultFileLockManager] Releasing lock on daemon addresses registry.
2024-10-22T11:30:32.458+0530 [DEBUG] [org.gradle.process.internal.health.memory.DefaultMemoryManager] 831603097 memory requested, 505880576 free
2024-10-22T11:30:32.458+0530 [DEBUG] [org.gradle.workers.internal.WorkerDaemonExpiration] Will attempt to release 793 of memory
2024-10-22T11:30:32.458+0530 [DEBUG] [org.gradle.process.internal.health.memory.DefaultMemoryManager] 831603097 memory requested, 0 released, 505880576 free
2024-10-22T11:30:37.462+0530 [DEBUG] [org.gradle.process.internal.health.memory.DefaultMemoryManager] 831603097 memory requested, 497840128 free
2024-10-22T11:30:37.462+0530 [DEBUG] [org.gradle.workers.internal.WorkerDaemonExpiration] Will attempt to release 793 of memory
2024-10-22T11:30:37.463+0530 [DEBUG] [org.gradle.process.internal.health.memory.DefaultMemoryManager] 831603097 memory requested, 0 released, 497840128 free
2024-10-22T11:30:39.299+0530 [DEBUG] [org.gradle.cache.internal.DefaultFileLockManager] Waiting to acquire shared lock on daemon addresses registry.
2024-10-22T11:30:39.299+0530 [DEBUG] [org.gradle.cache.internal.DefaultFileLockManager] Lock acquired on daemon addresses registry.
2024-10-22T11:30:39.300+0530 [DEBUG] [org.gradle.cache.internal.DefaultFileLockManager] Releasing lock on daemon addresses registry.
2024-10-22T11:30:39.301+0530 [DEBUG] [org.gradle.cache.internal.DefaultFileLockManager] Waiting to acquire shared lock on daemon addresses registry.
2024-10-22T11:30:39.301+0530 [DEBUG] [org.gradle.cache.internal.DefaultFileLockManager] Lock acquired on daemon addresses registry.
2024-10-22T11:30:39.302+0530 [DEBUG] [org.gradle.cache.internal.DefaultFileLockManager] Releasing lock on daemon addresses registry.
2024-10-22T11:30:39.302+0530 [DEBUG] [org.gradle.cache.internal.DefaultFileLockManager] Waiting to acquire shared lock on daemon addresses registry.
2024-10-22T11:30:39.303+0530 [DEBUG] [org.gradle.cache.internal.DefaultFileLockManager] Lock acquired on daemon addresses registry.
2024-10-22T11:30:39.303+0530 [DEBUG] [org.gradle.cache.internal.DefaultFileLockManager] Releasing lock on daemon addresses registry.
2024-10-22T11:30:42.455+0530 [DEBUG] [org.gradle.process.internal.health.memory.DefaultMemoryManager] 831603097 memory requested, 454504448 free
2024-10-22T11:30:42.455+0530 [DEBUG] [org.gradle.workers.internal.WorkerDaemonExpiration] Will attempt to release 793 of memory
2024-10-22T11:30:42.455+0530 [DEBUG] [org.gradle.process.internal.health.memory.DefaultMemoryManager] 831603097 memory requested, 0 released, 454504448 free
2024-10-22T11:30:47.462+0530 [DEBUG] [org.gradle.process.internal.health.memory.DefaultMemoryManager] 831603097 memory requested, 473247744 free
2024-10-22T11:30:47.463+0530 [DEBUG] [org.gradle.workers.internal.WorkerDaemonExpiration] Will attempt to release 793 of memory
2024-10-22T11:30:47.463+0530 [DEBUG] [org.gradle.process.internal.health.memory.DefaultMemoryManager] 831603097 memory requested, 0 released, 473247744 free
2024-10-22T11:30:49.296+0530 [DEBUG] [org.gradle.cache.internal.DefaultFileLockManager] Waiting to acquire shared lock on daemon addresses registry.
2024-10-22T11:30:49.296+0530 [DEBUG] [org.gradle.cache.internal.DefaultFileLockManager] Lock acquired on daemon addresses registry.
2024-10-22T11:30:49.296+0530 [DEBUG] [org.gradle.cache.internal.DefaultFileLockManager] Releasing lock on daemon addresses registry.
2024-10-22T11:30:49.299+0530 [DEBUG] [org.gradle.cache.internal.DefaultFileLockManager] Waiting to acquire shared lock on daemon addresses registry.
2024-10-22T11:30:49.299+0530 [DEBUG] [org.gradle.cache.internal.DefaultFileLockManager] Lock acquired on daemon addresses registry.
2024-10-22T11:30:49.301+0530 [DEBUG] [org.gradle.cache.internal.DefaultFileLockManager] Releasing lock on daemon addresses registry.
2024-10-22T11:30:49.304+0530 [DEBUG] [org.gradle.cache.internal.DefaultFileLockManager] Waiting to acquire shared lock on daemon addresses registry.
2024-10-22T11:30:49.304+0530 [DEBUG] [org.gradle.cache.internal.DefaultFileLockManager] Lock acquired on daemon addresses registry.
2024-10-22T11:30:49.308+0530 [DEBUG] [org.gradle.cache.internal.DefaultFileLockManager] Releasing lock on daemon addresses registry.
2024-10-22T11:30:52.456+0530 [DEBUG] [org.gradle.process.internal.health.memory.DefaultMemoryManager] 831603097 memory requested, 431304704 free
2024-10-22T11:30:52.456+0530 [DEBUG] [org.gradle.workers.internal.WorkerDaemonExpiration] Will attempt to release 793 of memory
2024-10-22T11:30:52.456+0530 [DEBUG] [org.gradle.process.internal.health.memory.DefaultMemoryManager] 831603097 memory requested, 0 released, 431304704 free
2024-10-22T11:30:57.462+0530 [DEBUG] [org.gradle.process.internal.health.memory.DefaultMemoryManager] 831603097 memory requested, 390459392 free
2024-10-22T11:30:57.462+0530 [DEBUG] [org.gradle.workers.internal.WorkerDaemonExpiration] Will attempt to release 793 of memory
2024-10-22T11:30:57.462+0530 [DEBUG] [org.gradle.process.internal.health.memory.DefaultMemoryManager] 831603097 memory requested, 0 released, 390459392 free
2024-10-22T11:30:59.299+0530 [DEBUG] [org.gradle.cache.internal.DefaultFileLockManager] Waiting to acquire shared lock on daemon addresses registry.
2024-10-22T11:30:59.299+0530 [DEBUG] [org.gradle.cache.internal.DefaultFileLockManager] Lock acquired on daemon addresses registry.
2024-10-22T11:30:59.299+0530 [DEBUG] [org.gradle.cache.internal.DefaultFileLockManager] Releasing lock on daemon addresses registry.
2024-10-22T11:30:59.301+0530 [DEBUG] [org.gradle.cache.internal.DefaultFileLockManager] Waiting to acquire shared lock on daemon addresses registry.
2024-10-22T11:30:59.301+0530 [DEBUG] [org.gradle.cache.internal.DefaultFileLockManager] Lock acquired on daemon addresses registry.
2024-10-22T11:30:59.304+0530 [DEBUG] [org.gradle.cache.internal.DefaultFileLockManager] Releasing lock on daemon addresses registry.
2024-10-22T11:30:59.305+0530 [DEBUG] [org.gradle.cache.internal.DefaultFileLockManager] Waiting to acquire shared lock on daemon addresses registry.
2024-10-22T11:30:59.305+0530 [DEBUG] [org.gradle.cache.internal.DefaultFileLockManager] Lock acquired on daemon addresses registry.
2024-10-22T11:30:59.306+0530 [DEBUG] [org.gradle.cache.internal.DefaultFileLockManager] Releasing lock on daemon addresses registry.
2024-10-22T11:31:02.462+0530 [DEBUG] [org.gradle.process.internal.health.memory.DefaultMemoryManager] 831603097 memory requested, 375918592 free
2024-10-22T11:31:02.462+0530 [DEBUG] [org.gradle.workers.internal.WorkerDaemonExpiration] Will attempt to release 793 of memory
2024-10-22T11:31:02.462+0530 [DEBUG] [org.gradle.process.internal.health.memory.DefaultMemoryManager] 831603097 memory requested, 0 released, 375918592 free
2024-10-22T11:31:07.466+0530 [DEBUG] [org.gradle.process.internal.health.memory.DefaultMemoryManager] 831603097 memory requested, 362344448 free
2024-10-22T11:31:07.467+0530 [DEBUG] [org.gradle.workers.internal.WorkerDaemonExpiration] Will attempt to release 793 of memory
2024-10-22T11:31:07.469+0530 [DEBUG] [org.gradle.process.internal.health.memory.DefaultMemoryManager] 831603097 memory requested, 0 released, 362344448 free
2024-10-22T11:31:09.294+0530 [DEBUG] [org.gradle.cache.internal.DefaultFileLockManager] Waiting to acquire shared lock on daemon addresses registry.
2024-10-22T11:31:09.294+0530 [DEBUG] [org.gradle.cache.internal.DefaultFileLockManager] Lock acquired on daemon addresses registry.
2024-10-22T11:31:09.294+0530 [DEBUG] [org.gradle.cache.internal.DefaultFileLockManager] Releasing lock on daemon addresses registry.
2024-10-22T11:31:09.295+0530 [DEBUG] [org.gradle.cache.internal.DefaultFileLockManager] Waiting to acquire shared lock on daemon addresses registry.
2024-10-22T11:31:09.295+0530 [DEBUG] [org.gradle.cache.internal.DefaultFileLockManager] Lock acquired on daemon addresses registry.
2024-10-22T11:31:09.295+0530 [DEBUG] [org.gradle.cache.internal.DefaultFileLockManager] Releasing lock on daemon addresses registry.
2024-10-22T11:31:09.296+0530 [DEBUG] [org.gradle.cache.internal.DefaultFileLockManager] Waiting to acquire shared lock on daemon addresses registry.
2024-10-22T11:31:09.296+0530 [DEBUG] [org.gradle.cache.internal.DefaultFileLockManager] Lock acquired on daemon addresses registry.
2024-10-22T11:31:09.296+0530 [DEBUG] [org.gradle.cache.internal.DefaultFileLockManager] Releasing lock on daemon addresses registry.
2024-10-22T11:31:12.457+0530 [DEBUG] [org.gradle.process.internal.health.memory.DefaultMemoryManager] 831603097 memory requested, 366956544 free
2024-10-22T11:31:12.457+0530 [DEBUG] [org.gradle.workers.internal.WorkerDaemonExpiration] Will attempt to release 793 of memory
2024-10-22T11:31:12.457+0530 [DEBUG] [org.gradle.process.internal.health.memory.DefaultMemoryManager] 831603097 memory requested, 0 released, 366956544 free
2024-10-22T11:31:17.465+0530 [DEBUG] [org.gradle.process.internal.health.memory.DefaultMemoryManager] 831603097 memory requested, 383238144 free
2024-10-22T11:31:17.465+0530 [DEBUG] [org.gradle.workers.internal.WorkerDaemonExpiration] Will attempt to release 793 of memory
2024-10-22T11:31:17.466+0530 [DEBUG] [org.gradle.process.internal.health.memory.DefaultMemoryManager] 831603097 memory requested, 0 released, 383238144 free
2024-10-22T11:31:19.300+0530 [DEBUG] [org.gradle.cache.internal.DefaultFileLockManager] Waiting to acquire shared lock on daemon addresses registry.
2024-10-22T11:31:19.300+0530 [DEBUG] [org.gradle.cache.internal.DefaultFileLockManager] Lock acquired on daemon addresses registry.
2024-10-22T11:31:19.301+0530 [DEBUG] [org.gradle.cache.internal.DefaultFileLockManager] Releasing lock on daemon addresses registry.
2024-10-22T11:31:19.303+0530 [DEBUG] [org.gradle.cache.internal.DefaultFileLockManager] Waiting to acquire shared lock on daemon addresses registry.
2024-10-22T11:31:19.303+0530 [DEBUG] [org.gradle.cache.internal.DefaultFileLockManager] Lock acquired on daemon addresses registry.
2024-10-22T11:31:19.304+0530 [DEBUG] [org.gradle.cache.internal.DefaultFileLockManager] Releasing lock on daemon addresses registry.
2024-10-22T11:31:19.305+0530 [DEBUG] [org.gradle.cache.internal.DefaultFileLockManager] Waiting to acquire shared lock on daemon addresses registry.
2024-10-22T11:31:19.305+0530 [DEBUG] [org.gradle.cache.internal.DefaultFileLockManager] Lock acquired on daemon addresses registry.
2024-10-22T11:31:19.306+0530 [DEBUG] [org.gradle.cache.internal.DefaultFileLockManager] Releasing lock on daemon addresses registry.
2024-10-22T11:31:22.467+0530 [DEBUG] [org.gradle.process.internal.health.memory.DefaultMemoryManager] 831603097 memory requested, 681103360 free
2024-10-22T11:31:22.467+0530 [DEBUG] [org.gradle.workers.internal.WorkerDaemonExpiration] Will attempt to release 793 of memory
2024-10-22T11:31:22.467+0530 [DEBUG] [org.gradle.process.internal.health.memory.DefaultMemoryManager] 831603097 memory requested, 0 released, 681103360 free
2024-10-22T11:31:27.457+0530 [DEBUG] [org.gradle.process.internal.health.memory.DefaultMemoryManager] 831603097 memory requested, 648704000 free
2024-10-22T11:31:27.458+0530 [DEBUG] [org.gradle.workers.internal.WorkerDaemonExpiration] Will attempt to release 793 of memory
2024-10-22T11:31:27.458+0530 [DEBUG] [org.gradle.process.internal.health.memory.DefaultMemoryManager] 831603097 memory requested, 0 released, 648704000 free
2024-10-22T11:31:29.305+0530 [DEBUG] [org.gradle.cache.internal.DefaultFileLockManager] Waiting to acquire shared lock on daemon addresses registry.
2024-10-22T11:31:29.307+0530 [DEBUG] [org.gradle.cache.internal.DefaultFileLockManager] Lock acquired on daemon addresses registry.
2024-10-22T11:31:29.310+0530 [DEBUG] [org.gradle.cache.internal.DefaultFileLockManager] Releasing lock on daemon addresses registry.
2024-10-22T11:31:29.314+0530 [DEBUG] [org.gradle.cache.internal.DefaultFileLockManager] Waiting to acquire shared lock on daemon addresses registry.
2024-10-22T11:31:29.314+0530 [DEBUG] [org.gradle.cache.internal.DefaultFileLockManager] Lock acquired on daemon addresses registry.
2024-10-22T11:31:29.315+0530 [DEBUG] [org.gradle.cache.internal.DefaultFileLockManager] Releasing lock on daemon addresses registry.
2024-10-22T11:31:29.316+0530 [DEBUG] [org.gradle.cache.internal.DefaultFileLockManager] Waiting to acquire shared lock on daemon addresses registry.
2024-10-22T11:31:29.316+0530 [DEBUG] [org.gradle.cache.internal.DefaultFileLockManager] Lock acquired on daemon addresses registry.
2024-10-22T11:31:29.316+0530 [DEBUG] [org.gradle.cache.internal.DefaultFileLockManager] Releasing lock on daemon addresses registry.
2024-10-22T11:31:32.465+0530 [DEBUG] [org.gradle.process.internal.health.memory.DefaultMemoryManager] 831603097 memory requested, 543522816 free
2024-10-22T11:31:32.465+0530 [DEBUG] [org.gradle.workers.internal.WorkerDaemonExpiration] Will attempt to release 793 of memory
2024-10-22T11:31:32.465+0530 [DEBUG] [org.gradle.process.internal.health.memory.DefaultMemoryManager] 831603097 memory requested, 0 released, 543522816 free
2024-10-22T11:31:37.461+0530 [DEBUG] [org.gradle.process.internal.health.memory.DefaultMemoryManager] 831603097 memory requested, 540942336 free
2024-10-22T11:31:37.462+0530 [DEBUG] [org.gradle.workers.internal.WorkerDaemonExpiration] Will attempt to release 793 of memory
2024-10-22T11:31:37.462+0530 [DEBUG] [org.gradle.process.internal.health.memory.DefaultMemoryManager] 831603097 memory requested, 0 released, 540942336 free
2024-10-22T11:31:39.296+0530 [DEBUG] [org.gradle.cache.internal.DefaultFileLockManager] Waiting to acquire shared lock on daemon addresses registry.
2024-10-22T11:31:39.296+0530 [DEBUG] [org.gradle.cache.internal.DefaultFileLockManager] Lock acquired on daemon addresses registry.
2024-10-22T11:31:39.296+0530 [DEBUG] [org.gradle.cache.internal.DefaultFileLockManager] Releasing lock on daemon addresses registry.
2024-10-22T11:31:39.298+0530 [DEBUG] [org.gradle.cache.internal.DefaultFileLockManager] Waiting to acquire shared lock on daemon addresses registry.
2024-10-22T11:31:39.298+0530 [DEBUG] [org.gradle.cache.internal.DefaultFileLockManager] Lock acquired on daemon addresses registry.
2024-10-22T11:31:39.299+0530 [DEBUG] [org.gradle.cache.internal.DefaultFileLockManager] Releasing lock on daemon addresses registry.
2024-10-22T11:31:39.299+0530 [DEBUG] [org.gradle.cache.internal.DefaultFileLockManager] Waiting to acquire shared lock on daemon addresses registry.
2024-10-22T11:31:39.300+0530 [DEBUG] [org.gradle.cache.internal.DefaultFileLockManager] Lock acquired on daemon addresses registry.
2024-10-22T11:31:39.300+0530 [DEBUG] [org.gradle.cache.internal.DefaultFileLockManager] Releasing lock on daemon addresses registry.
2024-10-22T11:31:42.456+0530 [DEBUG] [org.gradle.process.internal.health.memory.DefaultMemoryManager] 831603097 memory requested, 554283008 free
2024-10-22T11:31:42.456+0530 [DEBUG] [org.gradle.workers.internal.WorkerDaemonExpiration] Will attempt to release 793 of memory
2024-10-22T11:31:42.456+0530 [DEBUG] [org.gradle.process.internal.health.memory.DefaultMemoryManager] 831603097 memory requested, 0 released, 554283008 free
2024-10-22T11:31:47.456+0530 [DEBUG] [org.gradle.process.internal.health.memory.DefaultMemoryManager] 831603097 memory requested, 570601472 free
2024-10-22T11:31:47.457+0530 [DEBUG] [org.gradle.workers.internal.WorkerDaemonExpiration] Will attempt to release 793 of memory
2024-10-22T11:31:47.457+0530 [DEBUG] [org.gradle.process.internal.health.memory.DefaultMemoryManager] 831603097 memory requested, 0 released, 570601472 free
2024-10-22T11:31:49.293+0530 [DEBUG] [org.gradle.cache.internal.DefaultFileLockManager] Waiting to acquire shared lock on daemon addresses registry.
2024-10-22T11:31:49.293+0530 [DEBUG] [org.gradle.cache.internal.DefaultFileLockManager] Lock acquired on daemon addresses registry.
2024-10-22T11:31:49.294+0530 [DEBUG] [org.gradle.cache.internal.DefaultFileLockManager] Releasing lock on daemon addresses registry.
2024-10-22T11:31:49.295+0530 [DEBUG] [org.gradle.cache.internal.DefaultFileLockManager] Waiting to acquire shared lock on daemon addresses registry.
2024-10-22T11:31:49.295+0530 [DEBUG] [org.gradle.cache.internal.DefaultFileLockManager] Lock acquired on daemon addresses registry.
2024-10-22T11:31:49.296+0530 [DEBUG] [org.gradle.cache.internal.DefaultFileLockManager] Releasing lock on daemon addresses registry.
2024-10-22T11:31:49.297+0530 [DEBUG] [org.gradle.cache.internal.DefaultFileLockManager] Waiting to acquire shared lock on daemon addresses registry.
2024-10-22T11:31:49.298+0530 [DEBUG] [org.gradle.cache.internal.DefaultFileLockManager] Lock acquired on daemon addresses registry.
2024-10-22T11:31:49.298+0530 [DEBUG] [org.gradle.cache.internal.DefaultFileLockManager] Releasing lock on daemon addresses registry.
2024-10-22T11:31:52.464+0530 [DEBUG] [org.gradle.process.internal.health.memory.DefaultMemoryManager] 831603097 memory requested, 516612096 free
2024-10-22T11:31:52.464+0530 [DEBUG] [org.gradle.workers.internal.WorkerDaemonExpiration] Will attempt to release 793 of memory
2024-10-22T11:31:52.464+0530 [DEBUG] [org.gradle.process.internal.health.memory.DefaultMemoryManager] 831603097 memory requested, 0 released, 516612096 free
2024-10-22T11:31:57.469+0530 [DEBUG] [org.gradle.process.internal.health.memory.DefaultMemoryManager] 831603097 memory requested, 518336512 free
2024-10-22T11:31:57.469+0530 [DEBUG] [org.gradle.workers.internal.WorkerDaemonExpiration] Will attempt to release 793 of memory
2024-10-22T11:31:57.469+0530 [DEBUG] [org.gradle.process.internal.health.memory.DefaultMemoryManager] 831603097 memory requested, 0 released, 518336512 free
2024-10-22T11:31:59.299+0530 [DEBUG] [org.gradle.cache.internal.DefaultFileLockManager] Waiting to acquire shared lock on daemon addresses registry.
2024-10-22T11:31:59.299+0530 [DEBUG] [org.gradle.cache.internal.DefaultFileLockManager] Lock acquired on daemon addresses registry.
2024-10-22T11:31:59.299+0530 [DEBUG] [org.gradle.cache.internal.DefaultFileLockManager] Releasing lock on daemon addresses registry.
2024-10-22T11:31:59.301+0530 [DEBUG] [org.gradle.cache.internal.DefaultFileLockManager] Waiting to acquire shared lock on daemon addresses registry.
2024-10-22T11:31:59.301+0530 [DEBUG] [org.gradle.cache.internal.DefaultFileLockManager] Lock acquired on daemon addresses registry.
2024-10-22T11:31:59.302+0530 [DEBUG] [org.gradle.cache.internal.DefaultFileLockManager] Releasing lock on daemon addresses registry.
2024-10-22T11:31:59.302+0530 [DEBUG] [org.gradle.cache.internal.DefaultFileLockManager] Waiting to acquire shared lock on daemon addresses registry.
2024-10-22T11:31:59.302+0530 [DEBUG] [org.gradle.cache.internal.DefaultFileLockManager] Lock acquired on daemon addresses registry.
2024-10-22T11:31:59.303+0530 [DEBUG] [org.gradle.cache.internal.DefaultFileLockManager] Releasing lock on daemon addresses registry.
2024-10-22T11:32:02.466+0530 [DEBUG] [org.gradle.process.internal.health.memory.DefaultMemoryManager] 831603097 memory requested, 506576896 free
2024-10-22T11:32:02.466+0530 [DEBUG] [org.gradle.workers.internal.WorkerDaemonExpiration] Will attempt to release 793 of memory
2024-10-22T11:32:02.466+0530 [DEBUG] [org.gradle.process.internal.health.memory.DefaultMemoryManager] 831603097 memory requested, 0 released, 506576896 free
2024-10-22T11:32:07.461+0530 [DEBUG] [org.gradle.process.internal.health.memory.DefaultMemoryManager] 831603097 memory requested, 553172992 free
2024-10-22T11:32:07.461+0530 [DEBUG] [org.gradle.workers.internal.WorkerDaemonExpiration] Will attempt to release 793 of memory
2024-10-22T11:32:07.461+0530 [DEBUG] [org.gradle.process.internal.health.memory.DefaultMemoryManager] 831603097 memory requested, 0 released, 553172992 free
2024-10-22T11:32:09.298+0530 [DEBUG] [org.gradle.cache.internal.DefaultFileLockManager] Waiting to acquire shared lock on daemon addresses registry.
2024-10-22T11:32:09.298+0530 [DEBUG] [org.gradle.cache.internal.DefaultFileLockManager] Lock acquired on daemon addresses registry.
2024-10-22T11:32:09.300+0530 [DEBUG] [org.gradle.cache.internal.DefaultFileLockManager] Releasing lock on daemon addresses registry.
2024-10-22T11:32:09.301+0530 [DEBUG] [org.gradle.cache.internal.DefaultFileLockManager] Waiting to acquire shared lock on daemon addresses registry.
2024-10-22T11:32:09.301+0530 [DEBUG] [org.gradle.cache.internal.DefaultFileLockManager] Lock acquired on daemon addresses registry.
2024-10-22T11:32:09.301+0530 [DEBUG] [org.gradle.cache.internal.DefaultFileLockManager] Releasing lock on daemon addresses registry.
2024-10-22T11:32:09.302+0530 [DEBUG] [org.gradle.cache.internal.DefaultFileLockManager] Waiting to acquire shared lock on daemon addresses registry.
2024-10-22T11:32:09.302+0530 [DEBUG] [org.gradle.cache.internal.DefaultFileLockManager] Lock acquired on daemon addresses registry.
2024-10-22T11:32:09.302+0530 [DEBUG] [org.gradle.cache.internal.DefaultFileLockManager] Releasing lock on daemon addresses registry.
2024-10-22T11:32:12.458+0530 [DEBUG] [org.gradle.process.internal.health.memory.DefaultMemoryManager] 831603097 memory requested, 566497280 free
2024-10-22T11:32:12.458+0530 [DEBUG] [org.gradle.workers.internal.WorkerDaemonExpiration] Will attempt to release 793 of memory
2024-10-22T11:32:12.458+0530 [DEBUG] [org.gradle.process.internal.health.memory.DefaultMemoryManager] 831603097 memory requested, 0 released, 566497280 free
2024-10-22T11:32:17.468+0530 [DEBUG] [org.gradle.process.internal.health.memory.DefaultMemoryManager] 831603097 memory requested, 539619328 free
2024-10-22T11:32:17.469+0530 [DEBUG] [org.gradle.workers.internal.WorkerDaemonExpiration] Will attempt to release 793 of memory
2024-10-22T11:32:17.469+0530 [DEBUG] [org.gradle.process.internal.health.memory.DefaultMemoryManager] 831603097 memory requested, 0 released, 539619328 free
2024-10-22T11:32:19.306+0530 [DEBUG] [org.gradle.cache.internal.DefaultFileLockManager] Waiting to acquire shared lock on daemon addresses registry.
2024-10-22T11:32:19.306+0530 [DEBUG] [org.gradle.cache.internal.DefaultFileLockManager] Lock acquired on daemon addresses registry.
2024-10-22T11:32:19.307+0530 [DEBUG] [org.gradle.cache.internal.DefaultFileLockManager] Releasing lock on daemon addresses registry.
2024-10-22T11:32:19.309+0530 [DEBUG] [org.gradle.cache.internal.DefaultFileLockManager] Waiting to acquire shared lock on daemon addresses registry.
2024-10-22T11:32:19.309+0530 [DEBUG] [org.gradle.cache.internal.DefaultFileLockManager] Lock acquired on daemon addresses registry.
2024-10-22T11:32:19.310+0530 [DEBUG] [org.gradle.cache.internal.DefaultFileLockManager] Releasing lock on daemon addresses registry.
2024-10-22T11:32:19.311+0530 [DEBUG] [org.gradle.cache.internal.DefaultFileLockManager] Waiting to acquire shared lock on daemon addresses registry.
2024-10-22T11:32:19.311+0530 [DEBUG] [org.gradle.cache.internal.DefaultFileLockManager] Lock acquired on daemon addresses registry.
2024-10-22T11:32:19.318+0530 [DEBUG] [org.gradle.cache.internal.DefaultFileLockManager] Releasing lock on daemon addresses registry.
2024-10-22T11:32:22.464+0530 [DEBUG] [org.gradle.process.internal.health.memory.DefaultMemoryManager] 831603097 memory requested, 525611008 free
2024-10-22T11:32:22.465+0530 [DEBUG] [org.gradle.workers.internal.WorkerDaemonExpiration] Will attempt to release 793 of memory
2024-10-22T11:32:22.465+0530 [DEBUG] [org.gradle.process.internal.health.memory.DefaultMemoryManager] 831603097 memory requested, 0 released, 525611008 free
2024-10-22T11:32:27.463+0530 [DEBUG] [org.gradle.process.internal.health.memory.DefaultMemoryManager] 831603097 memory requested, 721432576 free
2024-10-22T11:32:27.466+0530 [DEBUG] [org.gradle.workers.internal.WorkerDaemonExpiration] Will attempt to release 793 of memory
2024-10-22T11:32:27.466+0530 [DEBUG] [org.gradle.process.internal.health.memory.DefaultMemoryManager] 831603097 memory requested, 0 released, 721432576 free
2024-10-22T11:32:29.303+0530 [DEBUG] [org.gradle.cache.internal.DefaultFileLockManager] Waiting to acquire shared lock on daemon addresses registry.
2024-10-22T11:32:29.303+0530 [DEBUG] [org.gradle.cache.internal.DefaultFileLockManager] Lock acquired on daemon addresses registry.
2024-10-22T11:32:29.304+0530 [DEBUG] [org.gradle.cache.internal.DefaultFileLockManager] Releasing lock on daemon addresses registry.
2024-10-22T11:32:29.305+0530 [DEBUG] [org.gradle.cache.internal.DefaultFileLockManager] Waiting to acquire shared lock on daemon addresses registry.
2024-10-22T11:32:29.305+0530 [DEBUG] [org.gradle.cache.internal.DefaultFileLockManager] Lock acquired on daemon addresses registry.
2024-10-22T11:32:29.306+0530 [DEBUG] [org.gradle.cache.internal.DefaultFileLockManager] Releasing lock on daemon addresses registry.
2024-10-22T11:32:29.307+0530 [DEBUG] [org.gradle.cache.internal.DefaultFileLockManager] Waiting to acquire shared lock on daemon addresses registry.
2024-10-22T11:32:29.307+0530 [DEBUG] [org.gradle.cache.internal.DefaultFileLockManager] Lock acquired on daemon addresses registry.
2024-10-22T11:32:29.307+0530 [DEBUG] [org.gradle.cache.internal.DefaultFileLockManager] Releasing lock on daemon addresses registry.
2024-10-22T11:32:32.470+0530 [DEBUG] [org.gradle.process.internal.health.memory.DefaultMemoryManager] 831603097 memory requested, 681390080 free
2024-10-22T11:32:32.471+0530 [DEBUG] [org.gradle.workers.internal.WorkerDaemonExpiration] Will attempt to release 793 of memory
2024-10-22T11:32:32.471+0530 [DEBUG] [org.gradle.process.internal.health.memory.DefaultMemoryManager] 831603097 memory requested, 0 released, 681390080 free
2024-10-22T11:32:37.465+0530 [DEBUG] [org.gradle.process.internal.health.memory.DefaultMemoryManager] 831603097 memory requested, 671084544 free
2024-10-22T11:32:37.465+0530 [DEBUG] [org.gradle.workers.internal.WorkerDaemonExpiration] Will attempt to release 793 of memory
2024-10-22T11:32:37.465+0530 [DEBUG] [org.gradle.process.internal.health.memory.DefaultMemoryManager] 831603097 memory requested, 0 released, 671084544 free
2024-10-22T11:32:39.303+0530 [DEBUG] [org.gradle.cache.internal.DefaultFileLockManager] Waiting to acquire shared lock on daemon addresses registry.
2024-10-22T11:32:39.304+0530 [DEBUG] [org.gradle.cache.internal.DefaultFileLockManager] Lock acquired on daemon addresses registry.
2024-10-22T11:32:39.304+0530 [DEBUG] [org.gradle.cache.internal.DefaultFileLockManager] Releasing lock on daemon addresses registry.
2024-10-22T11:32:39.305+0530 [DEBUG] [org.gradle.cache.internal.DefaultFileLockManager] Waiting to acquire shared lock on daemon addresses registry.
2024-10-22T11:32:39.305+0530 [DEBUG] [org.gradle.cache.internal.DefaultFileLockManager] Lock acquired on daemon addresses registry.
2024-10-22T11:32:39.306+0530 [DEBUG] [org.gradle.cache.internal.DefaultFileLockManager] Releasing lock on daemon addresses registry.
2024-10-22T11:32:39.307+0530 [DEBUG] [org.gradle.cache.internal.DefaultFileLockManager] Waiting to acquire shared lock on daemon addresses registry.
2024-10-22T11:32:39.307+0530 [DEBUG] [org.gradle.cache.internal.DefaultFileLockManager] Lock acquired on daemon addresses registry.
2024-10-22T11:32:39.308+0530 [DEBUG] [org.gradle.cache.internal.DefaultFileLockManager] Releasing lock on daemon addresses registry.
2024-10-22T11:32:42.456+0530 [DEBUG] [org.gradle.process.internal.health.memory.DefaultMemoryManager] 831603097 memory requested, 662757376 free
2024-10-22T11:32:42.456+0530 [DEBUG] [org.gradle.workers.internal.WorkerDaemonExpiration] Will attempt to release 793 of memory
2024-10-22T11:32:42.456+0530 [DEBUG] [org.gradle.process.internal.health.memory.DefaultMemoryManager] 831603097 memory requested, 0 released, 662757376 free
2024-10-22T11:32:47.467+0530 [DEBUG] [org.gradle.process.internal.health.memory.DefaultMemoryManager] 831603097 memory requested, 667836416 free
2024-10-22T11:32:47.467+0530 [DEBUG] [org.gradle.workers.internal.WorkerDaemonExpiration] Will attempt to release 793 of memory
2024-10-22T11:32:47.467+0530 [DEBUG] [org.gradle.process.internal.health.memory.DefaultMemoryManager] 831603097 memory requested, 0 released, 667836416 free
2024-10-22T11:32:49.317+0530 [DEBUG] [org.gradle.cache.internal.DefaultFileLockManager] Waiting to acquire shared lock on daemon addresses registry.
2024-10-22T11:32:49.318+0530 [DEBUG] [org.gradle.cache.internal.DefaultFileLockManager] Lock acquired on daemon addresses registry.
2024-10-22T11:32:49.318+0530 [DEBUG] [org.gradle.cache.internal.DefaultFileLockManager] Releasing lock on daemon addresses registry.
2024-10-22T11:32:49.322+0530 [DEBUG] [org.gradle.cache.internal.DefaultFileLockManager] Waiting to acquire shared lock on daemon addresses registry.
2024-10-22T11:32:49.322+0530 [DEBUG] [org.gradle.cache.internal.DefaultFileLockManager] Lock acquired on daemon addresses registry.
2024-10-22T11:32:49.323+0530 [DEBUG] [org.gradle.cache.internal.DefaultFileLockManager] Releasing lock on daemon addresses registry.
2024-10-22T11:32:49.324+0530 [DEBUG] [org.gradle.cache.internal.DefaultFileLockManager] Waiting to acquire shared lock on daemon addresses registry.
2024-10-22T11:32:49.324+0530 [DEBUG] [org.gradle.cache.internal.DefaultFileLockManager] Lock acquired on daemon addresses registry.
2024-10-22T11:32:49.325+0530 [DEBUG] [org.gradle.cache.internal.DefaultFileLockManager] Releasing lock on daemon addresses registry.
2024-10-22T11:32:52.465+0530 [DEBUG] [org.gradle.process.internal.health.memory.DefaultMemoryManager] 831603097 memory requested, 619618304 free
2024-10-22T11:32:52.466+0530 [DEBUG] [org.gradle.workers.internal.WorkerDaemonExpiration] Will attempt to release 793 of memory
2024-10-22T11:32:52.466+0530 [DEBUG] [org.gradle.process.internal.health.memory.DefaultMemoryManager] 831603097 memory requested, 0 released, 619618304 free
2024-10-22T11:32:57.468+0530 [DEBUG] [org.gradle.process.internal.health.memory.DefaultMemoryManager] 831603097 memory requested, 626782208 free
2024-10-22T11:32:57.468+0530 [DEBUG] [org.gradle.workers.internal.WorkerDaemonExpiration] Will attempt to release 793 of memory
2024-10-22T11:32:57.468+0530 [DEBUG] [org.gradle.process.internal.health.memory.DefaultMemoryManager] 831603097 memory requested, 0 released, 626782208 free
2024-10-22T11:32:59.304+0530 [DEBUG] [org.gradle.cache.internal.DefaultFileLockManager] Waiting to acquire shared lock on daemon addresses registry.
2024-10-22T11:32:59.305+0530 [DEBUG] [org.gradle.cache.internal.DefaultFileLockManager] Lock acquired on daemon addresses registry.
2024-10-22T11:32:59.305+0530 [DEBUG] [org.gradle.cache.internal.DefaultFileLockManager] Releasing lock on daemon addresses registry.
2024-10-22T11:32:59.306+0530 [DEBUG] [org.gradle.cache.internal.DefaultFileLockManager] Waiting to acquire shared lock on daemon addresses registry.
2024-10-22T11:32:59.307+0530 [DEBUG] [org.gradle.cache.internal.DefaultFileLockManager] Lock acquired on daemon addresses registry.
2024-10-22T11:32:59.309+0530 [DEBUG] [org.gradle.cache.internal.DefaultFileLockManager] Releasing lock on daemon addresses registry.
2024-10-22T11:32:59.309+0530 [DEBUG] [org.gradle.cache.internal.DefaultFileLockManager] Waiting to acquire shared lock on daemon addresses registry.
2024-10-22T11:32:59.310+0530 [DEBUG] [org.gradle.cache.internal.DefaultFileLockManager] Lock acquired on daemon addresses registry.
2024-10-22T11:32:59.312+0530 [DEBUG] [org.gradle.cache.internal.DefaultFileLockManager] Releasing lock on daemon addresses registry.
2024-10-22T11:33:02.457+0530 [DEBUG] [org.gradle.process.internal.health.memory.DefaultMemoryManager] 831603097 memory requested, 615657472 free
2024-10-22T11:33:02.457+0530 [DEBUG] [org.gradle.workers.internal.WorkerDaemonExpiration] Will attempt to release 793 of memory
2024-10-22T11:33:02.457+0530 [DEBUG] [org.gradle.process.internal.health.memory.DefaultMemoryManager] 831603097 memory requested, 0 released, 615657472 free
2024-10-22T11:33:07.464+0530 [DEBUG] [org.gradle.process.internal.health.memory.DefaultMemoryManager] 831603097 memory requested, 628088832 free
2024-10-22T11:33:07.465+0530 [DEBUG] [org.gradle.workers.internal.WorkerDaemonExpiration] Will attempt to release 793 of memory
2024-10-22T11:33:07.465+0530 [DEBUG] [org.gradle.process.internal.health.memory.DefaultMemoryManager] 831603097 memory requested, 0 released, 628088832 free
2024-10-22T11:33:09.301+0530 [DEBUG] [org.gradle.cache.internal.DefaultFileLockManager] Waiting to acquire shared lock on daemon addresses registry.
2024-10-22T11:33:09.301+0530 [DEBUG] [org.gradle.cache.internal.DefaultFileLockManager] Lock acquired on daemon addresses registry.
2024-10-22T11:33:09.302+0530 [DEBUG] [org.gradle.cache.internal.DefaultFileLockManager] Releasing lock on daemon addresses registry.
2024-10-22T11:33:09.303+0530 [DEBUG] [org.gradle.cache.internal.DefaultFileLockManager] Waiting to acquire shared lock on daemon addresses registry.
2024-10-22T11:33:09.303+0530 [DEBUG] [org.gradle.cache.internal.DefaultFileLockManager] Lock acquired on daemon addresses registry.
2024-10-22T11:33:09.304+0530 [DEBUG] [org.gradle.cache.internal.DefaultFileLockManager] Releasing lock on daemon addresses registry.
2024-10-22T11:33:09.304+0530 [DEBUG] [org.gradle.cache.internal.DefaultFileLockManager] Waiting to acquire shared lock on daemon addresses registry.
2024-10-22T11:33:09.305+0530 [DEBUG] [org.gradle.cache.internal.DefaultFileLockManager] Lock acquired on daemon addresses registry.
2024-10-22T11:33:09.305+0530 [DEBUG] [org.gradle.cache.internal.DefaultFileLockManager] Releasing lock on daemon addresses registry.
2024-10-22T11:33:12.469+0530 [DEBUG] [org.gradle.process.internal.health.memory.DefaultMemoryManager] 831603097 memory requested, 646262784 free
2024-10-22T11:33:12.469+0530 [DEBUG] [org.gradle.workers.internal.WorkerDaemonExpiration] Will attempt to release 793 of memory
2024-10-22T11:33:12.469+0530 [DEBUG] [org.gradle.process.internal.health.memory.DefaultMemoryManager] 831603097 memory requested, 0 released, 646262784 free
2024-10-22T11:33:17.459+0530 [DEBUG] [org.gradle.process.internal.health.memory.DefaultMemoryManager] 831603097 memory requested, 647413760 free
2024-10-22T11:33:17.459+0530 [DEBUG] [org.gradle.workers.internal.WorkerDaemonExpiration] Will attempt to release 793 of memory
2024-10-22T11:33:17.459+0530 [DEBUG] [org.gradle.process.internal.health.memory.DefaultMemoryManager] 831603097 memory requested, 0 released, 647413760 free
2024-10-22T11:33:19.295+0530 [DEBUG] [org.gradle.cache.internal.DefaultFileLockManager] Waiting to acquire shared lock on daemon addresses registry.
2024-10-22T11:33:19.295+0530 [DEBUG] [org.gradle.cache.internal.DefaultFileLockManager] Lock acquired on daemon addresses registry.
2024-10-22T11:33:19.295+0530 [DEBUG] [org.gradle.cache.internal.DefaultFileLockManager] Releasing lock on daemon addresses registry.
2024-10-22T11:33:19.298+0530 [DEBUG] [org.gradle.cache.internal.DefaultFileLockManager] Waiting to acquire shared lock on daemon addresses registry.
2024-10-22T11:33:19.299+0530 [DEBUG] [org.gradle.cache.internal.DefaultFileLockManager] Lock acquired on daemon addresses registry.
2024-10-22T11:33:19.299+0530 [DEBUG] [org.gradle.cache.internal.DefaultFileLockManager] Releasing lock on daemon addresses registry.
2024-10-22T11:33:19.300+0530 [DEBUG] [org.gradle.cache.internal.DefaultFileLockManager] Waiting to acquire shared lock on daemon addresses registry.
2024-10-22T11:33:19.300+0530 [DEBUG] [org.gradle.cache.internal.DefaultFileLockManager] Lock acquired on daemon addresses registry.
2024-10-22T11:33:19.302+0530 [DEBUG] [org.gradle.cache.internal.DefaultFileLockManager] Releasing lock on daemon addresses registry.
2024-10-22T11:33:22.457+0530 [DEBUG] [org.gradle.process.internal.health.memory.DefaultMemoryManager] 831603097 memory requested, 646754304 free
2024-10-22T11:33:22.457+0530 [DEBUG] [org.gradle.workers.internal.WorkerDaemonExpiration] Will attempt to release 793 of memory
2024-10-22T11:33:22.457+0530 [DEBUG] [org.gradle.process.internal.health.memory.DefaultMemoryManager] 831603097 memory requested, 0 released, 646754304 free
2024-10-22T11:33:27.458+0530 [DEBUG] [org.gradle.process.internal.health.memory.DefaultMemoryManager] 831603097 memory requested, 606371840 free
2024-10-22T11:33:27.459+0530 [DEBUG] [org.gradle.workers.internal.WorkerDaemonExpiration] Will attempt to release 793 of memory
2024-10-22T11:33:27.459+0530 [DEBUG] [org.gradle.process.internal.health.memory.DefaultMemoryManager] 831603097 memory requested, 0 released, 606371840 free
2024-10-22T11:33:29.303+0530 [DEBUG] [org.gradle.cache.internal.DefaultFileLockManager] Waiting to acquire shared lock on daemon addresses registry.
2024-10-22T11:33:29.303+0530 [DEBUG] [org.gradle.cache.internal.DefaultFileLockManager] Lock acquired on daemon addresses registry.
2024-10-22T11:33:29.304+0530 [DEBUG] [org.gradle.cache.internal.DefaultFileLockManager] Releasing lock on daemon addresses registry.
2024-10-22T11:33:29.306+0530 [DEBUG] [org.gradle.cache.internal.DefaultFileLockManager] Waiting to acquire shared lock on daemon addresses registry.
2024-10-22T11:33:29.307+0530 [DEBUG] [org.gradle.cache.internal.DefaultFileLockManager] Lock acquired on daemon addresses registry.
2024-10-22T11:33:29.307+0530 [DEBUG] [org.gradle.cache.internal.DefaultFileLockManager] Releasing lock on daemon addresses registry.
2024-10-22T11:33:29.309+0530 [DEBUG] [org.gradle.cache.internal.DefaultFileLockManager] Waiting to acquire shared lock on daemon addresses registry.
2024-10-22T11:33:29.310+0530 [DEBUG] [org.gradle.cache.internal.DefaultFileLockManager] Lock acquired on daemon addresses registry.
2024-10-22T11:33:29.310+0530 [DEBUG] [org.gradle.cache.internal.DefaultFileLockManager] Releasing lock on daemon addresses registry.
2024-10-22T11:33:32.469+0530 [DEBUG] [org.gradle.process.internal.health.memory.DefaultMemoryManager] 831603097 memory requested, 609136640 free
2024-10-22T11:33:32.469+0530 [DEBUG] [org.gradle.workers.internal.WorkerDaemonExpiration] Will attempt to release 793 of memory
2024-10-22T11:33:32.469+0530 [DEBUG] [org.gradle.process.internal.health.memory.DefaultMemoryManager] 831603097 memory requested, 0 released, 609136640 free
2024-10-22T11:33:37.455+0530 [DEBUG] [org.gradle.process.internal.health.memory.DefaultMemoryManager] 831603097 memory requested, 754954240 free
2024-10-22T11:33:37.455+0530 [DEBUG] [org.gradle.workers.internal.WorkerDaemonExpiration] Will attempt to release 793 of memory
2024-10-22T11:33:37.455+0530 [DEBUG] [org.gradle.process.internal.health.memory.DefaultMemoryManager] 831603097 memory requested, 0 released, 754954240 free
2024-10-22T11:33:39.302+0530 [DEBUG] [org.gradle.cache.internal.DefaultFileLockManager] Waiting to acquire shared lock on daemon addresses registry.
2024-10-22T11:33:39.302+0530 [DEBUG] [org.gradle.cache.internal.DefaultFileLockManager] Lock acquired on daemon addresses registry.
2024-10-22T11:33:39.303+0530 [DEBUG] [org.gradle.cache.internal.DefaultFileLockManager] Releasing lock on daemon addresses registry.
2024-10-22T11:33:39.304+0530 [DEBUG] [org.gradle.cache.internal.DefaultFileLockManager] Waiting to acquire shared lock on daemon addresses registry.
2024-10-22T11:33:39.305+0530 [DEBUG] [org.gradle.cache.internal.DefaultFileLockManager] Lock acquired on daemon addresses registry.
2024-10-22T11:33:39.305+0530 [DEBUG] [org.gradle.cache.internal.DefaultFileLockManager] Releasing lock on daemon addresses registry.
2024-10-22T11:33:39.306+0530 [DEBUG] [org.gradle.cache.internal.DefaultFileLockManager] Waiting to acquire shared lock on daemon addresses registry.
2024-10-22T11:33:39.306+0530 [DEBUG] [org.gradle.cache.internal.DefaultFileLockManager] Lock acquired on daemon addresses registry.
2024-10-22T11:33:39.306+0530 [DEBUG] [org.gradle.cache.internal.DefaultFileLockManager] Releasing lock on daemon addresses registry.
2024-10-22T11:33:42.470+0530 [DEBUG] [org.gradle.process.internal.health.memory.DefaultMemoryManager] 831603097 memory requested, 766476288 free
2024-10-22T11:33:42.470+0530 [DEBUG] [org.gradle.workers.internal.WorkerDaemonExpiration] Will attempt to release 793 of memory
2024-10-22T11:33:42.470+0530 [DEBUG] [org.gradle.process.internal.health.memory.DefaultMemoryManager] 831603097 memory requested, 0 released, 766476288 free
2024-10-22T11:33:47.468+0530 [DEBUG] [org.gradle.process.internal.health.memory.DefaultMemoryManager] 831603097 memory requested, 718123008 free
2024-10-22T11:33:47.468+0530 [DEBUG] [org.gradle.workers.internal.WorkerDaemonExpiration] Will attempt to release 793 of memory
2024-10-22T11:33:47.468+0530 [DEBUG] [org.gradle.process.internal.health.memory.DefaultMemoryManager] 831603097 memory requested, 0 released, 718123008 free
