2024-10-09T11:18:44.930+0530 [DEBUG] [org.gradle.launcher.daemon.bootstrap.DaemonMain] Assuming the daemon was started with following jvm opts: [--add-opens, java.base/java.util=ALL-UNNAMED, --add-opens, java.base/java.lang=ALL-UNNAMED, --add-opens, java.base/java.lang.invoke=ALL-UNNAMED, --add-opens, java.base/java.util=ALL-UNNAMED, --add-opens, java.prefs/java.util.prefs=ALL-UNNAMED, --add-opens, java.prefs/java.util.prefs=ALL-UNNAMED, --add-opens, java.base/java.nio.charset=ALL-UNNAMED, --add-opens, java.base/java.net=ALL-UNNAMED, --add-opens, java.base/java.util.concurrent.atomic=ALL-UNNAMED, -XX:MaxMetaspaceSize=256m, -XX:+HeapDumpOnOutOfMemoryError, -Xms256m, -Xmx512m, -Dfile.encoding=UTF-8, -Duser.country=IN, -Duser.language=en, -Duser.variant]
2024-10-09T11:18:45.161+0530 [DEBUG] [org.gradle.internal.nativeintegration.services.NativeServices] Native-platform posix files integration is not available. Continuing with fallback.
2024-10-09T11:18:45.176+0530 [INFO] [org.gradle.launcher.daemon.server.Daemon] start() called on daemon - DefaultDaemonContext[uid=98a9e733-2f0d-43ff-ba52-ad8f37b5199c,javaHome=C:\Users\Prerana Shelke\.jdks\corretto-11.0.24,daemonRegistryDir=C:\Users\Prerana Shelke\Downloads\Android-Attendance-App-2023\daemon,pid=16900,idleTimeout=10800000,priority=NORMAL,daemonOpts=--add-opens,java.base/java.util=ALL-UNNAMED,--add-opens,java.base/java.lang=ALL-UNNAMED,--add-opens,java.base/java.lang.invoke=ALL-UNNAMED,--add-opens,java.base/java.util=ALL-UNNAMED,--add-opens,java.prefs/java.util.prefs=ALL-UNNAMED,--add-opens,java.prefs/java.util.prefs=ALL-UNNAMED,--add-opens,java.base/java.nio.charset=ALL-UNNAMED,--add-opens,java.base/java.net=ALL-UNNAMED,--add-opens,java.base/java.util.concurrent.atomic=ALL-UNNAMED,-XX:MaxMetaspaceSize=256m,-XX:+HeapDumpOnOutOfMemoryError,-Xms256m,-Xmx512m,-Dfile.encoding=UTF-8,-Duser.country=IN,-Duser.language=en,-Duser.variant]
2024-10-09T11:18:45.492+0530 [DEBUG] [org.gradle.internal.remote.internal.inet.InetAddresses] Adding IP addresses for network interface Software Loopback Interface 1
2024-10-09T11:18:45.494+0530 [DEBUG] [org.gradle.internal.remote.internal.inet.InetAddresses] Is this a loopback interface? true
2024-10-09T11:18:45.494+0530 [DEBUG] [org.gradle.internal.remote.internal.inet.InetAddresses] Adding loopback address /127.0.0.1
2024-10-09T11:18:45.495+0530 [DEBUG] [org.gradle.internal.remote.internal.inet.InetAddresses] Adding loopback address /0:0:0:0:0:0:0:1
2024-10-09T11:18:45.496+0530 [DEBUG] [org.gradle.internal.remote.internal.inet.InetAddresses] Adding IP addresses for network interface Microsoft 6to4 Adapter
2024-10-09T11:18:45.498+0530 [DEBUG] [org.gradle.internal.remote.internal.inet.InetAddresses] Is this a loopback interface? false
2024-10-09T11:18:45.498+0530 [DEBUG] [org.gradle.internal.remote.internal.inet.InetAddresses] Adding IP addresses for network interface Microsoft Wi-Fi Direct Virtual Adapter #3
2024-10-09T11:18:45.500+0530 [DEBUG] [org.gradle.internal.remote.internal.inet.InetAddresses] Is this a loopback interface? false
2024-10-09T11:18:45.500+0530 [DEBUG] [org.gradle.internal.remote.internal.inet.InetAddresses] Adding remote address /fe80:0:0:0:3b61:be13:f8e0:984f%wlan0
2024-10-09T11:18:45.500+0530 [DEBUG] [org.gradle.internal.remote.internal.inet.InetAddresses] Adding IP addresses for network interface WAN Miniport (PPPOE)
2024-10-09T11:18:45.502+0530 [DEBUG] [org.gradle.internal.remote.internal.inet.InetAddresses] Is this a loopback interface? false
2024-10-09T11:18:45.502+0530 [DEBUG] [org.gradle.internal.remote.internal.inet.InetAddresses] Adding IP addresses for network interface WAN Miniport (SSTP)
2024-10-09T11:18:45.503+0530 [DEBUG] [org.gradle.internal.remote.internal.inet.InetAddresses] Is this a loopback interface? false
2024-10-09T11:18:45.503+0530 [DEBUG] [org.gradle.internal.remote.internal.inet.InetAddresses] Adding IP addresses for network interface WAN Miniport (IP)
2024-10-09T11:18:45.504+0530 [DEBUG] [org.gradle.internal.remote.internal.inet.InetAddresses] Is this a loopback interface? false
2024-10-09T11:18:45.505+0530 [DEBUG] [org.gradle.internal.remote.internal.inet.InetAddresses] Adding IP addresses for network interface Microsoft IP-HTTPS Platform Adapter
2024-10-09T11:18:45.506+0530 [DEBUG] [org.gradle.internal.remote.internal.inet.InetAddresses] Is this a loopback interface? false
2024-10-09T11:18:45.507+0530 [DEBUG] [org.gradle.internal.remote.internal.inet.InetAddresses] Adding IP addresses for network interface WAN Miniport (Network Monitor)
2024-10-09T11:18:45.508+0530 [DEBUG] [org.gradle.internal.remote.internal.inet.InetAddresses] Is this a loopback interface? false
2024-10-09T11:18:45.508+0530 [DEBUG] [org.gradle.internal.remote.internal.inet.InetAddresses] Adding IP addresses for network interface Intel(R) Wi-Fi 6 AX201 160MHz
2024-10-09T11:18:45.509+0530 [DEBUG] [org.gradle.internal.remote.internal.inet.InetAddresses] Is this a loopback interface? false
2024-10-09T11:18:45.510+0530 [DEBUG] [org.gradle.internal.remote.internal.inet.InetAddresses] Adding remote address /192.168.96.193
2024-10-09T11:18:45.510+0530 [DEBUG] [org.gradle.internal.remote.internal.inet.InetAddresses] Adding remote address /2401:4900:1b8d:ab17:b832:b307:aa4a:841f
2024-10-09T11:18:45.510+0530 [DEBUG] [org.gradle.internal.remote.internal.inet.InetAddresses] Adding remote address /2401:4900:1b8d:ab17:9f:84da:66e7:b41f
2024-10-09T11:18:45.510+0530 [DEBUG] [org.gradle.internal.remote.internal.inet.InetAddresses] Adding remote address /fe80:0:0:0:737c:94ce:579f:b8ec%wlan1
2024-10-09T11:18:45.511+0530 [DEBUG] [org.gradle.internal.remote.internal.inet.InetAddresses] Adding IP addresses for network interface Microsoft Wi-Fi Direct Virtual Adapter #2
2024-10-09T11:18:45.512+0530 [DEBUG] [org.gradle.internal.remote.internal.inet.InetAddresses] Is this a loopback interface? false
2024-10-09T11:18:45.513+0530 [DEBUG] [org.gradle.internal.remote.internal.inet.InetAddresses] Adding IP addresses for network interface WAN Miniport (L2TP)
2024-10-09T11:18:45.515+0530 [DEBUG] [org.gradle.internal.remote.internal.inet.InetAddresses] Is this a loopback interface? false
2024-10-09T11:18:45.515+0530 [DEBUG] [org.gradle.internal.remote.internal.inet.InetAddresses] Adding IP addresses for network interface WAN Miniport (IKEv2)
2024-10-09T11:18:45.518+0530 [DEBUG] [org.gradle.internal.remote.internal.inet.InetAddresses] Is this a loopback interface? false
2024-10-09T11:18:45.518+0530 [DEBUG] [org.gradle.internal.remote.internal.inet.InetAddresses] Adding IP addresses for network interface WAN Miniport (IPv6)
2024-10-09T11:18:45.520+0530 [DEBUG] [org.gradle.internal.remote.internal.inet.InetAddresses] Is this a loopback interface? false
2024-10-09T11:18:45.520+0530 [DEBUG] [org.gradle.internal.remote.internal.inet.InetAddresses] Adding IP addresses for network interface Microsoft Kernel Debug Network Adapter
2024-10-09T11:18:45.522+0530 [DEBUG] [org.gradle.internal.remote.internal.inet.InetAddresses] Is this a loopback interface? false
2024-10-09T11:18:45.522+0530 [DEBUG] [org.gradle.internal.remote.internal.inet.InetAddresses] Adding IP addresses for network interface Microsoft Teredo Tunneling Adapter
2024-10-09T11:18:45.523+0530 [DEBUG] [org.gradle.internal.remote.internal.inet.InetAddresses] Is this a loopback interface? false
2024-10-09T11:18:45.523+0530 [DEBUG] [org.gradle.internal.remote.internal.inet.InetAddresses] Adding IP addresses for network interface Microsoft Wi-Fi Direct Virtual Adapter #4
2024-10-09T11:18:45.524+0530 [DEBUG] [org.gradle.internal.remote.internal.inet.InetAddresses] Is this a loopback interface? false
2024-10-09T11:18:45.524+0530 [DEBUG] [org.gradle.internal.remote.internal.inet.InetAddresses] Adding IP addresses for network interface WAN Miniport (PPTP)
2024-10-09T11:18:45.526+0530 [DEBUG] [org.gradle.internal.remote.internal.inet.InetAddresses] Is this a loopback interface? false
2024-10-09T11:18:45.527+0530 [DEBUG] [org.gradle.internal.remote.internal.inet.InetAddresses] Adding IP addresses for network interface Bluetooth Device (Personal Area Network)
2024-10-09T11:18:45.528+0530 [DEBUG] [org.gradle.internal.remote.internal.inet.InetAddresses] Is this a loopback interface? false
2024-10-09T11:18:45.528+0530 [DEBUG] [org.gradle.internal.remote.internal.inet.InetAddresses] Adding IP addresses for network interface Microsoft Wi-Fi Direct Virtual Adapter
2024-10-09T11:18:45.530+0530 [DEBUG] [org.gradle.internal.remote.internal.inet.InetAddresses] Is this a loopback interface? false
2024-10-09T11:18:45.530+0530 [DEBUG] [org.gradle.internal.remote.internal.inet.InetAddresses] Adding IP addresses for network interface Intel(R) Wi-Fi 6 AX201 160MHz-WFP Native MAC Layer LightWeight Filter-0000
2024-10-09T11:18:45.532+0530 [DEBUG] [org.gradle.internal.remote.internal.inet.InetAddresses] Is this a loopback interface? false
2024-10-09T11:18:45.532+0530 [DEBUG] [org.gradle.internal.remote.internal.inet.InetAddresses] Adding IP addresses for network interface Intel(R) Wi-Fi 6 AX201 160MHz-Virtual WiFi Filter Driver-0000
2024-10-09T11:18:45.534+0530 [DEBUG] [org.gradle.internal.remote.internal.inet.InetAddresses] Is this a loopback interface? false
2024-10-09T11:18:45.534+0530 [DEBUG] [org.gradle.internal.remote.internal.inet.InetAddresses] Adding IP addresses for network interface Intel(R) Wi-Fi 6 AX201 160MHz-Native WiFi Filter Driver-0000
2024-10-09T11:18:45.535+0530 [DEBUG] [org.gradle.internal.remote.internal.inet.InetAddresses] Is this a loopback interface? false
2024-10-09T11:18:45.536+0530 [DEBUG] [org.gradle.internal.remote.internal.inet.InetAddresses] Adding IP addresses for network interface Intel(R) Wi-Fi 6 AX201 160MHz-QoS Packet Scheduler-0000
2024-10-09T11:18:45.537+0530 [DEBUG] [org.gradle.internal.remote.internal.inet.InetAddresses] Is this a loopback interface? false
2024-10-09T11:18:45.538+0530 [DEBUG] [org.gradle.internal.remote.internal.inet.InetAddresses] Adding IP addresses for network interface Intel(R) Wi-Fi 6 AX201 160MHz-WFP 802.3 MAC Layer LightWeight Filter-0000
2024-10-09T11:18:45.539+0530 [DEBUG] [org.gradle.internal.remote.internal.inet.InetAddresses] Is this a loopback interface? false
2024-10-09T11:18:45.539+0530 [DEBUG] [org.gradle.internal.remote.internal.inet.InetAddresses] Adding IP addresses for network interface Microsoft Wi-Fi Direct Virtual Adapter #3-WFP Native MAC Layer LightWeight Filter-0000
2024-10-09T11:18:45.541+0530 [DEBUG] [org.gradle.internal.remote.internal.inet.InetAddresses] Is this a loopback interface? false
2024-10-09T11:18:45.542+0530 [DEBUG] [org.gradle.internal.remote.internal.inet.InetAddresses] Adding IP addresses for network interface Microsoft Wi-Fi Direct Virtual Adapter #3-Native WiFi Filter Driver-0000
2024-10-09T11:18:45.544+0530 [DEBUG] [org.gradle.internal.remote.internal.inet.InetAddresses] Is this a loopback interface? false
2024-10-09T11:18:45.545+0530 [DEBUG] [org.gradle.internal.remote.internal.inet.InetAddresses] Adding IP addresses for network interface Microsoft Wi-Fi Direct Virtual Adapter #3-QoS Packet Scheduler-0000
2024-10-09T11:18:45.547+0530 [DEBUG] [org.gradle.internal.remote.internal.inet.InetAddresses] Is this a loopback interface? false
2024-10-09T11:18:45.548+0530 [DEBUG] [org.gradle.internal.remote.internal.inet.InetAddresses] Adding IP addresses for network interface Microsoft Wi-Fi Direct Virtual Adapter #3-WFP 802.3 MAC Layer LightWeight Filter-0000
2024-10-09T11:18:45.550+0530 [DEBUG] [org.gradle.internal.remote.internal.inet.InetAddresses] Is this a loopback interface? false
2024-10-09T11:18:45.550+0530 [DEBUG] [org.gradle.internal.remote.internal.inet.InetAddresses] Adding IP addresses for network interface WAN Miniport (IP)-WFP Native MAC Layer LightWeight Filter-0000
2024-10-09T11:18:45.553+0530 [DEBUG] [org.gradle.internal.remote.internal.inet.InetAddresses] Is this a loopback interface? false
2024-10-09T11:18:45.553+0530 [DEBUG] [org.gradle.internal.remote.internal.inet.InetAddresses] Adding IP addresses for network interface WAN Miniport (IP)-QoS Packet Scheduler-0000
2024-10-09T11:18:45.555+0530 [DEBUG] [org.gradle.internal.remote.internal.inet.InetAddresses] Is this a loopback interface? false
2024-10-09T11:18:45.555+0530 [DEBUG] [org.gradle.internal.remote.internal.inet.InetAddresses] Adding IP addresses for network interface WAN Miniport (IPv6)-WFP Native MAC Layer LightWeight Filter-0000
2024-10-09T11:18:45.556+0530 [DEBUG] [org.gradle.internal.remote.internal.inet.InetAddresses] Is this a loopback interface? false
2024-10-09T11:18:45.557+0530 [DEBUG] [org.gradle.internal.remote.internal.inet.InetAddresses] Adding IP addresses for network interface WAN Miniport (IPv6)-QoS Packet Scheduler-0000
2024-10-09T11:18:45.558+0530 [DEBUG] [org.gradle.internal.remote.internal.inet.InetAddresses] Is this a loopback interface? false
2024-10-09T11:18:45.558+0530 [DEBUG] [org.gradle.internal.remote.internal.inet.InetAddresses] Adding IP addresses for network interface WAN Miniport (Network Monitor)-WFP Native MAC Layer LightWeight Filter-0000
2024-10-09T11:18:45.560+0530 [DEBUG] [org.gradle.internal.remote.internal.inet.InetAddresses] Is this a loopback interface? false
2024-10-09T11:18:45.560+0530 [DEBUG] [org.gradle.internal.remote.internal.inet.InetAddresses] Adding IP addresses for network interface WAN Miniport (Network Monitor)-QoS Packet Scheduler-0000
2024-10-09T11:18:45.561+0530 [DEBUG] [org.gradle.internal.remote.internal.inet.InetAddresses] Is this a loopback interface? false
2024-10-09T11:18:45.566+0530 [DEBUG] [org.gradle.internal.remote.internal.inet.TcpIncomingConnector] Listening on [71d03e30-3071-4a95-bea8-f176f2b352cf port:54159, addresses:[localhost/127.0.0.1]].
2024-10-09T11:18:45.585+0530 [DEBUG] [org.gradle.launcher.daemon.server.Daemon] Daemon starting at: Wed Oct 09 11:18:45 IST 2024, with address: [71d03e30-3071-4a95-bea8-f176f2b352cf port:54159, addresses:[localhost/127.0.0.1]]
2024-10-09T11:18:45.585+0530 [INFO] [org.gradle.launcher.daemon.server.DaemonRegistryUpdater] Advertising the daemon address to the clients: [71d03e30-3071-4a95-bea8-f176f2b352cf port:54159, addresses:[localhost/127.0.0.1]]
2024-10-09T11:18:45.586+0530 [DEBUG] [org.gradle.launcher.daemon.server.DaemonRegistryUpdater] Advertised daemon context: DefaultDaemonContext[uid=98a9e733-2f0d-43ff-ba52-ad8f37b5199c,javaHome=C:\Users\Prerana Shelke\.jdks\corretto-11.0.24,daemonRegistryDir=C:\Users\Prerana Shelke\Downloads\Android-Attendance-App-2023\daemon,pid=16900,idleTimeout=10800000,priority=NORMAL,daemonOpts=--add-opens,java.base/java.util=ALL-UNNAMED,--add-opens,java.base/java.lang=ALL-UNNAMED,--add-opens,java.base/java.lang.invoke=ALL-UNNAMED,--add-opens,java.base/java.util=ALL-UNNAMED,--add-opens,java.prefs/java.util.prefs=ALL-UNNAMED,--add-opens,java.prefs/java.util.prefs=ALL-UNNAMED,--add-opens,java.base/java.nio.charset=ALL-UNNAMED,--add-opens,java.base/java.net=ALL-UNNAMED,--add-opens,java.base/java.util.concurrent.atomic=ALL-UNNAMED,-XX:MaxMetaspaceSize=256m,-XX:+HeapDumpOnOutOfMemoryError,-Xms256m,-Xmx512m,-Dfile.encoding=UTF-8,-Duser.country=IN,-Duser.language=en,-Duser.variant]
2024-10-09T11:18:45.586+0530 [DEBUG] [org.gradle.launcher.daemon.registry.PersistentDaemonRegistry] Storing daemon address: [71d03e30-3071-4a95-bea8-f176f2b352cf port:54159, addresses:[localhost/127.0.0.1]], context: DefaultDaemonContext[uid=98a9e733-2f0d-43ff-ba52-ad8f37b5199c,javaHome=C:\Users\Prerana Shelke\.jdks\corretto-11.0.24,daemonRegistryDir=C:\Users\Prerana Shelke\Downloads\Android-Attendance-App-2023\daemon,pid=16900,idleTimeout=10800000,priority=NORMAL,daemonOpts=--add-opens,java.base/java.util=ALL-UNNAMED,--add-opens,java.base/java.lang=ALL-UNNAMED,--add-opens,java.base/java.lang.invoke=ALL-UNNAMED,--add-opens,java.base/java.util=ALL-UNNAMED,--add-opens,java.prefs/java.util.prefs=ALL-UNNAMED,--add-opens,java.prefs/java.util.prefs=ALL-UNNAMED,--add-opens,java.base/java.nio.charset=ALL-UNNAMED,--add-opens,java.base/java.net=ALL-UNNAMED,--add-opens,java.base/java.util.concurrent.atomic=ALL-UNNAMED,-XX:MaxMetaspaceSize=256m,-XX:+HeapDumpOnOutOfMemoryError,-Xms256m,-Xmx512m,-Dfile.encoding=UTF-8,-Duser.country=IN,-Duser.language=en,-Duser.variant]
2024-10-09T11:18:45.599+0530 [DEBUG] [org.gradle.cache.internal.DefaultFileLockManager] Waiting to acquire exclusive lock on daemon addresses registry.
2024-10-09T11:18:45.602+0530 [DEBUG] [org.gradle.cache.internal.DefaultFileLockManager] Lock acquired on daemon addresses registry.
2024-10-09T11:18:45.609+0530 [DEBUG] [org.gradle.cache.internal.DefaultFileLockManager] Releasing lock on daemon addresses registry.
2024-10-09T11:18:45.609+0530 [LIFECYCLE] [org.gradle.launcher.daemon.server.Daemon] Daemon server started.
2024-10-09T11:18:45.610+0530 [DEBUG] [org.gradle.launcher.daemon.bootstrap.DaemonStartupCommunication] Completed writing the daemon greeting. Closing streams...
2024-10-09T11:18:45.617+0530 [DEBUG] [org.gradle.launcher.daemon.server.Daemon] stopOnExpiration() called on daemon
2024-10-09T11:18:45.619+0530 [DEBUG] [org.gradle.launcher.daemon.server.Daemon] awaitExpiration() called on daemon
2024-10-09T11:18:45.619+0530 [DEBUG] [org.gradle.launcher.daemon.server.DaemonStateCoordinator] daemon is running. Sleeping until state changes.
2024-10-09T11:18:45.623+0530 [DEBUG] [org.gradle.internal.remote.internal.inet.TcpIncomingConnector] Accepted connection from /127.0.0.1:54160 to /127.0.0.1:54159.
2024-10-09T11:18:45.690+0530 [DEBUG] [org.gradle.launcher.daemon.server.SynchronizedDispatchConnection] thread 20: received class org.gradle.launcher.daemon.protocol.Build
2024-10-09T11:18:45.691+0530 [DEBUG] [org.gradle.launcher.daemon.server.DefaultDaemonConnection] thread 20: Received non-IO message from client: Build{id=ef2a4e8f-7310-41a3-8da6-a646cebc6c3e, currentDir=C:\Users\Prerana Shelke\Downloads\Android-Attendance-App-2023}
2024-10-09T11:18:45.691+0530 [INFO] [org.gradle.launcher.daemon.server.DefaultIncomingConnectionHandler] Received command: Build{id=ef2a4e8f-7310-41a3-8da6-a646cebc6c3e, currentDir=C:\Users\Prerana Shelke\Downloads\Android-Attendance-App-2023}.
2024-10-09T11:18:45.692+0530 [DEBUG] [org.gradle.launcher.daemon.server.DefaultIncomingConnectionHandler] Starting executing command: Build{id=ef2a4e8f-7310-41a3-8da6-a646cebc6c3e, currentDir=C:\Users\Prerana Shelke\Downloads\Android-Attendance-App-2023} with connection: socket connection from /127.0.0.1:54159 to /127.0.0.1:54160.
2024-10-09T11:18:45.697+0530 [DEBUG] [org.gradle.launcher.daemon.server.DaemonStateCoordinator] Command execution: started DaemonCommandExecution[command = Build{id=ef2a4e8f-7310-41a3-8da6-a646cebc6c3e, currentDir=C:\Users\Prerana Shelke\Downloads\Android-Attendance-App-2023}, connection = DefaultDaemonConnection: socket connection from /127.0.0.1:54159 to /127.0.0.1:54160] after 0.0 minutes of idle
2024-10-09T11:18:45.697+0530 [INFO] [org.gradle.launcher.daemon.server.DaemonRegistryUpdater] Marking the daemon as busy, address: [71d03e30-3071-4a95-bea8-f176f2b352cf port:54159, addresses:[localhost/127.0.0.1]]
2024-10-09T11:18:45.698+0530 [DEBUG] [org.gradle.launcher.daemon.registry.PersistentDaemonRegistry] Marking busy by address: [71d03e30-3071-4a95-bea8-f176f2b352cf port:54159, addresses:[localhost/127.0.0.1]]
2024-10-09T11:18:45.700+0530 [DEBUG] [org.gradle.cache.internal.DefaultFileLockManager] Waiting to acquire exclusive lock on daemon addresses registry.
2024-10-09T11:18:45.701+0530 [DEBUG] [org.gradle.cache.internal.DefaultFileLockManager] Lock acquired on daemon addresses registry.
2024-10-09T11:18:45.703+0530 [DEBUG] [org.gradle.cache.internal.DefaultFileLockManager] Releasing lock on daemon addresses registry.
2024-10-09T11:18:45.704+0530 [DEBUG] [org.gradle.launcher.daemon.server.DaemonStateCoordinator] resetting idle timer
2024-10-09T11:18:45.704+0530 [DEBUG] [org.gradle.launcher.daemon.server.DaemonStateCoordinator] daemon is running. Sleeping until state changes.
2024-10-09T11:18:45.705+0530 [INFO] [org.gradle.launcher.daemon.server.exec.StartBuildOrRespondWithBusy] Daemon is about to start building Build{id=ef2a4e8f-7310-41a3-8da6-a646cebc6c3e, currentDir=C:\Users\Prerana Shelke\Downloads\Android-Attendance-App-2023}. Dispatching build started information...
2024-10-09T11:18:45.705+0530 [DEBUG] [org.gradle.launcher.daemon.server.SynchronizedDispatchConnection] thread 22: dispatching org.gradle.launcher.daemon.protocol.BuildStarted@78d847a1
2024-10-09T11:18:45.709+0530 [DEBUG] [org.gradle.launcher.daemon.server.exec.EstablishBuildEnvironment] Configuring env variables: [USERDOMAIN_ROAMINGPROFILE, IGCCSVC_DB, LOCALAPPDATA, PROCESSOR_LEVEL, USERDOMAIN, LOGONSERVER, FPS_BROWSER_APP_PROFILE_STRING, SESSIONNAME, ALLUSERSPROFILE, PROCESSOR_ARCHITECTURE, PSModulePath, SystemDrive, OneDrive, APPDATA, USERNAME, ProgramFiles(x86), CommonProgramFiles, Path, FPS_BROWSER_USER_PROFILE_STRING, PyCharm, PATHEXT, DriverData, OS, OneDriveConsumer, COMPUTERNAME, PROCESSOR_REVISION, CommonProgramW6432, ComSpec, ProgramData, ProgramW6432, TEMP, HOMEPATH, SystemRoot, PROCESSOR_IDENTIFIER, HOMEDRIVE, USERPROFILE, TMP, POWERSHELL_DISTRIBUTION_CHANNEL, CommonProgramFiles(x86), ProgramFiles, PUBLIC, windir, NUMBER_OF_PROCESSORS, EFC_13940, =::, ZES_ENABLE_SYSMAN]
2024-10-09T11:18:45.711+0530 [DEBUG] [org.gradle.launcher.daemon.server.SynchronizedDispatchConnection] thread 20: received class org.gradle.launcher.daemon.protocol.CloseInput
2024-10-09T11:18:45.711+0530 [DEBUG] [org.gradle.launcher.daemon.server.DefaultDaemonConnection] thread 20: Received IO message from client: org.gradle.launcher.daemon.protocol.CloseInput@3bb00fa1
2024-10-09T11:18:45.718+0530 [DEBUG] [org.gradle.launcher.daemon.server.exec.LogToClient] About to start relaying all logs to the client via the connection.
2024-10-09T11:18:45.719+0530 [INFO] [org.gradle.launcher.daemon.server.exec.LogToClient] The client will now receive all logging from the daemon (pid: 16900). The daemon log file: C:\Users\Prerana Shelke\Downloads\Android-Attendance-App-2023\daemon\7.2\daemon-16900.out.log
2024-10-09T11:18:45.722+0530 [INFO] [org.gradle.launcher.daemon.server.exec.LogAndCheckHealth] Starting build in new daemon [memory: 512 MiB]
2024-10-09T11:18:45.725+0530 [INFO] [org.gradle.launcher.daemon.server.exec.ForwardClientInput] Closing daemon's stdin at end of input.
2024-10-09T11:18:45.725+0530 [INFO] [org.gradle.launcher.daemon.server.exec.ForwardClientInput] The daemon will no longer process any standard input.
2024-10-09T11:18:45.733+0530 [DEBUG] [org.gradle.launcher.daemon.server.exec.ExecuteBuild] The daemon has started executing the build.
2024-10-09T11:18:45.733+0530 [DEBUG] [org.gradle.launcher.daemon.server.exec.ExecuteBuild] Executing build with daemon context: DefaultDaemonContext[uid=98a9e733-2f0d-43ff-ba52-ad8f37b5199c,javaHome=C:\Users\Prerana Shelke\.jdks\corretto-11.0.24,daemonRegistryDir=C:\Users\Prerana Shelke\Downloads\Android-Attendance-App-2023\daemon,pid=16900,idleTimeout=10800000,priority=NORMAL,daemonOpts=--add-opens,java.base/java.util=ALL-UNNAMED,--add-opens,java.base/java.lang=ALL-UNNAMED,--add-opens,java.base/java.lang.invoke=ALL-UNNAMED,--add-opens,java.base/java.util=ALL-UNNAMED,--add-opens,java.prefs/java.util.prefs=ALL-UNNAMED,--add-opens,java.prefs/java.util.prefs=ALL-UNNAMED,--add-opens,java.base/java.nio.charset=ALL-UNNAMED,--add-opens,java.base/java.net=ALL-UNNAMED,--add-opens,java.base/java.util.concurrent.atomic=ALL-UNNAMED,-XX:MaxMetaspaceSize=256m,-XX:+HeapDumpOnOutOfMemoryError,-Xms256m,-Xmx512m,-Dfile.encoding=UTF-8,-Duser.country=IN,-Duser.language=en,-Duser.variant]
AGPBI: {"kind":"warning","text":"We recommend using a newer Android Gradle plugin to use compileSdk = 33\n\nThis Android Gradle plugin (7.1.1) was tested up to compileSdk = 32\n\nThis warning can be suppressed by adding\n    android.suppressUnsupportedCompileSdk=33\nto this project's gradle.properties\n\nThe build will continue, but you are strongly encouraged to update your project to\nuse a newer Android Gradle Plugin that has been tested with compileSdk = 33","sources":[{}]}

Deprecated Gradle features were used in this build, making it incompatible with Gradle 8.0.

You can use '--warning-mode all' to show the individual deprecation warnings and determine if they come from your own scripts or plugins.

See https://docs.gradle.org/7.2/userguide/command_line_interface.html#sec:command_line_warnings

BUILD SUCCESSFUL in 14s
28 actionable tasks: 28 up-to-date
2024-10-09T11:18:57.138+0530 [DEBUG] [org.gradle.launcher.daemon.server.exec.ExecuteBuild] The daemon has finished executing the build.
2024-10-09T11:18:57.157+0530 [DEBUG] [org.gradle.launcher.daemon.server.DaemonStateCoordinator] daemon is running. Sleeping until state changes.
2024-10-09T11:18:57.157+0530 [DEBUG] [org.gradle.launcher.daemon.server.DaemonStateCoordinator] Command execution: finished waiting for DaemonCommandExecution[command = Build{id=ef2a4e8f-7310-41a3-8da6-a646cebc6c3e, currentDir=C:\Users\Prerana Shelke\Downloads\Android-Attendance-App-2023}, connection = DefaultDaemonConnection: socket connection from /127.0.0.1:54159 to /127.0.0.1:54160]. Result org.gradle.launcher.daemon.server.DaemonStateCoordinator@50283895 with state Busy
2024-10-09T11:18:57.158+0530 [DEBUG] [org.gradle.launcher.daemon.server.DaemonStateCoordinator] Command execution: completed DaemonCommandExecution[command = Build{id=ef2a4e8f-7310-41a3-8da6-a646cebc6c3e, currentDir=C:\Users\Prerana Shelke\Downloads\Android-Attendance-App-2023}, connection = DefaultDaemonConnection: socket connection from /127.0.0.1:54159 to /127.0.0.1:54160]
2024-10-09T11:18:57.158+0530 [DEBUG] [org.gradle.launcher.daemon.server.DaemonStateCoordinator] resetting idle timer
2024-10-09T11:18:57.158+0530 [INFO] [org.gradle.launcher.daemon.server.DaemonRegistryUpdater] Marking the daemon as idle, address: [71d03e30-3071-4a95-bea8-f176f2b352cf port:54159, addresses:[localhost/127.0.0.1]]
2024-10-09T11:18:57.158+0530 [DEBUG] [org.gradle.launcher.daemon.registry.PersistentDaemonRegistry] Marking busy by address: [71d03e30-3071-4a95-bea8-f176f2b352cf port:54159, addresses:[localhost/127.0.0.1]]
2024-10-09T11:18:57.159+0530 [DEBUG] [org.gradle.cache.internal.DefaultFileLockManager] Waiting to acquire exclusive lock on daemon addresses registry.
2024-10-09T11:18:57.160+0530 [DEBUG] [org.gradle.cache.internal.DefaultFileLockManager] Lock acquired on daemon addresses registry.
2024-10-09T11:18:57.161+0530 [DEBUG] [org.gradle.cache.internal.DefaultFileLockManager] Releasing lock on daemon addresses registry.
2024-10-09T11:18:57.162+0530 [DEBUG] [org.gradle.launcher.daemon.server.DaemonStateCoordinator] daemon is running. Sleeping until state changes.
2024-10-09T11:18:57.162+0530 [DEBUG] [org.gradle.launcher.daemon.server.exec.ReturnResult] Daemon is dispatching the build result: Success[value=org.gradle.launcher.exec.BuildActionResult@23d720cf]
2024-10-09T11:18:57.163+0530 [DEBUG] [org.gradle.launcher.daemon.server.SynchronizedDispatchConnection] thread 19: dispatching Success[value=org.gradle.launcher.exec.BuildActionResult@23d720cf]
2024-10-09T11:18:57.163+0530 [DEBUG] [org.gradle.launcher.daemon.server.DefaultIncomingConnectionHandler] Finishing executing command: Build{id=ef2a4e8f-7310-41a3-8da6-a646cebc6c3e, currentDir=C:\Users\Prerana Shelke\Downloads\Android-Attendance-App-2023}
2024-10-09T11:18:57.166+0530 [DEBUG] [org.gradle.launcher.daemon.server.SynchronizedDispatchConnection] thread 20: received class org.gradle.launcher.daemon.protocol.Finished
2024-10-09T11:18:57.166+0530 [DEBUG] [org.gradle.launcher.daemon.server.DefaultDaemonConnection] thread 20: Received non-IO message from client: org.gradle.launcher.daemon.protocol.Finished@57a2d1a
2024-10-09T11:18:57.166+0530 [DEBUG] [org.gradle.launcher.daemon.server.DefaultIncomingConnectionHandler] Received finished message: org.gradle.launcher.daemon.protocol.Finished@57a2d1a
2024-10-09T11:18:57.166+0530 [DEBUG] [org.gradle.launcher.daemon.server.SynchronizedDispatchConnection] thread 19: stopping connection
2024-10-09T11:18:57.169+0530 [DEBUG] [org.gradle.internal.remote.internal.inet.SocketConnection] Discarding EOFException: java.io.EOFException
2024-10-09T11:18:57.169+0530 [DEBUG] [org.gradle.launcher.daemon.server.SynchronizedDispatchConnection] thread 20: received null
2024-10-09T11:18:57.170+0530 [DEBUG] [org.gradle.launcher.daemon.server.DefaultDaemonConnection] thread 20: Received end-of-input from client.
2024-10-09T11:18:57.170+0530 [DEBUG] [org.gradle.launcher.daemon.server.SynchronizedDispatchConnection] thread 19: stopping connection
2024-10-09T11:18:57.389+0530 [DEBUG] [org.gradle.process.internal.health.memory.DefaultMemoryManager] 831603097 memory requested, 210837504 free
2024-10-09T11:18:57.389+0530 [DEBUG] [org.gradle.workers.internal.WorkerDaemonExpiration] Will attempt to release 793 of memory
2024-10-09T11:18:57.392+0530 [DEBUG] [org.gradle.process.internal.health.memory.DefaultMemoryManager] 831603097 memory requested, 0 released, 210837504 free
2024-10-09T11:19:02.379+0530 [DEBUG] [org.gradle.process.internal.health.memory.DefaultMemoryManager] 831603097 memory requested, 254951424 free
2024-10-09T11:19:02.379+0530 [DEBUG] [org.gradle.workers.internal.WorkerDaemonExpiration] Will attempt to release 793 of memory
2024-10-09T11:19:02.379+0530 [DEBUG] [org.gradle.process.internal.health.memory.DefaultMemoryManager] 831603097 memory requested, 0 released, 254951424 free
2024-10-09T11:19:05.637+0530 [DEBUG] [org.gradle.cache.internal.DefaultFileLockManager] Waiting to acquire shared lock on daemon addresses registry.
2024-10-09T11:19:05.637+0530 [DEBUG] [org.gradle.cache.internal.DefaultFileLockManager] Lock acquired on daemon addresses registry.
2024-10-09T11:19:05.639+0530 [DEBUG] [org.gradle.cache.internal.DefaultFileLockManager] Releasing lock on daemon addresses registry.
2024-10-09T11:19:05.641+0530 [DEBUG] [org.gradle.cache.internal.DefaultFileLockManager] Waiting to acquire shared lock on daemon addresses registry.
2024-10-09T11:19:05.641+0530 [DEBUG] [org.gradle.cache.internal.DefaultFileLockManager] Lock acquired on daemon addresses registry.
2024-10-09T11:19:05.641+0530 [DEBUG] [org.gradle.cache.internal.DefaultFileLockManager] Releasing lock on daemon addresses registry.
2024-10-09T11:19:07.391+0530 [DEBUG] [org.gradle.process.internal.health.memory.DefaultMemoryManager] 831603097 memory requested, 221868032 free
2024-10-09T11:19:07.391+0530 [DEBUG] [org.gradle.workers.internal.WorkerDaemonExpiration] Will attempt to release 793 of memory
2024-10-09T11:19:07.392+0530 [DEBUG] [org.gradle.process.internal.health.memory.DefaultMemoryManager] 831603097 memory requested, 0 released, 221868032 free
2024-10-09T11:19:12.377+0530 [DEBUG] [org.gradle.process.internal.health.memory.DefaultMemoryManager] 831603097 memory requested, 129732608 free
2024-10-09T11:19:12.377+0530 [DEBUG] [org.gradle.workers.internal.WorkerDaemonExpiration] Will attempt to release 793 of memory
2024-10-09T11:19:12.378+0530 [DEBUG] [org.gradle.process.internal.health.memory.DefaultMemoryManager] 831603097 memory requested, 0 released, 129732608 free
2024-10-09T11:19:15.639+0530 [DEBUG] [org.gradle.cache.internal.DefaultFileLockManager] Waiting to acquire shared lock on daemon addresses registry.
2024-10-09T11:19:15.639+0530 [DEBUG] [org.gradle.cache.internal.DefaultFileLockManager] Lock acquired on daemon addresses registry.
2024-10-09T11:19:15.640+0530 [DEBUG] [org.gradle.cache.internal.DefaultFileLockManager] Releasing lock on daemon addresses registry.
2024-10-09T11:19:15.641+0530 [DEBUG] [org.gradle.cache.internal.DefaultFileLockManager] Waiting to acquire shared lock on daemon addresses registry.
2024-10-09T11:19:15.642+0530 [DEBUG] [org.gradle.cache.internal.DefaultFileLockManager] Lock acquired on daemon addresses registry.
2024-10-09T11:19:15.642+0530 [DEBUG] [org.gradle.cache.internal.DefaultFileLockManager] Releasing lock on daemon addresses registry.
2024-10-09T11:19:15.643+0530 [DEBUG] [org.gradle.cache.internal.DefaultFileLockManager] Waiting to acquire shared lock on daemon addresses registry.
2024-10-09T11:19:15.644+0530 [DEBUG] [org.gradle.cache.internal.DefaultFileLockManager] Lock acquired on daemon addresses registry.
2024-10-09T11:19:15.644+0530 [DEBUG] [org.gradle.cache.internal.DefaultFileLockManager] Releasing lock on daemon addresses registry.
2024-10-09T11:19:17.382+0530 [DEBUG] [org.gradle.process.internal.health.memory.DefaultMemoryManager] 831603097 memory requested, 316821504 free
2024-10-09T11:19:17.382+0530 [DEBUG] [org.gradle.workers.internal.WorkerDaemonExpiration] Will attempt to release 793 of memory
2024-10-09T11:19:17.383+0530 [DEBUG] [org.gradle.process.internal.health.memory.DefaultMemoryManager] 831603097 memory requested, 0 released, 316821504 free
2024-10-09T11:19:22.384+0530 [DEBUG] [org.gradle.process.internal.health.memory.DefaultMemoryManager] 831603097 memory requested, 350183424 free
2024-10-09T11:19:22.385+0530 [DEBUG] [org.gradle.workers.internal.WorkerDaemonExpiration] Will attempt to release 793 of memory
2024-10-09T11:19:22.385+0530 [DEBUG] [org.gradle.process.internal.health.memory.DefaultMemoryManager] 831603097 memory requested, 0 released, 350183424 free
2024-10-09T11:19:25.635+0530 [DEBUG] [org.gradle.cache.internal.DefaultFileLockManager] Waiting to acquire shared lock on daemon addresses registry.
2024-10-09T11:19:25.635+0530 [DEBUG] [org.gradle.cache.internal.DefaultFileLockManager] Lock acquired on daemon addresses registry.
2024-10-09T11:19:25.636+0530 [DEBUG] [org.gradle.cache.internal.DefaultFileLockManager] Releasing lock on daemon addresses registry.
2024-10-09T11:19:25.637+0530 [DEBUG] [org.gradle.cache.internal.DefaultFileLockManager] Waiting to acquire shared lock on daemon addresses registry.
2024-10-09T11:19:25.637+0530 [DEBUG] [org.gradle.cache.internal.DefaultFileLockManager] Lock acquired on daemon addresses registry.
2024-10-09T11:19:25.637+0530 [DEBUG] [org.gradle.cache.internal.DefaultFileLockManager] Releasing lock on daemon addresses registry.
2024-10-09T11:19:25.638+0530 [DEBUG] [org.gradle.cache.internal.DefaultFileLockManager] Waiting to acquire shared lock on daemon addresses registry.
2024-10-09T11:19:25.638+0530 [DEBUG] [org.gradle.cache.internal.DefaultFileLockManager] Lock acquired on daemon addresses registry.
2024-10-09T11:19:25.638+0530 [DEBUG] [org.gradle.cache.internal.DefaultFileLockManager] Releasing lock on daemon addresses registry.
2024-10-09T11:19:27.387+0530 [DEBUG] [org.gradle.process.internal.health.memory.DefaultMemoryManager] 831603097 memory requested, 345346048 free
2024-10-09T11:19:27.388+0530 [DEBUG] [org.gradle.workers.internal.WorkerDaemonExpiration] Will attempt to release 793 of memory
2024-10-09T11:19:27.388+0530 [DEBUG] [org.gradle.process.internal.health.memory.DefaultMemoryManager] 831603097 memory requested, 0 released, 345346048 free
2024-10-09T11:19:32.380+0530 [DEBUG] [org.gradle.process.internal.health.memory.DefaultMemoryManager] 831603097 memory requested, 348139520 free
2024-10-09T11:19:32.380+0530 [DEBUG] [org.gradle.workers.internal.WorkerDaemonExpiration] Will attempt to release 793 of memory
2024-10-09T11:19:32.381+0530 [DEBUG] [org.gradle.process.internal.health.memory.DefaultMemoryManager] 831603097 memory requested, 0 released, 348139520 free
2024-10-09T11:19:35.638+0530 [DEBUG] [org.gradle.cache.internal.DefaultFileLockManager] Waiting to acquire shared lock on daemon addresses registry.
2024-10-09T11:19:35.638+0530 [DEBUG] [org.gradle.cache.internal.DefaultFileLockManager] Lock acquired on daemon addresses registry.
2024-10-09T11:19:35.638+0530 [DEBUG] [org.gradle.cache.internal.DefaultFileLockManager] Releasing lock on daemon addresses registry.
2024-10-09T11:19:35.639+0530 [DEBUG] [org.gradle.cache.internal.DefaultFileLockManager] Waiting to acquire shared lock on daemon addresses registry.
2024-10-09T11:19:35.639+0530 [DEBUG] [org.gradle.cache.internal.DefaultFileLockManager] Lock acquired on daemon addresses registry.
2024-10-09T11:19:35.640+0530 [DEBUG] [org.gradle.cache.internal.DefaultFileLockManager] Releasing lock on daemon addresses registry.
2024-10-09T11:19:35.640+0530 [DEBUG] [org.gradle.cache.internal.DefaultFileLockManager] Waiting to acquire shared lock on daemon addresses registry.
2024-10-09T11:19:35.641+0530 [DEBUG] [org.gradle.cache.internal.DefaultFileLockManager] Lock acquired on daemon addresses registry.
2024-10-09T11:19:35.641+0530 [DEBUG] [org.gradle.cache.internal.DefaultFileLockManager] Releasing lock on daemon addresses registry.
2024-10-09T11:19:37.381+0530 [DEBUG] [org.gradle.process.internal.health.memory.DefaultMemoryManager] 831603097 memory requested, 396136448 free
2024-10-09T11:19:37.382+0530 [DEBUG] [org.gradle.workers.internal.WorkerDaemonExpiration] Will attempt to release 793 of memory
2024-10-09T11:19:37.382+0530 [DEBUG] [org.gradle.process.internal.health.memory.DefaultMemoryManager] 831603097 memory requested, 0 released, 396136448 free
2024-10-09T11:19:42.391+0530 [DEBUG] [org.gradle.process.internal.health.memory.DefaultMemoryManager] 831603097 memory requested, 758292480 free
2024-10-09T11:19:42.391+0530 [DEBUG] [org.gradle.workers.internal.WorkerDaemonExpiration] Will attempt to release 793 of memory
2024-10-09T11:19:42.391+0530 [DEBUG] [org.gradle.process.internal.health.memory.DefaultMemoryManager] 831603097 memory requested, 0 released, 758292480 free
2024-10-09T11:19:45.643+0530 [DEBUG] [org.gradle.cache.internal.DefaultFileLockManager] Waiting to acquire shared lock on daemon addresses registry.
2024-10-09T11:19:45.643+0530 [DEBUG] [org.gradle.cache.internal.DefaultFileLockManager] Lock acquired on daemon addresses registry.
2024-10-09T11:19:45.643+0530 [DEBUG] [org.gradle.cache.internal.DefaultFileLockManager] Releasing lock on daemon addresses registry.
2024-10-09T11:19:45.644+0530 [DEBUG] [org.gradle.cache.internal.DefaultFileLockManager] Waiting to acquire shared lock on daemon addresses registry.
2024-10-09T11:19:45.644+0530 [DEBUG] [org.gradle.cache.internal.DefaultFileLockManager] Lock acquired on daemon addresses registry.
2024-10-09T11:19:45.645+0530 [DEBUG] [org.gradle.cache.internal.DefaultFileLockManager] Releasing lock on daemon addresses registry.
2024-10-09T11:19:45.645+0530 [DEBUG] [org.gradle.cache.internal.DefaultFileLockManager] Waiting to acquire shared lock on daemon addresses registry.
2024-10-09T11:19:45.646+0530 [DEBUG] [org.gradle.cache.internal.DefaultFileLockManager] Lock acquired on daemon addresses registry.
2024-10-09T11:19:45.646+0530 [DEBUG] [org.gradle.cache.internal.DefaultFileLockManager] Releasing lock on daemon addresses registry.
2024-10-09T11:19:47.392+0530 [DEBUG] [org.gradle.process.internal.health.memory.DefaultMemoryManager] 831603097 memory requested, 817975296 free
2024-10-09T11:19:47.392+0530 [DEBUG] [org.gradle.workers.internal.WorkerDaemonExpiration] Will attempt to release 793 of memory
2024-10-09T11:19:47.393+0530 [DEBUG] [org.gradle.process.internal.health.memory.DefaultMemoryManager] 831603097 memory requested, 0 released, 817975296 free
2024-10-09T11:19:52.380+0530 [DEBUG] [org.gradle.process.internal.health.memory.DefaultMemoryManager] 831603097 memory requested, 814964736 free
2024-10-09T11:19:52.380+0530 [DEBUG] [org.gradle.workers.internal.WorkerDaemonExpiration] Will attempt to release 793 of memory
2024-10-09T11:19:52.380+0530 [DEBUG] [org.gradle.process.internal.health.memory.DefaultMemoryManager] 831603097 memory requested, 0 released, 814964736 free
2024-10-09T11:19:55.635+0530 [DEBUG] [org.gradle.cache.internal.DefaultFileLockManager] Waiting to acquire shared lock on daemon addresses registry.
2024-10-09T11:19:55.635+0530 [DEBUG] [org.gradle.cache.internal.DefaultFileLockManager] Lock acquired on daemon addresses registry.
2024-10-09T11:19:55.635+0530 [DEBUG] [org.gradle.cache.internal.DefaultFileLockManager] Releasing lock on daemon addresses registry.
2024-10-09T11:19:55.636+0530 [DEBUG] [org.gradle.cache.internal.DefaultFileLockManager] Waiting to acquire shared lock on daemon addresses registry.
2024-10-09T11:19:55.636+0530 [DEBUG] [org.gradle.cache.internal.DefaultFileLockManager] Lock acquired on daemon addresses registry.
2024-10-09T11:19:55.636+0530 [DEBUG] [org.gradle.cache.internal.DefaultFileLockManager] Releasing lock on daemon addresses registry.
2024-10-09T11:19:55.637+0530 [DEBUG] [org.gradle.cache.internal.DefaultFileLockManager] Waiting to acquire shared lock on daemon addresses registry.
2024-10-09T11:19:55.637+0530 [DEBUG] [org.gradle.cache.internal.DefaultFileLockManager] Lock acquired on daemon addresses registry.
2024-10-09T11:19:55.638+0530 [DEBUG] [org.gradle.cache.internal.DefaultFileLockManager] Releasing lock on daemon addresses registry.
2024-10-09T11:20:05.632+0530 [DEBUG] [org.gradle.cache.internal.DefaultFileLockManager] Waiting to acquire shared lock on daemon addresses registry.
2024-10-09T11:20:05.632+0530 [DEBUG] [org.gradle.cache.internal.DefaultFileLockManager] Lock acquired on daemon addresses registry.
2024-10-09T11:20:05.633+0530 [DEBUG] [org.gradle.cache.internal.DefaultFileLockManager] Releasing lock on daemon addresses registry.
2024-10-09T11:20:05.635+0530 [DEBUG] [org.gradle.cache.internal.DefaultFileLockManager] Waiting to acquire shared lock on daemon addresses registry.
2024-10-09T11:20:05.635+0530 [DEBUG] [org.gradle.cache.internal.DefaultFileLockManager] Lock acquired on daemon addresses registry.
2024-10-09T11:20:05.636+0530 [DEBUG] [org.gradle.cache.internal.DefaultFileLockManager] Releasing lock on daemon addresses registry.
2024-10-09T11:20:05.636+0530 [DEBUG] [org.gradle.cache.internal.DefaultFileLockManager] Waiting to acquire shared lock on daemon addresses registry.
2024-10-09T11:20:05.636+0530 [DEBUG] [org.gradle.cache.internal.DefaultFileLockManager] Lock acquired on daemon addresses registry.
2024-10-09T11:20:05.636+0530 [DEBUG] [org.gradle.cache.internal.DefaultFileLockManager] Releasing lock on daemon addresses registry.
2024-10-09T11:20:15.640+0530 [DEBUG] [org.gradle.cache.internal.DefaultFileLockManager] Waiting to acquire shared lock on daemon addresses registry.
2024-10-09T11:20:15.640+0530 [DEBUG] [org.gradle.cache.internal.DefaultFileLockManager] Lock acquired on daemon addresses registry.
2024-10-09T11:20:15.641+0530 [DEBUG] [org.gradle.cache.internal.DefaultFileLockManager] Releasing lock on daemon addresses registry.
2024-10-09T11:20:15.643+0530 [DEBUG] [org.gradle.cache.internal.DefaultFileLockManager] Waiting to acquire shared lock on daemon addresses registry.
2024-10-09T11:20:15.644+0530 [DEBUG] [org.gradle.cache.internal.DefaultFileLockManager] Lock acquired on daemon addresses registry.
2024-10-09T11:20:15.644+0530 [DEBUG] [org.gradle.cache.internal.DefaultFileLockManager] Releasing lock on daemon addresses registry.
2024-10-09T11:20:15.645+0530 [DEBUG] [org.gradle.cache.internal.DefaultFileLockManager] Waiting to acquire shared lock on daemon addresses registry.
2024-10-09T11:20:15.645+0530 [DEBUG] [org.gradle.cache.internal.DefaultFileLockManager] Lock acquired on daemon addresses registry.
2024-10-09T11:20:15.646+0530 [DEBUG] [org.gradle.cache.internal.DefaultFileLockManager] Releasing lock on daemon addresses registry.
2024-10-09T11:20:25.644+0530 [DEBUG] [org.gradle.cache.internal.DefaultFileLockManager] Waiting to acquire shared lock on daemon addresses registry.
2024-10-09T11:20:25.645+0530 [DEBUG] [org.gradle.cache.internal.DefaultFileLockManager] Lock acquired on daemon addresses registry.
2024-10-09T11:20:25.645+0530 [DEBUG] [org.gradle.cache.internal.DefaultFileLockManager] Releasing lock on daemon addresses registry.
2024-10-09T11:20:25.646+0530 [DEBUG] [org.gradle.cache.internal.DefaultFileLockManager] Waiting to acquire shared lock on daemon addresses registry.
2024-10-09T11:20:25.646+0530 [DEBUG] [org.gradle.cache.internal.DefaultFileLockManager] Lock acquired on daemon addresses registry.
2024-10-09T11:20:25.646+0530 [DEBUG] [org.gradle.cache.internal.DefaultFileLockManager] Releasing lock on daemon addresses registry.
2024-10-09T11:20:25.647+0530 [DEBUG] [org.gradle.cache.internal.DefaultFileLockManager] Waiting to acquire shared lock on daemon addresses registry.
2024-10-09T11:20:25.647+0530 [DEBUG] [org.gradle.cache.internal.DefaultFileLockManager] Lock acquired on daemon addresses registry.
2024-10-09T11:20:25.647+0530 [DEBUG] [org.gradle.cache.internal.DefaultFileLockManager] Releasing lock on daemon addresses registry.
2024-10-09T11:20:27.390+0530 [DEBUG] [org.gradle.process.internal.health.memory.DefaultMemoryManager] 831603097 memory requested, 818692096 free
2024-10-09T11:20:27.390+0530 [DEBUG] [org.gradle.workers.internal.WorkerDaemonExpiration] Will attempt to release 793 of memory
2024-10-09T11:20:27.391+0530 [DEBUG] [org.gradle.process.internal.health.memory.DefaultMemoryManager] 831603097 memory requested, 0 released, 818692096 free
2024-10-09T11:20:32.383+0530 [DEBUG] [org.gradle.process.internal.health.memory.DefaultMemoryManager] 831603097 memory requested, 817868800 free
2024-10-09T11:20:32.384+0530 [DEBUG] [org.gradle.workers.internal.WorkerDaemonExpiration] Will attempt to release 793 of memory
2024-10-09T11:20:32.384+0530 [DEBUG] [org.gradle.process.internal.health.memory.DefaultMemoryManager] 831603097 memory requested, 0 released, 817868800 free
2024-10-09T11:20:35.643+0530 [DEBUG] [org.gradle.cache.internal.DefaultFileLockManager] Waiting to acquire shared lock on daemon addresses registry.
2024-10-09T11:20:35.643+0530 [DEBUG] [org.gradle.cache.internal.DefaultFileLockManager] Lock acquired on daemon addresses registry.
2024-10-09T11:20:35.644+0530 [DEBUG] [org.gradle.cache.internal.DefaultFileLockManager] Releasing lock on daemon addresses registry.
2024-10-09T11:20:35.645+0530 [DEBUG] [org.gradle.cache.internal.DefaultFileLockManager] Waiting to acquire shared lock on daemon addresses registry.
2024-10-09T11:20:35.645+0530 [DEBUG] [org.gradle.cache.internal.DefaultFileLockManager] Lock acquired on daemon addresses registry.
2024-10-09T11:20:35.646+0530 [DEBUG] [org.gradle.cache.internal.DefaultFileLockManager] Releasing lock on daemon addresses registry.
2024-10-09T11:20:35.646+0530 [DEBUG] [org.gradle.cache.internal.DefaultFileLockManager] Waiting to acquire shared lock on daemon addresses registry.
2024-10-09T11:20:35.647+0530 [DEBUG] [org.gradle.cache.internal.DefaultFileLockManager] Lock acquired on daemon addresses registry.
2024-10-09T11:20:35.647+0530 [DEBUG] [org.gradle.cache.internal.DefaultFileLockManager] Releasing lock on daemon addresses registry.
2024-10-09T11:20:37.387+0530 [DEBUG] [org.gradle.process.internal.health.memory.DefaultMemoryManager] 831603097 memory requested, 813498368 free
2024-10-09T11:20:37.388+0530 [DEBUG] [org.gradle.workers.internal.WorkerDaemonExpiration] Will attempt to release 793 of memory
2024-10-09T11:20:37.388+0530 [DEBUG] [org.gradle.process.internal.health.memory.DefaultMemoryManager] 831603097 memory requested, 0 released, 813498368 free
2024-10-09T11:20:45.633+0530 [DEBUG] [org.gradle.cache.internal.DefaultFileLockManager] Waiting to acquire shared lock on daemon addresses registry.
2024-10-09T11:20:45.634+0530 [DEBUG] [org.gradle.cache.internal.DefaultFileLockManager] Lock acquired on daemon addresses registry.
2024-10-09T11:20:45.634+0530 [DEBUG] [org.gradle.cache.internal.DefaultFileLockManager] Releasing lock on daemon addresses registry.
2024-10-09T11:20:45.636+0530 [DEBUG] [org.gradle.cache.internal.DefaultFileLockManager] Waiting to acquire shared lock on daemon addresses registry.
2024-10-09T11:20:45.636+0530 [DEBUG] [org.gradle.cache.internal.DefaultFileLockManager] Lock acquired on daemon addresses registry.
2024-10-09T11:20:45.637+0530 [DEBUG] [org.gradle.cache.internal.DefaultFileLockManager] Releasing lock on daemon addresses registry.
2024-10-09T11:20:45.638+0530 [DEBUG] [org.gradle.cache.internal.DefaultFileLockManager] Waiting to acquire shared lock on daemon addresses registry.
2024-10-09T11:20:45.638+0530 [DEBUG] [org.gradle.cache.internal.DefaultFileLockManager] Lock acquired on daemon addresses registry.
2024-10-09T11:20:45.638+0530 [DEBUG] [org.gradle.cache.internal.DefaultFileLockManager] Releasing lock on daemon addresses registry.
2024-10-09T11:20:47.387+0530 [DEBUG] [org.gradle.process.internal.health.memory.DefaultMemoryManager] 831603097 memory requested, 811479040 free
2024-10-09T11:20:47.387+0530 [DEBUG] [org.gradle.workers.internal.WorkerDaemonExpiration] Will attempt to release 793 of memory
2024-10-09T11:20:47.387+0530 [DEBUG] [org.gradle.process.internal.health.memory.DefaultMemoryManager] 831603097 memory requested, 0 released, 811479040 free
2024-10-09T11:20:52.385+0530 [DEBUG] [org.gradle.process.internal.health.memory.DefaultMemoryManager] 831603097 memory requested, 829517824 free
2024-10-09T11:20:52.385+0530 [DEBUG] [org.gradle.workers.internal.WorkerDaemonExpiration] Will attempt to release 793 of memory
2024-10-09T11:20:52.385+0530 [DEBUG] [org.gradle.process.internal.health.memory.DefaultMemoryManager] 831603097 memory requested, 0 released, 829517824 free
2024-10-09T11:20:55.637+0530 [DEBUG] [org.gradle.cache.internal.DefaultFileLockManager] Waiting to acquire shared lock on daemon addresses registry.
2024-10-09T11:20:55.637+0530 [DEBUG] [org.gradle.cache.internal.DefaultFileLockManager] Lock acquired on daemon addresses registry.
2024-10-09T11:20:55.638+0530 [DEBUG] [org.gradle.cache.internal.DefaultFileLockManager] Releasing lock on daemon addresses registry.
2024-10-09T11:20:55.639+0530 [DEBUG] [org.gradle.cache.internal.DefaultFileLockManager] Waiting to acquire shared lock on daemon addresses registry.
2024-10-09T11:20:55.639+0530 [DEBUG] [org.gradle.cache.internal.DefaultFileLockManager] Lock acquired on daemon addresses registry.
2024-10-09T11:20:55.640+0530 [DEBUG] [org.gradle.cache.internal.DefaultFileLockManager] Releasing lock on daemon addresses registry.
2024-10-09T11:20:55.640+0530 [DEBUG] [org.gradle.cache.internal.DefaultFileLockManager] Waiting to acquire shared lock on daemon addresses registry.
2024-10-09T11:20:55.641+0530 [DEBUG] [org.gradle.cache.internal.DefaultFileLockManager] Lock acquired on daemon addresses registry.
2024-10-09T11:20:55.641+0530 [DEBUG] [org.gradle.cache.internal.DefaultFileLockManager] Releasing lock on daemon addresses registry.
2024-10-09T11:20:57.387+0530 [DEBUG] [org.gradle.process.internal.health.memory.DefaultMemoryManager] 831603097 memory requested, 824422400 free
2024-10-09T11:20:57.387+0530 [DEBUG] [org.gradle.workers.internal.WorkerDaemonExpiration] Will attempt to release 793 of memory
2024-10-09T11:20:57.387+0530 [DEBUG] [org.gradle.process.internal.health.memory.DefaultMemoryManager] 831603097 memory requested, 0 released, 824422400 free
2024-10-09T11:21:02.387+0530 [DEBUG] [org.gradle.process.internal.health.memory.DefaultMemoryManager] 831603097 memory requested, 830914560 free
2024-10-09T11:21:02.387+0530 [DEBUG] [org.gradle.workers.internal.WorkerDaemonExpiration] Will attempt to release 793 of memory
2024-10-09T11:21:02.387+0530 [DEBUG] [org.gradle.process.internal.health.memory.DefaultMemoryManager] 831603097 memory requested, 0 released, 830914560 free
2024-10-09T11:21:05.636+0530 [DEBUG] [org.gradle.cache.internal.DefaultFileLockManager] Waiting to acquire shared lock on daemon addresses registry.
2024-10-09T11:21:05.636+0530 [DEBUG] [org.gradle.cache.internal.DefaultFileLockManager] Lock acquired on daemon addresses registry.
2024-10-09T11:21:05.636+0530 [DEBUG] [org.gradle.cache.internal.DefaultFileLockManager] Releasing lock on daemon addresses registry.
2024-10-09T11:21:05.637+0530 [DEBUG] [org.gradle.cache.internal.DefaultFileLockManager] Waiting to acquire shared lock on daemon addresses registry.
2024-10-09T11:21:05.637+0530 [DEBUG] [org.gradle.cache.internal.DefaultFileLockManager] Lock acquired on daemon addresses registry.
2024-10-09T11:21:05.638+0530 [DEBUG] [org.gradle.cache.internal.DefaultFileLockManager] Releasing lock on daemon addresses registry.
2024-10-09T11:21:05.638+0530 [DEBUG] [org.gradle.cache.internal.DefaultFileLockManager] Waiting to acquire shared lock on daemon addresses registry.
2024-10-09T11:21:05.638+0530 [DEBUG] [org.gradle.cache.internal.DefaultFileLockManager] Lock acquired on daemon addresses registry.
2024-10-09T11:21:05.639+0530 [DEBUG] [org.gradle.cache.internal.DefaultFileLockManager] Releasing lock on daemon addresses registry.
2024-10-09T11:21:07.391+0530 [DEBUG] [org.gradle.process.internal.health.memory.DefaultMemoryManager] 831603097 memory requested, 828444672 free
2024-10-09T11:21:07.391+0530 [DEBUG] [org.gradle.workers.internal.WorkerDaemonExpiration] Will attempt to release 793 of memory
2024-10-09T11:21:07.391+0530 [DEBUG] [org.gradle.process.internal.health.memory.DefaultMemoryManager] 831603097 memory requested, 0 released, 828444672 free
2024-10-09T11:21:12.379+0530 [DEBUG] [org.gradle.process.internal.health.memory.DefaultMemoryManager] 831603097 memory requested, 731406336 free
2024-10-09T11:21:12.379+0530 [DEBUG] [org.gradle.workers.internal.WorkerDaemonExpiration] Will attempt to release 793 of memory
2024-10-09T11:21:12.379+0530 [DEBUG] [org.gradle.process.internal.health.memory.DefaultMemoryManager] 831603097 memory requested, 0 released, 731406336 free
2024-10-09T11:21:15.634+0530 [DEBUG] [org.gradle.cache.internal.DefaultFileLockManager] Waiting to acquire shared lock on daemon addresses registry.
2024-10-09T11:21:15.634+0530 [DEBUG] [org.gradle.cache.internal.DefaultFileLockManager] Lock acquired on daemon addresses registry.
2024-10-09T11:21:15.634+0530 [DEBUG] [org.gradle.cache.internal.DefaultFileLockManager] Releasing lock on daemon addresses registry.
2024-10-09T11:21:15.635+0530 [DEBUG] [org.gradle.cache.internal.DefaultFileLockManager] Waiting to acquire shared lock on daemon addresses registry.
2024-10-09T11:21:15.635+0530 [DEBUG] [org.gradle.cache.internal.DefaultFileLockManager] Lock acquired on daemon addresses registry.
2024-10-09T11:21:15.635+0530 [DEBUG] [org.gradle.cache.internal.DefaultFileLockManager] Releasing lock on daemon addresses registry.
2024-10-09T11:21:15.636+0530 [DEBUG] [org.gradle.cache.internal.DefaultFileLockManager] Waiting to acquire shared lock on daemon addresses registry.
2024-10-09T11:21:15.636+0530 [DEBUG] [org.gradle.cache.internal.DefaultFileLockManager] Lock acquired on daemon addresses registry.
2024-10-09T11:21:15.637+0530 [DEBUG] [org.gradle.cache.internal.DefaultFileLockManager] Releasing lock on daemon addresses registry.
2024-10-09T11:21:17.391+0530 [DEBUG] [org.gradle.process.internal.health.memory.DefaultMemoryManager] 831603097 memory requested, 731992064 free
2024-10-09T11:21:17.392+0530 [DEBUG] [org.gradle.workers.internal.WorkerDaemonExpiration] Will attempt to release 793 of memory
2024-10-09T11:21:17.392+0530 [DEBUG] [org.gradle.process.internal.health.memory.DefaultMemoryManager] 831603097 memory requested, 0 released, 731992064 free
2024-10-09T11:21:22.389+0530 [DEBUG] [org.gradle.process.internal.health.memory.DefaultMemoryManager] 831603097 memory requested, 729370624 free
2024-10-09T11:21:22.389+0530 [DEBUG] [org.gradle.workers.internal.WorkerDaemonExpiration] Will attempt to release 793 of memory
2024-10-09T11:21:22.389+0530 [DEBUG] [org.gradle.process.internal.health.memory.DefaultMemoryManager] 831603097 memory requested, 0 released, 729370624 free
2024-10-09T11:21:25.640+0530 [DEBUG] [org.gradle.cache.internal.DefaultFileLockManager] Waiting to acquire shared lock on daemon addresses registry.
2024-10-09T11:21:25.640+0530 [DEBUG] [org.gradle.cache.internal.DefaultFileLockManager] Lock acquired on daemon addresses registry.
2024-10-09T11:21:25.640+0530 [DEBUG] [org.gradle.cache.internal.DefaultFileLockManager] Releasing lock on daemon addresses registry.
2024-10-09T11:21:25.641+0530 [DEBUG] [org.gradle.cache.internal.DefaultFileLockManager] Waiting to acquire shared lock on daemon addresses registry.
2024-10-09T11:21:25.641+0530 [DEBUG] [org.gradle.cache.internal.DefaultFileLockManager] Lock acquired on daemon addresses registry.
2024-10-09T11:21:25.641+0530 [DEBUG] [org.gradle.cache.internal.DefaultFileLockManager] Releasing lock on daemon addresses registry.
2024-10-09T11:21:25.641+0530 [DEBUG] [org.gradle.cache.internal.DefaultFileLockManager] Waiting to acquire shared lock on daemon addresses registry.
2024-10-09T11:21:25.642+0530 [DEBUG] [org.gradle.cache.internal.DefaultFileLockManager] Lock acquired on daemon addresses registry.
2024-10-09T11:21:25.642+0530 [DEBUG] [org.gradle.cache.internal.DefaultFileLockManager] Releasing lock on daemon addresses registry.
2024-10-09T11:21:27.383+0530 [DEBUG] [org.gradle.process.internal.health.memory.DefaultMemoryManager] 831603097 memory requested, 718929920 free
2024-10-09T11:21:27.384+0530 [DEBUG] [org.gradle.workers.internal.WorkerDaemonExpiration] Will attempt to release 793 of memory
2024-10-09T11:21:27.384+0530 [DEBUG] [org.gradle.process.internal.health.memory.DefaultMemoryManager] 831603097 memory requested, 0 released, 718929920 free
2024-10-09T11:21:32.391+0530 [DEBUG] [org.gradle.process.internal.health.memory.DefaultMemoryManager] 831603097 memory requested, 723484672 free
2024-10-09T11:21:32.391+0530 [DEBUG] [org.gradle.workers.internal.WorkerDaemonExpiration] Will attempt to release 793 of memory
2024-10-09T11:21:32.391+0530 [DEBUG] [org.gradle.process.internal.health.memory.DefaultMemoryManager] 831603097 memory requested, 0 released, 723484672 free
2024-10-09T11:21:35.639+0530 [DEBUG] [org.gradle.cache.internal.DefaultFileLockManager] Waiting to acquire shared lock on daemon addresses registry.
2024-10-09T11:21:35.639+0530 [DEBUG] [org.gradle.cache.internal.DefaultFileLockManager] Lock acquired on daemon addresses registry.
2024-10-09T11:21:35.640+0530 [DEBUG] [org.gradle.cache.internal.DefaultFileLockManager] Releasing lock on daemon addresses registry.
2024-10-09T11:21:35.641+0530 [DEBUG] [org.gradle.cache.internal.DefaultFileLockManager] Waiting to acquire shared lock on daemon addresses registry.
2024-10-09T11:21:35.641+0530 [DEBUG] [org.gradle.cache.internal.DefaultFileLockManager] Lock acquired on daemon addresses registry.
2024-10-09T11:21:35.642+0530 [DEBUG] [org.gradle.cache.internal.DefaultFileLockManager] Releasing lock on daemon addresses registry.
2024-10-09T11:21:35.643+0530 [DEBUG] [org.gradle.cache.internal.DefaultFileLockManager] Waiting to acquire shared lock on daemon addresses registry.
2024-10-09T11:21:35.643+0530 [DEBUG] [org.gradle.cache.internal.DefaultFileLockManager] Lock acquired on daemon addresses registry.
2024-10-09T11:21:35.643+0530 [DEBUG] [org.gradle.cache.internal.DefaultFileLockManager] Releasing lock on daemon addresses registry.
2024-10-09T11:21:37.381+0530 [DEBUG] [org.gradle.process.internal.health.memory.DefaultMemoryManager] 831603097 memory requested, 723812352 free
2024-10-09T11:21:37.381+0530 [DEBUG] [org.gradle.workers.internal.WorkerDaemonExpiration] Will attempt to release 793 of memory
2024-10-09T11:21:37.381+0530 [DEBUG] [org.gradle.process.internal.health.memory.DefaultMemoryManager] 831603097 memory requested, 0 released, 723812352 free
2024-10-09T11:21:42.378+0530 [DEBUG] [org.gradle.process.internal.health.memory.DefaultMemoryManager] 831603097 memory requested, 727552000 free
2024-10-09T11:21:42.378+0530 [DEBUG] [org.gradle.workers.internal.WorkerDaemonExpiration] Will attempt to release 793 of memory
2024-10-09T11:21:42.378+0530 [DEBUG] [org.gradle.process.internal.health.memory.DefaultMemoryManager] 831603097 memory requested, 0 released, 727552000 free
2024-10-09T11:21:45.632+0530 [DEBUG] [org.gradle.cache.internal.DefaultFileLockManager] Waiting to acquire shared lock on daemon addresses registry.
2024-10-09T11:21:45.632+0530 [DEBUG] [org.gradle.cache.internal.DefaultFileLockManager] Lock acquired on daemon addresses registry.
2024-10-09T11:21:45.633+0530 [DEBUG] [org.gradle.cache.internal.DefaultFileLockManager] Releasing lock on daemon addresses registry.
2024-10-09T11:21:45.634+0530 [DEBUG] [org.gradle.cache.internal.DefaultFileLockManager] Waiting to acquire shared lock on daemon addresses registry.
2024-10-09T11:21:45.635+0530 [DEBUG] [org.gradle.cache.internal.DefaultFileLockManager] Lock acquired on daemon addresses registry.
2024-10-09T11:21:45.635+0530 [DEBUG] [org.gradle.cache.internal.DefaultFileLockManager] Releasing lock on daemon addresses registry.
2024-10-09T11:21:45.636+0530 [DEBUG] [org.gradle.cache.internal.DefaultFileLockManager] Waiting to acquire shared lock on daemon addresses registry.
2024-10-09T11:21:45.636+0530 [DEBUG] [org.gradle.cache.internal.DefaultFileLockManager] Lock acquired on daemon addresses registry.
2024-10-09T11:21:45.637+0530 [DEBUG] [org.gradle.cache.internal.DefaultFileLockManager] Releasing lock on daemon addresses registry.
2024-10-09T11:21:47.388+0530 [DEBUG] [org.gradle.process.internal.health.memory.DefaultMemoryManager] 831603097 memory requested, 742866944 free
2024-10-09T11:21:47.388+0530 [DEBUG] [org.gradle.workers.internal.WorkerDaemonExpiration] Will attempt to release 793 of memory
2024-10-09T11:21:47.389+0530 [DEBUG] [org.gradle.process.internal.health.memory.DefaultMemoryManager] 831603097 memory requested, 0 released, 742866944 free
2024-10-09T11:21:52.382+0530 [DEBUG] [org.gradle.process.internal.health.memory.DefaultMemoryManager] 831603097 memory requested, 735506432 free
2024-10-09T11:21:52.383+0530 [DEBUG] [org.gradle.workers.internal.WorkerDaemonExpiration] Will attempt to release 793 of memory
2024-10-09T11:21:52.383+0530 [DEBUG] [org.gradle.process.internal.health.memory.DefaultMemoryManager] 831603097 memory requested, 0 released, 735506432 free
2024-10-09T11:21:55.630+0530 [DEBUG] [org.gradle.cache.internal.DefaultFileLockManager] Waiting to acquire shared lock on daemon addresses registry.
2024-10-09T11:21:55.630+0530 [DEBUG] [org.gradle.cache.internal.DefaultFileLockManager] Lock acquired on daemon addresses registry.
2024-10-09T11:21:55.631+0530 [DEBUG] [org.gradle.cache.internal.DefaultFileLockManager] Releasing lock on daemon addresses registry.
2024-10-09T11:21:55.633+0530 [DEBUG] [org.gradle.cache.internal.DefaultFileLockManager] Waiting to acquire shared lock on daemon addresses registry.
2024-10-09T11:21:55.633+0530 [DEBUG] [org.gradle.cache.internal.DefaultFileLockManager] Lock acquired on daemon addresses registry.
2024-10-09T11:21:55.634+0530 [DEBUG] [org.gradle.cache.internal.DefaultFileLockManager] Releasing lock on daemon addresses registry.
2024-10-09T11:21:55.635+0530 [DEBUG] [org.gradle.cache.internal.DefaultFileLockManager] Waiting to acquire shared lock on daemon addresses registry.
2024-10-09T11:21:55.635+0530 [DEBUG] [org.gradle.cache.internal.DefaultFileLockManager] Lock acquired on daemon addresses registry.
2024-10-09T11:21:55.636+0530 [DEBUG] [org.gradle.cache.internal.DefaultFileLockManager] Releasing lock on daemon addresses registry.
2024-10-09T11:21:57.387+0530 [DEBUG] [org.gradle.process.internal.health.memory.DefaultMemoryManager] 831603097 memory requested, 740429824 free
2024-10-09T11:21:57.387+0530 [DEBUG] [org.gradle.workers.internal.WorkerDaemonExpiration] Will attempt to release 793 of memory
2024-10-09T11:21:57.388+0530 [DEBUG] [org.gradle.process.internal.health.memory.DefaultMemoryManager] 831603097 memory requested, 0 released, 740429824 free
2024-10-09T11:22:02.390+0530 [DEBUG] [org.gradle.process.internal.health.memory.DefaultMemoryManager] 831603097 memory requested, 701779968 free
2024-10-09T11:22:02.390+0530 [DEBUG] [org.gradle.workers.internal.WorkerDaemonExpiration] Will attempt to release 793 of memory
2024-10-09T11:22:02.390+0530 [DEBUG] [org.gradle.process.internal.health.memory.DefaultMemoryManager] 831603097 memory requested, 0 released, 701779968 free
2024-10-09T11:22:05.645+0530 [DEBUG] [org.gradle.cache.internal.DefaultFileLockManager] Waiting to acquire shared lock on daemon addresses registry.
2024-10-09T11:22:05.645+0530 [DEBUG] [org.gradle.cache.internal.DefaultFileLockManager] Lock acquired on daemon addresses registry.
2024-10-09T11:22:05.646+0530 [DEBUG] [org.gradle.cache.internal.DefaultFileLockManager] Releasing lock on daemon addresses registry.
2024-10-09T11:22:05.647+0530 [DEBUG] [org.gradle.cache.internal.DefaultFileLockManager] Waiting to acquire shared lock on daemon addresses registry.
2024-10-09T11:22:05.648+0530 [DEBUG] [org.gradle.cache.internal.DefaultFileLockManager] Lock acquired on daemon addresses registry.
2024-10-09T11:22:05.649+0530 [DEBUG] [org.gradle.cache.internal.DefaultFileLockManager] Releasing lock on daemon addresses registry.
2024-10-09T11:22:05.650+0530 [DEBUG] [org.gradle.cache.internal.DefaultFileLockManager] Waiting to acquire shared lock on daemon addresses registry.
2024-10-09T11:22:05.650+0530 [DEBUG] [org.gradle.cache.internal.DefaultFileLockManager] Lock acquired on daemon addresses registry.
2024-10-09T11:22:05.650+0530 [DEBUG] [org.gradle.cache.internal.DefaultFileLockManager] Releasing lock on daemon addresses registry.
2024-10-09T11:22:07.387+0530 [DEBUG] [org.gradle.process.internal.health.memory.DefaultMemoryManager] 831603097 memory requested, 715218944 free
2024-10-09T11:22:07.387+0530 [DEBUG] [org.gradle.workers.internal.WorkerDaemonExpiration] Will attempt to release 793 of memory
2024-10-09T11:22:07.387+0530 [DEBUG] [org.gradle.process.internal.health.memory.DefaultMemoryManager] 831603097 memory requested, 0 released, 715218944 free
2024-10-09T11:22:12.388+0530 [DEBUG] [org.gradle.process.internal.health.memory.DefaultMemoryManager] 831603097 memory requested, 710950912 free
2024-10-09T11:22:12.388+0530 [DEBUG] [org.gradle.workers.internal.WorkerDaemonExpiration] Will attempt to release 793 of memory
2024-10-09T11:22:12.388+0530 [DEBUG] [org.gradle.process.internal.health.memory.DefaultMemoryManager] 831603097 memory requested, 0 released, 710950912 free
2024-10-09T11:22:15.632+0530 [DEBUG] [org.gradle.cache.internal.DefaultFileLockManager] Waiting to acquire shared lock on daemon addresses registry.
2024-10-09T11:22:15.633+0530 [DEBUG] [org.gradle.cache.internal.DefaultFileLockManager] Lock acquired on daemon addresses registry.
2024-10-09T11:22:15.634+0530 [DEBUG] [org.gradle.cache.internal.DefaultFileLockManager] Releasing lock on daemon addresses registry.
2024-10-09T11:22:15.635+0530 [DEBUG] [org.gradle.cache.internal.DefaultFileLockManager] Waiting to acquire shared lock on daemon addresses registry.
2024-10-09T11:22:15.636+0530 [DEBUG] [org.gradle.cache.internal.DefaultFileLockManager] Lock acquired on daemon addresses registry.
2024-10-09T11:22:15.636+0530 [DEBUG] [org.gradle.cache.internal.DefaultFileLockManager] Releasing lock on daemon addresses registry.
2024-10-09T11:22:15.637+0530 [DEBUG] [org.gradle.cache.internal.DefaultFileLockManager] Waiting to acquire shared lock on daemon addresses registry.
2024-10-09T11:22:15.638+0530 [DEBUG] [org.gradle.cache.internal.DefaultFileLockManager] Lock acquired on daemon addresses registry.
2024-10-09T11:22:15.638+0530 [DEBUG] [org.gradle.cache.internal.DefaultFileLockManager] Releasing lock on daemon addresses registry.
2024-10-09T11:22:17.390+0530 [DEBUG] [org.gradle.process.internal.health.memory.DefaultMemoryManager] 831603097 memory requested, 712933376 free
2024-10-09T11:22:17.391+0530 [DEBUG] [org.gradle.workers.internal.WorkerDaemonExpiration] Will attempt to release 793 of memory
2024-10-09T11:22:17.391+0530 [DEBUG] [org.gradle.process.internal.health.memory.DefaultMemoryManager] 831603097 memory requested, 0 released, 712933376 free
2024-10-09T11:22:22.394+0530 [DEBUG] [org.gradle.process.internal.health.memory.DefaultMemoryManager] 831603097 memory requested, 751394816 free
2024-10-09T11:22:22.394+0530 [DEBUG] [org.gradle.workers.internal.WorkerDaemonExpiration] Will attempt to release 793 of memory
2024-10-09T11:22:22.394+0530 [DEBUG] [org.gradle.process.internal.health.memory.DefaultMemoryManager] 831603097 memory requested, 0 released, 751394816 free
2024-10-09T11:22:25.630+0530 [DEBUG] [org.gradle.cache.internal.DefaultFileLockManager] Waiting to acquire shared lock on daemon addresses registry.
2024-10-09T11:22:25.630+0530 [DEBUG] [org.gradle.cache.internal.DefaultFileLockManager] Lock acquired on daemon addresses registry.
2024-10-09T11:22:25.631+0530 [DEBUG] [org.gradle.cache.internal.DefaultFileLockManager] Releasing lock on daemon addresses registry.
2024-10-09T11:22:25.633+0530 [DEBUG] [org.gradle.cache.internal.DefaultFileLockManager] Waiting to acquire shared lock on daemon addresses registry.
2024-10-09T11:22:25.633+0530 [DEBUG] [org.gradle.cache.internal.DefaultFileLockManager] Lock acquired on daemon addresses registry.
2024-10-09T11:22:25.634+0530 [DEBUG] [org.gradle.cache.internal.DefaultFileLockManager] Releasing lock on daemon addresses registry.
2024-10-09T11:22:25.635+0530 [DEBUG] [org.gradle.cache.internal.DefaultFileLockManager] Waiting to acquire shared lock on daemon addresses registry.
2024-10-09T11:22:25.635+0530 [DEBUG] [org.gradle.cache.internal.DefaultFileLockManager] Lock acquired on daemon addresses registry.
2024-10-09T11:22:25.635+0530 [DEBUG] [org.gradle.cache.internal.DefaultFileLockManager] Releasing lock on daemon addresses registry.
2024-10-09T11:22:27.388+0530 [DEBUG] [org.gradle.process.internal.health.memory.DefaultMemoryManager] 831603097 memory requested, 744976384 free
2024-10-09T11:22:27.388+0530 [DEBUG] [org.gradle.workers.internal.WorkerDaemonExpiration] Will attempt to release 793 of memory
2024-10-09T11:22:27.388+0530 [DEBUG] [org.gradle.process.internal.health.memory.DefaultMemoryManager] 831603097 memory requested, 0 released, 744976384 free
2024-10-09T11:22:32.393+0530 [DEBUG] [org.gradle.process.internal.health.memory.DefaultMemoryManager] 831603097 memory requested, 750469120 free
2024-10-09T11:22:32.393+0530 [DEBUG] [org.gradle.workers.internal.WorkerDaemonExpiration] Will attempt to release 793 of memory
2024-10-09T11:22:32.393+0530 [DEBUG] [org.gradle.process.internal.health.memory.DefaultMemoryManager] 831603097 memory requested, 0 released, 750469120 free
2024-10-09T11:22:35.638+0530 [DEBUG] [org.gradle.cache.internal.DefaultFileLockManager] Waiting to acquire shared lock on daemon addresses registry.
2024-10-09T11:22:35.638+0530 [DEBUG] [org.gradle.cache.internal.DefaultFileLockManager] Lock acquired on daemon addresses registry.
2024-10-09T11:22:35.638+0530 [DEBUG] [org.gradle.cache.internal.DefaultFileLockManager] Releasing lock on daemon addresses registry.
2024-10-09T11:22:35.639+0530 [DEBUG] [org.gradle.cache.internal.DefaultFileLockManager] Waiting to acquire shared lock on daemon addresses registry.
2024-10-09T11:22:35.639+0530 [DEBUG] [org.gradle.cache.internal.DefaultFileLockManager] Lock acquired on daemon addresses registry.
2024-10-09T11:22:35.640+0530 [DEBUG] [org.gradle.cache.internal.DefaultFileLockManager] Releasing lock on daemon addresses registry.
2024-10-09T11:22:35.640+0530 [DEBUG] [org.gradle.cache.internal.DefaultFileLockManager] Waiting to acquire shared lock on daemon addresses registry.
2024-10-09T11:22:35.640+0530 [DEBUG] [org.gradle.cache.internal.DefaultFileLockManager] Lock acquired on daemon addresses registry.
2024-10-09T11:22:35.641+0530 [DEBUG] [org.gradle.cache.internal.DefaultFileLockManager] Releasing lock on daemon addresses registry.
2024-10-09T11:22:37.378+0530 [DEBUG] [org.gradle.process.internal.health.memory.DefaultMemoryManager] 831603097 memory requested, 747057152 free
2024-10-09T11:22:37.378+0530 [DEBUG] [org.gradle.workers.internal.WorkerDaemonExpiration] Will attempt to release 793 of memory
2024-10-09T11:22:37.379+0530 [DEBUG] [org.gradle.process.internal.health.memory.DefaultMemoryManager] 831603097 memory requested, 0 released, 747057152 free
2024-10-09T11:22:42.378+0530 [DEBUG] [org.gradle.process.internal.health.memory.DefaultMemoryManager] 831603097 memory requested, 750469120 free
2024-10-09T11:22:42.378+0530 [DEBUG] [org.gradle.workers.internal.WorkerDaemonExpiration] Will attempt to release 793 of memory
2024-10-09T11:22:42.378+0530 [DEBUG] [org.gradle.process.internal.health.memory.DefaultMemoryManager] 831603097 memory requested, 0 released, 750469120 free
2024-10-09T11:22:45.632+0530 [DEBUG] [org.gradle.cache.internal.DefaultFileLockManager] Waiting to acquire shared lock on daemon addresses registry.
2024-10-09T11:22:45.632+0530 [DEBUG] [org.gradle.cache.internal.DefaultFileLockManager] Lock acquired on daemon addresses registry.
2024-10-09T11:22:45.633+0530 [DEBUG] [org.gradle.cache.internal.DefaultFileLockManager] Releasing lock on daemon addresses registry.
2024-10-09T11:22:45.634+0530 [DEBUG] [org.gradle.cache.internal.DefaultFileLockManager] Waiting to acquire shared lock on daemon addresses registry.
2024-10-09T11:22:45.635+0530 [DEBUG] [org.gradle.cache.internal.DefaultFileLockManager] Lock acquired on daemon addresses registry.
2024-10-09T11:22:45.635+0530 [DEBUG] [org.gradle.cache.internal.DefaultFileLockManager] Releasing lock on daemon addresses registry.
2024-10-09T11:22:45.636+0530 [DEBUG] [org.gradle.cache.internal.DefaultFileLockManager] Waiting to acquire shared lock on daemon addresses registry.
2024-10-09T11:22:45.636+0530 [DEBUG] [org.gradle.cache.internal.DefaultFileLockManager] Lock acquired on daemon addresses registry.
2024-10-09T11:22:45.636+0530 [DEBUG] [org.gradle.cache.internal.DefaultFileLockManager] Releasing lock on daemon addresses registry.
2024-10-09T11:22:47.387+0530 [DEBUG] [org.gradle.process.internal.health.memory.DefaultMemoryManager] 831603097 memory requested, 744148992 free
2024-10-09T11:22:47.388+0530 [DEBUG] [org.gradle.workers.internal.WorkerDaemonExpiration] Will attempt to release 793 of memory
2024-10-09T11:22:47.388+0530 [DEBUG] [org.gradle.process.internal.health.memory.DefaultMemoryManager] 831603097 memory requested, 0 released, 744148992 free
2024-10-09T11:22:52.383+0530 [DEBUG] [org.gradle.process.internal.health.memory.DefaultMemoryManager] 831603097 memory requested, 746237952 free
2024-10-09T11:22:52.384+0530 [DEBUG] [org.gradle.workers.internal.WorkerDaemonExpiration] Will attempt to release 793 of memory
2024-10-09T11:22:52.384+0530 [DEBUG] [org.gradle.process.internal.health.memory.DefaultMemoryManager] 831603097 memory requested, 0 released, 746237952 free
2024-10-09T11:22:55.633+0530 [DEBUG] [org.gradle.cache.internal.DefaultFileLockManager] Waiting to acquire shared lock on daemon addresses registry.
2024-10-09T11:22:55.633+0530 [DEBUG] [org.gradle.cache.internal.DefaultFileLockManager] Lock acquired on daemon addresses registry.
2024-10-09T11:22:55.634+0530 [DEBUG] [org.gradle.cache.internal.DefaultFileLockManager] Releasing lock on daemon addresses registry.
2024-10-09T11:22:55.635+0530 [DEBUG] [org.gradle.cache.internal.DefaultFileLockManager] Waiting to acquire shared lock on daemon addresses registry.
2024-10-09T11:22:55.635+0530 [DEBUG] [org.gradle.cache.internal.DefaultFileLockManager] Lock acquired on daemon addresses registry.
2024-10-09T11:22:55.636+0530 [DEBUG] [org.gradle.cache.internal.DefaultFileLockManager] Releasing lock on daemon addresses registry.
2024-10-09T11:22:55.636+0530 [DEBUG] [org.gradle.cache.internal.DefaultFileLockManager] Waiting to acquire shared lock on daemon addresses registry.
2024-10-09T11:22:55.636+0530 [DEBUG] [org.gradle.cache.internal.DefaultFileLockManager] Lock acquired on daemon addresses registry.
2024-10-09T11:22:55.637+0530 [DEBUG] [org.gradle.cache.internal.DefaultFileLockManager] Releasing lock on daemon addresses registry.
2024-10-09T11:22:57.377+0530 [DEBUG] [org.gradle.process.internal.health.memory.DefaultMemoryManager] 831603097 memory requested, 718807040 free
2024-10-09T11:22:57.377+0530 [DEBUG] [org.gradle.workers.internal.WorkerDaemonExpiration] Will attempt to release 793 of memory
2024-10-09T11:22:57.377+0530 [DEBUG] [org.gradle.process.internal.health.memory.DefaultMemoryManager] 831603097 memory requested, 0 released, 718807040 free
2024-10-09T11:23:02.385+0530 [DEBUG] [org.gradle.process.internal.health.memory.DefaultMemoryManager] 831603097 memory requested, 710119424 free
2024-10-09T11:23:02.385+0530 [DEBUG] [org.gradle.workers.internal.WorkerDaemonExpiration] Will attempt to release 793 of memory
2024-10-09T11:23:02.385+0530 [DEBUG] [org.gradle.process.internal.health.memory.DefaultMemoryManager] 831603097 memory requested, 0 released, 710119424 free
2024-10-09T11:23:05.644+0530 [DEBUG] [org.gradle.cache.internal.DefaultFileLockManager] Waiting to acquire shared lock on daemon addresses registry.
2024-10-09T11:23:05.644+0530 [DEBUG] [org.gradle.cache.internal.DefaultFileLockManager] Lock acquired on daemon addresses registry.
2024-10-09T11:23:05.645+0530 [DEBUG] [org.gradle.cache.internal.DefaultFileLockManager] Releasing lock on daemon addresses registry.
2024-10-09T11:23:05.646+0530 [DEBUG] [org.gradle.cache.internal.DefaultFileLockManager] Waiting to acquire shared lock on daemon addresses registry.
2024-10-09T11:23:05.646+0530 [DEBUG] [org.gradle.cache.internal.DefaultFileLockManager] Lock acquired on daemon addresses registry.
2024-10-09T11:23:05.647+0530 [DEBUG] [org.gradle.cache.internal.DefaultFileLockManager] Releasing lock on daemon addresses registry.
2024-10-09T11:23:05.648+0530 [DEBUG] [org.gradle.cache.internal.DefaultFileLockManager] Waiting to acquire shared lock on daemon addresses registry.
2024-10-09T11:23:05.648+0530 [DEBUG] [org.gradle.cache.internal.DefaultFileLockManager] Lock acquired on daemon addresses registry.
2024-10-09T11:23:05.649+0530 [DEBUG] [org.gradle.cache.internal.DefaultFileLockManager] Releasing lock on daemon addresses registry.
2024-10-09T11:23:07.390+0530 [DEBUG] [org.gradle.process.internal.health.memory.DefaultMemoryManager] 831603097 memory requested, 706781184 free
2024-10-09T11:23:07.390+0530 [DEBUG] [org.gradle.workers.internal.WorkerDaemonExpiration] Will attempt to release 793 of memory
2024-10-09T11:23:07.390+0530 [DEBUG] [org.gradle.process.internal.health.memory.DefaultMemoryManager] 831603097 memory requested, 0 released, 706781184 free
2024-10-09T11:23:12.391+0530 [DEBUG] [org.gradle.process.internal.health.memory.DefaultMemoryManager] 831603097 memory requested, 717643776 free
2024-10-09T11:23:12.392+0530 [DEBUG] [org.gradle.workers.internal.WorkerDaemonExpiration] Will attempt to release 793 of memory
2024-10-09T11:23:12.392+0530 [DEBUG] [org.gradle.process.internal.health.memory.DefaultMemoryManager] 831603097 memory requested, 0 released, 717643776 free
2024-10-09T11:23:15.636+0530 [DEBUG] [org.gradle.cache.internal.DefaultFileLockManager] Waiting to acquire shared lock on daemon addresses registry.
2024-10-09T11:23:15.636+0530 [DEBUG] [org.gradle.cache.internal.DefaultFileLockManager] Lock acquired on daemon addresses registry.
2024-10-09T11:23:15.636+0530 [DEBUG] [org.gradle.cache.internal.DefaultFileLockManager] Releasing lock on daemon addresses registry.
2024-10-09T11:23:15.637+0530 [DEBUG] [org.gradle.cache.internal.DefaultFileLockManager] Waiting to acquire shared lock on daemon addresses registry.
2024-10-09T11:23:15.637+0530 [DEBUG] [org.gradle.cache.internal.DefaultFileLockManager] Lock acquired on daemon addresses registry.
2024-10-09T11:23:15.637+0530 [DEBUG] [org.gradle.cache.internal.DefaultFileLockManager] Releasing lock on daemon addresses registry.
2024-10-09T11:23:15.637+0530 [DEBUG] [org.gradle.cache.internal.DefaultFileLockManager] Waiting to acquire shared lock on daemon addresses registry.
2024-10-09T11:23:15.638+0530 [DEBUG] [org.gradle.cache.internal.DefaultFileLockManager] Lock acquired on daemon addresses registry.
2024-10-09T11:23:15.638+0530 [DEBUG] [org.gradle.cache.internal.DefaultFileLockManager] Releasing lock on daemon addresses registry.
2024-10-09T11:23:17.385+0530 [DEBUG] [org.gradle.process.internal.health.memory.DefaultMemoryManager] 831603097 memory requested, 718561280 free
2024-10-09T11:23:17.385+0530 [DEBUG] [org.gradle.workers.internal.WorkerDaemonExpiration] Will attempt to release 793 of memory
2024-10-09T11:23:17.385+0530 [DEBUG] [org.gradle.process.internal.health.memory.DefaultMemoryManager] 831603097 memory requested, 0 released, 718561280 free
2024-10-09T11:23:22.389+0530 [DEBUG] [org.gradle.process.internal.health.memory.DefaultMemoryManager] 831603097 memory requested, 745930752 free
2024-10-09T11:23:22.389+0530 [DEBUG] [org.gradle.workers.internal.WorkerDaemonExpiration] Will attempt to release 793 of memory
2024-10-09T11:23:22.389+0530 [DEBUG] [org.gradle.process.internal.health.memory.DefaultMemoryManager] 831603097 memory requested, 0 released, 745930752 free
2024-10-09T11:23:25.636+0530 [DEBUG] [org.gradle.cache.internal.DefaultFileLockManager] Waiting to acquire shared lock on daemon addresses registry.
2024-10-09T11:23:25.636+0530 [DEBUG] [org.gradle.cache.internal.DefaultFileLockManager] Lock acquired on daemon addresses registry.
2024-10-09T11:23:25.637+0530 [DEBUG] [org.gradle.cache.internal.DefaultFileLockManager] Releasing lock on daemon addresses registry.
2024-10-09T11:23:25.638+0530 [DEBUG] [org.gradle.cache.internal.DefaultFileLockManager] Waiting to acquire shared lock on daemon addresses registry.
2024-10-09T11:23:25.638+0530 [DEBUG] [org.gradle.cache.internal.DefaultFileLockManager] Lock acquired on daemon addresses registry.
2024-10-09T11:23:25.638+0530 [DEBUG] [org.gradle.cache.internal.DefaultFileLockManager] Releasing lock on daemon addresses registry.
2024-10-09T11:23:25.639+0530 [DEBUG] [org.gradle.cache.internal.DefaultFileLockManager] Waiting to acquire shared lock on daemon addresses registry.
2024-10-09T11:23:25.640+0530 [DEBUG] [org.gradle.cache.internal.DefaultFileLockManager] Lock acquired on daemon addresses registry.
2024-10-09T11:23:25.640+0530 [DEBUG] [org.gradle.cache.internal.DefaultFileLockManager] Releasing lock on daemon addresses registry.
2024-10-09T11:23:27.391+0530 [DEBUG] [org.gradle.process.internal.health.memory.DefaultMemoryManager] 831603097 memory requested, 734146560 free
2024-10-09T11:23:27.392+0530 [DEBUG] [org.gradle.workers.internal.WorkerDaemonExpiration] Will attempt to release 793 of memory
2024-10-09T11:23:27.392+0530 [DEBUG] [org.gradle.process.internal.health.memory.DefaultMemoryManager] 831603097 memory requested, 0 released, 734146560 free
2024-10-09T11:23:32.385+0530 [DEBUG] [org.gradle.process.internal.health.memory.DefaultMemoryManager] 831603097 memory requested, 736616448 free
2024-10-09T11:23:32.385+0530 [DEBUG] [org.gradle.workers.internal.WorkerDaemonExpiration] Will attempt to release 793 of memory
2024-10-09T11:23:32.385+0530 [DEBUG] [org.gradle.process.internal.health.memory.DefaultMemoryManager] 831603097 memory requested, 0 released, 736616448 free
2024-10-09T11:23:35.640+0530 [DEBUG] [org.gradle.cache.internal.DefaultFileLockManager] Waiting to acquire shared lock on daemon addresses registry.
2024-10-09T11:23:35.640+0530 [DEBUG] [org.gradle.cache.internal.DefaultFileLockManager] Lock acquired on daemon addresses registry.
2024-10-09T11:23:35.641+0530 [DEBUG] [org.gradle.cache.internal.DefaultFileLockManager] Releasing lock on daemon addresses registry.
2024-10-09T11:23:35.642+0530 [DEBUG] [org.gradle.cache.internal.DefaultFileLockManager] Waiting to acquire shared lock on daemon addresses registry.
2024-10-09T11:23:35.643+0530 [DEBUG] [org.gradle.cache.internal.DefaultFileLockManager] Lock acquired on daemon addresses registry.
2024-10-09T11:23:35.644+0530 [DEBUG] [org.gradle.cache.internal.DefaultFileLockManager] Releasing lock on daemon addresses registry.
2024-10-09T11:23:35.645+0530 [DEBUG] [org.gradle.cache.internal.DefaultFileLockManager] Waiting to acquire shared lock on daemon addresses registry.
2024-10-09T11:23:35.646+0530 [DEBUG] [org.gradle.cache.internal.DefaultFileLockManager] Lock acquired on daemon addresses registry.
2024-10-09T11:23:35.646+0530 [DEBUG] [org.gradle.cache.internal.DefaultFileLockManager] Releasing lock on daemon addresses registry.
2024-10-09T11:23:37.377+0530 [DEBUG] [org.gradle.process.internal.health.memory.DefaultMemoryManager] 831603097 memory requested, 729976832 free
2024-10-09T11:23:37.377+0530 [DEBUG] [org.gradle.workers.internal.WorkerDaemonExpiration] Will attempt to release 793 of memory
2024-10-09T11:23:37.378+0530 [DEBUG] [org.gradle.process.internal.health.memory.DefaultMemoryManager] 831603097 memory requested, 0 released, 729976832 free
2024-10-09T11:23:42.383+0530 [DEBUG] [org.gradle.process.internal.health.memory.DefaultMemoryManager] 831603097 memory requested, 720871424 free
2024-10-09T11:23:42.383+0530 [DEBUG] [org.gradle.workers.internal.WorkerDaemonExpiration] Will attempt to release 793 of memory
2024-10-09T11:23:42.383+0530 [DEBUG] [org.gradle.process.internal.health.memory.DefaultMemoryManager] 831603097 memory requested, 0 released, 720871424 free
2024-10-09T11:23:45.636+0530 [DEBUG] [org.gradle.cache.internal.DefaultFileLockManager] Waiting to acquire shared lock on daemon addresses registry.
2024-10-09T11:23:45.636+0530 [DEBUG] [org.gradle.cache.internal.DefaultFileLockManager] Lock acquired on daemon addresses registry.
2024-10-09T11:23:45.636+0530 [DEBUG] [org.gradle.cache.internal.DefaultFileLockManager] Releasing lock on daemon addresses registry.
2024-10-09T11:23:45.636+0530 [DEBUG] [org.gradle.cache.internal.DefaultFileLockManager] Waiting to acquire shared lock on daemon addresses registry.
2024-10-09T11:23:45.637+0530 [DEBUG] [org.gradle.cache.internal.DefaultFileLockManager] Lock acquired on daemon addresses registry.
2024-10-09T11:23:45.637+0530 [DEBUG] [org.gradle.cache.internal.DefaultFileLockManager] Releasing lock on daemon addresses registry.
2024-10-09T11:23:45.637+0530 [DEBUG] [org.gradle.cache.internal.DefaultFileLockManager] Waiting to acquire shared lock on daemon addresses registry.
2024-10-09T11:23:45.637+0530 [DEBUG] [org.gradle.cache.internal.DefaultFileLockManager] Lock acquired on daemon addresses registry.
2024-10-09T11:23:45.637+0530 [DEBUG] [org.gradle.cache.internal.DefaultFileLockManager] Releasing lock on daemon addresses registry.
2024-10-09T11:23:47.380+0530 [DEBUG] [org.gradle.process.internal.health.memory.DefaultMemoryManager] 831603097 memory requested, 728997888 free
2024-10-09T11:23:47.380+0530 [DEBUG] [org.gradle.workers.internal.WorkerDaemonExpiration] Will attempt to release 793 of memory
2024-10-09T11:23:47.380+0530 [DEBUG] [org.gradle.process.internal.health.memory.DefaultMemoryManager] 831603097 memory requested, 0 released, 728997888 free
2024-10-09T11:23:52.382+0530 [DEBUG] [org.gradle.process.internal.health.memory.DefaultMemoryManager] 831603097 memory requested, 731521024 free
2024-10-09T11:23:52.382+0530 [DEBUG] [org.gradle.workers.internal.WorkerDaemonExpiration] Will attempt to release 793 of memory
2024-10-09T11:23:52.382+0530 [DEBUG] [org.gradle.process.internal.health.memory.DefaultMemoryManager] 831603097 memory requested, 0 released, 731521024 free
2024-10-09T11:23:55.643+0530 [DEBUG] [org.gradle.cache.internal.DefaultFileLockManager] Waiting to acquire shared lock on daemon addresses registry.
2024-10-09T11:23:55.643+0530 [DEBUG] [org.gradle.cache.internal.DefaultFileLockManager] Lock acquired on daemon addresses registry.
2024-10-09T11:23:55.643+0530 [DEBUG] [org.gradle.cache.internal.DefaultFileLockManager] Releasing lock on daemon addresses registry.
2024-10-09T11:23:55.644+0530 [DEBUG] [org.gradle.cache.internal.DefaultFileLockManager] Waiting to acquire shared lock on daemon addresses registry.
2024-10-09T11:23:55.644+0530 [DEBUG] [org.gradle.cache.internal.DefaultFileLockManager] Lock acquired on daemon addresses registry.
2024-10-09T11:23:55.645+0530 [DEBUG] [org.gradle.cache.internal.DefaultFileLockManager] Releasing lock on daemon addresses registry.
2024-10-09T11:23:55.645+0530 [DEBUG] [org.gradle.cache.internal.DefaultFileLockManager] Waiting to acquire shared lock on daemon addresses registry.
2024-10-09T11:23:55.645+0530 [DEBUG] [org.gradle.cache.internal.DefaultFileLockManager] Lock acquired on daemon addresses registry.
2024-10-09T11:23:55.646+0530 [DEBUG] [org.gradle.cache.internal.DefaultFileLockManager] Releasing lock on daemon addresses registry.
2024-10-09T11:23:57.382+0530 [DEBUG] [org.gradle.process.internal.health.memory.DefaultMemoryManager] 831603097 memory requested, 733536256 free
2024-10-09T11:23:57.382+0530 [DEBUG] [org.gradle.workers.internal.WorkerDaemonExpiration] Will attempt to release 793 of memory
2024-10-09T11:23:57.382+0530 [DEBUG] [org.gradle.process.internal.health.memory.DefaultMemoryManager] 831603097 memory requested, 0 released, 733536256 free
2024-10-09T11:24:02.390+0530 [DEBUG] [org.gradle.process.internal.health.memory.DefaultMemoryManager] 831603097 memory requested, 733634560 free
2024-10-09T11:24:02.390+0530 [DEBUG] [org.gradle.workers.internal.WorkerDaemonExpiration] Will attempt to release 793 of memory
2024-10-09T11:24:02.390+0530 [DEBUG] [org.gradle.process.internal.health.memory.DefaultMemoryManager] 831603097 memory requested, 0 released, 733634560 free
2024-10-09T11:24:05.636+0530 [DEBUG] [org.gradle.cache.internal.DefaultFileLockManager] Waiting to acquire shared lock on daemon addresses registry.
2024-10-09T11:24:05.636+0530 [DEBUG] [org.gradle.cache.internal.DefaultFileLockManager] Lock acquired on daemon addresses registry.
2024-10-09T11:24:05.636+0530 [DEBUG] [org.gradle.cache.internal.DefaultFileLockManager] Releasing lock on daemon addresses registry.
2024-10-09T11:24:05.637+0530 [DEBUG] [org.gradle.cache.internal.DefaultFileLockManager] Waiting to acquire shared lock on daemon addresses registry.
2024-10-09T11:24:05.637+0530 [DEBUG] [org.gradle.cache.internal.DefaultFileLockManager] Lock acquired on daemon addresses registry.
2024-10-09T11:24:05.638+0530 [DEBUG] [org.gradle.cache.internal.DefaultFileLockManager] Releasing lock on daemon addresses registry.
2024-10-09T11:24:05.638+0530 [DEBUG] [org.gradle.cache.internal.DefaultFileLockManager] Waiting to acquire shared lock on daemon addresses registry.
2024-10-09T11:24:05.638+0530 [DEBUG] [org.gradle.cache.internal.DefaultFileLockManager] Lock acquired on daemon addresses registry.
2024-10-09T11:24:05.639+0530 [DEBUG] [org.gradle.cache.internal.DefaultFileLockManager] Releasing lock on daemon addresses registry.
2024-10-09T11:24:07.389+0530 [DEBUG] [org.gradle.process.internal.health.memory.DefaultMemoryManager] 831603097 memory requested, 735158272 free
2024-10-09T11:24:07.389+0530 [DEBUG] [org.gradle.workers.internal.WorkerDaemonExpiration] Will attempt to release 793 of memory
2024-10-09T11:24:07.389+0530 [DEBUG] [org.gradle.process.internal.health.memory.DefaultMemoryManager] 831603097 memory requested, 0 released, 735158272 free
2024-10-09T11:24:12.383+0530 [DEBUG] [org.gradle.process.internal.health.memory.DefaultMemoryManager] 831603097 memory requested, 735940608 free
2024-10-09T11:24:12.383+0530 [DEBUG] [org.gradle.workers.internal.WorkerDaemonExpiration] Will attempt to release 793 of memory
2024-10-09T11:24:12.383+0530 [DEBUG] [org.gradle.process.internal.health.memory.DefaultMemoryManager] 831603097 memory requested, 0 released, 735940608 free
2024-10-09T11:24:15.644+0530 [DEBUG] [org.gradle.cache.internal.DefaultFileLockManager] Waiting to acquire shared lock on daemon addresses registry.
2024-10-09T11:24:15.644+0530 [DEBUG] [org.gradle.cache.internal.DefaultFileLockManager] Lock acquired on daemon addresses registry.
2024-10-09T11:24:15.644+0530 [DEBUG] [org.gradle.cache.internal.DefaultFileLockManager] Releasing lock on daemon addresses registry.
2024-10-09T11:24:15.646+0530 [DEBUG] [org.gradle.cache.internal.DefaultFileLockManager] Waiting to acquire shared lock on daemon addresses registry.
2024-10-09T11:24:15.646+0530 [DEBUG] [org.gradle.cache.internal.DefaultFileLockManager] Lock acquired on daemon addresses registry.
2024-10-09T11:24:15.646+0530 [DEBUG] [org.gradle.cache.internal.DefaultFileLockManager] Releasing lock on daemon addresses registry.
2024-10-09T11:24:15.647+0530 [DEBUG] [org.gradle.cache.internal.DefaultFileLockManager] Waiting to acquire shared lock on daemon addresses registry.
2024-10-09T11:24:15.647+0530 [DEBUG] [org.gradle.cache.internal.DefaultFileLockManager] Lock acquired on daemon addresses registry.
2024-10-09T11:24:15.647+0530 [DEBUG] [org.gradle.cache.internal.DefaultFileLockManager] Releasing lock on daemon addresses registry.
2024-10-09T11:24:17.386+0530 [DEBUG] [org.gradle.process.internal.health.memory.DefaultMemoryManager] 831603097 memory requested, 750432256 free
2024-10-09T11:24:17.386+0530 [DEBUG] [org.gradle.workers.internal.WorkerDaemonExpiration] Will attempt to release 793 of memory
2024-10-09T11:24:17.386+0530 [DEBUG] [org.gradle.process.internal.health.memory.DefaultMemoryManager] 831603097 memory requested, 0 released, 750432256 free
2024-10-09T11:24:22.386+0530 [DEBUG] [org.gradle.process.internal.health.memory.DefaultMemoryManager] 831603097 memory requested, 752205824 free
2024-10-09T11:24:22.386+0530 [DEBUG] [org.gradle.workers.internal.WorkerDaemonExpiration] Will attempt to release 793 of memory
2024-10-09T11:24:22.387+0530 [DEBUG] [org.gradle.process.internal.health.memory.DefaultMemoryManager] 831603097 memory requested, 0 released, 752205824 free
2024-10-09T11:24:25.635+0530 [DEBUG] [org.gradle.cache.internal.DefaultFileLockManager] Waiting to acquire shared lock on daemon addresses registry.
2024-10-09T11:24:25.635+0530 [DEBUG] [org.gradle.cache.internal.DefaultFileLockManager] Lock acquired on daemon addresses registry.
2024-10-09T11:24:25.636+0530 [DEBUG] [org.gradle.cache.internal.DefaultFileLockManager] Releasing lock on daemon addresses registry.
2024-10-09T11:24:25.637+0530 [DEBUG] [org.gradle.cache.internal.DefaultFileLockManager] Waiting to acquire shared lock on daemon addresses registry.
2024-10-09T11:24:25.638+0530 [DEBUG] [org.gradle.cache.internal.DefaultFileLockManager] Lock acquired on daemon addresses registry.
2024-10-09T11:24:25.638+0530 [DEBUG] [org.gradle.cache.internal.DefaultFileLockManager] Releasing lock on daemon addresses registry.
2024-10-09T11:24:25.639+0530 [DEBUG] [org.gradle.cache.internal.DefaultFileLockManager] Waiting to acquire shared lock on daemon addresses registry.
2024-10-09T11:24:25.639+0530 [DEBUG] [org.gradle.cache.internal.DefaultFileLockManager] Lock acquired on daemon addresses registry.
2024-10-09T11:24:25.640+0530 [DEBUG] [org.gradle.cache.internal.DefaultFileLockManager] Releasing lock on daemon addresses registry.
2024-10-09T11:24:27.389+0530 [DEBUG] [org.gradle.process.internal.health.memory.DefaultMemoryManager] 831603097 memory requested, 752922624 free
2024-10-09T11:24:27.389+0530 [DEBUG] [org.gradle.workers.internal.WorkerDaemonExpiration] Will attempt to release 793 of memory
2024-10-09T11:24:27.390+0530 [DEBUG] [org.gradle.process.internal.health.memory.DefaultMemoryManager] 831603097 memory requested, 0 released, 752922624 free
2024-10-09T11:24:32.392+0530 [DEBUG] [org.gradle.process.internal.health.memory.DefaultMemoryManager] 831603097 memory requested, 751960064 free
2024-10-09T11:24:32.392+0530 [DEBUG] [org.gradle.workers.internal.WorkerDaemonExpiration] Will attempt to release 793 of memory
2024-10-09T11:24:32.392+0530 [DEBUG] [org.gradle.process.internal.health.memory.DefaultMemoryManager] 831603097 memory requested, 0 released, 751960064 free
2024-10-09T11:24:35.644+0530 [DEBUG] [org.gradle.cache.internal.DefaultFileLockManager] Waiting to acquire shared lock on daemon addresses registry.
2024-10-09T11:24:35.644+0530 [DEBUG] [org.gradle.cache.internal.DefaultFileLockManager] Lock acquired on daemon addresses registry.
2024-10-09T11:24:35.644+0530 [DEBUG] [org.gradle.cache.internal.DefaultFileLockManager] Releasing lock on daemon addresses registry.
2024-10-09T11:24:35.645+0530 [DEBUG] [org.gradle.cache.internal.DefaultFileLockManager] Waiting to acquire shared lock on daemon addresses registry.
2024-10-09T11:24:35.645+0530 [DEBUG] [org.gradle.cache.internal.DefaultFileLockManager] Lock acquired on daemon addresses registry.
2024-10-09T11:24:35.645+0530 [DEBUG] [org.gradle.cache.internal.DefaultFileLockManager] Releasing lock on daemon addresses registry.
2024-10-09T11:24:35.645+0530 [DEBUG] [org.gradle.cache.internal.DefaultFileLockManager] Waiting to acquire shared lock on daemon addresses registry.
2024-10-09T11:24:35.645+0530 [DEBUG] [org.gradle.cache.internal.DefaultFileLockManager] Lock acquired on daemon addresses registry.
2024-10-09T11:24:35.645+0530 [DEBUG] [org.gradle.cache.internal.DefaultFileLockManager] Releasing lock on daemon addresses registry.
2024-10-09T11:24:37.386+0530 [DEBUG] [org.gradle.process.internal.health.memory.DefaultMemoryManager] 831603097 memory requested, 758775808 free
2024-10-09T11:24:37.386+0530 [DEBUG] [org.gradle.workers.internal.WorkerDaemonExpiration] Will attempt to release 793 of memory
2024-10-09T11:24:37.386+0530 [DEBUG] [org.gradle.process.internal.health.memory.DefaultMemoryManager] 831603097 memory requested, 0 released, 758775808 free
2024-10-09T11:24:42.382+0530 [DEBUG] [org.gradle.process.internal.health.memory.DefaultMemoryManager] 831603097 memory requested, 759721984 free
2024-10-09T11:24:42.382+0530 [DEBUG] [org.gradle.workers.internal.WorkerDaemonExpiration] Will attempt to release 793 of memory
2024-10-09T11:24:42.383+0530 [DEBUG] [org.gradle.process.internal.health.memory.DefaultMemoryManager] 831603097 memory requested, 0 released, 759721984 free
2024-10-09T11:24:45.638+0530 [DEBUG] [org.gradle.cache.internal.DefaultFileLockManager] Waiting to acquire shared lock on daemon addresses registry.
2024-10-09T11:24:45.639+0530 [DEBUG] [org.gradle.cache.internal.DefaultFileLockManager] Lock acquired on daemon addresses registry.
2024-10-09T11:24:45.639+0530 [DEBUG] [org.gradle.cache.internal.DefaultFileLockManager] Releasing lock on daemon addresses registry.
2024-10-09T11:24:45.641+0530 [DEBUG] [org.gradle.cache.internal.DefaultFileLockManager] Waiting to acquire shared lock on daemon addresses registry.
2024-10-09T11:24:45.641+0530 [DEBUG] [org.gradle.cache.internal.DefaultFileLockManager] Lock acquired on daemon addresses registry.
2024-10-09T11:24:45.642+0530 [DEBUG] [org.gradle.cache.internal.DefaultFileLockManager] Releasing lock on daemon addresses registry.
2024-10-09T11:24:45.642+0530 [DEBUG] [org.gradle.cache.internal.DefaultFileLockManager] Waiting to acquire shared lock on daemon addresses registry.
2024-10-09T11:24:45.643+0530 [DEBUG] [org.gradle.cache.internal.DefaultFileLockManager] Lock acquired on daemon addresses registry.
2024-10-09T11:24:45.643+0530 [DEBUG] [org.gradle.cache.internal.DefaultFileLockManager] Releasing lock on daemon addresses registry.
2024-10-09T11:24:47.380+0530 [DEBUG] [org.gradle.process.internal.health.memory.DefaultMemoryManager] 831603097 memory requested, 759898112 free
2024-10-09T11:24:47.380+0530 [DEBUG] [org.gradle.workers.internal.WorkerDaemonExpiration] Will attempt to release 793 of memory
2024-10-09T11:24:47.380+0530 [DEBUG] [org.gradle.process.internal.health.memory.DefaultMemoryManager] 831603097 memory requested, 0 released, 759898112 free
2024-10-09T11:24:52.379+0530 [DEBUG] [org.gradle.process.internal.health.memory.DefaultMemoryManager] 831603097 memory requested, 760221696 free
2024-10-09T11:24:52.379+0530 [DEBUG] [org.gradle.workers.internal.WorkerDaemonExpiration] Will attempt to release 793 of memory
2024-10-09T11:24:52.379+0530 [DEBUG] [org.gradle.process.internal.health.memory.DefaultMemoryManager] 831603097 memory requested, 0 released, 760221696 free
2024-10-09T11:24:55.638+0530 [DEBUG] [org.gradle.cache.internal.DefaultFileLockManager] Waiting to acquire shared lock on daemon addresses registry.
2024-10-09T11:24:55.638+0530 [DEBUG] [org.gradle.cache.internal.DefaultFileLockManager] Lock acquired on daemon addresses registry.
2024-10-09T11:24:55.639+0530 [DEBUG] [org.gradle.cache.internal.DefaultFileLockManager] Releasing lock on daemon addresses registry.
2024-10-09T11:24:55.640+0530 [DEBUG] [org.gradle.cache.internal.DefaultFileLockManager] Waiting to acquire shared lock on daemon addresses registry.
2024-10-09T11:24:55.641+0530 [DEBUG] [org.gradle.cache.internal.DefaultFileLockManager] Lock acquired on daemon addresses registry.
2024-10-09T11:24:55.641+0530 [DEBUG] [org.gradle.cache.internal.DefaultFileLockManager] Releasing lock on daemon addresses registry.
2024-10-09T11:24:55.642+0530 [DEBUG] [org.gradle.cache.internal.DefaultFileLockManager] Waiting to acquire shared lock on daemon addresses registry.
2024-10-09T11:24:55.642+0530 [DEBUG] [org.gradle.cache.internal.DefaultFileLockManager] Lock acquired on daemon addresses registry.
2024-10-09T11:24:55.642+0530 [DEBUG] [org.gradle.cache.internal.DefaultFileLockManager] Releasing lock on daemon addresses registry.
2024-10-09T11:24:57.379+0530 [DEBUG] [org.gradle.process.internal.health.memory.DefaultMemoryManager] 831603097 memory requested, 763727872 free
2024-10-09T11:24:57.379+0530 [DEBUG] [org.gradle.workers.internal.WorkerDaemonExpiration] Will attempt to release 793 of memory
2024-10-09T11:24:57.379+0530 [DEBUG] [org.gradle.process.internal.health.memory.DefaultMemoryManager] 831603097 memory requested, 0 released, 763727872 free
2024-10-09T11:25:02.387+0530 [DEBUG] [org.gradle.process.internal.health.memory.DefaultMemoryManager] 831603097 memory requested, 764891136 free
2024-10-09T11:25:02.387+0530 [DEBUG] [org.gradle.workers.internal.WorkerDaemonExpiration] Will attempt to release 793 of memory
2024-10-09T11:25:02.387+0530 [DEBUG] [org.gradle.process.internal.health.memory.DefaultMemoryManager] 831603097 memory requested, 0 released, 764891136 free
2024-10-09T11:25:05.636+0530 [DEBUG] [org.gradle.cache.internal.DefaultFileLockManager] Waiting to acquire shared lock on daemon addresses registry.
2024-10-09T11:25:05.636+0530 [DEBUG] [org.gradle.cache.internal.DefaultFileLockManager] Lock acquired on daemon addresses registry.
2024-10-09T11:25:05.637+0530 [DEBUG] [org.gradle.cache.internal.DefaultFileLockManager] Releasing lock on daemon addresses registry.
2024-10-09T11:25:05.638+0530 [DEBUG] [org.gradle.cache.internal.DefaultFileLockManager] Waiting to acquire shared lock on daemon addresses registry.
2024-10-09T11:25:05.639+0530 [DEBUG] [org.gradle.cache.internal.DefaultFileLockManager] Lock acquired on daemon addresses registry.
2024-10-09T11:25:05.639+0530 [DEBUG] [org.gradle.cache.internal.DefaultFileLockManager] Releasing lock on daemon addresses registry.
2024-10-09T11:25:05.640+0530 [DEBUG] [org.gradle.cache.internal.DefaultFileLockManager] Waiting to acquire shared lock on daemon addresses registry.
2024-10-09T11:25:05.640+0530 [DEBUG] [org.gradle.cache.internal.DefaultFileLockManager] Lock acquired on daemon addresses registry.
2024-10-09T11:25:05.641+0530 [DEBUG] [org.gradle.cache.internal.DefaultFileLockManager] Releasing lock on daemon addresses registry.
2024-10-09T11:25:07.392+0530 [DEBUG] [org.gradle.process.internal.health.memory.DefaultMemoryManager] 831603097 memory requested, 772935680 free
2024-10-09T11:25:07.392+0530 [DEBUG] [org.gradle.workers.internal.WorkerDaemonExpiration] Will attempt to release 793 of memory
2024-10-09T11:25:07.392+0530 [DEBUG] [org.gradle.process.internal.health.memory.DefaultMemoryManager] 831603097 memory requested, 0 released, 772935680 free
2024-10-09T11:25:12.386+0530 [DEBUG] [org.gradle.process.internal.health.memory.DefaultMemoryManager] 831603097 memory requested, 788574208 free
2024-10-09T11:25:12.386+0530 [DEBUG] [org.gradle.workers.internal.WorkerDaemonExpiration] Will attempt to release 793 of memory
2024-10-09T11:25:12.386+0530 [DEBUG] [org.gradle.process.internal.health.memory.DefaultMemoryManager] 831603097 memory requested, 0 released, 788574208 free
2024-10-09T11:25:15.633+0530 [DEBUG] [org.gradle.cache.internal.DefaultFileLockManager] Waiting to acquire shared lock on daemon addresses registry.
2024-10-09T11:25:15.633+0530 [DEBUG] [org.gradle.cache.internal.DefaultFileLockManager] Lock acquired on daemon addresses registry.
2024-10-09T11:25:15.634+0530 [DEBUG] [org.gradle.cache.internal.DefaultFileLockManager] Releasing lock on daemon addresses registry.
2024-10-09T11:25:15.634+0530 [DEBUG] [org.gradle.cache.internal.DefaultFileLockManager] Waiting to acquire shared lock on daemon addresses registry.
2024-10-09T11:25:15.634+0530 [DEBUG] [org.gradle.cache.internal.DefaultFileLockManager] Lock acquired on daemon addresses registry.
2024-10-09T11:25:15.634+0530 [DEBUG] [org.gradle.cache.internal.DefaultFileLockManager] Releasing lock on daemon addresses registry.
2024-10-09T11:25:15.635+0530 [DEBUG] [org.gradle.cache.internal.DefaultFileLockManager] Waiting to acquire shared lock on daemon addresses registry.
2024-10-09T11:25:15.635+0530 [DEBUG] [org.gradle.cache.internal.DefaultFileLockManager] Lock acquired on daemon addresses registry.
2024-10-09T11:25:15.635+0530 [DEBUG] [org.gradle.cache.internal.DefaultFileLockManager] Releasing lock on daemon addresses registry.
2024-10-09T11:25:17.386+0530 [DEBUG] [org.gradle.process.internal.health.memory.DefaultMemoryManager] 831603097 memory requested, 779964416 free
2024-10-09T11:25:17.386+0530 [DEBUG] [org.gradle.workers.internal.WorkerDaemonExpiration] Will attempt to release 793 of memory
2024-10-09T11:25:17.386+0530 [DEBUG] [org.gradle.process.internal.health.memory.DefaultMemoryManager] 831603097 memory requested, 0 released, 779964416 free
2024-10-09T11:25:25.637+0530 [DEBUG] [org.gradle.cache.internal.DefaultFileLockManager] Waiting to acquire shared lock on daemon addresses registry.
2024-10-09T11:25:25.637+0530 [DEBUG] [org.gradle.cache.internal.DefaultFileLockManager] Lock acquired on daemon addresses registry.
2024-10-09T11:25:25.638+0530 [DEBUG] [org.gradle.cache.internal.DefaultFileLockManager] Releasing lock on daemon addresses registry.
2024-10-09T11:25:25.639+0530 [DEBUG] [org.gradle.cache.internal.DefaultFileLockManager] Waiting to acquire shared lock on daemon addresses registry.
2024-10-09T11:25:25.639+0530 [DEBUG] [org.gradle.cache.internal.DefaultFileLockManager] Lock acquired on daemon addresses registry.
2024-10-09T11:25:25.640+0530 [DEBUG] [org.gradle.cache.internal.DefaultFileLockManager] Releasing lock on daemon addresses registry.
2024-10-09T11:25:25.641+0530 [DEBUG] [org.gradle.cache.internal.DefaultFileLockManager] Waiting to acquire shared lock on daemon addresses registry.
2024-10-09T11:25:25.641+0530 [DEBUG] [org.gradle.cache.internal.DefaultFileLockManager] Lock acquired on daemon addresses registry.
2024-10-09T11:25:25.642+0530 [DEBUG] [org.gradle.cache.internal.DefaultFileLockManager] Releasing lock on daemon addresses registry.
2024-10-09T11:25:35.638+0530 [DEBUG] [org.gradle.cache.internal.DefaultFileLockManager] Waiting to acquire shared lock on daemon addresses registry.
2024-10-09T11:25:35.638+0530 [DEBUG] [org.gradle.cache.internal.DefaultFileLockManager] Lock acquired on daemon addresses registry.
2024-10-09T11:25:35.639+0530 [DEBUG] [org.gradle.cache.internal.DefaultFileLockManager] Releasing lock on daemon addresses registry.
2024-10-09T11:25:35.640+0530 [DEBUG] [org.gradle.cache.internal.DefaultFileLockManager] Waiting to acquire shared lock on daemon addresses registry.
2024-10-09T11:25:35.640+0530 [DEBUG] [org.gradle.cache.internal.DefaultFileLockManager] Lock acquired on daemon addresses registry.
2024-10-09T11:25:35.640+0530 [DEBUG] [org.gradle.cache.internal.DefaultFileLockManager] Releasing lock on daemon addresses registry.
2024-10-09T11:25:35.641+0530 [DEBUG] [org.gradle.cache.internal.DefaultFileLockManager] Waiting to acquire shared lock on daemon addresses registry.
2024-10-09T11:25:35.642+0530 [DEBUG] [org.gradle.cache.internal.DefaultFileLockManager] Lock acquired on daemon addresses registry.
2024-10-09T11:25:35.642+0530 [DEBUG] [org.gradle.cache.internal.DefaultFileLockManager] Releasing lock on daemon addresses registry.
2024-10-09T11:25:45.633+0530 [DEBUG] [org.gradle.cache.internal.DefaultFileLockManager] Waiting to acquire shared lock on daemon addresses registry.
2024-10-09T11:25:45.634+0530 [DEBUG] [org.gradle.cache.internal.DefaultFileLockManager] Lock acquired on daemon addresses registry.
2024-10-09T11:25:45.634+0530 [DEBUG] [org.gradle.cache.internal.DefaultFileLockManager] Releasing lock on daemon addresses registry.
2024-10-09T11:25:45.635+0530 [DEBUG] [org.gradle.cache.internal.DefaultFileLockManager] Waiting to acquire shared lock on daemon addresses registry.
2024-10-09T11:25:45.635+0530 [DEBUG] [org.gradle.cache.internal.DefaultFileLockManager] Lock acquired on daemon addresses registry.
2024-10-09T11:25:45.636+0530 [DEBUG] [org.gradle.cache.internal.DefaultFileLockManager] Releasing lock on daemon addresses registry.
2024-10-09T11:25:45.636+0530 [DEBUG] [org.gradle.cache.internal.DefaultFileLockManager] Waiting to acquire shared lock on daemon addresses registry.
2024-10-09T11:25:45.636+0530 [DEBUG] [org.gradle.cache.internal.DefaultFileLockManager] Lock acquired on daemon addresses registry.
2024-10-09T11:25:45.637+0530 [DEBUG] [org.gradle.cache.internal.DefaultFileLockManager] Releasing lock on daemon addresses registry.
2024-10-09T11:25:55.637+0530 [DEBUG] [org.gradle.cache.internal.DefaultFileLockManager] Waiting to acquire shared lock on daemon addresses registry.
2024-10-09T11:25:55.637+0530 [DEBUG] [org.gradle.cache.internal.DefaultFileLockManager] Lock acquired on daemon addresses registry.
2024-10-09T11:25:55.638+0530 [DEBUG] [org.gradle.cache.internal.DefaultFileLockManager] Releasing lock on daemon addresses registry.
2024-10-09T11:25:55.639+0530 [DEBUG] [org.gradle.cache.internal.DefaultFileLockManager] Waiting to acquire shared lock on daemon addresses registry.
2024-10-09T11:25:55.640+0530 [DEBUG] [org.gradle.cache.internal.DefaultFileLockManager] Lock acquired on daemon addresses registry.
2024-10-09T11:25:55.640+0530 [DEBUG] [org.gradle.cache.internal.DefaultFileLockManager] Releasing lock on daemon addresses registry.
2024-10-09T11:25:55.641+0530 [DEBUG] [org.gradle.cache.internal.DefaultFileLockManager] Waiting to acquire shared lock on daemon addresses registry.
2024-10-09T11:25:55.641+0530 [DEBUG] [org.gradle.cache.internal.DefaultFileLockManager] Lock acquired on daemon addresses registry.
2024-10-09T11:25:55.642+0530 [DEBUG] [org.gradle.cache.internal.DefaultFileLockManager] Releasing lock on daemon addresses registry.
2024-10-09T11:26:05.645+0530 [DEBUG] [org.gradle.cache.internal.DefaultFileLockManager] Waiting to acquire shared lock on daemon addresses registry.
2024-10-09T11:26:05.645+0530 [DEBUG] [org.gradle.cache.internal.DefaultFileLockManager] Lock acquired on daemon addresses registry.
2024-10-09T11:26:05.645+0530 [DEBUG] [org.gradle.cache.internal.DefaultFileLockManager] Releasing lock on daemon addresses registry.
2024-10-09T11:26:05.647+0530 [DEBUG] [org.gradle.cache.internal.DefaultFileLockManager] Waiting to acquire shared lock on daemon addresses registry.
2024-10-09T11:26:05.647+0530 [DEBUG] [org.gradle.cache.internal.DefaultFileLockManager] Lock acquired on daemon addresses registry.
2024-10-09T11:26:05.647+0530 [DEBUG] [org.gradle.cache.internal.DefaultFileLockManager] Releasing lock on daemon addresses registry.
2024-10-09T11:26:05.648+0530 [DEBUG] [org.gradle.cache.internal.DefaultFileLockManager] Waiting to acquire shared lock on daemon addresses registry.
2024-10-09T11:26:05.648+0530 [DEBUG] [org.gradle.cache.internal.DefaultFileLockManager] Lock acquired on daemon addresses registry.
2024-10-09T11:26:05.648+0530 [DEBUG] [org.gradle.cache.internal.DefaultFileLockManager] Releasing lock on daemon addresses registry.
2024-10-09T11:26:15.643+0530 [DEBUG] [org.gradle.cache.internal.DefaultFileLockManager] Waiting to acquire shared lock on daemon addresses registry.
2024-10-09T11:26:15.644+0530 [DEBUG] [org.gradle.cache.internal.DefaultFileLockManager] Lock acquired on daemon addresses registry.
2024-10-09T11:26:15.644+0530 [DEBUG] [org.gradle.cache.internal.DefaultFileLockManager] Releasing lock on daemon addresses registry.
2024-10-09T11:26:15.645+0530 [DEBUG] [org.gradle.cache.internal.DefaultFileLockManager] Waiting to acquire shared lock on daemon addresses registry.
2024-10-09T11:26:15.646+0530 [DEBUG] [org.gradle.cache.internal.DefaultFileLockManager] Lock acquired on daemon addresses registry.
2024-10-09T11:26:15.646+0530 [DEBUG] [org.gradle.cache.internal.DefaultFileLockManager] Releasing lock on daemon addresses registry.
2024-10-09T11:26:15.647+0530 [DEBUG] [org.gradle.cache.internal.DefaultFileLockManager] Waiting to acquire shared lock on daemon addresses registry.
2024-10-09T11:26:15.648+0530 [DEBUG] [org.gradle.cache.internal.DefaultFileLockManager] Lock acquired on daemon addresses registry.
2024-10-09T11:26:15.648+0530 [DEBUG] [org.gradle.cache.internal.DefaultFileLockManager] Releasing lock on daemon addresses registry.
2024-10-09T11:26:25.636+0530 [DEBUG] [org.gradle.cache.internal.DefaultFileLockManager] Waiting to acquire shared lock on daemon addresses registry.
2024-10-09T11:26:25.637+0530 [DEBUG] [org.gradle.cache.internal.DefaultFileLockManager] Lock acquired on daemon addresses registry.
2024-10-09T11:26:25.637+0530 [DEBUG] [org.gradle.cache.internal.DefaultFileLockManager] Releasing lock on daemon addresses registry.
2024-10-09T11:26:25.639+0530 [DEBUG] [org.gradle.cache.internal.DefaultFileLockManager] Waiting to acquire shared lock on daemon addresses registry.
2024-10-09T11:26:25.639+0530 [DEBUG] [org.gradle.cache.internal.DefaultFileLockManager] Lock acquired on daemon addresses registry.
2024-10-09T11:26:25.639+0530 [DEBUG] [org.gradle.cache.internal.DefaultFileLockManager] Releasing lock on daemon addresses registry.
2024-10-09T11:26:25.640+0530 [DEBUG] [org.gradle.cache.internal.DefaultFileLockManager] Waiting to acquire shared lock on daemon addresses registry.
2024-10-09T11:26:25.641+0530 [DEBUG] [org.gradle.cache.internal.DefaultFileLockManager] Lock acquired on daemon addresses registry.
2024-10-09T11:26:25.641+0530 [DEBUG] [org.gradle.cache.internal.DefaultFileLockManager] Releasing lock on daemon addresses registry.
2024-10-09T11:26:35.644+0530 [DEBUG] [org.gradle.cache.internal.DefaultFileLockManager] Waiting to acquire shared lock on daemon addresses registry.
2024-10-09T11:26:35.644+0530 [DEBUG] [org.gradle.cache.internal.DefaultFileLockManager] Lock acquired on daemon addresses registry.
2024-10-09T11:26:35.645+0530 [DEBUG] [org.gradle.cache.internal.DefaultFileLockManager] Releasing lock on daemon addresses registry.
2024-10-09T11:26:35.646+0530 [DEBUG] [org.gradle.cache.internal.DefaultFileLockManager] Waiting to acquire shared lock on daemon addresses registry.
2024-10-09T11:26:35.646+0530 [DEBUG] [org.gradle.cache.internal.DefaultFileLockManager] Lock acquired on daemon addresses registry.
2024-10-09T11:26:35.647+0530 [DEBUG] [org.gradle.cache.internal.DefaultFileLockManager] Releasing lock on daemon addresses registry.
2024-10-09T11:26:35.647+0530 [DEBUG] [org.gradle.cache.internal.DefaultFileLockManager] Waiting to acquire shared lock on daemon addresses registry.
2024-10-09T11:26:35.648+0530 [DEBUG] [org.gradle.cache.internal.DefaultFileLockManager] Lock acquired on daemon addresses registry.
2024-10-09T11:26:35.648+0530 [DEBUG] [org.gradle.cache.internal.DefaultFileLockManager] Releasing lock on daemon addresses registry.
2024-10-09T11:26:45.641+0530 [DEBUG] [org.gradle.cache.internal.DefaultFileLockManager] Waiting to acquire shared lock on daemon addresses registry.
2024-10-09T11:26:45.641+0530 [DEBUG] [org.gradle.cache.internal.DefaultFileLockManager] Lock acquired on daemon addresses registry.
2024-10-09T11:26:45.641+0530 [DEBUG] [org.gradle.cache.internal.DefaultFileLockManager] Releasing lock on daemon addresses registry.
2024-10-09T11:26:45.642+0530 [DEBUG] [org.gradle.cache.internal.DefaultFileLockManager] Waiting to acquire shared lock on daemon addresses registry.
2024-10-09T11:26:45.642+0530 [DEBUG] [org.gradle.cache.internal.DefaultFileLockManager] Lock acquired on daemon addresses registry.
2024-10-09T11:26:45.642+0530 [DEBUG] [org.gradle.cache.internal.DefaultFileLockManager] Releasing lock on daemon addresses registry.
2024-10-09T11:26:45.642+0530 [DEBUG] [org.gradle.cache.internal.DefaultFileLockManager] Waiting to acquire shared lock on daemon addresses registry.
2024-10-09T11:26:45.642+0530 [DEBUG] [org.gradle.cache.internal.DefaultFileLockManager] Lock acquired on daemon addresses registry.
2024-10-09T11:26:45.642+0530 [DEBUG] [org.gradle.cache.internal.DefaultFileLockManager] Releasing lock on daemon addresses registry.
2024-10-09T11:26:55.633+0530 [DEBUG] [org.gradle.cache.internal.DefaultFileLockManager] Waiting to acquire shared lock on daemon addresses registry.
2024-10-09T11:26:55.634+0530 [DEBUG] [org.gradle.cache.internal.DefaultFileLockManager] Lock acquired on daemon addresses registry.
2024-10-09T11:26:55.634+0530 [DEBUG] [org.gradle.cache.internal.DefaultFileLockManager] Releasing lock on daemon addresses registry.
2024-10-09T11:26:55.635+0530 [DEBUG] [org.gradle.cache.internal.DefaultFileLockManager] Waiting to acquire shared lock on daemon addresses registry.
2024-10-09T11:26:55.636+0530 [DEBUG] [org.gradle.cache.internal.DefaultFileLockManager] Lock acquired on daemon addresses registry.
2024-10-09T11:26:55.636+0530 [DEBUG] [org.gradle.cache.internal.DefaultFileLockManager] Releasing lock on daemon addresses registry.
2024-10-09T11:26:55.637+0530 [DEBUG] [org.gradle.cache.internal.DefaultFileLockManager] Waiting to acquire shared lock on daemon addresses registry.
2024-10-09T11:26:55.637+0530 [DEBUG] [org.gradle.cache.internal.DefaultFileLockManager] Lock acquired on daemon addresses registry.
2024-10-09T11:26:55.638+0530 [DEBUG] [org.gradle.cache.internal.DefaultFileLockManager] Releasing lock on daemon addresses registry.
2024-10-09T11:27:05.643+0530 [DEBUG] [org.gradle.cache.internal.DefaultFileLockManager] Waiting to acquire shared lock on daemon addresses registry.
2024-10-09T11:27:05.643+0530 [DEBUG] [org.gradle.cache.internal.DefaultFileLockManager] Lock acquired on daemon addresses registry.
2024-10-09T11:27:05.643+0530 [DEBUG] [org.gradle.cache.internal.DefaultFileLockManager] Releasing lock on daemon addresses registry.
2024-10-09T11:27:05.645+0530 [DEBUG] [org.gradle.cache.internal.DefaultFileLockManager] Waiting to acquire shared lock on daemon addresses registry.
2024-10-09T11:27:05.645+0530 [DEBUG] [org.gradle.cache.internal.DefaultFileLockManager] Lock acquired on daemon addresses registry.
2024-10-09T11:27:05.645+0530 [DEBUG] [org.gradle.cache.internal.DefaultFileLockManager] Releasing lock on daemon addresses registry.
2024-10-09T11:27:05.646+0530 [DEBUG] [org.gradle.cache.internal.DefaultFileLockManager] Waiting to acquire shared lock on daemon addresses registry.
2024-10-09T11:27:05.646+0530 [DEBUG] [org.gradle.cache.internal.DefaultFileLockManager] Lock acquired on daemon addresses registry.
2024-10-09T11:27:05.647+0530 [DEBUG] [org.gradle.cache.internal.DefaultFileLockManager] Releasing lock on daemon addresses registry.
2024-10-09T11:27:15.637+0530 [DEBUG] [org.gradle.cache.internal.DefaultFileLockManager] Waiting to acquire shared lock on daemon addresses registry.
2024-10-09T11:27:15.637+0530 [DEBUG] [org.gradle.cache.internal.DefaultFileLockManager] Lock acquired on daemon addresses registry.
2024-10-09T11:27:15.637+0530 [DEBUG] [org.gradle.cache.internal.DefaultFileLockManager] Releasing lock on daemon addresses registry.
2024-10-09T11:27:15.639+0530 [DEBUG] [org.gradle.cache.internal.DefaultFileLockManager] Waiting to acquire shared lock on daemon addresses registry.
2024-10-09T11:27:15.639+0530 [DEBUG] [org.gradle.cache.internal.DefaultFileLockManager] Lock acquired on daemon addresses registry.
2024-10-09T11:27:15.639+0530 [DEBUG] [org.gradle.cache.internal.DefaultFileLockManager] Releasing lock on daemon addresses registry.
2024-10-09T11:27:15.640+0530 [DEBUG] [org.gradle.cache.internal.DefaultFileLockManager] Waiting to acquire shared lock on daemon addresses registry.
2024-10-09T11:27:15.641+0530 [DEBUG] [org.gradle.cache.internal.DefaultFileLockManager] Lock acquired on daemon addresses registry.
2024-10-09T11:27:15.641+0530 [DEBUG] [org.gradle.cache.internal.DefaultFileLockManager] Releasing lock on daemon addresses registry.
2024-10-09T11:27:21.730+0530 [DEBUG] [org.gradle.internal.remote.internal.inet.TcpIncomingConnector] Accepted connection from /127.0.0.1:54381 to /127.0.0.1:54159.
2024-10-09T11:27:21.736+0530 [DEBUG] [org.gradle.launcher.daemon.server.SynchronizedDispatchConnection] thread 141: received class org.gradle.launcher.daemon.protocol.Build
2024-10-09T11:27:21.737+0530 [DEBUG] [org.gradle.launcher.daemon.server.DefaultDaemonConnection] thread 141: Received non-IO message from client: Build{id=4c767d3b-b5be-4971-b4ce-f86aaad35c97, currentDir=C:\Users\Prerana Shelke\Downloads\Android-Attendance-App-2023}
2024-10-09T11:27:21.737+0530 [INFO] [org.gradle.launcher.daemon.server.DefaultIncomingConnectionHandler] Received command: Build{id=4c767d3b-b5be-4971-b4ce-f86aaad35c97, currentDir=C:\Users\Prerana Shelke\Downloads\Android-Attendance-App-2023}.
2024-10-09T11:27:21.737+0530 [DEBUG] [org.gradle.launcher.daemon.server.DefaultIncomingConnectionHandler] Starting executing command: Build{id=4c767d3b-b5be-4971-b4ce-f86aaad35c97, currentDir=C:\Users\Prerana Shelke\Downloads\Android-Attendance-App-2023} with connection: socket connection from /127.0.0.1:54159 to /127.0.0.1:54381.
2024-10-09T11:27:21.738+0530 [DEBUG] [org.gradle.launcher.daemon.server.DaemonStateCoordinator] Command execution: started DaemonCommandExecution[command = Build{id=4c767d3b-b5be-4971-b4ce-f86aaad35c97, currentDir=C:\Users\Prerana Shelke\Downloads\Android-Attendance-App-2023}, connection = DefaultDaemonConnection: socket connection from /127.0.0.1:54159 to /127.0.0.1:54381] after 8.0 minutes of idle
2024-10-09T11:27:21.738+0530 [INFO] [org.gradle.launcher.daemon.server.DaemonRegistryUpdater] Marking the daemon as busy, address: [71d03e30-3071-4a95-bea8-f176f2b352cf port:54159, addresses:[localhost/127.0.0.1]]
2024-10-09T11:27:21.738+0530 [DEBUG] [org.gradle.launcher.daemon.registry.PersistentDaemonRegistry] Marking busy by address: [71d03e30-3071-4a95-bea8-f176f2b352cf port:54159, addresses:[localhost/127.0.0.1]]
2024-10-09T11:27:21.739+0530 [DEBUG] [org.gradle.cache.internal.DefaultFileLockManager] Waiting to acquire exclusive lock on daemon addresses registry.
2024-10-09T11:27:21.740+0530 [DEBUG] [org.gradle.cache.internal.DefaultFileLockManager] Lock acquired on daemon addresses registry.
2024-10-09T11:27:21.742+0530 [DEBUG] [org.gradle.cache.internal.DefaultFileLockManager] Releasing lock on daemon addresses registry.
2024-10-09T11:27:21.744+0530 [DEBUG] [org.gradle.launcher.daemon.server.DaemonStateCoordinator] resetting idle timer
2024-10-09T11:27:21.744+0530 [DEBUG] [org.gradle.launcher.daemon.server.DaemonStateCoordinator] daemon is running. Sleeping until state changes.
2024-10-09T11:27:21.745+0530 [INFO] [org.gradle.launcher.daemon.server.exec.StartBuildOrRespondWithBusy] Daemon is about to start building Build{id=4c767d3b-b5be-4971-b4ce-f86aaad35c97, currentDir=C:\Users\Prerana Shelke\Downloads\Android-Attendance-App-2023}. Dispatching build started information...
2024-10-09T11:27:21.745+0530 [DEBUG] [org.gradle.launcher.daemon.server.SynchronizedDispatchConnection] thread 143: dispatching org.gradle.launcher.daemon.protocol.BuildStarted@726b2349
2024-10-09T11:27:21.747+0530 [DEBUG] [org.gradle.launcher.daemon.server.SynchronizedDispatchConnection] thread 141: received class org.gradle.launcher.daemon.protocol.CloseInput
2024-10-09T11:27:21.747+0530 [DEBUG] [org.gradle.launcher.daemon.server.exec.EstablishBuildEnvironment] Configuring env variables: [USERDOMAIN_ROAMINGPROFILE, IGCCSVC_DB, LOCALAPPDATA, PROCESSOR_LEVEL, USERDOMAIN, LOGONSERVER, FPS_BROWSER_APP_PROFILE_STRING, SESSIONNAME, ALLUSERSPROFILE, PROCESSOR_ARCHITECTURE, PSModulePath, SystemDrive, OneDrive, APPDATA, USERNAME, ProgramFiles(x86), CommonProgramFiles, Path, FPS_BROWSER_USER_PROFILE_STRING, PyCharm, PATHEXT, DriverData, OS, OneDriveConsumer, COMPUTERNAME, PROCESSOR_REVISION, CommonProgramW6432, ComSpec, ProgramData, ProgramW6432, TEMP, HOMEPATH, SystemRoot, PROCESSOR_IDENTIFIER, HOMEDRIVE, USERPROFILE, TMP, POWERSHELL_DISTRIBUTION_CHANNEL, CommonProgramFiles(x86), ProgramFiles, PUBLIC, windir, NUMBER_OF_PROCESSORS, EFC_13940, =::, ZES_ENABLE_SYSMAN]
2024-10-09T11:27:21.747+0530 [DEBUG] [org.gradle.launcher.daemon.server.DefaultDaemonConnection] thread 141: Received IO message from client: org.gradle.launcher.daemon.protocol.CloseInput@7c6d200e
2024-10-09T11:27:21.749+0530 [DEBUG] [org.gradle.launcher.daemon.server.exec.LogToClient] About to start relaying all logs to the client via the connection.
2024-10-09T11:27:21.749+0530 [INFO] [org.gradle.launcher.daemon.server.exec.LogToClient] The client will now receive all logging from the daemon (pid: 16900). The daemon log file: C:\Users\Prerana Shelke\Downloads\Android-Attendance-App-2023\daemon\7.2\daemon-16900.out.log
2024-10-09T11:27:21.751+0530 [INFO] [org.gradle.launcher.daemon.server.exec.LogAndCheckHealth] Starting 2nd build in daemon [uptime: 8 mins 36.746 secs, performance: 99%, non-heap usage: 33% of 256 MiB]
2024-10-09T11:27:21.751+0530 [DEBUG] [org.gradle.launcher.daemon.server.exec.ExecuteBuild] The daemon has started executing the build.
2024-10-09T11:27:21.751+0530 [INFO] [org.gradle.launcher.daemon.server.exec.ForwardClientInput] Closing daemon's stdin at end of input.
2024-10-09T11:27:21.751+0530 [DEBUG] [org.gradle.launcher.daemon.server.exec.ExecuteBuild] Executing build with daemon context: DefaultDaemonContext[uid=98a9e733-2f0d-43ff-ba52-ad8f37b5199c,javaHome=C:\Users\Prerana Shelke\.jdks\corretto-11.0.24,daemonRegistryDir=C:\Users\Prerana Shelke\Downloads\Android-Attendance-App-2023\daemon,pid=16900,idleTimeout=10800000,priority=NORMAL,daemonOpts=--add-opens,java.base/java.util=ALL-UNNAMED,--add-opens,java.base/java.lang=ALL-UNNAMED,--add-opens,java.base/java.lang.invoke=ALL-UNNAMED,--add-opens,java.base/java.util=ALL-UNNAMED,--add-opens,java.prefs/java.util.prefs=ALL-UNNAMED,--add-opens,java.prefs/java.util.prefs=ALL-UNNAMED,--add-opens,java.base/java.nio.charset=ALL-UNNAMED,--add-opens,java.base/java.net=ALL-UNNAMED,--add-opens,java.base/java.util.concurrent.atomic=ALL-UNNAMED,-XX:MaxMetaspaceSize=256m,-XX:+HeapDumpOnOutOfMemoryError,-Xms256m,-Xmx512m,-Dfile.encoding=UTF-8,-Duser.country=IN,-Duser.language=en,-Duser.variant]
2024-10-09T11:27:21.751+0530 [INFO] [org.gradle.launcher.daemon.server.exec.ForwardClientInput] The daemon will no longer process any standard input.
AGPBI: {"kind":"warning","text":"We recommend using a newer Android Gradle plugin to use compileSdk = 33\n\nThis Android Gradle plugin (7.1.1) was tested up to compileSdk = 32\n\nThis warning can be suppressed by adding\n    android.suppressUnsupportedCompileSdk=33\nto this project's gradle.properties\n\nThe build will continue, but you are strongly encouraged to update your project to\nuse a newer Android Gradle Plugin that has been tested with compileSdk = 33","sources":[{}]}

Deprecated Gradle features were used in this build, making it incompatible with Gradle 8.0.

You can use '--warning-mode all' to show the individual deprecation warnings and determine if they come from your own scripts or plugins.

See https://docs.gradle.org/7.2/userguide/command_line_interface.html#sec:command_line_warnings

BUILD SUCCESSFUL in 3s
28 actionable tasks: 1 executed, 27 up-to-date
2024-10-09T11:27:25.668+0530 [DEBUG] [org.gradle.launcher.daemon.server.exec.ExecuteBuild] The daemon has finished executing the build.
2024-10-09T11:27:25.688+0530 [DEBUG] [org.gradle.launcher.daemon.server.DaemonStateCoordinator] Command execution: finished waiting for DaemonCommandExecution[command = Build{id=4c767d3b-b5be-4971-b4ce-f86aaad35c97, currentDir=C:\Users\Prerana Shelke\Downloads\Android-Attendance-App-2023}, connection = DefaultDaemonConnection: socket connection from /127.0.0.1:54159 to /127.0.0.1:54381]. Result org.gradle.launcher.daemon.server.DaemonStateCoordinator@50283895 with state Busy
2024-10-09T11:27:25.688+0530 [DEBUG] [org.gradle.launcher.daemon.server.DaemonStateCoordinator] Command execution: completed DaemonCommandExecution[command = Build{id=4c767d3b-b5be-4971-b4ce-f86aaad35c97, currentDir=C:\Users\Prerana Shelke\Downloads\Android-Attendance-App-2023}, connection = DefaultDaemonConnection: socket connection from /127.0.0.1:54159 to /127.0.0.1:54381]
2024-10-09T11:27:25.688+0530 [DEBUG] [org.gradle.launcher.daemon.server.DaemonStateCoordinator] resetting idle timer
2024-10-09T11:27:25.688+0530 [INFO] [org.gradle.launcher.daemon.server.DaemonRegistryUpdater] Marking the daemon as idle, address: [71d03e30-3071-4a95-bea8-f176f2b352cf port:54159, addresses:[localhost/127.0.0.1]]
2024-10-09T11:27:25.688+0530 [DEBUG] [org.gradle.launcher.daemon.registry.PersistentDaemonRegistry] Marking busy by address: [71d03e30-3071-4a95-bea8-f176f2b352cf port:54159, addresses:[localhost/127.0.0.1]]
2024-10-09T11:27:25.689+0530 [DEBUG] [org.gradle.cache.internal.DefaultFileLockManager] Waiting to acquire exclusive lock on daemon addresses registry.
2024-10-09T11:27:25.690+0530 [DEBUG] [org.gradle.cache.internal.DefaultFileLockManager] Lock acquired on daemon addresses registry.
2024-10-09T11:27:25.692+0530 [DEBUG] [org.gradle.cache.internal.DefaultFileLockManager] Releasing lock on daemon addresses registry.
2024-10-09T11:27:25.693+0530 [DEBUG] [org.gradle.launcher.daemon.server.exec.ReturnResult] Daemon is dispatching the build result: Success[value=org.gradle.launcher.exec.BuildActionResult@40b42559]
2024-10-09T11:27:25.693+0530 [DEBUG] [org.gradle.launcher.daemon.server.DaemonStateCoordinator] daemon is running. Sleeping until state changes.
2024-10-09T11:27:25.693+0530 [DEBUG] [org.gradle.launcher.daemon.server.SynchronizedDispatchConnection] thread 140: dispatching Success[value=org.gradle.launcher.exec.BuildActionResult@40b42559]
2024-10-09T11:27:25.693+0530 [DEBUG] [org.gradle.launcher.daemon.server.DefaultIncomingConnectionHandler] Finishing executing command: Build{id=4c767d3b-b5be-4971-b4ce-f86aaad35c97, currentDir=C:\Users\Prerana Shelke\Downloads\Android-Attendance-App-2023}
2024-10-09T11:27:25.694+0530 [DEBUG] [org.gradle.launcher.daemon.server.SynchronizedDispatchConnection] thread 141: received class org.gradle.launcher.daemon.protocol.Finished
2024-10-09T11:27:25.694+0530 [DEBUG] [org.gradle.launcher.daemon.server.DefaultDaemonConnection] thread 141: Received non-IO message from client: org.gradle.launcher.daemon.protocol.Finished@72aad1f3
2024-10-09T11:27:25.694+0530 [DEBUG] [org.gradle.launcher.daemon.server.DefaultIncomingConnectionHandler] Received finished message: org.gradle.launcher.daemon.protocol.Finished@72aad1f3
2024-10-09T11:27:25.694+0530 [DEBUG] [org.gradle.launcher.daemon.server.SynchronizedDispatchConnection] thread 140: stopping connection
2024-10-09T11:27:25.694+0530 [DEBUG] [org.gradle.internal.remote.internal.inet.SocketConnection] Discarding EOFException: java.io.EOFException
2024-10-09T11:27:25.695+0530 [DEBUG] [org.gradle.launcher.daemon.server.SynchronizedDispatchConnection] thread 141: received null
2024-10-09T11:27:25.695+0530 [DEBUG] [org.gradle.launcher.daemon.server.DefaultDaemonConnection] thread 141: Received end-of-input from client.
2024-10-09T11:27:25.696+0530 [DEBUG] [org.gradle.launcher.daemon.server.SynchronizedDispatchConnection] thread 140: stopping connection
2024-10-09T11:27:27.373+0530 [DEBUG] [org.gradle.process.internal.health.memory.DefaultMemoryManager] 831603097 memory requested, 756649984 free
2024-10-09T11:27:27.373+0530 [DEBUG] [org.gradle.workers.internal.WorkerDaemonExpiration] Will attempt to release 793 of memory
2024-10-09T11:27:27.373+0530 [DEBUG] [org.gradle.process.internal.health.memory.DefaultMemoryManager] 831603097 memory requested, 0 released, 756649984 free
2024-10-09T11:27:32.382+0530 [DEBUG] [org.gradle.process.internal.health.memory.DefaultMemoryManager] 831603097 memory requested, 457637888 free
2024-10-09T11:27:32.382+0530 [DEBUG] [org.gradle.workers.internal.WorkerDaemonExpiration] Will attempt to release 793 of memory
2024-10-09T11:27:32.382+0530 [DEBUG] [org.gradle.process.internal.health.memory.DefaultMemoryManager] 831603097 memory requested, 0 released, 457637888 free
2024-10-09T11:27:35.633+0530 [DEBUG] [org.gradle.cache.internal.DefaultFileLockManager] Waiting to acquire shared lock on daemon addresses registry.
2024-10-09T11:27:35.633+0530 [DEBUG] [org.gradle.cache.internal.DefaultFileLockManager] Lock acquired on daemon addresses registry.
2024-10-09T11:27:35.635+0530 [DEBUG] [org.gradle.cache.internal.DefaultFileLockManager] Releasing lock on daemon addresses registry.
2024-10-09T11:27:35.636+0530 [DEBUG] [org.gradle.cache.internal.DefaultFileLockManager] Waiting to acquire shared lock on daemon addresses registry.
2024-10-09T11:27:35.636+0530 [DEBUG] [org.gradle.cache.internal.DefaultFileLockManager] Lock acquired on daemon addresses registry.
2024-10-09T11:27:35.637+0530 [DEBUG] [org.gradle.cache.internal.DefaultFileLockManager] Releasing lock on daemon addresses registry.
2024-10-09T11:27:37.389+0530 [DEBUG] [org.gradle.process.internal.health.memory.DefaultMemoryManager] 831603097 memory requested, 395276288 free
2024-10-09T11:27:37.389+0530 [DEBUG] [org.gradle.workers.internal.WorkerDaemonExpiration] Will attempt to release 793 of memory
2024-10-09T11:27:37.389+0530 [DEBUG] [org.gradle.process.internal.health.memory.DefaultMemoryManager] 831603097 memory requested, 0 released, 395276288 free
2024-10-09T11:27:42.389+0530 [DEBUG] [org.gradle.process.internal.health.memory.DefaultMemoryManager] 831603097 memory requested, 302239744 free
2024-10-09T11:27:42.389+0530 [DEBUG] [org.gradle.workers.internal.WorkerDaemonExpiration] Will attempt to release 793 of memory
2024-10-09T11:27:42.389+0530 [DEBUG] [org.gradle.process.internal.health.memory.DefaultMemoryManager] 831603097 memory requested, 0 released, 302239744 free
2024-10-09T11:27:45.631+0530 [DEBUG] [org.gradle.cache.internal.DefaultFileLockManager] Waiting to acquire shared lock on daemon addresses registry.
2024-10-09T11:27:45.632+0530 [DEBUG] [org.gradle.cache.internal.DefaultFileLockManager] Lock acquired on daemon addresses registry.
2024-10-09T11:27:45.632+0530 [DEBUG] [org.gradle.cache.internal.DefaultFileLockManager] Releasing lock on daemon addresses registry.
2024-10-09T11:27:45.633+0530 [DEBUG] [org.gradle.cache.internal.DefaultFileLockManager] Waiting to acquire shared lock on daemon addresses registry.
2024-10-09T11:27:45.633+0530 [DEBUG] [org.gradle.cache.internal.DefaultFileLockManager] Lock acquired on daemon addresses registry.
2024-10-09T11:27:45.634+0530 [DEBUG] [org.gradle.cache.internal.DefaultFileLockManager] Releasing lock on daemon addresses registry.
2024-10-09T11:27:45.634+0530 [DEBUG] [org.gradle.cache.internal.DefaultFileLockManager] Waiting to acquire shared lock on daemon addresses registry.
2024-10-09T11:27:45.635+0530 [DEBUG] [org.gradle.cache.internal.DefaultFileLockManager] Lock acquired on daemon addresses registry.
2024-10-09T11:27:45.635+0530 [DEBUG] [org.gradle.cache.internal.DefaultFileLockManager] Releasing lock on daemon addresses registry.
2024-10-09T11:27:47.388+0530 [DEBUG] [org.gradle.process.internal.health.memory.DefaultMemoryManager] 831603097 memory requested, 343248896 free
2024-10-09T11:27:47.388+0530 [DEBUG] [org.gradle.workers.internal.WorkerDaemonExpiration] Will attempt to release 793 of memory
2024-10-09T11:27:47.388+0530 [DEBUG] [org.gradle.process.internal.health.memory.DefaultMemoryManager] 831603097 memory requested, 0 released, 343248896 free
2024-10-09T11:27:52.384+0530 [DEBUG] [org.gradle.process.internal.health.memory.DefaultMemoryManager] 831603097 memory requested, 300806144 free
2024-10-09T11:27:52.384+0530 [DEBUG] [org.gradle.workers.internal.WorkerDaemonExpiration] Will attempt to release 793 of memory
2024-10-09T11:27:52.384+0530 [DEBUG] [org.gradle.process.internal.health.memory.DefaultMemoryManager] 831603097 memory requested, 0 released, 300806144 free
2024-10-09T11:27:55.644+0530 [DEBUG] [org.gradle.cache.internal.DefaultFileLockManager] Waiting to acquire shared lock on daemon addresses registry.
2024-10-09T11:27:55.644+0530 [DEBUG] [org.gradle.cache.internal.DefaultFileLockManager] Lock acquired on daemon addresses registry.
2024-10-09T11:27:55.645+0530 [DEBUG] [org.gradle.cache.internal.DefaultFileLockManager] Releasing lock on daemon addresses registry.
2024-10-09T11:27:55.646+0530 [DEBUG] [org.gradle.cache.internal.DefaultFileLockManager] Waiting to acquire shared lock on daemon addresses registry.
2024-10-09T11:27:55.647+0530 [DEBUG] [org.gradle.cache.internal.DefaultFileLockManager] Lock acquired on daemon addresses registry.
2024-10-09T11:27:55.647+0530 [DEBUG] [org.gradle.cache.internal.DefaultFileLockManager] Releasing lock on daemon addresses registry.
2024-10-09T11:27:55.648+0530 [DEBUG] [org.gradle.cache.internal.DefaultFileLockManager] Waiting to acquire shared lock on daemon addresses registry.
2024-10-09T11:27:55.648+0530 [DEBUG] [org.gradle.cache.internal.DefaultFileLockManager] Lock acquired on daemon addresses registry.
2024-10-09T11:27:55.648+0530 [DEBUG] [org.gradle.cache.internal.DefaultFileLockManager] Releasing lock on daemon addresses registry.
2024-10-09T11:27:57.386+0530 [DEBUG] [org.gradle.process.internal.health.memory.DefaultMemoryManager] 831603097 memory requested, 283660288 free
2024-10-09T11:27:57.386+0530 [DEBUG] [org.gradle.workers.internal.WorkerDaemonExpiration] Will attempt to release 793 of memory
2024-10-09T11:27:57.386+0530 [DEBUG] [org.gradle.process.internal.health.memory.DefaultMemoryManager] 831603097 memory requested, 0 released, 283660288 free
2024-10-09T11:28:02.381+0530 [DEBUG] [org.gradle.process.internal.health.memory.DefaultMemoryManager] 831603097 memory requested, 263905280 free
2024-10-09T11:28:02.381+0530 [DEBUG] [org.gradle.workers.internal.WorkerDaemonExpiration] Will attempt to release 793 of memory
2024-10-09T11:28:02.381+0530 [DEBUG] [org.gradle.process.internal.health.memory.DefaultMemoryManager] 831603097 memory requested, 0 released, 263905280 free
2024-10-09T11:28:05.635+0530 [DEBUG] [org.gradle.cache.internal.DefaultFileLockManager] Waiting to acquire shared lock on daemon addresses registry.
2024-10-09T11:28:05.635+0530 [DEBUG] [org.gradle.cache.internal.DefaultFileLockManager] Lock acquired on daemon addresses registry.
2024-10-09T11:28:05.637+0530 [DEBUG] [org.gradle.cache.internal.DefaultFileLockManager] Releasing lock on daemon addresses registry.
2024-10-09T11:28:05.637+0530 [DEBUG] [org.gradle.cache.internal.DefaultFileLockManager] Waiting to acquire shared lock on daemon addresses registry.
2024-10-09T11:28:05.637+0530 [DEBUG] [org.gradle.cache.internal.DefaultFileLockManager] Lock acquired on daemon addresses registry.
2024-10-09T11:28:05.638+0530 [DEBUG] [org.gradle.cache.internal.DefaultFileLockManager] Releasing lock on daemon addresses registry.
2024-10-09T11:28:05.638+0530 [DEBUG] [org.gradle.cache.internal.DefaultFileLockManager] Waiting to acquire shared lock on daemon addresses registry.
2024-10-09T11:28:05.638+0530 [DEBUG] [org.gradle.cache.internal.DefaultFileLockManager] Lock acquired on daemon addresses registry.
2024-10-09T11:28:05.638+0530 [DEBUG] [org.gradle.cache.internal.DefaultFileLockManager] Releasing lock on daemon addresses registry.
2024-10-09T11:28:07.389+0530 [DEBUG] [org.gradle.process.internal.health.memory.DefaultMemoryManager] 831603097 memory requested, 252542976 free
2024-10-09T11:28:07.389+0530 [DEBUG] [org.gradle.workers.internal.WorkerDaemonExpiration] Will attempt to release 793 of memory
2024-10-09T11:28:07.389+0530 [DEBUG] [org.gradle.process.internal.health.memory.DefaultMemoryManager] 831603097 memory requested, 0 released, 252542976 free
2024-10-09T11:28:12.378+0530 [DEBUG] [org.gradle.process.internal.health.memory.DefaultMemoryManager] 831603097 memory requested, 238501888 free
2024-10-09T11:28:12.379+0530 [DEBUG] [org.gradle.workers.internal.WorkerDaemonExpiration] Will attempt to release 793 of memory
2024-10-09T11:28:12.379+0530 [DEBUG] [org.gradle.process.internal.health.memory.DefaultMemoryManager] 831603097 memory requested, 0 released, 238501888 free
2024-10-09T11:28:15.630+0530 [DEBUG] [org.gradle.cache.internal.DefaultFileLockManager] Waiting to acquire shared lock on daemon addresses registry.
2024-10-09T11:28:15.630+0530 [DEBUG] [org.gradle.cache.internal.DefaultFileLockManager] Lock acquired on daemon addresses registry.
2024-10-09T11:28:15.630+0530 [DEBUG] [org.gradle.cache.internal.DefaultFileLockManager] Releasing lock on daemon addresses registry.
2024-10-09T11:28:15.631+0530 [DEBUG] [org.gradle.cache.internal.DefaultFileLockManager] Waiting to acquire shared lock on daemon addresses registry.
2024-10-09T11:28:15.631+0530 [DEBUG] [org.gradle.cache.internal.DefaultFileLockManager] Lock acquired on daemon addresses registry.
2024-10-09T11:28:15.632+0530 [DEBUG] [org.gradle.cache.internal.DefaultFileLockManager] Releasing lock on daemon addresses registry.
2024-10-09T11:28:15.632+0530 [DEBUG] [org.gradle.cache.internal.DefaultFileLockManager] Waiting to acquire shared lock on daemon addresses registry.
2024-10-09T11:28:15.632+0530 [DEBUG] [org.gradle.cache.internal.DefaultFileLockManager] Lock acquired on daemon addresses registry.
2024-10-09T11:28:15.632+0530 [DEBUG] [org.gradle.cache.internal.DefaultFileLockManager] Releasing lock on daemon addresses registry.
2024-10-09T11:28:17.391+0530 [DEBUG] [org.gradle.process.internal.health.memory.DefaultMemoryManager] 831603097 memory requested, 541208576 free
2024-10-09T11:28:17.391+0530 [DEBUG] [org.gradle.workers.internal.WorkerDaemonExpiration] Will attempt to release 793 of memory
2024-10-09T11:28:17.391+0530 [DEBUG] [org.gradle.process.internal.health.memory.DefaultMemoryManager] 831603097 memory requested, 0 released, 541208576 free
2024-10-09T11:28:22.382+0530 [DEBUG] [org.gradle.process.internal.health.memory.DefaultMemoryManager] 831603097 memory requested, 481308672 free
2024-10-09T11:28:22.382+0530 [DEBUG] [org.gradle.workers.internal.WorkerDaemonExpiration] Will attempt to release 793 of memory
2024-10-09T11:28:22.382+0530 [DEBUG] [org.gradle.process.internal.health.memory.DefaultMemoryManager] 831603097 memory requested, 0 released, 481308672 free
2024-10-09T11:28:25.632+0530 [DEBUG] [org.gradle.cache.internal.DefaultFileLockManager] Waiting to acquire shared lock on daemon addresses registry.
2024-10-09T11:28:25.632+0530 [DEBUG] [org.gradle.cache.internal.DefaultFileLockManager] Lock acquired on daemon addresses registry.
2024-10-09T11:28:25.633+0530 [DEBUG] [org.gradle.cache.internal.DefaultFileLockManager] Releasing lock on daemon addresses registry.
2024-10-09T11:28:25.636+0530 [DEBUG] [org.gradle.cache.internal.DefaultFileLockManager] Waiting to acquire shared lock on daemon addresses registry.
2024-10-09T11:28:25.636+0530 [DEBUG] [org.gradle.cache.internal.DefaultFileLockManager] Lock acquired on daemon addresses registry.
2024-10-09T11:28:25.637+0530 [DEBUG] [org.gradle.cache.internal.DefaultFileLockManager] Releasing lock on daemon addresses registry.
2024-10-09T11:28:25.638+0530 [DEBUG] [org.gradle.cache.internal.DefaultFileLockManager] Waiting to acquire shared lock on daemon addresses registry.
2024-10-09T11:28:25.638+0530 [DEBUG] [org.gradle.cache.internal.DefaultFileLockManager] Lock acquired on daemon addresses registry.
2024-10-09T11:28:25.638+0530 [DEBUG] [org.gradle.cache.internal.DefaultFileLockManager] Releasing lock on daemon addresses registry.
2024-10-09T11:28:27.390+0530 [DEBUG] [org.gradle.process.internal.health.memory.DefaultMemoryManager] 831603097 memory requested, 462802944 free
2024-10-09T11:28:27.390+0530 [DEBUG] [org.gradle.workers.internal.WorkerDaemonExpiration] Will attempt to release 793 of memory
2024-10-09T11:28:27.390+0530 [DEBUG] [org.gradle.process.internal.health.memory.DefaultMemoryManager] 831603097 memory requested, 0 released, 462802944 free
2024-10-09T11:28:32.386+0530 [DEBUG] [org.gradle.process.internal.health.memory.DefaultMemoryManager] 831603097 memory requested, 437313536 free
2024-10-09T11:28:32.386+0530 [DEBUG] [org.gradle.workers.internal.WorkerDaemonExpiration] Will attempt to release 793 of memory
2024-10-09T11:28:32.386+0530 [DEBUG] [org.gradle.process.internal.health.memory.DefaultMemoryManager] 831603097 memory requested, 0 released, 437313536 free
2024-10-09T11:28:35.645+0530 [DEBUG] [org.gradle.cache.internal.DefaultFileLockManager] Waiting to acquire shared lock on daemon addresses registry.
2024-10-09T11:28:35.645+0530 [DEBUG] [org.gradle.cache.internal.DefaultFileLockManager] Lock acquired on daemon addresses registry.
2024-10-09T11:28:35.645+0530 [DEBUG] [org.gradle.cache.internal.DefaultFileLockManager] Releasing lock on daemon addresses registry.
2024-10-09T11:28:35.646+0530 [DEBUG] [org.gradle.cache.internal.DefaultFileLockManager] Waiting to acquire shared lock on daemon addresses registry.
2024-10-09T11:28:35.647+0530 [DEBUG] [org.gradle.cache.internal.DefaultFileLockManager] Lock acquired on daemon addresses registry.
2024-10-09T11:28:35.647+0530 [DEBUG] [org.gradle.cache.internal.DefaultFileLockManager] Releasing lock on daemon addresses registry.
2024-10-09T11:28:35.648+0530 [DEBUG] [org.gradle.cache.internal.DefaultFileLockManager] Waiting to acquire shared lock on daemon addresses registry.
2024-10-09T11:28:35.648+0530 [DEBUG] [org.gradle.cache.internal.DefaultFileLockManager] Lock acquired on daemon addresses registry.
2024-10-09T11:28:35.648+0530 [DEBUG] [org.gradle.cache.internal.DefaultFileLockManager] Releasing lock on daemon addresses registry.
2024-10-09T11:28:37.380+0530 [DEBUG] [org.gradle.process.internal.health.memory.DefaultMemoryManager] 831603097 memory requested, 462020608 free
2024-10-09T11:28:37.380+0530 [DEBUG] [org.gradle.workers.internal.WorkerDaemonExpiration] Will attempt to release 793 of memory
2024-10-09T11:28:37.380+0530 [DEBUG] [org.gradle.process.internal.health.memory.DefaultMemoryManager] 831603097 memory requested, 0 released, 462020608 free
2024-10-09T11:28:42.393+0530 [DEBUG] [org.gradle.process.internal.health.memory.DefaultMemoryManager] 831603097 memory requested, 429375488 free
2024-10-09T11:28:42.393+0530 [DEBUG] [org.gradle.workers.internal.WorkerDaemonExpiration] Will attempt to release 793 of memory
2024-10-09T11:28:42.394+0530 [DEBUG] [org.gradle.process.internal.health.memory.DefaultMemoryManager] 831603097 memory requested, 0 released, 429375488 free
2024-10-09T11:28:45.635+0530 [DEBUG] [org.gradle.cache.internal.DefaultFileLockManager] Waiting to acquire shared lock on daemon addresses registry.
2024-10-09T11:28:45.635+0530 [DEBUG] [org.gradle.cache.internal.DefaultFileLockManager] Lock acquired on daemon addresses registry.
2024-10-09T11:28:45.636+0530 [DEBUG] [org.gradle.cache.internal.DefaultFileLockManager] Releasing lock on daemon addresses registry.
2024-10-09T11:28:45.637+0530 [DEBUG] [org.gradle.cache.internal.DefaultFileLockManager] Waiting to acquire shared lock on daemon addresses registry.
2024-10-09T11:28:45.637+0530 [DEBUG] [org.gradle.cache.internal.DefaultFileLockManager] Lock acquired on daemon addresses registry.
2024-10-09T11:28:45.638+0530 [DEBUG] [org.gradle.cache.internal.DefaultFileLockManager] Releasing lock on daemon addresses registry.
2024-10-09T11:28:45.638+0530 [DEBUG] [org.gradle.cache.internal.DefaultFileLockManager] Waiting to acquire shared lock on daemon addresses registry.
2024-10-09T11:28:45.638+0530 [DEBUG] [org.gradle.cache.internal.DefaultFileLockManager] Lock acquired on daemon addresses registry.
2024-10-09T11:28:45.639+0530 [DEBUG] [org.gradle.cache.internal.DefaultFileLockManager] Releasing lock on daemon addresses registry.
2024-10-09T11:28:47.379+0530 [DEBUG] [org.gradle.process.internal.health.memory.DefaultMemoryManager] 831603097 memory requested, 401862656 free
2024-10-09T11:28:47.379+0530 [DEBUG] [org.gradle.workers.internal.WorkerDaemonExpiration] Will attempt to release 793 of memory
2024-10-09T11:28:47.379+0530 [DEBUG] [org.gradle.process.internal.health.memory.DefaultMemoryManager] 831603097 memory requested, 0 released, 401862656 free
2024-10-09T11:28:52.378+0530 [DEBUG] [org.gradle.process.internal.health.memory.DefaultMemoryManager] 831603097 memory requested, 410755072 free
2024-10-09T11:28:52.378+0530 [DEBUG] [org.gradle.workers.internal.WorkerDaemonExpiration] Will attempt to release 793 of memory
2024-10-09T11:28:52.378+0530 [DEBUG] [org.gradle.process.internal.health.memory.DefaultMemoryManager] 831603097 memory requested, 0 released, 410755072 free
2024-10-09T11:28:55.636+0530 [DEBUG] [org.gradle.cache.internal.DefaultFileLockManager] Waiting to acquire shared lock on daemon addresses registry.
2024-10-09T11:28:55.636+0530 [DEBUG] [org.gradle.cache.internal.DefaultFileLockManager] Lock acquired on daemon addresses registry.
2024-10-09T11:28:55.636+0530 [DEBUG] [org.gradle.cache.internal.DefaultFileLockManager] Releasing lock on daemon addresses registry.
2024-10-09T11:28:55.637+0530 [DEBUG] [org.gradle.cache.internal.DefaultFileLockManager] Waiting to acquire shared lock on daemon addresses registry.
2024-10-09T11:28:55.638+0530 [DEBUG] [org.gradle.cache.internal.DefaultFileLockManager] Lock acquired on daemon addresses registry.
2024-10-09T11:28:55.638+0530 [DEBUG] [org.gradle.cache.internal.DefaultFileLockManager] Releasing lock on daemon addresses registry.
2024-10-09T11:28:55.639+0530 [DEBUG] [org.gradle.cache.internal.DefaultFileLockManager] Waiting to acquire shared lock on daemon addresses registry.
2024-10-09T11:28:55.639+0530 [DEBUG] [org.gradle.cache.internal.DefaultFileLockManager] Lock acquired on daemon addresses registry.
2024-10-09T11:28:55.639+0530 [DEBUG] [org.gradle.cache.internal.DefaultFileLockManager] Releasing lock on daemon addresses registry.
2024-10-09T11:28:57.377+0530 [DEBUG] [org.gradle.process.internal.health.memory.DefaultMemoryManager] 831603097 memory requested, 397201408 free
2024-10-09T11:28:57.378+0530 [DEBUG] [org.gradle.workers.internal.WorkerDaemonExpiration] Will attempt to release 793 of memory
2024-10-09T11:28:57.378+0530 [DEBUG] [org.gradle.process.internal.health.memory.DefaultMemoryManager] 831603097 memory requested, 0 released, 397201408 free
2024-10-09T11:29:02.390+0530 [DEBUG] [org.gradle.process.internal.health.memory.DefaultMemoryManager] 831603097 memory requested, 390438912 free
2024-10-09T11:29:02.390+0530 [DEBUG] [org.gradle.workers.internal.WorkerDaemonExpiration] Will attempt to release 793 of memory
2024-10-09T11:29:02.390+0530 [DEBUG] [org.gradle.process.internal.health.memory.DefaultMemoryManager] 831603097 memory requested, 0 released, 390438912 free
2024-10-09T11:29:05.636+0530 [DEBUG] [org.gradle.cache.internal.DefaultFileLockManager] Waiting to acquire shared lock on daemon addresses registry.
2024-10-09T11:29:05.636+0530 [DEBUG] [org.gradle.cache.internal.DefaultFileLockManager] Lock acquired on daemon addresses registry.
2024-10-09T11:29:05.637+0530 [DEBUG] [org.gradle.cache.internal.DefaultFileLockManager] Releasing lock on daemon addresses registry.
2024-10-09T11:29:05.638+0530 [DEBUG] [org.gradle.cache.internal.DefaultFileLockManager] Waiting to acquire shared lock on daemon addresses registry.
2024-10-09T11:29:05.638+0530 [DEBUG] [org.gradle.cache.internal.DefaultFileLockManager] Lock acquired on daemon addresses registry.
2024-10-09T11:29:05.638+0530 [DEBUG] [org.gradle.cache.internal.DefaultFileLockManager] Releasing lock on daemon addresses registry.
2024-10-09T11:29:05.638+0530 [DEBUG] [org.gradle.cache.internal.DefaultFileLockManager] Waiting to acquire shared lock on daemon addresses registry.
2024-10-09T11:29:05.639+0530 [DEBUG] [org.gradle.cache.internal.DefaultFileLockManager] Lock acquired on daemon addresses registry.
2024-10-09T11:29:05.639+0530 [DEBUG] [org.gradle.cache.internal.DefaultFileLockManager] Releasing lock on daemon addresses registry.
2024-10-09T11:29:07.385+0530 [DEBUG] [org.gradle.process.internal.health.memory.DefaultMemoryManager] 831603097 memory requested, 402833408 free
2024-10-09T11:29:07.385+0530 [DEBUG] [org.gradle.workers.internal.WorkerDaemonExpiration] Will attempt to release 793 of memory
2024-10-09T11:29:07.385+0530 [DEBUG] [org.gradle.process.internal.health.memory.DefaultMemoryManager] 831603097 memory requested, 0 released, 402833408 free
2024-10-09T11:29:12.388+0530 [DEBUG] [org.gradle.process.internal.health.memory.DefaultMemoryManager] 831603097 memory requested, 407674880 free
2024-10-09T11:29:12.388+0530 [DEBUG] [org.gradle.workers.internal.WorkerDaemonExpiration] Will attempt to release 793 of memory
2024-10-09T11:29:12.388+0530 [DEBUG] [org.gradle.process.internal.health.memory.DefaultMemoryManager] 831603097 memory requested, 0 released, 407674880 free
2024-10-09T11:29:15.634+0530 [DEBUG] [org.gradle.cache.internal.DefaultFileLockManager] Waiting to acquire shared lock on daemon addresses registry.
2024-10-09T11:29:15.634+0530 [DEBUG] [org.gradle.cache.internal.DefaultFileLockManager] Lock acquired on daemon addresses registry.
2024-10-09T11:29:15.634+0530 [DEBUG] [org.gradle.cache.internal.DefaultFileLockManager] Releasing lock on daemon addresses registry.
2024-10-09T11:29:15.636+0530 [DEBUG] [org.gradle.cache.internal.DefaultFileLockManager] Waiting to acquire shared lock on daemon addresses registry.
2024-10-09T11:29:15.636+0530 [DEBUG] [org.gradle.cache.internal.DefaultFileLockManager] Lock acquired on daemon addresses registry.
2024-10-09T11:29:15.637+0530 [DEBUG] [org.gradle.cache.internal.DefaultFileLockManager] Releasing lock on daemon addresses registry.
2024-10-09T11:29:15.637+0530 [DEBUG] [org.gradle.cache.internal.DefaultFileLockManager] Waiting to acquire shared lock on daemon addresses registry.
2024-10-09T11:29:15.637+0530 [DEBUG] [org.gradle.cache.internal.DefaultFileLockManager] Lock acquired on daemon addresses registry.
2024-10-09T11:29:15.638+0530 [DEBUG] [org.gradle.cache.internal.DefaultFileLockManager] Releasing lock on daemon addresses registry.
2024-10-09T11:29:17.379+0530 [DEBUG] [org.gradle.process.internal.health.memory.DefaultMemoryManager] 831603097 memory requested, 402087936 free
2024-10-09T11:29:17.380+0530 [DEBUG] [org.gradle.workers.internal.WorkerDaemonExpiration] Will attempt to release 793 of memory
2024-10-09T11:29:17.380+0530 [DEBUG] [org.gradle.process.internal.health.memory.DefaultMemoryManager] 831603097 memory requested, 0 released, 402087936 free
2024-10-09T11:29:22.382+0530 [DEBUG] [org.gradle.process.internal.health.memory.DefaultMemoryManager] 831603097 memory requested, 398389248 free
2024-10-09T11:29:22.382+0530 [DEBUG] [org.gradle.workers.internal.WorkerDaemonExpiration] Will attempt to release 793 of memory
2024-10-09T11:29:22.382+0530 [DEBUG] [org.gradle.process.internal.health.memory.DefaultMemoryManager] 831603097 memory requested, 0 released, 398389248 free
2024-10-09T11:29:25.637+0530 [DEBUG] [org.gradle.cache.internal.DefaultFileLockManager] Waiting to acquire shared lock on daemon addresses registry.
2024-10-09T11:29:25.637+0530 [DEBUG] [org.gradle.cache.internal.DefaultFileLockManager] Lock acquired on daemon addresses registry.
2024-10-09T11:29:25.637+0530 [DEBUG] [org.gradle.cache.internal.DefaultFileLockManager] Releasing lock on daemon addresses registry.
2024-10-09T11:29:25.638+0530 [DEBUG] [org.gradle.cache.internal.DefaultFileLockManager] Waiting to acquire shared lock on daemon addresses registry.
2024-10-09T11:29:25.638+0530 [DEBUG] [org.gradle.cache.internal.DefaultFileLockManager] Lock acquired on daemon addresses registry.
2024-10-09T11:29:25.638+0530 [DEBUG] [org.gradle.cache.internal.DefaultFileLockManager] Releasing lock on daemon addresses registry.
2024-10-09T11:29:25.638+0530 [DEBUG] [org.gradle.cache.internal.DefaultFileLockManager] Waiting to acquire shared lock on daemon addresses registry.
2024-10-09T11:29:25.639+0530 [DEBUG] [org.gradle.cache.internal.DefaultFileLockManager] Lock acquired on daemon addresses registry.
2024-10-09T11:29:25.639+0530 [DEBUG] [org.gradle.cache.internal.DefaultFileLockManager] Releasing lock on daemon addresses registry.
2024-10-09T11:29:27.383+0530 [DEBUG] [org.gradle.process.internal.health.memory.DefaultMemoryManager] 831603097 memory requested, 375771136 free
2024-10-09T11:29:27.383+0530 [DEBUG] [org.gradle.workers.internal.WorkerDaemonExpiration] Will attempt to release 793 of memory
2024-10-09T11:29:27.383+0530 [DEBUG] [org.gradle.process.internal.health.memory.DefaultMemoryManager] 831603097 memory requested, 0 released, 375771136 free
2024-10-09T11:29:32.380+0530 [DEBUG] [org.gradle.process.internal.health.memory.DefaultMemoryManager] 831603097 memory requested, 343781376 free
2024-10-09T11:29:32.380+0530 [DEBUG] [org.gradle.workers.internal.WorkerDaemonExpiration] Will attempt to release 793 of memory
2024-10-09T11:29:32.380+0530 [DEBUG] [org.gradle.process.internal.health.memory.DefaultMemoryManager] 831603097 memory requested, 0 released, 343781376 free
2024-10-09T11:29:35.639+0530 [DEBUG] [org.gradle.cache.internal.DefaultFileLockManager] Waiting to acquire shared lock on daemon addresses registry.
2024-10-09T11:29:35.639+0530 [DEBUG] [org.gradle.cache.internal.DefaultFileLockManager] Lock acquired on daemon addresses registry.
2024-10-09T11:29:35.640+0530 [DEBUG] [org.gradle.cache.internal.DefaultFileLockManager] Releasing lock on daemon addresses registry.
2024-10-09T11:29:35.641+0530 [DEBUG] [org.gradle.cache.internal.DefaultFileLockManager] Waiting to acquire shared lock on daemon addresses registry.
2024-10-09T11:29:35.641+0530 [DEBUG] [org.gradle.cache.internal.DefaultFileLockManager] Lock acquired on daemon addresses registry.
2024-10-09T11:29:35.641+0530 [DEBUG] [org.gradle.cache.internal.DefaultFileLockManager] Releasing lock on daemon addresses registry.
2024-10-09T11:29:35.642+0530 [DEBUG] [org.gradle.cache.internal.DefaultFileLockManager] Waiting to acquire shared lock on daemon addresses registry.
2024-10-09T11:29:35.642+0530 [DEBUG] [org.gradle.cache.internal.DefaultFileLockManager] Lock acquired on daemon addresses registry.
2024-10-09T11:29:35.642+0530 [DEBUG] [org.gradle.cache.internal.DefaultFileLockManager] Releasing lock on daemon addresses registry.
2024-10-09T11:29:37.384+0530 [DEBUG] [org.gradle.process.internal.health.memory.DefaultMemoryManager] 831603097 memory requested, 304787456 free
2024-10-09T11:29:37.384+0530 [DEBUG] [org.gradle.workers.internal.WorkerDaemonExpiration] Will attempt to release 793 of memory
2024-10-09T11:29:37.384+0530 [DEBUG] [org.gradle.process.internal.health.memory.DefaultMemoryManager] 831603097 memory requested, 0 released, 304787456 free
2024-10-09T11:29:42.384+0530 [DEBUG] [org.gradle.process.internal.health.memory.DefaultMemoryManager] 831603097 memory requested, 281001984 free
2024-10-09T11:29:42.384+0530 [DEBUG] [org.gradle.workers.internal.WorkerDaemonExpiration] Will attempt to release 793 of memory
2024-10-09T11:29:42.384+0530 [DEBUG] [org.gradle.process.internal.health.memory.DefaultMemoryManager] 831603097 memory requested, 0 released, 281001984 free
2024-10-09T11:29:45.638+0530 [DEBUG] [org.gradle.cache.internal.DefaultFileLockManager] Waiting to acquire shared lock on daemon addresses registry.
2024-10-09T11:29:45.638+0530 [DEBUG] [org.gradle.cache.internal.DefaultFileLockManager] Lock acquired on daemon addresses registry.
2024-10-09T11:29:45.638+0530 [DEBUG] [org.gradle.cache.internal.DefaultFileLockManager] Releasing lock on daemon addresses registry.
2024-10-09T11:29:45.639+0530 [DEBUG] [org.gradle.cache.internal.DefaultFileLockManager] Waiting to acquire shared lock on daemon addresses registry.
2024-10-09T11:29:45.639+0530 [DEBUG] [org.gradle.cache.internal.DefaultFileLockManager] Lock acquired on daemon addresses registry.
2024-10-09T11:29:45.639+0530 [DEBUG] [org.gradle.cache.internal.DefaultFileLockManager] Releasing lock on daemon addresses registry.
2024-10-09T11:29:45.639+0530 [DEBUG] [org.gradle.cache.internal.DefaultFileLockManager] Waiting to acquire shared lock on daemon addresses registry.
2024-10-09T11:29:45.639+0530 [DEBUG] [org.gradle.cache.internal.DefaultFileLockManager] Lock acquired on daemon addresses registry.
2024-10-09T11:29:45.640+0530 [DEBUG] [org.gradle.cache.internal.DefaultFileLockManager] Releasing lock on daemon addresses registry.
2024-10-09T11:29:47.381+0530 [DEBUG] [org.gradle.process.internal.health.memory.DefaultMemoryManager] 831603097 memory requested, 275120128 free
2024-10-09T11:29:47.381+0530 [DEBUG] [org.gradle.workers.internal.WorkerDaemonExpiration] Will attempt to release 793 of memory
2024-10-09T11:29:47.382+0530 [DEBUG] [org.gradle.process.internal.health.memory.DefaultMemoryManager] 831603097 memory requested, 0 released, 275120128 free
2024-10-09T11:29:52.388+0530 [DEBUG] [org.gradle.process.internal.health.memory.DefaultMemoryManager] 831603097 memory requested, 285011968 free
2024-10-09T11:29:52.388+0530 [DEBUG] [org.gradle.workers.internal.WorkerDaemonExpiration] Will attempt to release 793 of memory
2024-10-09T11:29:52.388+0530 [DEBUG] [org.gradle.process.internal.health.memory.DefaultMemoryManager] 831603097 memory requested, 0 released, 285011968 free
2024-10-09T11:29:55.639+0530 [DEBUG] [org.gradle.cache.internal.DefaultFileLockManager] Waiting to acquire shared lock on daemon addresses registry.
2024-10-09T11:29:55.639+0530 [DEBUG] [org.gradle.cache.internal.DefaultFileLockManager] Lock acquired on daemon addresses registry.
2024-10-09T11:29:55.639+0530 [DEBUG] [org.gradle.cache.internal.DefaultFileLockManager] Releasing lock on daemon addresses registry.
2024-10-09T11:29:55.640+0530 [DEBUG] [org.gradle.cache.internal.DefaultFileLockManager] Waiting to acquire shared lock on daemon addresses registry.
2024-10-09T11:29:55.640+0530 [DEBUG] [org.gradle.cache.internal.DefaultFileLockManager] Lock acquired on daemon addresses registry.
2024-10-09T11:29:55.640+0530 [DEBUG] [org.gradle.cache.internal.DefaultFileLockManager] Releasing lock on daemon addresses registry.
2024-10-09T11:29:55.641+0530 [DEBUG] [org.gradle.cache.internal.DefaultFileLockManager] Waiting to acquire shared lock on daemon addresses registry.
2024-10-09T11:29:55.641+0530 [DEBUG] [org.gradle.cache.internal.DefaultFileLockManager] Lock acquired on daemon addresses registry.
2024-10-09T11:29:55.641+0530 [DEBUG] [org.gradle.cache.internal.DefaultFileLockManager] Releasing lock on daemon addresses registry.
2024-10-09T11:29:57.382+0530 [DEBUG] [org.gradle.process.internal.health.memory.DefaultMemoryManager] 831603097 memory requested, 286486528 free
2024-10-09T11:29:57.382+0530 [DEBUG] [org.gradle.workers.internal.WorkerDaemonExpiration] Will attempt to release 793 of memory
2024-10-09T11:29:57.382+0530 [DEBUG] [org.gradle.process.internal.health.memory.DefaultMemoryManager] 831603097 memory requested, 0 released, 286486528 free
2024-10-09T11:30:02.378+0530 [DEBUG] [org.gradle.process.internal.health.memory.DefaultMemoryManager] 831603097 memory requested, 286875648 free
2024-10-09T11:30:02.379+0530 [DEBUG] [org.gradle.workers.internal.WorkerDaemonExpiration] Will attempt to release 793 of memory
2024-10-09T11:30:02.379+0530 [DEBUG] [org.gradle.process.internal.health.memory.DefaultMemoryManager] 831603097 memory requested, 0 released, 286875648 free
2024-10-09T11:30:05.631+0530 [DEBUG] [org.gradle.cache.internal.DefaultFileLockManager] Waiting to acquire shared lock on daemon addresses registry.
2024-10-09T11:30:05.631+0530 [DEBUG] [org.gradle.cache.internal.DefaultFileLockManager] Lock acquired on daemon addresses registry.
2024-10-09T11:30:05.631+0530 [DEBUG] [org.gradle.cache.internal.DefaultFileLockManager] Releasing lock on daemon addresses registry.
2024-10-09T11:30:05.632+0530 [DEBUG] [org.gradle.cache.internal.DefaultFileLockManager] Waiting to acquire shared lock on daemon addresses registry.
2024-10-09T11:30:05.632+0530 [DEBUG] [org.gradle.cache.internal.DefaultFileLockManager] Lock acquired on daemon addresses registry.
2024-10-09T11:30:05.633+0530 [DEBUG] [org.gradle.cache.internal.DefaultFileLockManager] Releasing lock on daemon addresses registry.
2024-10-09T11:30:05.633+0530 [DEBUG] [org.gradle.cache.internal.DefaultFileLockManager] Waiting to acquire shared lock on daemon addresses registry.
2024-10-09T11:30:05.633+0530 [DEBUG] [org.gradle.cache.internal.DefaultFileLockManager] Lock acquired on daemon addresses registry.
2024-10-09T11:30:05.633+0530 [DEBUG] [org.gradle.cache.internal.DefaultFileLockManager] Releasing lock on daemon addresses registry.
2024-10-09T11:30:07.387+0530 [DEBUG] [org.gradle.process.internal.health.memory.DefaultMemoryManager] 831603097 memory requested, 280571904 free
2024-10-09T11:30:07.388+0530 [DEBUG] [org.gradle.workers.internal.WorkerDaemonExpiration] Will attempt to release 793 of memory
2024-10-09T11:30:07.388+0530 [DEBUG] [org.gradle.process.internal.health.memory.DefaultMemoryManager] 831603097 memory requested, 0 released, 280571904 free
2024-10-09T11:30:12.380+0530 [DEBUG] [org.gradle.process.internal.health.memory.DefaultMemoryManager] 831603097 memory requested, 280166400 free
2024-10-09T11:30:12.380+0530 [DEBUG] [org.gradle.workers.internal.WorkerDaemonExpiration] Will attempt to release 793 of memory
2024-10-09T11:30:12.381+0530 [DEBUG] [org.gradle.process.internal.health.memory.DefaultMemoryManager] 831603097 memory requested, 0 released, 280166400 free
2024-10-09T11:30:15.639+0530 [DEBUG] [org.gradle.cache.internal.DefaultFileLockManager] Waiting to acquire shared lock on daemon addresses registry.
2024-10-09T11:30:15.639+0530 [DEBUG] [org.gradle.cache.internal.DefaultFileLockManager] Lock acquired on daemon addresses registry.
2024-10-09T11:30:15.639+0530 [DEBUG] [org.gradle.cache.internal.DefaultFileLockManager] Releasing lock on daemon addresses registry.
2024-10-09T11:30:15.640+0530 [DEBUG] [org.gradle.cache.internal.DefaultFileLockManager] Waiting to acquire shared lock on daemon addresses registry.
2024-10-09T11:30:15.640+0530 [DEBUG] [org.gradle.cache.internal.DefaultFileLockManager] Lock acquired on daemon addresses registry.
2024-10-09T11:30:15.640+0530 [DEBUG] [org.gradle.cache.internal.DefaultFileLockManager] Releasing lock on daemon addresses registry.
2024-10-09T11:30:15.641+0530 [DEBUG] [org.gradle.cache.internal.DefaultFileLockManager] Waiting to acquire shared lock on daemon addresses registry.
2024-10-09T11:30:15.641+0530 [DEBUG] [org.gradle.cache.internal.DefaultFileLockManager] Lock acquired on daemon addresses registry.
2024-10-09T11:30:15.641+0530 [DEBUG] [org.gradle.cache.internal.DefaultFileLockManager] Releasing lock on daemon addresses registry.
2024-10-09T11:30:17.387+0530 [DEBUG] [org.gradle.process.internal.health.memory.DefaultMemoryManager] 831603097 memory requested, 272764928 free
2024-10-09T11:30:17.388+0530 [DEBUG] [org.gradle.workers.internal.WorkerDaemonExpiration] Will attempt to release 793 of memory
2024-10-09T11:30:17.388+0530 [DEBUG] [org.gradle.process.internal.health.memory.DefaultMemoryManager] 831603097 memory requested, 0 released, 272764928 free
2024-10-09T11:30:22.379+0530 [DEBUG] [org.gradle.process.internal.health.memory.DefaultMemoryManager] 831603097 memory requested, 519913472 free
2024-10-09T11:30:22.379+0530 [DEBUG] [org.gradle.workers.internal.WorkerDaemonExpiration] Will attempt to release 793 of memory
2024-10-09T11:30:22.379+0530 [DEBUG] [org.gradle.process.internal.health.memory.DefaultMemoryManager] 831603097 memory requested, 0 released, 519913472 free
2024-10-09T11:30:25.637+0530 [DEBUG] [org.gradle.cache.internal.DefaultFileLockManager] Waiting to acquire shared lock on daemon addresses registry.
2024-10-09T11:30:25.637+0530 [DEBUG] [org.gradle.cache.internal.DefaultFileLockManager] Lock acquired on daemon addresses registry.
2024-10-09T11:30:25.637+0530 [DEBUG] [org.gradle.cache.internal.DefaultFileLockManager] Releasing lock on daemon addresses registry.
2024-10-09T11:30:25.638+0530 [DEBUG] [org.gradle.cache.internal.DefaultFileLockManager] Waiting to acquire shared lock on daemon addresses registry.
2024-10-09T11:30:25.638+0530 [DEBUG] [org.gradle.cache.internal.DefaultFileLockManager] Lock acquired on daemon addresses registry.
2024-10-09T11:30:25.638+0530 [DEBUG] [org.gradle.cache.internal.DefaultFileLockManager] Releasing lock on daemon addresses registry.
2024-10-09T11:30:25.638+0530 [DEBUG] [org.gradle.cache.internal.DefaultFileLockManager] Waiting to acquire shared lock on daemon addresses registry.
2024-10-09T11:30:25.638+0530 [DEBUG] [org.gradle.cache.internal.DefaultFileLockManager] Lock acquired on daemon addresses registry.
2024-10-09T11:30:25.639+0530 [DEBUG] [org.gradle.cache.internal.DefaultFileLockManager] Releasing lock on daemon addresses registry.
2024-10-09T11:30:27.384+0530 [DEBUG] [org.gradle.process.internal.health.memory.DefaultMemoryManager] 831603097 memory requested, 690978816 free
2024-10-09T11:30:27.384+0530 [DEBUG] [org.gradle.workers.internal.WorkerDaemonExpiration] Will attempt to release 793 of memory
2024-10-09T11:30:27.384+0530 [DEBUG] [org.gradle.process.internal.health.memory.DefaultMemoryManager] 831603097 memory requested, 0 released, 690978816 free
2024-10-09T11:30:32.390+0530 [DEBUG] [org.gradle.process.internal.health.memory.DefaultMemoryManager] 831603097 memory requested, 654041088 free
2024-10-09T11:30:32.390+0530 [DEBUG] [org.gradle.workers.internal.WorkerDaemonExpiration] Will attempt to release 793 of memory
2024-10-09T11:30:32.390+0530 [DEBUG] [org.gradle.process.internal.health.memory.DefaultMemoryManager] 831603097 memory requested, 0 released, 654041088 free
2024-10-09T11:30:35.633+0530 [DEBUG] [org.gradle.cache.internal.DefaultFileLockManager] Waiting to acquire shared lock on daemon addresses registry.
2024-10-09T11:30:35.633+0530 [DEBUG] [org.gradle.cache.internal.DefaultFileLockManager] Lock acquired on daemon addresses registry.
2024-10-09T11:30:35.633+0530 [DEBUG] [org.gradle.cache.internal.DefaultFileLockManager] Releasing lock on daemon addresses registry.
2024-10-09T11:30:35.634+0530 [DEBUG] [org.gradle.cache.internal.DefaultFileLockManager] Waiting to acquire shared lock on daemon addresses registry.
2024-10-09T11:30:35.634+0530 [DEBUG] [org.gradle.cache.internal.DefaultFileLockManager] Lock acquired on daemon addresses registry.
2024-10-09T11:30:35.634+0530 [DEBUG] [org.gradle.cache.internal.DefaultFileLockManager] Releasing lock on daemon addresses registry.
2024-10-09T11:30:35.635+0530 [DEBUG] [org.gradle.cache.internal.DefaultFileLockManager] Waiting to acquire shared lock on daemon addresses registry.
2024-10-09T11:30:35.635+0530 [DEBUG] [org.gradle.cache.internal.DefaultFileLockManager] Lock acquired on daemon addresses registry.
2024-10-09T11:30:35.635+0530 [DEBUG] [org.gradle.cache.internal.DefaultFileLockManager] Releasing lock on daemon addresses registry.
2024-10-09T11:30:37.387+0530 [DEBUG] [org.gradle.process.internal.health.memory.DefaultMemoryManager] 831603097 memory requested, 674873344 free
2024-10-09T11:30:37.388+0530 [DEBUG] [org.gradle.workers.internal.WorkerDaemonExpiration] Will attempt to release 793 of memory
2024-10-09T11:30:37.388+0530 [DEBUG] [org.gradle.process.internal.health.memory.DefaultMemoryManager] 831603097 memory requested, 0 released, 674873344 free
2024-10-09T11:30:42.381+0530 [DEBUG] [org.gradle.process.internal.health.memory.DefaultMemoryManager] 831603097 memory requested, 661925888 free
2024-10-09T11:30:42.381+0530 [DEBUG] [org.gradle.workers.internal.WorkerDaemonExpiration] Will attempt to release 793 of memory
2024-10-09T11:30:42.381+0530 [DEBUG] [org.gradle.process.internal.health.memory.DefaultMemoryManager] 831603097 memory requested, 0 released, 661925888 free
2024-10-09T11:30:45.639+0530 [DEBUG] [org.gradle.cache.internal.DefaultFileLockManager] Waiting to acquire shared lock on daemon addresses registry.
2024-10-09T11:30:45.639+0530 [DEBUG] [org.gradle.cache.internal.DefaultFileLockManager] Lock acquired on daemon addresses registry.
2024-10-09T11:30:45.639+0530 [DEBUG] [org.gradle.cache.internal.DefaultFileLockManager] Releasing lock on daemon addresses registry.
2024-10-09T11:30:45.640+0530 [DEBUG] [org.gradle.cache.internal.DefaultFileLockManager] Waiting to acquire shared lock on daemon addresses registry.
2024-10-09T11:30:45.641+0530 [DEBUG] [org.gradle.cache.internal.DefaultFileLockManager] Lock acquired on daemon addresses registry.
2024-10-09T11:30:45.641+0530 [DEBUG] [org.gradle.cache.internal.DefaultFileLockManager] Releasing lock on daemon addresses registry.
2024-10-09T11:30:45.641+0530 [DEBUG] [org.gradle.cache.internal.DefaultFileLockManager] Waiting to acquire shared lock on daemon addresses registry.
2024-10-09T11:30:45.641+0530 [DEBUG] [org.gradle.cache.internal.DefaultFileLockManager] Lock acquired on daemon addresses registry.
2024-10-09T11:30:45.642+0530 [DEBUG] [org.gradle.cache.internal.DefaultFileLockManager] Releasing lock on daemon addresses registry.
2024-10-09T11:30:47.390+0530 [DEBUG] [org.gradle.process.internal.health.memory.DefaultMemoryManager] 831603097 memory requested, 639053824 free
2024-10-09T11:30:47.390+0530 [DEBUG] [org.gradle.workers.internal.WorkerDaemonExpiration] Will attempt to release 793 of memory
2024-10-09T11:30:47.391+0530 [DEBUG] [org.gradle.process.internal.health.memory.DefaultMemoryManager] 831603097 memory requested, 0 released, 639053824 free
2024-10-09T11:30:52.395+0530 [DEBUG] [org.gradle.process.internal.health.memory.DefaultMemoryManager] 831603097 memory requested, 383115264 free
2024-10-09T11:30:52.397+0530 [DEBUG] [org.gradle.workers.internal.WorkerDaemonExpiration] Will attempt to release 793 of memory
2024-10-09T11:30:52.410+0530 [DEBUG] [org.gradle.process.internal.health.memory.DefaultMemoryManager] 831603097 memory requested, 0 released, 383115264 free
2024-10-09T11:30:55.643+0530 [DEBUG] [org.gradle.cache.internal.DefaultFileLockManager] Waiting to acquire shared lock on daemon addresses registry.
2024-10-09T11:30:55.643+0530 [DEBUG] [org.gradle.cache.internal.DefaultFileLockManager] Lock acquired on daemon addresses registry.
2024-10-09T11:30:55.644+0530 [DEBUG] [org.gradle.cache.internal.DefaultFileLockManager] Releasing lock on daemon addresses registry.
2024-10-09T11:30:55.645+0530 [DEBUG] [org.gradle.cache.internal.DefaultFileLockManager] Waiting to acquire shared lock on daemon addresses registry.
2024-10-09T11:30:55.645+0530 [DEBUG] [org.gradle.cache.internal.DefaultFileLockManager] Lock acquired on daemon addresses registry.
2024-10-09T11:30:55.645+0530 [DEBUG] [org.gradle.cache.internal.DefaultFileLockManager] Releasing lock on daemon addresses registry.
2024-10-09T11:30:55.646+0530 [DEBUG] [org.gradle.cache.internal.DefaultFileLockManager] Waiting to acquire shared lock on daemon addresses registry.
2024-10-09T11:30:55.646+0530 [DEBUG] [org.gradle.cache.internal.DefaultFileLockManager] Lock acquired on daemon addresses registry.
2024-10-09T11:30:55.647+0530 [DEBUG] [org.gradle.cache.internal.DefaultFileLockManager] Releasing lock on daemon addresses registry.
2024-10-09T11:30:57.390+0530 [DEBUG] [org.gradle.process.internal.health.memory.DefaultMemoryManager] 831603097 memory requested, 453545984 free
2024-10-09T11:30:57.390+0530 [DEBUG] [org.gradle.workers.internal.WorkerDaemonExpiration] Will attempt to release 793 of memory
2024-10-09T11:30:57.391+0530 [DEBUG] [org.gradle.process.internal.health.memory.DefaultMemoryManager] 831603097 memory requested, 0 released, 453545984 free
2024-10-09T11:31:02.379+0530 [DEBUG] [org.gradle.process.internal.health.memory.DefaultMemoryManager] 831603097 memory requested, 406585344 free
2024-10-09T11:31:02.380+0530 [DEBUG] [org.gradle.workers.internal.WorkerDaemonExpiration] Will attempt to release 793 of memory
2024-10-09T11:31:02.380+0530 [DEBUG] [org.gradle.process.internal.health.memory.DefaultMemoryManager] 831603097 memory requested, 0 released, 406585344 free
2024-10-09T11:31:05.634+0530 [DEBUG] [org.gradle.cache.internal.DefaultFileLockManager] Waiting to acquire shared lock on daemon addresses registry.
2024-10-09T11:31:05.634+0530 [DEBUG] [org.gradle.cache.internal.DefaultFileLockManager] Lock acquired on daemon addresses registry.
2024-10-09T11:31:05.634+0530 [DEBUG] [org.gradle.cache.internal.DefaultFileLockManager] Releasing lock on daemon addresses registry.
2024-10-09T11:31:05.635+0530 [DEBUG] [org.gradle.cache.internal.DefaultFileLockManager] Waiting to acquire shared lock on daemon addresses registry.
2024-10-09T11:31:05.635+0530 [DEBUG] [org.gradle.cache.internal.DefaultFileLockManager] Lock acquired on daemon addresses registry.
2024-10-09T11:31:05.635+0530 [DEBUG] [org.gradle.cache.internal.DefaultFileLockManager] Releasing lock on daemon addresses registry.
2024-10-09T11:31:05.635+0530 [DEBUG] [org.gradle.cache.internal.DefaultFileLockManager] Waiting to acquire shared lock on daemon addresses registry.
2024-10-09T11:31:05.636+0530 [DEBUG] [org.gradle.cache.internal.DefaultFileLockManager] Lock acquired on daemon addresses registry.
2024-10-09T11:31:05.636+0530 [DEBUG] [org.gradle.cache.internal.DefaultFileLockManager] Releasing lock on daemon addresses registry.
2024-10-09T11:31:07.384+0530 [DEBUG] [org.gradle.process.internal.health.memory.DefaultMemoryManager] 831603097 memory requested, 459493376 free
2024-10-09T11:31:07.384+0530 [DEBUG] [org.gradle.workers.internal.WorkerDaemonExpiration] Will attempt to release 793 of memory
2024-10-09T11:31:07.385+0530 [DEBUG] [org.gradle.process.internal.health.memory.DefaultMemoryManager] 831603097 memory requested, 0 released, 459493376 free
2024-10-09T11:31:12.379+0530 [DEBUG] [org.gradle.process.internal.health.memory.DefaultMemoryManager] 831603097 memory requested, 452222976 free
2024-10-09T11:31:12.380+0530 [DEBUG] [org.gradle.workers.internal.WorkerDaemonExpiration] Will attempt to release 793 of memory
2024-10-09T11:31:12.380+0530 [DEBUG] [org.gradle.process.internal.health.memory.DefaultMemoryManager] 831603097 memory requested, 0 released, 452222976 free
2024-10-09T11:31:15.643+0530 [DEBUG] [org.gradle.cache.internal.DefaultFileLockManager] Waiting to acquire shared lock on daemon addresses registry.
2024-10-09T11:31:15.643+0530 [DEBUG] [org.gradle.cache.internal.DefaultFileLockManager] Lock acquired on daemon addresses registry.
2024-10-09T11:31:15.643+0530 [DEBUG] [org.gradle.cache.internal.DefaultFileLockManager] Releasing lock on daemon addresses registry.
2024-10-09T11:31:15.645+0530 [DEBUG] [org.gradle.cache.internal.DefaultFileLockManager] Waiting to acquire shared lock on daemon addresses registry.
2024-10-09T11:31:15.645+0530 [DEBUG] [org.gradle.cache.internal.DefaultFileLockManager] Lock acquired on daemon addresses registry.
2024-10-09T11:31:15.646+0530 [DEBUG] [org.gradle.cache.internal.DefaultFileLockManager] Releasing lock on daemon addresses registry.
2024-10-09T11:31:15.646+0530 [DEBUG] [org.gradle.cache.internal.DefaultFileLockManager] Waiting to acquire shared lock on daemon addresses registry.
2024-10-09T11:31:15.647+0530 [DEBUG] [org.gradle.cache.internal.DefaultFileLockManager] Lock acquired on daemon addresses registry.
2024-10-09T11:31:15.647+0530 [DEBUG] [org.gradle.cache.internal.DefaultFileLockManager] Releasing lock on daemon addresses registry.
2024-10-09T11:31:17.390+0530 [DEBUG] [org.gradle.process.internal.health.memory.DefaultMemoryManager] 831603097 memory requested, 442085376 free
2024-10-09T11:31:17.390+0530 [DEBUG] [org.gradle.workers.internal.WorkerDaemonExpiration] Will attempt to release 793 of memory
2024-10-09T11:31:17.390+0530 [DEBUG] [org.gradle.process.internal.health.memory.DefaultMemoryManager] 831603097 memory requested, 0 released, 442085376 free
2024-10-09T11:31:22.392+0530 [DEBUG] [org.gradle.process.internal.health.memory.DefaultMemoryManager] 831603097 memory requested, 424701952 free
2024-10-09T11:31:22.392+0530 [DEBUG] [org.gradle.workers.internal.WorkerDaemonExpiration] Will attempt to release 793 of memory
2024-10-09T11:31:22.392+0530 [DEBUG] [org.gradle.process.internal.health.memory.DefaultMemoryManager] 831603097 memory requested, 0 released, 424701952 free
2024-10-09T11:31:25.635+0530 [DEBUG] [org.gradle.cache.internal.DefaultFileLockManager] Waiting to acquire shared lock on daemon addresses registry.
2024-10-09T11:31:25.635+0530 [DEBUG] [org.gradle.cache.internal.DefaultFileLockManager] Lock acquired on daemon addresses registry.
2024-10-09T11:31:25.637+0530 [DEBUG] [org.gradle.cache.internal.DefaultFileLockManager] Releasing lock on daemon addresses registry.
2024-10-09T11:31:25.640+0530 [DEBUG] [org.gradle.cache.internal.DefaultFileLockManager] Waiting to acquire shared lock on daemon addresses registry.
2024-10-09T11:31:25.640+0530 [DEBUG] [org.gradle.cache.internal.DefaultFileLockManager] Lock acquired on daemon addresses registry.
2024-10-09T11:31:25.641+0530 [DEBUG] [org.gradle.cache.internal.DefaultFileLockManager] Releasing lock on daemon addresses registry.
2024-10-09T11:31:25.642+0530 [DEBUG] [org.gradle.cache.internal.DefaultFileLockManager] Waiting to acquire shared lock on daemon addresses registry.
2024-10-09T11:31:25.642+0530 [DEBUG] [org.gradle.cache.internal.DefaultFileLockManager] Lock acquired on daemon addresses registry.
2024-10-09T11:31:25.644+0530 [DEBUG] [org.gradle.cache.internal.DefaultFileLockManager] Releasing lock on daemon addresses registry.
2024-10-09T11:31:27.385+0530 [DEBUG] [org.gradle.process.internal.health.memory.DefaultMemoryManager] 831603097 memory requested, 490213376 free
2024-10-09T11:31:27.385+0530 [DEBUG] [org.gradle.workers.internal.WorkerDaemonExpiration] Will attempt to release 793 of memory
2024-10-09T11:31:27.385+0530 [DEBUG] [org.gradle.process.internal.health.memory.DefaultMemoryManager] 831603097 memory requested, 0 released, 490213376 free
2024-10-09T11:31:32.389+0530 [DEBUG] [org.gradle.process.internal.health.memory.DefaultMemoryManager] 831603097 memory requested, 482680832 free
2024-10-09T11:31:32.389+0530 [DEBUG] [org.gradle.workers.internal.WorkerDaemonExpiration] Will attempt to release 793 of memory
2024-10-09T11:31:32.389+0530 [DEBUG] [org.gradle.process.internal.health.memory.DefaultMemoryManager] 831603097 memory requested, 0 released, 482680832 free
2024-10-09T11:31:35.631+0530 [DEBUG] [org.gradle.cache.internal.DefaultFileLockManager] Waiting to acquire shared lock on daemon addresses registry.
2024-10-09T11:31:35.631+0530 [DEBUG] [org.gradle.cache.internal.DefaultFileLockManager] Lock acquired on daemon addresses registry.
2024-10-09T11:31:35.631+0530 [DEBUG] [org.gradle.cache.internal.DefaultFileLockManager] Releasing lock on daemon addresses registry.
2024-10-09T11:31:35.634+0530 [DEBUG] [org.gradle.cache.internal.DefaultFileLockManager] Waiting to acquire shared lock on daemon addresses registry.
2024-10-09T11:31:35.634+0530 [DEBUG] [org.gradle.cache.internal.DefaultFileLockManager] Lock acquired on daemon addresses registry.
2024-10-09T11:31:35.634+0530 [DEBUG] [org.gradle.cache.internal.DefaultFileLockManager] Releasing lock on daemon addresses registry.
2024-10-09T11:31:35.634+0530 [DEBUG] [org.gradle.cache.internal.DefaultFileLockManager] Waiting to acquire shared lock on daemon addresses registry.
2024-10-09T11:31:35.634+0530 [DEBUG] [org.gradle.cache.internal.DefaultFileLockManager] Lock acquired on daemon addresses registry.
2024-10-09T11:31:35.635+0530 [DEBUG] [org.gradle.cache.internal.DefaultFileLockManager] Releasing lock on daemon addresses registry.
2024-10-09T11:31:37.387+0530 [DEBUG] [org.gradle.process.internal.health.memory.DefaultMemoryManager] 831603097 memory requested, 473890816 free
2024-10-09T11:31:37.387+0530 [DEBUG] [org.gradle.workers.internal.WorkerDaemonExpiration] Will attempt to release 793 of memory
2024-10-09T11:31:37.387+0530 [DEBUG] [org.gradle.process.internal.health.memory.DefaultMemoryManager] 831603097 memory requested, 0 released, 473890816 free
2024-10-09T11:31:42.381+0530 [DEBUG] [org.gradle.process.internal.health.memory.DefaultMemoryManager] 831603097 memory requested, 481775616 free
2024-10-09T11:31:42.381+0530 [DEBUG] [org.gradle.workers.internal.WorkerDaemonExpiration] Will attempt to release 793 of memory
2024-10-09T11:31:42.381+0530 [DEBUG] [org.gradle.process.internal.health.memory.DefaultMemoryManager] 831603097 memory requested, 0 released, 481775616 free
2024-10-09T11:31:45.636+0530 [DEBUG] [org.gradle.cache.internal.DefaultFileLockManager] Waiting to acquire shared lock on daemon addresses registry.
2024-10-09T11:31:45.636+0530 [DEBUG] [org.gradle.cache.internal.DefaultFileLockManager] Lock acquired on daemon addresses registry.
2024-10-09T11:31:45.636+0530 [DEBUG] [org.gradle.cache.internal.DefaultFileLockManager] Releasing lock on daemon addresses registry.
2024-10-09T11:31:45.638+0530 [DEBUG] [org.gradle.cache.internal.DefaultFileLockManager] Waiting to acquire shared lock on daemon addresses registry.
2024-10-09T11:31:45.639+0530 [DEBUG] [org.gradle.cache.internal.DefaultFileLockManager] Lock acquired on daemon addresses registry.
2024-10-09T11:31:45.639+0530 [DEBUG] [org.gradle.cache.internal.DefaultFileLockManager] Releasing lock on daemon addresses registry.
2024-10-09T11:31:45.639+0530 [DEBUG] [org.gradle.cache.internal.DefaultFileLockManager] Waiting to acquire shared lock on daemon addresses registry.
2024-10-09T11:31:45.639+0530 [DEBUG] [org.gradle.cache.internal.DefaultFileLockManager] Lock acquired on daemon addresses registry.
2024-10-09T11:31:45.639+0530 [DEBUG] [org.gradle.cache.internal.DefaultFileLockManager] Releasing lock on daemon addresses registry.
2024-10-09T11:31:47.392+0530 [DEBUG] [org.gradle.process.internal.health.memory.DefaultMemoryManager] 831603097 memory requested, 471412736 free
2024-10-09T11:31:47.392+0530 [DEBUG] [org.gradle.workers.internal.WorkerDaemonExpiration] Will attempt to release 793 of memory
2024-10-09T11:31:47.392+0530 [DEBUG] [org.gradle.process.internal.health.memory.DefaultMemoryManager] 831603097 memory requested, 0 released, 471412736 free
2024-10-09T11:31:52.377+0530 [DEBUG] [org.gradle.process.internal.health.memory.DefaultMemoryManager] 831603097 memory requested, 475799552 free
2024-10-09T11:31:52.377+0530 [DEBUG] [org.gradle.workers.internal.WorkerDaemonExpiration] Will attempt to release 793 of memory
2024-10-09T11:31:52.377+0530 [DEBUG] [org.gradle.process.internal.health.memory.DefaultMemoryManager] 831603097 memory requested, 0 released, 475799552 free
2024-10-09T11:31:55.641+0530 [DEBUG] [org.gradle.cache.internal.DefaultFileLockManager] Waiting to acquire shared lock on daemon addresses registry.
2024-10-09T11:31:55.641+0530 [DEBUG] [org.gradle.cache.internal.DefaultFileLockManager] Lock acquired on daemon addresses registry.
2024-10-09T11:31:55.641+0530 [DEBUG] [org.gradle.cache.internal.DefaultFileLockManager] Releasing lock on daemon addresses registry.
2024-10-09T11:31:55.643+0530 [DEBUG] [org.gradle.cache.internal.DefaultFileLockManager] Waiting to acquire shared lock on daemon addresses registry.
2024-10-09T11:31:55.643+0530 [DEBUG] [org.gradle.cache.internal.DefaultFileLockManager] Lock acquired on daemon addresses registry.
2024-10-09T11:31:55.643+0530 [DEBUG] [org.gradle.cache.internal.DefaultFileLockManager] Releasing lock on daemon addresses registry.
2024-10-09T11:31:55.644+0530 [DEBUG] [org.gradle.cache.internal.DefaultFileLockManager] Waiting to acquire shared lock on daemon addresses registry.
2024-10-09T11:31:55.645+0530 [DEBUG] [org.gradle.cache.internal.DefaultFileLockManager] Lock acquired on daemon addresses registry.
2024-10-09T11:31:55.645+0530 [DEBUG] [org.gradle.cache.internal.DefaultFileLockManager] Releasing lock on daemon addresses registry.
2024-10-09T11:31:57.379+0530 [DEBUG] [org.gradle.process.internal.health.memory.DefaultMemoryManager] 831603097 memory requested, 469815296 free
2024-10-09T11:31:57.379+0530 [DEBUG] [org.gradle.workers.internal.WorkerDaemonExpiration] Will attempt to release 793 of memory
2024-10-09T11:31:57.380+0530 [DEBUG] [org.gradle.process.internal.health.memory.DefaultMemoryManager] 831603097 memory requested, 0 released, 469815296 free
2024-10-09T11:32:02.392+0530 [DEBUG] [org.gradle.process.internal.health.memory.DefaultMemoryManager] 831603097 memory requested, 422031360 free
2024-10-09T11:32:02.392+0530 [DEBUG] [org.gradle.workers.internal.WorkerDaemonExpiration] Will attempt to release 793 of memory
2024-10-09T11:32:02.393+0530 [DEBUG] [org.gradle.process.internal.health.memory.DefaultMemoryManager] 831603097 memory requested, 0 released, 422031360 free
2024-10-09T11:32:05.635+0530 [DEBUG] [org.gradle.cache.internal.DefaultFileLockManager] Waiting to acquire shared lock on daemon addresses registry.
2024-10-09T11:32:05.635+0530 [DEBUG] [org.gradle.cache.internal.DefaultFileLockManager] Lock acquired on daemon addresses registry.
2024-10-09T11:32:05.636+0530 [DEBUG] [org.gradle.cache.internal.DefaultFileLockManager] Releasing lock on daemon addresses registry.
2024-10-09T11:32:05.637+0530 [DEBUG] [org.gradle.cache.internal.DefaultFileLockManager] Waiting to acquire shared lock on daemon addresses registry.
2024-10-09T11:32:05.638+0530 [DEBUG] [org.gradle.cache.internal.DefaultFileLockManager] Lock acquired on daemon addresses registry.
2024-10-09T11:32:05.638+0530 [DEBUG] [org.gradle.cache.internal.DefaultFileLockManager] Releasing lock on daemon addresses registry.
2024-10-09T11:32:05.639+0530 [DEBUG] [org.gradle.cache.internal.DefaultFileLockManager] Waiting to acquire shared lock on daemon addresses registry.
2024-10-09T11:32:05.639+0530 [DEBUG] [org.gradle.cache.internal.DefaultFileLockManager] Lock acquired on daemon addresses registry.
2024-10-09T11:32:05.639+0530 [DEBUG] [org.gradle.cache.internal.DefaultFileLockManager] Releasing lock on daemon addresses registry.
2024-10-09T11:32:07.391+0530 [DEBUG] [org.gradle.process.internal.health.memory.DefaultMemoryManager] 831603097 memory requested, 411824128 free
2024-10-09T11:32:07.391+0530 [DEBUG] [org.gradle.workers.internal.WorkerDaemonExpiration] Will attempt to release 793 of memory
2024-10-09T11:32:07.391+0530 [DEBUG] [org.gradle.process.internal.health.memory.DefaultMemoryManager] 831603097 memory requested, 0 released, 411824128 free
2024-10-09T11:32:12.384+0530 [DEBUG] [org.gradle.process.internal.health.memory.DefaultMemoryManager] 831603097 memory requested, 429162496 free
2024-10-09T11:32:12.384+0530 [DEBUG] [org.gradle.workers.internal.WorkerDaemonExpiration] Will attempt to release 793 of memory
2024-10-09T11:32:12.384+0530 [DEBUG] [org.gradle.process.internal.health.memory.DefaultMemoryManager] 831603097 memory requested, 0 released, 429162496 free
2024-10-09T11:32:15.631+0530 [DEBUG] [org.gradle.cache.internal.DefaultFileLockManager] Waiting to acquire shared lock on daemon addresses registry.
2024-10-09T11:32:15.631+0530 [DEBUG] [org.gradle.cache.internal.DefaultFileLockManager] Lock acquired on daemon addresses registry.
2024-10-09T11:32:15.632+0530 [DEBUG] [org.gradle.cache.internal.DefaultFileLockManager] Releasing lock on daemon addresses registry.
2024-10-09T11:32:15.632+0530 [DEBUG] [org.gradle.cache.internal.DefaultFileLockManager] Waiting to acquire shared lock on daemon addresses registry.
2024-10-09T11:32:15.633+0530 [DEBUG] [org.gradle.cache.internal.DefaultFileLockManager] Lock acquired on daemon addresses registry.
2024-10-09T11:32:15.633+0530 [DEBUG] [org.gradle.cache.internal.DefaultFileLockManager] Releasing lock on daemon addresses registry.
2024-10-09T11:32:15.634+0530 [DEBUG] [org.gradle.cache.internal.DefaultFileLockManager] Waiting to acquire shared lock on daemon addresses registry.
2024-10-09T11:32:15.634+0530 [DEBUG] [org.gradle.cache.internal.DefaultFileLockManager] Lock acquired on daemon addresses registry.
2024-10-09T11:32:15.634+0530 [DEBUG] [org.gradle.cache.internal.DefaultFileLockManager] Releasing lock on daemon addresses registry.
2024-10-09T11:32:17.389+0530 [DEBUG] [org.gradle.process.internal.health.memory.DefaultMemoryManager] 831603097 memory requested, 436805632 free
2024-10-09T11:32:17.390+0530 [DEBUG] [org.gradle.workers.internal.WorkerDaemonExpiration] Will attempt to release 793 of memory
2024-10-09T11:32:17.390+0530 [DEBUG] [org.gradle.process.internal.health.memory.DefaultMemoryManager] 831603097 memory requested, 0 released, 436805632 free
2024-10-09T11:32:22.391+0530 [DEBUG] [org.gradle.process.internal.health.memory.DefaultMemoryManager] 831603097 memory requested, 423661568 free
2024-10-09T11:32:22.391+0530 [DEBUG] [org.gradle.workers.internal.WorkerDaemonExpiration] Will attempt to release 793 of memory
2024-10-09T11:32:22.392+0530 [DEBUG] [org.gradle.process.internal.health.memory.DefaultMemoryManager] 831603097 memory requested, 0 released, 423661568 free
2024-10-09T11:32:25.638+0530 [DEBUG] [org.gradle.cache.internal.DefaultFileLockManager] Waiting to acquire shared lock on daemon addresses registry.
2024-10-09T11:32:25.638+0530 [DEBUG] [org.gradle.cache.internal.DefaultFileLockManager] Lock acquired on daemon addresses registry.
2024-10-09T11:32:25.638+0530 [DEBUG] [org.gradle.cache.internal.DefaultFileLockManager] Releasing lock on daemon addresses registry.
2024-10-09T11:32:25.643+0530 [DEBUG] [org.gradle.cache.internal.DefaultFileLockManager] Waiting to acquire shared lock on daemon addresses registry.
2024-10-09T11:32:25.644+0530 [DEBUG] [org.gradle.cache.internal.DefaultFileLockManager] Lock acquired on daemon addresses registry.
2024-10-09T11:32:25.644+0530 [DEBUG] [org.gradle.cache.internal.DefaultFileLockManager] Releasing lock on daemon addresses registry.
2024-10-09T11:32:25.644+0530 [DEBUG] [org.gradle.cache.internal.DefaultFileLockManager] Waiting to acquire shared lock on daemon addresses registry.
2024-10-09T11:32:25.644+0530 [DEBUG] [org.gradle.cache.internal.DefaultFileLockManager] Lock acquired on daemon addresses registry.
2024-10-09T11:32:25.645+0530 [DEBUG] [org.gradle.cache.internal.DefaultFileLockManager] Releasing lock on daemon addresses registry.
2024-10-09T11:32:27.388+0530 [DEBUG] [org.gradle.process.internal.health.memory.DefaultMemoryManager] 831603097 memory requested, 366641152 free
2024-10-09T11:32:27.388+0530 [DEBUG] [org.gradle.workers.internal.WorkerDaemonExpiration] Will attempt to release 793 of memory
2024-10-09T11:32:27.389+0530 [DEBUG] [org.gradle.process.internal.health.memory.DefaultMemoryManager] 831603097 memory requested, 0 released, 366641152 free
2024-10-09T11:32:32.392+0530 [DEBUG] [org.gradle.process.internal.health.memory.DefaultMemoryManager] 831603097 memory requested, 372301824 free
2024-10-09T11:32:32.392+0530 [DEBUG] [org.gradle.workers.internal.WorkerDaemonExpiration] Will attempt to release 793 of memory
2024-10-09T11:32:32.392+0530 [DEBUG] [org.gradle.process.internal.health.memory.DefaultMemoryManager] 831603097 memory requested, 0 released, 372301824 free
2024-10-09T11:32:35.635+0530 [DEBUG] [org.gradle.cache.internal.DefaultFileLockManager] Waiting to acquire shared lock on daemon addresses registry.
2024-10-09T11:32:35.635+0530 [DEBUG] [org.gradle.cache.internal.DefaultFileLockManager] Lock acquired on daemon addresses registry.
2024-10-09T11:32:35.635+0530 [DEBUG] [org.gradle.cache.internal.DefaultFileLockManager] Releasing lock on daemon addresses registry.
2024-10-09T11:32:35.636+0530 [DEBUG] [org.gradle.cache.internal.DefaultFileLockManager] Waiting to acquire shared lock on daemon addresses registry.
2024-10-09T11:32:35.636+0530 [DEBUG] [org.gradle.cache.internal.DefaultFileLockManager] Lock acquired on daemon addresses registry.
2024-10-09T11:32:35.636+0530 [DEBUG] [org.gradle.cache.internal.DefaultFileLockManager] Releasing lock on daemon addresses registry.
2024-10-09T11:32:35.637+0530 [DEBUG] [org.gradle.cache.internal.DefaultFileLockManager] Waiting to acquire shared lock on daemon addresses registry.
2024-10-09T11:32:35.638+0530 [DEBUG] [org.gradle.cache.internal.DefaultFileLockManager] Lock acquired on daemon addresses registry.
2024-10-09T11:32:35.639+0530 [DEBUG] [org.gradle.cache.internal.DefaultFileLockManager] Releasing lock on daemon addresses registry.
2024-10-09T11:32:37.391+0530 [DEBUG] [org.gradle.process.internal.health.memory.DefaultMemoryManager] 831603097 memory requested, 357916672 free
2024-10-09T11:32:37.392+0530 [DEBUG] [org.gradle.workers.internal.WorkerDaemonExpiration] Will attempt to release 793 of memory
2024-10-09T11:32:37.392+0530 [DEBUG] [org.gradle.process.internal.health.memory.DefaultMemoryManager] 831603097 memory requested, 0 released, 357916672 free
2024-10-09T11:32:42.391+0530 [DEBUG] [org.gradle.process.internal.health.memory.DefaultMemoryManager] 831603097 memory requested, 555376640 free
2024-10-09T11:32:42.391+0530 [DEBUG] [org.gradle.workers.internal.WorkerDaemonExpiration] Will attempt to release 793 of memory
2024-10-09T11:32:42.391+0530 [DEBUG] [org.gradle.process.internal.health.memory.DefaultMemoryManager] 831603097 memory requested, 0 released, 555376640 free
2024-10-09T11:32:45.644+0530 [DEBUG] [org.gradle.cache.internal.DefaultFileLockManager] Waiting to acquire shared lock on daemon addresses registry.
2024-10-09T11:32:45.644+0530 [DEBUG] [org.gradle.cache.internal.DefaultFileLockManager] Lock acquired on daemon addresses registry.
2024-10-09T11:32:45.645+0530 [DEBUG] [org.gradle.cache.internal.DefaultFileLockManager] Releasing lock on daemon addresses registry.
2024-10-09T11:32:45.645+0530 [DEBUG] [org.gradle.cache.internal.DefaultFileLockManager] Waiting to acquire shared lock on daemon addresses registry.
2024-10-09T11:32:45.646+0530 [DEBUG] [org.gradle.cache.internal.DefaultFileLockManager] Lock acquired on daemon addresses registry.
2024-10-09T11:32:45.646+0530 [DEBUG] [org.gradle.cache.internal.DefaultFileLockManager] Releasing lock on daemon addresses registry.
2024-10-09T11:32:45.647+0530 [DEBUG] [org.gradle.cache.internal.DefaultFileLockManager] Waiting to acquire shared lock on daemon addresses registry.
2024-10-09T11:32:45.647+0530 [DEBUG] [org.gradle.cache.internal.DefaultFileLockManager] Lock acquired on daemon addresses registry.
2024-10-09T11:32:45.647+0530 [DEBUG] [org.gradle.cache.internal.DefaultFileLockManager] Releasing lock on daemon addresses registry.
2024-10-09T11:32:47.389+0530 [DEBUG] [org.gradle.process.internal.health.memory.DefaultMemoryManager] 831603097 memory requested, 546287616 free
2024-10-09T11:32:47.389+0530 [DEBUG] [org.gradle.workers.internal.WorkerDaemonExpiration] Will attempt to release 793 of memory
2024-10-09T11:32:47.389+0530 [DEBUG] [org.gradle.process.internal.health.memory.DefaultMemoryManager] 831603097 memory requested, 0 released, 546287616 free
2024-10-09T11:32:52.381+0530 [DEBUG] [org.gradle.process.internal.health.memory.DefaultMemoryManager] 831603097 memory requested, 541904896 free
2024-10-09T11:32:52.381+0530 [DEBUG] [org.gradle.workers.internal.WorkerDaemonExpiration] Will attempt to release 793 of memory
2024-10-09T11:32:52.381+0530 [DEBUG] [org.gradle.process.internal.health.memory.DefaultMemoryManager] 831603097 memory requested, 0 released, 541904896 free
2024-10-09T11:32:55.636+0530 [DEBUG] [org.gradle.cache.internal.DefaultFileLockManager] Waiting to acquire shared lock on daemon addresses registry.
2024-10-09T11:32:55.636+0530 [DEBUG] [org.gradle.cache.internal.DefaultFileLockManager] Lock acquired on daemon addresses registry.
2024-10-09T11:32:55.636+0530 [DEBUG] [org.gradle.cache.internal.DefaultFileLockManager] Releasing lock on daemon addresses registry.
2024-10-09T11:32:55.637+0530 [DEBUG] [org.gradle.cache.internal.DefaultFileLockManager] Waiting to acquire shared lock on daemon addresses registry.
2024-10-09T11:32:55.637+0530 [DEBUG] [org.gradle.cache.internal.DefaultFileLockManager] Lock acquired on daemon addresses registry.
2024-10-09T11:32:55.638+0530 [DEBUG] [org.gradle.cache.internal.DefaultFileLockManager] Releasing lock on daemon addresses registry.
2024-10-09T11:32:55.639+0530 [DEBUG] [org.gradle.cache.internal.DefaultFileLockManager] Waiting to acquire shared lock on daemon addresses registry.
2024-10-09T11:32:55.639+0530 [DEBUG] [org.gradle.cache.internal.DefaultFileLockManager] Lock acquired on daemon addresses registry.
2024-10-09T11:32:55.639+0530 [DEBUG] [org.gradle.cache.internal.DefaultFileLockManager] Releasing lock on daemon addresses registry.
2024-10-09T11:32:57.388+0530 [DEBUG] [org.gradle.process.internal.health.memory.DefaultMemoryManager] 831603097 memory requested, 550785024 free
2024-10-09T11:32:57.388+0530 [DEBUG] [org.gradle.workers.internal.WorkerDaemonExpiration] Will attempt to release 793 of memory
2024-10-09T11:32:57.388+0530 [DEBUG] [org.gradle.process.internal.health.memory.DefaultMemoryManager] 831603097 memory requested, 0 released, 550785024 free
2024-10-09T11:33:02.381+0530 [DEBUG] [org.gradle.process.internal.health.memory.DefaultMemoryManager] 831603097 memory requested, 533434368 free
2024-10-09T11:33:02.382+0530 [DEBUG] [org.gradle.workers.internal.WorkerDaemonExpiration] Will attempt to release 793 of memory
2024-10-09T11:33:02.382+0530 [DEBUG] [org.gradle.process.internal.health.memory.DefaultMemoryManager] 831603097 memory requested, 0 released, 533434368 free
2024-10-09T11:33:05.639+0530 [DEBUG] [org.gradle.cache.internal.DefaultFileLockManager] Waiting to acquire shared lock on daemon addresses registry.
2024-10-09T11:33:05.639+0530 [DEBUG] [org.gradle.cache.internal.DefaultFileLockManager] Lock acquired on daemon addresses registry.
2024-10-09T11:33:05.640+0530 [DEBUG] [org.gradle.cache.internal.DefaultFileLockManager] Releasing lock on daemon addresses registry.
2024-10-09T11:33:05.641+0530 [DEBUG] [org.gradle.cache.internal.DefaultFileLockManager] Waiting to acquire shared lock on daemon addresses registry.
2024-10-09T11:33:05.641+0530 [DEBUG] [org.gradle.cache.internal.DefaultFileLockManager] Lock acquired on daemon addresses registry.
2024-10-09T11:33:05.641+0530 [DEBUG] [org.gradle.cache.internal.DefaultFileLockManager] Releasing lock on daemon addresses registry.
2024-10-09T11:33:05.642+0530 [DEBUG] [org.gradle.cache.internal.DefaultFileLockManager] Waiting to acquire shared lock on daemon addresses registry.
2024-10-09T11:33:05.642+0530 [DEBUG] [org.gradle.cache.internal.DefaultFileLockManager] Lock acquired on daemon addresses registry.
2024-10-09T11:33:05.642+0530 [DEBUG] [org.gradle.cache.internal.DefaultFileLockManager] Releasing lock on daemon addresses registry.
2024-10-09T11:33:07.388+0530 [DEBUG] [org.gradle.process.internal.health.memory.DefaultMemoryManager] 831603097 memory requested, 471556096 free
2024-10-09T11:33:07.388+0530 [DEBUG] [org.gradle.workers.internal.WorkerDaemonExpiration] Will attempt to release 793 of memory
2024-10-09T11:33:07.388+0530 [DEBUG] [org.gradle.process.internal.health.memory.DefaultMemoryManager] 831603097 memory requested, 0 released, 471556096 free
2024-10-09T11:33:12.390+0530 [DEBUG] [org.gradle.process.internal.health.memory.DefaultMemoryManager] 831603097 memory requested, 485969920 free
2024-10-09T11:33:12.390+0530 [DEBUG] [org.gradle.workers.internal.WorkerDaemonExpiration] Will attempt to release 793 of memory
2024-10-09T11:33:12.390+0530 [DEBUG] [org.gradle.process.internal.health.memory.DefaultMemoryManager] 831603097 memory requested, 0 released, 485969920 free
2024-10-09T11:33:15.636+0530 [DEBUG] [org.gradle.cache.internal.DefaultFileLockManager] Waiting to acquire shared lock on daemon addresses registry.
2024-10-09T11:33:15.636+0530 [DEBUG] [org.gradle.cache.internal.DefaultFileLockManager] Lock acquired on daemon addresses registry.
2024-10-09T11:33:15.638+0530 [DEBUG] [org.gradle.cache.internal.DefaultFileLockManager] Releasing lock on daemon addresses registry.
2024-10-09T11:33:15.640+0530 [DEBUG] [org.gradle.cache.internal.DefaultFileLockManager] Waiting to acquire shared lock on daemon addresses registry.
2024-10-09T11:33:15.640+0530 [DEBUG] [org.gradle.cache.internal.DefaultFileLockManager] Lock acquired on daemon addresses registry.
2024-10-09T11:33:15.641+0530 [DEBUG] [org.gradle.cache.internal.DefaultFileLockManager] Releasing lock on daemon addresses registry.
2024-10-09T11:33:15.642+0530 [DEBUG] [org.gradle.cache.internal.DefaultFileLockManager] Waiting to acquire shared lock on daemon addresses registry.
2024-10-09T11:33:15.642+0530 [DEBUG] [org.gradle.cache.internal.DefaultFileLockManager] Lock acquired on daemon addresses registry.
2024-10-09T11:33:15.643+0530 [DEBUG] [org.gradle.cache.internal.DefaultFileLockManager] Releasing lock on daemon addresses registry.
2024-10-09T11:33:17.378+0530 [DEBUG] [org.gradle.process.internal.health.memory.DefaultMemoryManager] 831603097 memory requested, 621547520 free
2024-10-09T11:33:17.378+0530 [DEBUG] [org.gradle.workers.internal.WorkerDaemonExpiration] Will attempt to release 793 of memory
2024-10-09T11:33:17.378+0530 [DEBUG] [org.gradle.process.internal.health.memory.DefaultMemoryManager] 831603097 memory requested, 0 released, 621547520 free
2024-10-09T11:33:22.383+0530 [DEBUG] [org.gradle.process.internal.health.memory.DefaultMemoryManager] 831603097 memory requested, 535031808 free
2024-10-09T11:33:22.383+0530 [DEBUG] [org.gradle.workers.internal.WorkerDaemonExpiration] Will attempt to release 793 of memory
2024-10-09T11:33:22.383+0530 [DEBUG] [org.gradle.process.internal.health.memory.DefaultMemoryManager] 831603097 memory requested, 0 released, 535031808 free
2024-10-09T11:33:25.640+0530 [DEBUG] [org.gradle.cache.internal.DefaultFileLockManager] Waiting to acquire shared lock on daemon addresses registry.
2024-10-09T11:33:25.640+0530 [DEBUG] [org.gradle.cache.internal.DefaultFileLockManager] Lock acquired on daemon addresses registry.
2024-10-09T11:33:25.640+0530 [DEBUG] [org.gradle.cache.internal.DefaultFileLockManager] Releasing lock on daemon addresses registry.
2024-10-09T11:33:25.641+0530 [DEBUG] [org.gradle.cache.internal.DefaultFileLockManager] Waiting to acquire shared lock on daemon addresses registry.
2024-10-09T11:33:25.641+0530 [DEBUG] [org.gradle.cache.internal.DefaultFileLockManager] Lock acquired on daemon addresses registry.
2024-10-09T11:33:25.642+0530 [DEBUG] [org.gradle.cache.internal.DefaultFileLockManager] Releasing lock on daemon addresses registry.
2024-10-09T11:33:25.642+0530 [DEBUG] [org.gradle.cache.internal.DefaultFileLockManager] Waiting to acquire shared lock on daemon addresses registry.
2024-10-09T11:33:25.642+0530 [DEBUG] [org.gradle.cache.internal.DefaultFileLockManager] Lock acquired on daemon addresses registry.
2024-10-09T11:33:25.642+0530 [DEBUG] [org.gradle.cache.internal.DefaultFileLockManager] Releasing lock on daemon addresses registry.
2024-10-09T11:33:27.380+0530 [DEBUG] [org.gradle.process.internal.health.memory.DefaultMemoryManager] 831603097 memory requested, 516866048 free
2024-10-09T11:33:27.380+0530 [DEBUG] [org.gradle.workers.internal.WorkerDaemonExpiration] Will attempt to release 793 of memory
2024-10-09T11:33:27.380+0530 [DEBUG] [org.gradle.process.internal.health.memory.DefaultMemoryManager] 831603097 memory requested, 0 released, 516866048 free
2024-10-09T11:33:32.387+0530 [DEBUG] [org.gradle.process.internal.health.memory.DefaultMemoryManager] 831603097 memory requested, 489304064 free
2024-10-09T11:33:32.387+0530 [DEBUG] [org.gradle.workers.internal.WorkerDaemonExpiration] Will attempt to release 793 of memory
2024-10-09T11:33:32.387+0530 [DEBUG] [org.gradle.process.internal.health.memory.DefaultMemoryManager] 831603097 memory requested, 0 released, 489304064 free
2024-10-09T11:33:35.632+0530 [DEBUG] [org.gradle.cache.internal.DefaultFileLockManager] Waiting to acquire shared lock on daemon addresses registry.
2024-10-09T11:33:35.633+0530 [DEBUG] [org.gradle.cache.internal.DefaultFileLockManager] Lock acquired on daemon addresses registry.
2024-10-09T11:33:35.635+0530 [DEBUG] [org.gradle.cache.internal.DefaultFileLockManager] Releasing lock on daemon addresses registry.
2024-10-09T11:33:35.641+0530 [DEBUG] [org.gradle.cache.internal.DefaultFileLockManager] Waiting to acquire shared lock on daemon addresses registry.
2024-10-09T11:33:35.641+0530 [DEBUG] [org.gradle.cache.internal.DefaultFileLockManager] Lock acquired on daemon addresses registry.
2024-10-09T11:33:35.642+0530 [DEBUG] [org.gradle.cache.internal.DefaultFileLockManager] Releasing lock on daemon addresses registry.
2024-10-09T11:33:35.643+0530 [DEBUG] [org.gradle.cache.internal.DefaultFileLockManager] Waiting to acquire shared lock on daemon addresses registry.
2024-10-09T11:33:35.643+0530 [DEBUG] [org.gradle.cache.internal.DefaultFileLockManager] Lock acquired on daemon addresses registry.
2024-10-09T11:33:35.644+0530 [DEBUG] [org.gradle.cache.internal.DefaultFileLockManager] Releasing lock on daemon addresses registry.
2024-10-09T11:33:37.387+0530 [DEBUG] [org.gradle.process.internal.health.memory.DefaultMemoryManager] 831603097 memory requested, 486518784 free
2024-10-09T11:33:37.387+0530 [DEBUG] [org.gradle.workers.internal.WorkerDaemonExpiration] Will attempt to release 793 of memory
2024-10-09T11:33:37.388+0530 [DEBUG] [org.gradle.process.internal.health.memory.DefaultMemoryManager] 831603097 memory requested, 0 released, 486518784 free
2024-10-09T11:33:42.378+0530 [DEBUG] [org.gradle.process.internal.health.memory.DefaultMemoryManager] 831603097 memory requested, 493268992 free
2024-10-09T11:33:42.378+0530 [DEBUG] [org.gradle.workers.internal.WorkerDaemonExpiration] Will attempt to release 793 of memory
2024-10-09T11:33:42.378+0530 [DEBUG] [org.gradle.process.internal.health.memory.DefaultMemoryManager] 831603097 memory requested, 0 released, 493268992 free
2024-10-09T11:33:45.640+0530 [DEBUG] [org.gradle.cache.internal.DefaultFileLockManager] Waiting to acquire shared lock on daemon addresses registry.
2024-10-09T11:33:45.640+0530 [DEBUG] [org.gradle.cache.internal.DefaultFileLockManager] Lock acquired on daemon addresses registry.
2024-10-09T11:33:45.640+0530 [DEBUG] [org.gradle.cache.internal.DefaultFileLockManager] Releasing lock on daemon addresses registry.
2024-10-09T11:33:45.642+0530 [DEBUG] [org.gradle.cache.internal.DefaultFileLockManager] Waiting to acquire shared lock on daemon addresses registry.
2024-10-09T11:33:45.642+0530 [DEBUG] [org.gradle.cache.internal.DefaultFileLockManager] Lock acquired on daemon addresses registry.
2024-10-09T11:33:45.643+0530 [DEBUG] [org.gradle.cache.internal.DefaultFileLockManager] Releasing lock on daemon addresses registry.
2024-10-09T11:33:45.644+0530 [DEBUG] [org.gradle.cache.internal.DefaultFileLockManager] Waiting to acquire shared lock on daemon addresses registry.
2024-10-09T11:33:45.644+0530 [DEBUG] [org.gradle.cache.internal.DefaultFileLockManager] Lock acquired on daemon addresses registry.
2024-10-09T11:33:45.645+0530 [DEBUG] [org.gradle.cache.internal.DefaultFileLockManager] Releasing lock on daemon addresses registry.
2024-10-09T11:33:47.383+0530 [DEBUG] [org.gradle.process.internal.health.memory.DefaultMemoryManager] 831603097 memory requested, 470536192 free
2024-10-09T11:33:47.384+0530 [DEBUG] [org.gradle.workers.internal.WorkerDaemonExpiration] Will attempt to release 793 of memory
2024-10-09T11:33:47.384+0530 [DEBUG] [org.gradle.process.internal.health.memory.DefaultMemoryManager] 831603097 memory requested, 0 released, 470536192 free
2024-10-09T11:33:52.383+0530 [DEBUG] [org.gradle.process.internal.health.memory.DefaultMemoryManager] 831603097 memory requested, 482181120 free
2024-10-09T11:33:52.383+0530 [DEBUG] [org.gradle.workers.internal.WorkerDaemonExpiration] Will attempt to release 793 of memory
2024-10-09T11:33:52.383+0530 [DEBUG] [org.gradle.process.internal.health.memory.DefaultMemoryManager] 831603097 memory requested, 0 released, 482181120 free
2024-10-09T11:33:55.636+0530 [DEBUG] [org.gradle.cache.internal.DefaultFileLockManager] Waiting to acquire shared lock on daemon addresses registry.
2024-10-09T11:33:55.636+0530 [DEBUG] [org.gradle.cache.internal.DefaultFileLockManager] Lock acquired on daemon addresses registry.
2024-10-09T11:33:55.636+0530 [DEBUG] [org.gradle.cache.internal.DefaultFileLockManager] Releasing lock on daemon addresses registry.
2024-10-09T11:33:55.637+0530 [DEBUG] [org.gradle.cache.internal.DefaultFileLockManager] Waiting to acquire shared lock on daemon addresses registry.
2024-10-09T11:33:55.637+0530 [DEBUG] [org.gradle.cache.internal.DefaultFileLockManager] Lock acquired on daemon addresses registry.
2024-10-09T11:33:55.637+0530 [DEBUG] [org.gradle.cache.internal.DefaultFileLockManager] Releasing lock on daemon addresses registry.
2024-10-09T11:33:55.638+0530 [DEBUG] [org.gradle.cache.internal.DefaultFileLockManager] Waiting to acquire shared lock on daemon addresses registry.
2024-10-09T11:33:55.638+0530 [DEBUG] [org.gradle.cache.internal.DefaultFileLockManager] Lock acquired on daemon addresses registry.
2024-10-09T11:33:55.639+0530 [DEBUG] [org.gradle.cache.internal.DefaultFileLockManager] Releasing lock on daemon addresses registry.
2024-10-09T11:33:57.385+0530 [DEBUG] [org.gradle.process.internal.health.memory.DefaultMemoryManager] 831603097 memory requested, 486248448 free
2024-10-09T11:33:57.386+0530 [DEBUG] [org.gradle.workers.internal.WorkerDaemonExpiration] Will attempt to release 793 of memory
2024-10-09T11:33:57.386+0530 [DEBUG] [org.gradle.process.internal.health.memory.DefaultMemoryManager] 831603097 memory requested, 0 released, 486248448 free
2024-10-09T11:34:02.389+0530 [DEBUG] [org.gradle.process.internal.health.memory.DefaultMemoryManager] 831603097 memory requested, 487108608 free
2024-10-09T11:34:02.389+0530 [DEBUG] [org.gradle.workers.internal.WorkerDaemonExpiration] Will attempt to release 793 of memory
2024-10-09T11:34:02.390+0530 [DEBUG] [org.gradle.process.internal.health.memory.DefaultMemoryManager] 831603097 memory requested, 0 released, 487108608 free
2024-10-09T11:34:05.634+0530 [DEBUG] [org.gradle.cache.internal.DefaultFileLockManager] Waiting to acquire shared lock on daemon addresses registry.
2024-10-09T11:34:05.634+0530 [DEBUG] [org.gradle.cache.internal.DefaultFileLockManager] Lock acquired on daemon addresses registry.
2024-10-09T11:34:05.634+0530 [DEBUG] [org.gradle.cache.internal.DefaultFileLockManager] Releasing lock on daemon addresses registry.
2024-10-09T11:34:05.635+0530 [DEBUG] [org.gradle.cache.internal.DefaultFileLockManager] Waiting to acquire shared lock on daemon addresses registry.
2024-10-09T11:34:05.635+0530 [DEBUG] [org.gradle.cache.internal.DefaultFileLockManager] Lock acquired on daemon addresses registry.
2024-10-09T11:34:05.635+0530 [DEBUG] [org.gradle.cache.internal.DefaultFileLockManager] Releasing lock on daemon addresses registry.
2024-10-09T11:34:05.636+0530 [DEBUG] [org.gradle.cache.internal.DefaultFileLockManager] Waiting to acquire shared lock on daemon addresses registry.
2024-10-09T11:34:05.636+0530 [DEBUG] [org.gradle.cache.internal.DefaultFileLockManager] Lock acquired on daemon addresses registry.
2024-10-09T11:34:05.636+0530 [DEBUG] [org.gradle.cache.internal.DefaultFileLockManager] Releasing lock on daemon addresses registry.
2024-10-09T11:34:07.390+0530 [DEBUG] [org.gradle.process.internal.health.memory.DefaultMemoryManager] 831603097 memory requested, 471531520 free
2024-10-09T11:34:07.391+0530 [DEBUG] [org.gradle.workers.internal.WorkerDaemonExpiration] Will attempt to release 793 of memory
2024-10-09T11:34:07.391+0530 [DEBUG] [org.gradle.process.internal.health.memory.DefaultMemoryManager] 831603097 memory requested, 0 released, 471531520 free
2024-10-09T11:34:12.377+0530 [DEBUG] [org.gradle.process.internal.health.memory.DefaultMemoryManager] 831603097 memory requested, 450355200 free
2024-10-09T11:34:12.377+0530 [DEBUG] [org.gradle.workers.internal.WorkerDaemonExpiration] Will attempt to release 793 of memory
2024-10-09T11:34:12.377+0530 [DEBUG] [org.gradle.process.internal.health.memory.DefaultMemoryManager] 831603097 memory requested, 0 released, 450355200 free
2024-10-09T11:34:15.642+0530 [DEBUG] [org.gradle.cache.internal.DefaultFileLockManager] Waiting to acquire shared lock on daemon addresses registry.
2024-10-09T11:34:15.642+0530 [DEBUG] [org.gradle.cache.internal.DefaultFileLockManager] Lock acquired on daemon addresses registry.
2024-10-09T11:34:15.642+0530 [DEBUG] [org.gradle.cache.internal.DefaultFileLockManager] Releasing lock on daemon addresses registry.
2024-10-09T11:34:15.643+0530 [DEBUG] [org.gradle.cache.internal.DefaultFileLockManager] Waiting to acquire shared lock on daemon addresses registry.
2024-10-09T11:34:15.643+0530 [DEBUG] [org.gradle.cache.internal.DefaultFileLockManager] Lock acquired on daemon addresses registry.
2024-10-09T11:34:15.644+0530 [DEBUG] [org.gradle.cache.internal.DefaultFileLockManager] Releasing lock on daemon addresses registry.
2024-10-09T11:34:15.644+0530 [DEBUG] [org.gradle.cache.internal.DefaultFileLockManager] Waiting to acquire shared lock on daemon addresses registry.
2024-10-09T11:34:15.644+0530 [DEBUG] [org.gradle.cache.internal.DefaultFileLockManager] Lock acquired on daemon addresses registry.
2024-10-09T11:34:15.644+0530 [DEBUG] [org.gradle.cache.internal.DefaultFileLockManager] Releasing lock on daemon addresses registry.
2024-10-09T11:34:17.389+0530 [DEBUG] [org.gradle.process.internal.health.memory.DefaultMemoryManager] 831603097 memory requested, 506589184 free
2024-10-09T11:34:17.389+0530 [DEBUG] [org.gradle.workers.internal.WorkerDaemonExpiration] Will attempt to release 793 of memory
2024-10-09T11:34:17.389+0530 [DEBUG] [org.gradle.process.internal.health.memory.DefaultMemoryManager] 831603097 memory requested, 0 released, 506589184 free
2024-10-09T11:34:22.383+0530 [DEBUG] [org.gradle.process.internal.health.memory.DefaultMemoryManager] 831603097 memory requested, 474488832 free
2024-10-09T11:34:22.383+0530 [DEBUG] [org.gradle.workers.internal.WorkerDaemonExpiration] Will attempt to release 793 of memory
2024-10-09T11:34:22.384+0530 [DEBUG] [org.gradle.process.internal.health.memory.DefaultMemoryManager] 831603097 memory requested, 0 released, 474488832 free
2024-10-09T11:34:25.642+0530 [DEBUG] [org.gradle.cache.internal.DefaultFileLockManager] Waiting to acquire shared lock on daemon addresses registry.
2024-10-09T11:34:25.642+0530 [DEBUG] [org.gradle.cache.internal.DefaultFileLockManager] Lock acquired on daemon addresses registry.
2024-10-09T11:34:25.642+0530 [DEBUG] [org.gradle.cache.internal.DefaultFileLockManager] Releasing lock on daemon addresses registry.
2024-10-09T11:34:25.643+0530 [DEBUG] [org.gradle.cache.internal.DefaultFileLockManager] Waiting to acquire shared lock on daemon addresses registry.
2024-10-09T11:34:25.643+0530 [DEBUG] [org.gradle.cache.internal.DefaultFileLockManager] Lock acquired on daemon addresses registry.
2024-10-09T11:34:25.644+0530 [DEBUG] [org.gradle.cache.internal.DefaultFileLockManager] Releasing lock on daemon addresses registry.
2024-10-09T11:34:25.644+0530 [DEBUG] [org.gradle.cache.internal.DefaultFileLockManager] Waiting to acquire shared lock on daemon addresses registry.
2024-10-09T11:34:25.645+0530 [DEBUG] [org.gradle.cache.internal.DefaultFileLockManager] Lock acquired on daemon addresses registry.
2024-10-09T11:34:25.645+0530 [DEBUG] [org.gradle.cache.internal.DefaultFileLockManager] Releasing lock on daemon addresses registry.
2024-10-09T11:34:27.386+0530 [DEBUG] [org.gradle.process.internal.health.memory.DefaultMemoryManager] 831603097 memory requested, 463638528 free
2024-10-09T11:34:27.386+0530 [DEBUG] [org.gradle.workers.internal.WorkerDaemonExpiration] Will attempt to release 793 of memory
2024-10-09T11:34:27.386+0530 [DEBUG] [org.gradle.process.internal.health.memory.DefaultMemoryManager] 831603097 memory requested, 0 released, 463638528 free
2024-10-09T11:34:32.388+0530 [DEBUG] [org.gradle.process.internal.health.memory.DefaultMemoryManager] 831603097 memory requested, 463020032 free
2024-10-09T11:34:32.388+0530 [DEBUG] [org.gradle.workers.internal.WorkerDaemonExpiration] Will attempt to release 793 of memory
2024-10-09T11:34:32.388+0530 [DEBUG] [org.gradle.process.internal.health.memory.DefaultMemoryManager] 831603097 memory requested, 0 released, 463020032 free
2024-10-09T11:34:35.637+0530 [DEBUG] [org.gradle.cache.internal.DefaultFileLockManager] Waiting to acquire shared lock on daemon addresses registry.
2024-10-09T11:34:35.637+0530 [DEBUG] [org.gradle.cache.internal.DefaultFileLockManager] Lock acquired on daemon addresses registry.
2024-10-09T11:34:35.637+0530 [DEBUG] [org.gradle.cache.internal.DefaultFileLockManager] Releasing lock on daemon addresses registry.
2024-10-09T11:34:35.638+0530 [DEBUG] [org.gradle.cache.internal.DefaultFileLockManager] Waiting to acquire shared lock on daemon addresses registry.
2024-10-09T11:34:35.638+0530 [DEBUG] [org.gradle.cache.internal.DefaultFileLockManager] Lock acquired on daemon addresses registry.
2024-10-09T11:34:35.639+0530 [DEBUG] [org.gradle.cache.internal.DefaultFileLockManager] Releasing lock on daemon addresses registry.
2024-10-09T11:34:35.639+0530 [DEBUG] [org.gradle.cache.internal.DefaultFileLockManager] Waiting to acquire shared lock on daemon addresses registry.
2024-10-09T11:34:35.639+0530 [DEBUG] [org.gradle.cache.internal.DefaultFileLockManager] Lock acquired on daemon addresses registry.
2024-10-09T11:34:35.640+0530 [DEBUG] [org.gradle.cache.internal.DefaultFileLockManager] Releasing lock on daemon addresses registry.
2024-10-09T11:34:37.379+0530 [DEBUG] [org.gradle.process.internal.health.memory.DefaultMemoryManager] 831603097 memory requested, 453881856 free
2024-10-09T11:34:37.380+0530 [DEBUG] [org.gradle.workers.internal.WorkerDaemonExpiration] Will attempt to release 793 of memory
2024-10-09T11:34:37.380+0530 [DEBUG] [org.gradle.process.internal.health.memory.DefaultMemoryManager] 831603097 memory requested, 0 released, 453881856 free
2024-10-09T11:34:42.387+0530 [DEBUG] [org.gradle.process.internal.health.memory.DefaultMemoryManager] 831603097 memory requested, 446672896 free
2024-10-09T11:34:42.387+0530 [DEBUG] [org.gradle.workers.internal.WorkerDaemonExpiration] Will attempt to release 793 of memory
2024-10-09T11:34:42.387+0530 [DEBUG] [org.gradle.process.internal.health.memory.DefaultMemoryManager] 831603097 memory requested, 0 released, 446672896 free
2024-10-09T11:34:45.640+0530 [DEBUG] [org.gradle.cache.internal.DefaultFileLockManager] Waiting to acquire shared lock on daemon addresses registry.
2024-10-09T11:34:45.640+0530 [DEBUG] [org.gradle.cache.internal.DefaultFileLockManager] Lock acquired on daemon addresses registry.
2024-10-09T11:34:45.640+0530 [DEBUG] [org.gradle.cache.internal.DefaultFileLockManager] Releasing lock on daemon addresses registry.
2024-10-09T11:34:45.641+0530 [DEBUG] [org.gradle.cache.internal.DefaultFileLockManager] Waiting to acquire shared lock on daemon addresses registry.
2024-10-09T11:34:45.642+0530 [DEBUG] [org.gradle.cache.internal.DefaultFileLockManager] Lock acquired on daemon addresses registry.
2024-10-09T11:34:45.642+0530 [DEBUG] [org.gradle.cache.internal.DefaultFileLockManager] Releasing lock on daemon addresses registry.
2024-10-09T11:34:45.642+0530 [DEBUG] [org.gradle.cache.internal.DefaultFileLockManager] Waiting to acquire shared lock on daemon addresses registry.
2024-10-09T11:34:45.642+0530 [DEBUG] [org.gradle.cache.internal.DefaultFileLockManager] Lock acquired on daemon addresses registry.
2024-10-09T11:34:45.643+0530 [DEBUG] [org.gradle.cache.internal.DefaultFileLockManager] Releasing lock on daemon addresses registry.
2024-10-09T11:34:47.387+0530 [DEBUG] [org.gradle.process.internal.health.memory.DefaultMemoryManager] 831603097 memory requested, 464928768 free
2024-10-09T11:34:47.387+0530 [DEBUG] [org.gradle.workers.internal.WorkerDaemonExpiration] Will attempt to release 793 of memory
2024-10-09T11:34:47.387+0530 [DEBUG] [org.gradle.process.internal.health.memory.DefaultMemoryManager] 831603097 memory requested, 0 released, 464928768 free
2024-10-09T11:34:52.391+0530 [DEBUG] [org.gradle.process.internal.health.memory.DefaultMemoryManager] 831603097 memory requested, 468807680 free
2024-10-09T11:34:52.391+0530 [DEBUG] [org.gradle.workers.internal.WorkerDaemonExpiration] Will attempt to release 793 of memory
2024-10-09T11:34:52.391+0530 [DEBUG] [org.gradle.process.internal.health.memory.DefaultMemoryManager] 831603097 memory requested, 0 released, 468807680 free
2024-10-09T11:34:55.646+0530 [DEBUG] [org.gradle.cache.internal.DefaultFileLockManager] Waiting to acquire shared lock on daemon addresses registry.
2024-10-09T11:34:55.646+0530 [DEBUG] [org.gradle.cache.internal.DefaultFileLockManager] Lock acquired on daemon addresses registry.
2024-10-09T11:34:55.646+0530 [DEBUG] [org.gradle.cache.internal.DefaultFileLockManager] Releasing lock on daemon addresses registry.
2024-10-09T11:34:55.647+0530 [DEBUG] [org.gradle.cache.internal.DefaultFileLockManager] Waiting to acquire shared lock on daemon addresses registry.
2024-10-09T11:34:55.647+0530 [DEBUG] [org.gradle.cache.internal.DefaultFileLockManager] Lock acquired on daemon addresses registry.
2024-10-09T11:34:55.647+0530 [DEBUG] [org.gradle.cache.internal.DefaultFileLockManager] Releasing lock on daemon addresses registry.
2024-10-09T11:34:55.648+0530 [DEBUG] [org.gradle.cache.internal.DefaultFileLockManager] Waiting to acquire shared lock on daemon addresses registry.
2024-10-09T11:34:55.648+0530 [DEBUG] [org.gradle.cache.internal.DefaultFileLockManager] Lock acquired on daemon addresses registry.
2024-10-09T11:34:55.648+0530 [DEBUG] [org.gradle.cache.internal.DefaultFileLockManager] Releasing lock on daemon addresses registry.
2024-10-09T11:34:57.378+0530 [DEBUG] [org.gradle.process.internal.health.memory.DefaultMemoryManager] 831603097 memory requested, 474456064 free
2024-10-09T11:34:57.379+0530 [DEBUG] [org.gradle.workers.internal.WorkerDaemonExpiration] Will attempt to release 793 of memory
2024-10-09T11:34:57.379+0530 [DEBUG] [org.gradle.process.internal.health.memory.DefaultMemoryManager] 831603097 memory requested, 0 released, 474456064 free
2024-10-09T11:35:02.385+0530 [DEBUG] [org.gradle.process.internal.health.memory.DefaultMemoryManager] 831603097 memory requested, 475066368 free
2024-10-09T11:35:02.385+0530 [DEBUG] [org.gradle.workers.internal.WorkerDaemonExpiration] Will attempt to release 793 of memory
2024-10-09T11:35:02.385+0530 [DEBUG] [org.gradle.process.internal.health.memory.DefaultMemoryManager] 831603097 memory requested, 0 released, 475066368 free
2024-10-09T11:35:05.636+0530 [DEBUG] [org.gradle.cache.internal.DefaultFileLockManager] Waiting to acquire shared lock on daemon addresses registry.
2024-10-09T11:35:05.636+0530 [DEBUG] [org.gradle.cache.internal.DefaultFileLockManager] Lock acquired on daemon addresses registry.
2024-10-09T11:35:05.637+0530 [DEBUG] [org.gradle.cache.internal.DefaultFileLockManager] Releasing lock on daemon addresses registry.
2024-10-09T11:35:05.638+0530 [DEBUG] [org.gradle.cache.internal.DefaultFileLockManager] Waiting to acquire shared lock on daemon addresses registry.
2024-10-09T11:35:05.638+0530 [DEBUG] [org.gradle.cache.internal.DefaultFileLockManager] Lock acquired on daemon addresses registry.
2024-10-09T11:35:05.638+0530 [DEBUG] [org.gradle.cache.internal.DefaultFileLockManager] Releasing lock on daemon addresses registry.
2024-10-09T11:35:05.638+0530 [DEBUG] [org.gradle.cache.internal.DefaultFileLockManager] Waiting to acquire shared lock on daemon addresses registry.
2024-10-09T11:35:05.639+0530 [DEBUG] [org.gradle.cache.internal.DefaultFileLockManager] Lock acquired on daemon addresses registry.
2024-10-09T11:35:05.639+0530 [DEBUG] [org.gradle.cache.internal.DefaultFileLockManager] Releasing lock on daemon addresses registry.
2024-10-09T11:35:07.378+0530 [DEBUG] [org.gradle.process.internal.health.memory.DefaultMemoryManager] 831603097 memory requested, 474931200 free
2024-10-09T11:35:07.378+0530 [DEBUG] [org.gradle.workers.internal.WorkerDaemonExpiration] Will attempt to release 793 of memory
2024-10-09T11:35:07.378+0530 [DEBUG] [org.gradle.process.internal.health.memory.DefaultMemoryManager] 831603097 memory requested, 0 released, 474931200 free
2024-10-09T11:35:12.379+0530 [DEBUG] [org.gradle.process.internal.health.memory.DefaultMemoryManager] 831603097 memory requested, 435290112 free
2024-10-09T11:35:12.379+0530 [DEBUG] [org.gradle.workers.internal.WorkerDaemonExpiration] Will attempt to release 793 of memory
2024-10-09T11:35:12.379+0530 [DEBUG] [org.gradle.process.internal.health.memory.DefaultMemoryManager] 831603097 memory requested, 0 released, 435290112 free
2024-10-09T11:35:15.634+0530 [DEBUG] [org.gradle.cache.internal.DefaultFileLockManager] Waiting to acquire shared lock on daemon addresses registry.
2024-10-09T11:35:15.634+0530 [DEBUG] [org.gradle.cache.internal.DefaultFileLockManager] Lock acquired on daemon addresses registry.
2024-10-09T11:35:15.634+0530 [DEBUG] [org.gradle.cache.internal.DefaultFileLockManager] Releasing lock on daemon addresses registry.
2024-10-09T11:35:15.635+0530 [DEBUG] [org.gradle.cache.internal.DefaultFileLockManager] Waiting to acquire shared lock on daemon addresses registry.
2024-10-09T11:35:15.635+0530 [DEBUG] [org.gradle.cache.internal.DefaultFileLockManager] Lock acquired on daemon addresses registry.
2024-10-09T11:35:15.635+0530 [DEBUG] [org.gradle.cache.internal.DefaultFileLockManager] Releasing lock on daemon addresses registry.
2024-10-09T11:35:15.636+0530 [DEBUG] [org.gradle.cache.internal.DefaultFileLockManager] Waiting to acquire shared lock on daemon addresses registry.
2024-10-09T11:35:15.636+0530 [DEBUG] [org.gradle.cache.internal.DefaultFileLockManager] Lock acquired on daemon addresses registry.
2024-10-09T11:35:15.636+0530 [DEBUG] [org.gradle.cache.internal.DefaultFileLockManager] Releasing lock on daemon addresses registry.
2024-10-09T11:35:17.390+0530 [DEBUG] [org.gradle.process.internal.health.memory.DefaultMemoryManager] 831603097 memory requested, 392749056 free
2024-10-09T11:35:17.390+0530 [DEBUG] [org.gradle.workers.internal.WorkerDaemonExpiration] Will attempt to release 793 of memory
2024-10-09T11:35:17.390+0530 [DEBUG] [org.gradle.process.internal.health.memory.DefaultMemoryManager] 831603097 memory requested, 0 released, 392749056 free
2024-10-09T11:35:22.391+0530 [DEBUG] [org.gradle.process.internal.health.memory.DefaultMemoryManager] 831603097 memory requested, 607354880 free
2024-10-09T11:35:22.392+0530 [DEBUG] [org.gradle.workers.internal.WorkerDaemonExpiration] Will attempt to release 793 of memory
2024-10-09T11:35:22.392+0530 [DEBUG] [org.gradle.process.internal.health.memory.DefaultMemoryManager] 831603097 memory requested, 0 released, 607354880 free
2024-10-09T11:35:25.631+0530 [DEBUG] [org.gradle.cache.internal.DefaultFileLockManager] Waiting to acquire shared lock on daemon addresses registry.
2024-10-09T11:35:25.631+0530 [DEBUG] [org.gradle.cache.internal.DefaultFileLockManager] Lock acquired on daemon addresses registry.
2024-10-09T11:35:25.632+0530 [DEBUG] [org.gradle.cache.internal.DefaultFileLockManager] Releasing lock on daemon addresses registry.
2024-10-09T11:35:25.633+0530 [DEBUG] [org.gradle.cache.internal.DefaultFileLockManager] Waiting to acquire shared lock on daemon addresses registry.
2024-10-09T11:35:25.633+0530 [DEBUG] [org.gradle.cache.internal.DefaultFileLockManager] Lock acquired on daemon addresses registry.
2024-10-09T11:35:25.633+0530 [DEBUG] [org.gradle.cache.internal.DefaultFileLockManager] Releasing lock on daemon addresses registry.
2024-10-09T11:35:25.634+0530 [DEBUG] [org.gradle.cache.internal.DefaultFileLockManager] Waiting to acquire shared lock on daemon addresses registry.
2024-10-09T11:35:25.634+0530 [DEBUG] [org.gradle.cache.internal.DefaultFileLockManager] Lock acquired on daemon addresses registry.
2024-10-09T11:35:25.634+0530 [DEBUG] [org.gradle.cache.internal.DefaultFileLockManager] Releasing lock on daemon addresses registry.
2024-10-09T11:35:27.382+0530 [DEBUG] [org.gradle.process.internal.health.memory.DefaultMemoryManager] 831603097 memory requested, 741146624 free
2024-10-09T11:35:27.382+0530 [DEBUG] [org.gradle.workers.internal.WorkerDaemonExpiration] Will attempt to release 793 of memory
2024-10-09T11:35:27.382+0530 [DEBUG] [org.gradle.process.internal.health.memory.DefaultMemoryManager] 831603097 memory requested, 0 released, 741146624 free
2024-10-09T11:35:32.379+0530 [DEBUG] [org.gradle.process.internal.health.memory.DefaultMemoryManager] 831603097 memory requested, 744669184 free
2024-10-09T11:35:32.379+0530 [DEBUG] [org.gradle.workers.internal.WorkerDaemonExpiration] Will attempt to release 793 of memory
2024-10-09T11:35:32.379+0530 [DEBUG] [org.gradle.process.internal.health.memory.DefaultMemoryManager] 831603097 memory requested, 0 released, 744669184 free
2024-10-09T11:35:35.634+0530 [DEBUG] [org.gradle.cache.internal.DefaultFileLockManager] Waiting to acquire shared lock on daemon addresses registry.
2024-10-09T11:35:35.634+0530 [DEBUG] [org.gradle.cache.internal.DefaultFileLockManager] Lock acquired on daemon addresses registry.
2024-10-09T11:35:35.634+0530 [DEBUG] [org.gradle.cache.internal.DefaultFileLockManager] Releasing lock on daemon addresses registry.
2024-10-09T11:35:35.635+0530 [DEBUG] [org.gradle.cache.internal.DefaultFileLockManager] Waiting to acquire shared lock on daemon addresses registry.
2024-10-09T11:35:35.636+0530 [DEBUG] [org.gradle.cache.internal.DefaultFileLockManager] Lock acquired on daemon addresses registry.
2024-10-09T11:35:35.636+0530 [DEBUG] [org.gradle.cache.internal.DefaultFileLockManager] Releasing lock on daemon addresses registry.
2024-10-09T11:35:35.637+0530 [DEBUG] [org.gradle.cache.internal.DefaultFileLockManager] Waiting to acquire shared lock on daemon addresses registry.
2024-10-09T11:35:35.637+0530 [DEBUG] [org.gradle.cache.internal.DefaultFileLockManager] Lock acquired on daemon addresses registry.
2024-10-09T11:35:35.637+0530 [DEBUG] [org.gradle.cache.internal.DefaultFileLockManager] Releasing lock on daemon addresses registry.
2024-10-09T11:35:37.381+0530 [DEBUG] [org.gradle.process.internal.health.memory.DefaultMemoryManager] 831603097 memory requested, 745992192 free
2024-10-09T11:35:37.381+0530 [DEBUG] [org.gradle.workers.internal.WorkerDaemonExpiration] Will attempt to release 793 of memory
2024-10-09T11:35:37.381+0530 [DEBUG] [org.gradle.process.internal.health.memory.DefaultMemoryManager] 831603097 memory requested, 0 released, 745992192 free
2024-10-09T11:35:42.382+0530 [DEBUG] [org.gradle.process.internal.health.memory.DefaultMemoryManager] 831603097 memory requested, 746430464 free
2024-10-09T11:35:42.382+0530 [DEBUG] [org.gradle.workers.internal.WorkerDaemonExpiration] Will attempt to release 793 of memory
2024-10-09T11:35:42.382+0530 [DEBUG] [org.gradle.process.internal.health.memory.DefaultMemoryManager] 831603097 memory requested, 0 released, 746430464 free
2024-10-09T11:35:45.639+0530 [DEBUG] [org.gradle.cache.internal.DefaultFileLockManager] Waiting to acquire shared lock on daemon addresses registry.
2024-10-09T11:35:45.639+0530 [DEBUG] [org.gradle.cache.internal.DefaultFileLockManager] Lock acquired on daemon addresses registry.
2024-10-09T11:35:45.639+0530 [DEBUG] [org.gradle.cache.internal.DefaultFileLockManager] Releasing lock on daemon addresses registry.
2024-10-09T11:35:45.640+0530 [DEBUG] [org.gradle.cache.internal.DefaultFileLockManager] Waiting to acquire shared lock on daemon addresses registry.
2024-10-09T11:35:45.640+0530 [DEBUG] [org.gradle.cache.internal.DefaultFileLockManager] Lock acquired on daemon addresses registry.
2024-10-09T11:35:45.640+0530 [DEBUG] [org.gradle.cache.internal.DefaultFileLockManager] Releasing lock on daemon addresses registry.
2024-10-09T11:35:45.640+0530 [DEBUG] [org.gradle.cache.internal.DefaultFileLockManager] Waiting to acquire shared lock on daemon addresses registry.
2024-10-09T11:35:45.640+0530 [DEBUG] [org.gradle.cache.internal.DefaultFileLockManager] Lock acquired on daemon addresses registry.
2024-10-09T11:35:45.640+0530 [DEBUG] [org.gradle.cache.internal.DefaultFileLockManager] Releasing lock on daemon addresses registry.
2024-10-09T11:35:47.381+0530 [DEBUG] [org.gradle.process.internal.health.memory.DefaultMemoryManager] 831603097 memory requested, 603430912 free
2024-10-09T11:35:47.381+0530 [DEBUG] [org.gradle.workers.internal.WorkerDaemonExpiration] Will attempt to release 793 of memory
2024-10-09T11:35:47.381+0530 [DEBUG] [org.gradle.process.internal.health.memory.DefaultMemoryManager] 831603097 memory requested, 0 released, 603430912 free
2024-10-09T11:35:52.386+0530 [DEBUG] [org.gradle.process.internal.health.memory.DefaultMemoryManager] 831603097 memory requested, 564260864 free
2024-10-09T11:35:52.386+0530 [DEBUG] [org.gradle.workers.internal.WorkerDaemonExpiration] Will attempt to release 793 of memory
2024-10-09T11:35:52.386+0530 [DEBUG] [org.gradle.process.internal.health.memory.DefaultMemoryManager] 831603097 memory requested, 0 released, 564260864 free
2024-10-09T11:35:55.642+0530 [DEBUG] [org.gradle.cache.internal.DefaultFileLockManager] Waiting to acquire shared lock on daemon addresses registry.
2024-10-09T11:35:55.642+0530 [DEBUG] [org.gradle.cache.internal.DefaultFileLockManager] Lock acquired on daemon addresses registry.
2024-10-09T11:35:55.643+0530 [DEBUG] [org.gradle.cache.internal.DefaultFileLockManager] Releasing lock on daemon addresses registry.
2024-10-09T11:35:55.644+0530 [DEBUG] [org.gradle.cache.internal.DefaultFileLockManager] Waiting to acquire shared lock on daemon addresses registry.
2024-10-09T11:35:55.644+0530 [DEBUG] [org.gradle.cache.internal.DefaultFileLockManager] Lock acquired on daemon addresses registry.
2024-10-09T11:35:55.644+0530 [DEBUG] [org.gradle.cache.internal.DefaultFileLockManager] Releasing lock on daemon addresses registry.
2024-10-09T11:35:55.644+0530 [DEBUG] [org.gradle.cache.internal.DefaultFileLockManager] Waiting to acquire shared lock on daemon addresses registry.
2024-10-09T11:35:55.645+0530 [DEBUG] [org.gradle.cache.internal.DefaultFileLockManager] Lock acquired on daemon addresses registry.
2024-10-09T11:35:55.645+0530 [DEBUG] [org.gradle.cache.internal.DefaultFileLockManager] Releasing lock on daemon addresses registry.
2024-10-09T11:35:57.387+0530 [DEBUG] [org.gradle.process.internal.health.memory.DefaultMemoryManager] 831603097 memory requested, 580038656 free
2024-10-09T11:35:57.387+0530 [DEBUG] [org.gradle.workers.internal.WorkerDaemonExpiration] Will attempt to release 793 of memory
2024-10-09T11:35:57.387+0530 [DEBUG] [org.gradle.process.internal.health.memory.DefaultMemoryManager] 831603097 memory requested, 0 released, 580038656 free
2024-10-09T11:36:02.392+0530 [DEBUG] [org.gradle.process.internal.health.memory.DefaultMemoryManager] 831603097 memory requested, 576516096 free
2024-10-09T11:36:02.392+0530 [DEBUG] [org.gradle.workers.internal.WorkerDaemonExpiration] Will attempt to release 793 of memory
2024-10-09T11:36:02.392+0530 [DEBUG] [org.gradle.process.internal.health.memory.DefaultMemoryManager] 831603097 memory requested, 0 released, 576516096 free
2024-10-09T11:36:05.635+0530 [DEBUG] [org.gradle.cache.internal.DefaultFileLockManager] Waiting to acquire shared lock on daemon addresses registry.
2024-10-09T11:36:05.635+0530 [DEBUG] [org.gradle.cache.internal.DefaultFileLockManager] Lock acquired on daemon addresses registry.
2024-10-09T11:36:05.637+0530 [DEBUG] [org.gradle.cache.internal.DefaultFileLockManager] Releasing lock on daemon addresses registry.
2024-10-09T11:36:05.637+0530 [DEBUG] [org.gradle.cache.internal.DefaultFileLockManager] Waiting to acquire shared lock on daemon addresses registry.
2024-10-09T11:36:05.638+0530 [DEBUG] [org.gradle.cache.internal.DefaultFileLockManager] Lock acquired on daemon addresses registry.
2024-10-09T11:36:05.638+0530 [DEBUG] [org.gradle.cache.internal.DefaultFileLockManager] Releasing lock on daemon addresses registry.
2024-10-09T11:36:05.638+0530 [DEBUG] [org.gradle.cache.internal.DefaultFileLockManager] Waiting to acquire shared lock on daemon addresses registry.
2024-10-09T11:36:05.638+0530 [DEBUG] [org.gradle.cache.internal.DefaultFileLockManager] Lock acquired on daemon addresses registry.
2024-10-09T11:36:05.638+0530 [DEBUG] [org.gradle.cache.internal.DefaultFileLockManager] Releasing lock on daemon addresses registry.
2024-10-09T11:36:07.382+0530 [DEBUG] [org.gradle.process.internal.health.memory.DefaultMemoryManager] 831603097 memory requested, 565338112 free
2024-10-09T11:36:07.382+0530 [DEBUG] [org.gradle.workers.internal.WorkerDaemonExpiration] Will attempt to release 793 of memory
2024-10-09T11:36:07.382+0530 [DEBUG] [org.gradle.process.internal.health.memory.DefaultMemoryManager] 831603097 memory requested, 0 released, 565338112 free
2024-10-09T11:36:12.384+0530 [DEBUG] [org.gradle.process.internal.health.memory.DefaultMemoryManager] 831603097 memory requested, 569286656 free
2024-10-09T11:36:12.384+0530 [DEBUG] [org.gradle.workers.internal.WorkerDaemonExpiration] Will attempt to release 793 of memory
2024-10-09T11:36:12.384+0530 [DEBUG] [org.gradle.process.internal.health.memory.DefaultMemoryManager] 831603097 memory requested, 0 released, 569286656 free
2024-10-09T11:36:15.634+0530 [DEBUG] [org.gradle.cache.internal.DefaultFileLockManager] Waiting to acquire shared lock on daemon addresses registry.
2024-10-09T11:36:15.634+0530 [DEBUG] [org.gradle.cache.internal.DefaultFileLockManager] Lock acquired on daemon addresses registry.
2024-10-09T11:36:15.634+0530 [DEBUG] [org.gradle.cache.internal.DefaultFileLockManager] Releasing lock on daemon addresses registry.
2024-10-09T11:36:15.636+0530 [DEBUG] [org.gradle.cache.internal.DefaultFileLockManager] Waiting to acquire shared lock on daemon addresses registry.
2024-10-09T11:36:15.636+0530 [DEBUG] [org.gradle.cache.internal.DefaultFileLockManager] Lock acquired on daemon addresses registry.
2024-10-09T11:36:15.636+0530 [DEBUG] [org.gradle.cache.internal.DefaultFileLockManager] Releasing lock on daemon addresses registry.
2024-10-09T11:36:15.637+0530 [DEBUG] [org.gradle.cache.internal.DefaultFileLockManager] Waiting to acquire shared lock on daemon addresses registry.
2024-10-09T11:36:15.637+0530 [DEBUG] [org.gradle.cache.internal.DefaultFileLockManager] Lock acquired on daemon addresses registry.
2024-10-09T11:36:15.637+0530 [DEBUG] [org.gradle.cache.internal.DefaultFileLockManager] Releasing lock on daemon addresses registry.
2024-10-09T11:36:17.380+0530 [DEBUG] [org.gradle.process.internal.health.memory.DefaultMemoryManager] 831603097 memory requested, 576024576 free
2024-10-09T11:36:17.380+0530 [DEBUG] [org.gradle.workers.internal.WorkerDaemonExpiration] Will attempt to release 793 of memory
2024-10-09T11:36:17.380+0530 [DEBUG] [org.gradle.process.internal.health.memory.DefaultMemoryManager] 831603097 memory requested, 0 released, 576024576 free
2024-10-09T11:36:22.386+0530 [DEBUG] [org.gradle.process.internal.health.memory.DefaultMemoryManager] 831603097 memory requested, 574001152 free
2024-10-09T11:36:22.386+0530 [DEBUG] [org.gradle.workers.internal.WorkerDaemonExpiration] Will attempt to release 793 of memory
2024-10-09T11:36:22.386+0530 [DEBUG] [org.gradle.process.internal.health.memory.DefaultMemoryManager] 831603097 memory requested, 0 released, 574001152 free
2024-10-09T11:36:25.641+0530 [DEBUG] [org.gradle.cache.internal.DefaultFileLockManager] Waiting to acquire shared lock on daemon addresses registry.
2024-10-09T11:36:25.641+0530 [DEBUG] [org.gradle.cache.internal.DefaultFileLockManager] Lock acquired on daemon addresses registry.
2024-10-09T11:36:25.642+0530 [DEBUG] [org.gradle.cache.internal.DefaultFileLockManager] Releasing lock on daemon addresses registry.
2024-10-09T11:36:25.642+0530 [DEBUG] [org.gradle.cache.internal.DefaultFileLockManager] Waiting to acquire shared lock on daemon addresses registry.
2024-10-09T11:36:25.643+0530 [DEBUG] [org.gradle.cache.internal.DefaultFileLockManager] Lock acquired on daemon addresses registry.
2024-10-09T11:36:25.643+0530 [DEBUG] [org.gradle.cache.internal.DefaultFileLockManager] Releasing lock on daemon addresses registry.
2024-10-09T11:36:25.644+0530 [DEBUG] [org.gradle.cache.internal.DefaultFileLockManager] Waiting to acquire shared lock on daemon addresses registry.
2024-10-09T11:36:25.644+0530 [DEBUG] [org.gradle.cache.internal.DefaultFileLockManager] Lock acquired on daemon addresses registry.
2024-10-09T11:36:25.644+0530 [DEBUG] [org.gradle.cache.internal.DefaultFileLockManager] Releasing lock on daemon addresses registry.
2024-10-09T11:36:27.388+0530 [DEBUG] [org.gradle.process.internal.health.memory.DefaultMemoryManager] 831603097 memory requested, 566476800 free
2024-10-09T11:36:27.388+0530 [DEBUG] [org.gradle.workers.internal.WorkerDaemonExpiration] Will attempt to release 793 of memory
2024-10-09T11:36:27.388+0530 [DEBUG] [org.gradle.process.internal.health.memory.DefaultMemoryManager] 831603097 memory requested, 0 released, 566476800 free
2024-10-09T11:36:32.390+0530 [DEBUG] [org.gradle.process.internal.health.memory.DefaultMemoryManager] 831603097 memory requested, 569753600 free
2024-10-09T11:36:32.390+0530 [DEBUG] [org.gradle.workers.internal.WorkerDaemonExpiration] Will attempt to release 793 of memory
2024-10-09T11:36:32.390+0530 [DEBUG] [org.gradle.process.internal.health.memory.DefaultMemoryManager] 831603097 memory requested, 0 released, 569753600 free
2024-10-09T11:36:35.642+0530 [DEBUG] [org.gradle.cache.internal.DefaultFileLockManager] Waiting to acquire shared lock on daemon addresses registry.
2024-10-09T11:36:35.642+0530 [DEBUG] [org.gradle.cache.internal.DefaultFileLockManager] Lock acquired on daemon addresses registry.
2024-10-09T11:36:35.643+0530 [DEBUG] [org.gradle.cache.internal.DefaultFileLockManager] Releasing lock on daemon addresses registry.
2024-10-09T11:36:35.644+0530 [DEBUG] [org.gradle.cache.internal.DefaultFileLockManager] Waiting to acquire shared lock on daemon addresses registry.
2024-10-09T11:36:35.644+0530 [DEBUG] [org.gradle.cache.internal.DefaultFileLockManager] Lock acquired on daemon addresses registry.
2024-10-09T11:36:35.644+0530 [DEBUG] [org.gradle.cache.internal.DefaultFileLockManager] Releasing lock on daemon addresses registry.
2024-10-09T11:36:35.645+0530 [DEBUG] [org.gradle.cache.internal.DefaultFileLockManager] Waiting to acquire shared lock on daemon addresses registry.
2024-10-09T11:36:35.645+0530 [DEBUG] [org.gradle.cache.internal.DefaultFileLockManager] Lock acquired on daemon addresses registry.
2024-10-09T11:36:35.645+0530 [DEBUG] [org.gradle.cache.internal.DefaultFileLockManager] Releasing lock on daemon addresses registry.
2024-10-09T11:36:37.383+0530 [DEBUG] [org.gradle.process.internal.health.memory.DefaultMemoryManager] 831603097 memory requested, 569188352 free
2024-10-09T11:36:37.383+0530 [DEBUG] [org.gradle.workers.internal.WorkerDaemonExpiration] Will attempt to release 793 of memory
2024-10-09T11:36:37.383+0530 [DEBUG] [org.gradle.process.internal.health.memory.DefaultMemoryManager] 831603097 memory requested, 0 released, 569188352 free
2024-10-09T11:36:42.389+0530 [DEBUG] [org.gradle.process.internal.health.memory.DefaultMemoryManager] 831603097 memory requested, 573034496 free
2024-10-09T11:36:42.389+0530 [DEBUG] [org.gradle.workers.internal.WorkerDaemonExpiration] Will attempt to release 793 of memory
2024-10-09T11:36:42.389+0530 [DEBUG] [org.gradle.process.internal.health.memory.DefaultMemoryManager] 831603097 memory requested, 0 released, 573034496 free
2024-10-09T11:36:45.631+0530 [DEBUG] [org.gradle.cache.internal.DefaultFileLockManager] Waiting to acquire shared lock on daemon addresses registry.
2024-10-09T11:36:45.631+0530 [DEBUG] [org.gradle.cache.internal.DefaultFileLockManager] Lock acquired on daemon addresses registry.
2024-10-09T11:36:45.631+0530 [DEBUG] [org.gradle.cache.internal.DefaultFileLockManager] Releasing lock on daemon addresses registry.
2024-10-09T11:36:45.632+0530 [DEBUG] [org.gradle.cache.internal.DefaultFileLockManager] Waiting to acquire shared lock on daemon addresses registry.
2024-10-09T11:36:45.632+0530 [DEBUG] [org.gradle.cache.internal.DefaultFileLockManager] Lock acquired on daemon addresses registry.
2024-10-09T11:36:45.632+0530 [DEBUG] [org.gradle.cache.internal.DefaultFileLockManager] Releasing lock on daemon addresses registry.
2024-10-09T11:36:45.633+0530 [DEBUG] [org.gradle.cache.internal.DefaultFileLockManager] Waiting to acquire shared lock on daemon addresses registry.
2024-10-09T11:36:45.633+0530 [DEBUG] [org.gradle.cache.internal.DefaultFileLockManager] Lock acquired on daemon addresses registry.
2024-10-09T11:36:45.633+0530 [DEBUG] [org.gradle.cache.internal.DefaultFileLockManager] Releasing lock on daemon addresses registry.
2024-10-09T11:36:47.388+0530 [DEBUG] [org.gradle.process.internal.health.memory.DefaultMemoryManager] 831603097 memory requested, 567918592 free
2024-10-09T11:36:47.388+0530 [DEBUG] [org.gradle.workers.internal.WorkerDaemonExpiration] Will attempt to release 793 of memory
2024-10-09T11:36:47.388+0530 [DEBUG] [org.gradle.process.internal.health.memory.DefaultMemoryManager] 831603097 memory requested, 0 released, 567918592 free
2024-10-09T11:36:52.384+0530 [DEBUG] [org.gradle.process.internal.health.memory.DefaultMemoryManager] 831603097 memory requested, 566190080 free
2024-10-09T11:36:52.384+0530 [DEBUG] [org.gradle.workers.internal.WorkerDaemonExpiration] Will attempt to release 793 of memory
2024-10-09T11:36:52.384+0530 [DEBUG] [org.gradle.process.internal.health.memory.DefaultMemoryManager] 831603097 memory requested, 0 released, 566190080 free
2024-10-09T11:36:55.643+0530 [DEBUG] [org.gradle.cache.internal.DefaultFileLockManager] Waiting to acquire shared lock on daemon addresses registry.
2024-10-09T11:36:55.643+0530 [DEBUG] [org.gradle.cache.internal.DefaultFileLockManager] Lock acquired on daemon addresses registry.
2024-10-09T11:36:55.643+0530 [DEBUG] [org.gradle.cache.internal.DefaultFileLockManager] Releasing lock on daemon addresses registry.
2024-10-09T11:36:55.644+0530 [DEBUG] [org.gradle.cache.internal.DefaultFileLockManager] Waiting to acquire shared lock on daemon addresses registry.
2024-10-09T11:36:55.645+0530 [DEBUG] [org.gradle.cache.internal.DefaultFileLockManager] Lock acquired on daemon addresses registry.
2024-10-09T11:36:55.645+0530 [DEBUG] [org.gradle.cache.internal.DefaultFileLockManager] Releasing lock on daemon addresses registry.
2024-10-09T11:36:55.645+0530 [DEBUG] [org.gradle.cache.internal.DefaultFileLockManager] Waiting to acquire shared lock on daemon addresses registry.
2024-10-09T11:36:55.645+0530 [DEBUG] [org.gradle.cache.internal.DefaultFileLockManager] Lock acquired on daemon addresses registry.
2024-10-09T11:36:55.646+0530 [DEBUG] [org.gradle.cache.internal.DefaultFileLockManager] Releasing lock on daemon addresses registry.
2024-10-09T11:36:57.385+0530 [DEBUG] [org.gradle.process.internal.health.memory.DefaultMemoryManager] 831603097 memory requested, 569548800 free
2024-10-09T11:36:57.385+0530 [DEBUG] [org.gradle.workers.internal.WorkerDaemonExpiration] Will attempt to release 793 of memory
2024-10-09T11:36:57.385+0530 [DEBUG] [org.gradle.process.internal.health.memory.DefaultMemoryManager] 831603097 memory requested, 0 released, 569548800 free
2024-10-09T11:37:02.383+0530 [DEBUG] [org.gradle.process.internal.health.memory.DefaultMemoryManager] 831603097 memory requested, 566136832 free
2024-10-09T11:37:02.383+0530 [DEBUG] [org.gradle.workers.internal.WorkerDaemonExpiration] Will attempt to release 793 of memory
2024-10-09T11:37:02.383+0530 [DEBUG] [org.gradle.process.internal.health.memory.DefaultMemoryManager] 831603097 memory requested, 0 released, 566136832 free
2024-10-09T11:37:05.636+0530 [DEBUG] [org.gradle.cache.internal.DefaultFileLockManager] Waiting to acquire shared lock on daemon addresses registry.
2024-10-09T11:37:05.636+0530 [DEBUG] [org.gradle.cache.internal.DefaultFileLockManager] Lock acquired on daemon addresses registry.
2024-10-09T11:37:05.636+0530 [DEBUG] [org.gradle.cache.internal.DefaultFileLockManager] Releasing lock on daemon addresses registry.
2024-10-09T11:37:05.637+0530 [DEBUG] [org.gradle.cache.internal.DefaultFileLockManager] Waiting to acquire shared lock on daemon addresses registry.
2024-10-09T11:37:05.637+0530 [DEBUG] [org.gradle.cache.internal.DefaultFileLockManager] Lock acquired on daemon addresses registry.
2024-10-09T11:37:05.637+0530 [DEBUG] [org.gradle.cache.internal.DefaultFileLockManager] Releasing lock on daemon addresses registry.
2024-10-09T11:37:05.638+0530 [DEBUG] [org.gradle.cache.internal.DefaultFileLockManager] Waiting to acquire shared lock on daemon addresses registry.
2024-10-09T11:37:05.638+0530 [DEBUG] [org.gradle.cache.internal.DefaultFileLockManager] Lock acquired on daemon addresses registry.
2024-10-09T11:37:05.638+0530 [DEBUG] [org.gradle.cache.internal.DefaultFileLockManager] Releasing lock on daemon addresses registry.
2024-10-09T11:37:07.389+0530 [DEBUG] [org.gradle.process.internal.health.memory.DefaultMemoryManager] 831603097 memory requested, 555651072 free
2024-10-09T11:37:07.389+0530 [DEBUG] [org.gradle.workers.internal.WorkerDaemonExpiration] Will attempt to release 793 of memory
2024-10-09T11:37:07.389+0530 [DEBUG] [org.gradle.process.internal.health.memory.DefaultMemoryManager] 831603097 memory requested, 0 released, 555651072 free
2024-10-09T11:37:12.384+0530 [DEBUG] [org.gradle.process.internal.health.memory.DefaultMemoryManager] 831603097 memory requested, 562978816 free
2024-10-09T11:37:12.384+0530 [DEBUG] [org.gradle.workers.internal.WorkerDaemonExpiration] Will attempt to release 793 of memory
2024-10-09T11:37:12.384+0530 [DEBUG] [org.gradle.process.internal.health.memory.DefaultMemoryManager] 831603097 memory requested, 0 released, 562978816 free
2024-10-09T11:37:15.633+0530 [DEBUG] [org.gradle.cache.internal.DefaultFileLockManager] Waiting to acquire shared lock on daemon addresses registry.
2024-10-09T11:37:15.633+0530 [DEBUG] [org.gradle.cache.internal.DefaultFileLockManager] Lock acquired on daemon addresses registry.
2024-10-09T11:37:15.633+0530 [DEBUG] [org.gradle.cache.internal.DefaultFileLockManager] Releasing lock on daemon addresses registry.
2024-10-09T11:37:15.634+0530 [DEBUG] [org.gradle.cache.internal.DefaultFileLockManager] Waiting to acquire shared lock on daemon addresses registry.
2024-10-09T11:37:15.634+0530 [DEBUG] [org.gradle.cache.internal.DefaultFileLockManager] Lock acquired on daemon addresses registry.
2024-10-09T11:37:15.634+0530 [DEBUG] [org.gradle.cache.internal.DefaultFileLockManager] Releasing lock on daemon addresses registry.
2024-10-09T11:37:15.634+0530 [DEBUG] [org.gradle.cache.internal.DefaultFileLockManager] Waiting to acquire shared lock on daemon addresses registry.
2024-10-09T11:37:15.635+0530 [DEBUG] [org.gradle.cache.internal.DefaultFileLockManager] Lock acquired on daemon addresses registry.
2024-10-09T11:37:15.635+0530 [DEBUG] [org.gradle.cache.internal.DefaultFileLockManager] Releasing lock on daemon addresses registry.
2024-10-09T11:37:17.384+0530 [DEBUG] [org.gradle.process.internal.health.memory.DefaultMemoryManager] 831603097 memory requested, 563638272 free
2024-10-09T11:37:17.384+0530 [DEBUG] [org.gradle.workers.internal.WorkerDaemonExpiration] Will attempt to release 793 of memory
2024-10-09T11:37:17.384+0530 [DEBUG] [org.gradle.process.internal.health.memory.DefaultMemoryManager] 831603097 memory requested, 0 released, 563638272 free
2024-10-09T11:37:22.379+0530 [DEBUG] [org.gradle.process.internal.health.memory.DefaultMemoryManager] 831603097 memory requested, 527192064 free
2024-10-09T11:37:22.379+0530 [DEBUG] [org.gradle.workers.internal.WorkerDaemonExpiration] Will attempt to release 793 of memory
2024-10-09T11:37:22.379+0530 [DEBUG] [org.gradle.process.internal.health.memory.DefaultMemoryManager] 831603097 memory requested, 0 released, 527192064 free
2024-10-09T11:37:25.645+0530 [DEBUG] [org.gradle.cache.internal.DefaultFileLockManager] Waiting to acquire shared lock on daemon addresses registry.
2024-10-09T11:37:25.645+0530 [DEBUG] [org.gradle.cache.internal.DefaultFileLockManager] Lock acquired on daemon addresses registry.
2024-10-09T11:37:25.645+0530 [DEBUG] [org.gradle.cache.internal.DefaultFileLockManager] Releasing lock on daemon addresses registry.
2024-10-09T11:37:25.646+0530 [DEBUG] [org.gradle.cache.internal.DefaultFileLockManager] Waiting to acquire shared lock on daemon addresses registry.
2024-10-09T11:37:25.647+0530 [DEBUG] [org.gradle.cache.internal.DefaultFileLockManager] Lock acquired on daemon addresses registry.
2024-10-09T11:37:25.647+0530 [DEBUG] [org.gradle.cache.internal.DefaultFileLockManager] Releasing lock on daemon addresses registry.
2024-10-09T11:37:25.648+0530 [DEBUG] [org.gradle.cache.internal.DefaultFileLockManager] Waiting to acquire shared lock on daemon addresses registry.
2024-10-09T11:37:25.648+0530 [DEBUG] [org.gradle.cache.internal.DefaultFileLockManager] Lock acquired on daemon addresses registry.
2024-10-09T11:37:25.648+0530 [DEBUG] [org.gradle.cache.internal.DefaultFileLockManager] Releasing lock on daemon addresses registry.
2024-10-09T11:37:27.386+0530 [DEBUG] [org.gradle.process.internal.health.memory.DefaultMemoryManager] 831603097 memory requested, 513871872 free
2024-10-09T11:37:27.386+0530 [DEBUG] [org.gradle.workers.internal.WorkerDaemonExpiration] Will attempt to release 793 of memory
2024-10-09T11:37:27.386+0530 [DEBUG] [org.gradle.process.internal.health.memory.DefaultMemoryManager] 831603097 memory requested, 0 released, 513871872 free
2024-10-09T11:37:32.381+0530 [DEBUG] [org.gradle.process.internal.health.memory.DefaultMemoryManager] 831603097 memory requested, 519581696 free
2024-10-09T11:37:32.381+0530 [DEBUG] [org.gradle.workers.internal.WorkerDaemonExpiration] Will attempt to release 793 of memory
2024-10-09T11:37:32.381+0530 [DEBUG] [org.gradle.process.internal.health.memory.DefaultMemoryManager] 831603097 memory requested, 0 released, 519581696 free
2024-10-09T11:37:35.632+0530 [DEBUG] [org.gradle.cache.internal.DefaultFileLockManager] Waiting to acquire shared lock on daemon addresses registry.
2024-10-09T11:37:35.632+0530 [DEBUG] [org.gradle.cache.internal.DefaultFileLockManager] Lock acquired on daemon addresses registry.
2024-10-09T11:37:35.633+0530 [DEBUG] [org.gradle.cache.internal.DefaultFileLockManager] Releasing lock on daemon addresses registry.
2024-10-09T11:37:35.633+0530 [DEBUG] [org.gradle.cache.internal.DefaultFileLockManager] Waiting to acquire shared lock on daemon addresses registry.
2024-10-09T11:37:35.634+0530 [DEBUG] [org.gradle.cache.internal.DefaultFileLockManager] Lock acquired on daemon addresses registry.
2024-10-09T11:37:35.634+0530 [DEBUG] [org.gradle.cache.internal.DefaultFileLockManager] Releasing lock on daemon addresses registry.
2024-10-09T11:37:35.635+0530 [DEBUG] [org.gradle.cache.internal.DefaultFileLockManager] Waiting to acquire shared lock on daemon addresses registry.
2024-10-09T11:37:35.635+0530 [DEBUG] [org.gradle.cache.internal.DefaultFileLockManager] Lock acquired on daemon addresses registry.
2024-10-09T11:37:35.636+0530 [DEBUG] [org.gradle.cache.internal.DefaultFileLockManager] Releasing lock on daemon addresses registry.
2024-10-09T11:37:37.388+0530 [DEBUG] [org.gradle.process.internal.health.memory.DefaultMemoryManager] 831603097 memory requested, 518864896 free
2024-10-09T11:37:37.389+0530 [DEBUG] [org.gradle.workers.internal.WorkerDaemonExpiration] Will attempt to release 793 of memory
2024-10-09T11:37:37.389+0530 [DEBUG] [org.gradle.process.internal.health.memory.DefaultMemoryManager] 831603097 memory requested, 0 released, 518864896 free
2024-10-09T11:37:42.391+0530 [DEBUG] [org.gradle.process.internal.health.memory.DefaultMemoryManager] 831603097 memory requested, 514502656 free
2024-10-09T11:37:42.391+0530 [DEBUG] [org.gradle.workers.internal.WorkerDaemonExpiration] Will attempt to release 793 of memory
2024-10-09T11:37:42.391+0530 [DEBUG] [org.gradle.process.internal.health.memory.DefaultMemoryManager] 831603097 memory requested, 0 released, 514502656 free
2024-10-09T11:37:45.644+0530 [DEBUG] [org.gradle.cache.internal.DefaultFileLockManager] Waiting to acquire shared lock on daemon addresses registry.
2024-10-09T11:37:45.644+0530 [DEBUG] [org.gradle.cache.internal.DefaultFileLockManager] Lock acquired on daemon addresses registry.
2024-10-09T11:37:45.644+0530 [DEBUG] [org.gradle.cache.internal.DefaultFileLockManager] Releasing lock on daemon addresses registry.
2024-10-09T11:37:45.645+0530 [DEBUG] [org.gradle.cache.internal.DefaultFileLockManager] Waiting to acquire shared lock on daemon addresses registry.
2024-10-09T11:37:45.646+0530 [DEBUG] [org.gradle.cache.internal.DefaultFileLockManager] Lock acquired on daemon addresses registry.
2024-10-09T11:37:45.646+0530 [DEBUG] [org.gradle.cache.internal.DefaultFileLockManager] Releasing lock on daemon addresses registry.
2024-10-09T11:37:45.647+0530 [DEBUG] [org.gradle.cache.internal.DefaultFileLockManager] Waiting to acquire shared lock on daemon addresses registry.
2024-10-09T11:37:45.647+0530 [DEBUG] [org.gradle.cache.internal.DefaultFileLockManager] Lock acquired on daemon addresses registry.
2024-10-09T11:37:45.648+0530 [DEBUG] [org.gradle.cache.internal.DefaultFileLockManager] Releasing lock on daemon addresses registry.
2024-10-09T11:37:47.386+0530 [DEBUG] [org.gradle.process.internal.health.memory.DefaultMemoryManager] 831603097 memory requested, 505180160 free
2024-10-09T11:37:47.386+0530 [DEBUG] [org.gradle.workers.internal.WorkerDaemonExpiration] Will attempt to release 793 of memory
2024-10-09T11:37:47.386+0530 [DEBUG] [org.gradle.process.internal.health.memory.DefaultMemoryManager] 831603097 memory requested, 0 released, 505180160 free
2024-10-09T11:37:52.377+0530 [DEBUG] [org.gradle.process.internal.health.memory.DefaultMemoryManager] 831603097 memory requested, 514494464 free
2024-10-09T11:37:52.377+0530 [DEBUG] [org.gradle.workers.internal.WorkerDaemonExpiration] Will attempt to release 793 of memory
2024-10-09T11:37:52.377+0530 [DEBUG] [org.gradle.process.internal.health.memory.DefaultMemoryManager] 831603097 memory requested, 0 released, 514494464 free
2024-10-09T11:37:55.633+0530 [DEBUG] [org.gradle.cache.internal.DefaultFileLockManager] Waiting to acquire shared lock on daemon addresses registry.
2024-10-09T11:37:55.633+0530 [DEBUG] [org.gradle.cache.internal.DefaultFileLockManager] Lock acquired on daemon addresses registry.
2024-10-09T11:37:55.633+0530 [DEBUG] [org.gradle.cache.internal.DefaultFileLockManager] Releasing lock on daemon addresses registry.
2024-10-09T11:37:55.633+0530 [DEBUG] [org.gradle.cache.internal.DefaultFileLockManager] Waiting to acquire shared lock on daemon addresses registry.
2024-10-09T11:37:55.633+0530 [DEBUG] [org.gradle.cache.internal.DefaultFileLockManager] Lock acquired on daemon addresses registry.
2024-10-09T11:37:55.634+0530 [DEBUG] [org.gradle.cache.internal.DefaultFileLockManager] Releasing lock on daemon addresses registry.
2024-10-09T11:37:55.634+0530 [DEBUG] [org.gradle.cache.internal.DefaultFileLockManager] Waiting to acquire shared lock on daemon addresses registry.
2024-10-09T11:37:55.634+0530 [DEBUG] [org.gradle.cache.internal.DefaultFileLockManager] Lock acquired on daemon addresses registry.
2024-10-09T11:37:55.634+0530 [DEBUG] [org.gradle.cache.internal.DefaultFileLockManager] Releasing lock on daemon addresses registry.
2024-10-09T11:37:57.393+0530 [DEBUG] [org.gradle.process.internal.health.memory.DefaultMemoryManager] 831603097 memory requested, 514932736 free
2024-10-09T11:37:57.393+0530 [DEBUG] [org.gradle.workers.internal.WorkerDaemonExpiration] Will attempt to release 793 of memory
2024-10-09T11:37:57.393+0530 [DEBUG] [org.gradle.process.internal.health.memory.DefaultMemoryManager] 831603097 memory requested, 0 released, 514932736 free
2024-10-09T11:38:02.384+0530 [DEBUG] [org.gradle.process.internal.health.memory.DefaultMemoryManager] 831603097 memory requested, 514482176 free
2024-10-09T11:38:02.384+0530 [DEBUG] [org.gradle.workers.internal.WorkerDaemonExpiration] Will attempt to release 793 of memory
2024-10-09T11:38:02.385+0530 [DEBUG] [org.gradle.process.internal.health.memory.DefaultMemoryManager] 831603097 memory requested, 0 released, 514482176 free
2024-10-09T11:38:05.641+0530 [DEBUG] [org.gradle.cache.internal.DefaultFileLockManager] Waiting to acquire shared lock on daemon addresses registry.
2024-10-09T11:38:05.641+0530 [DEBUG] [org.gradle.cache.internal.DefaultFileLockManager] Lock acquired on daemon addresses registry.
2024-10-09T11:38:05.642+0530 [DEBUG] [org.gradle.cache.internal.DefaultFileLockManager] Releasing lock on daemon addresses registry.
2024-10-09T11:38:05.642+0530 [DEBUG] [org.gradle.cache.internal.DefaultFileLockManager] Waiting to acquire shared lock on daemon addresses registry.
2024-10-09T11:38:05.643+0530 [DEBUG] [org.gradle.cache.internal.DefaultFileLockManager] Lock acquired on daemon addresses registry.
2024-10-09T11:38:05.643+0530 [DEBUG] [org.gradle.cache.internal.DefaultFileLockManager] Releasing lock on daemon addresses registry.
2024-10-09T11:38:05.644+0530 [DEBUG] [org.gradle.cache.internal.DefaultFileLockManager] Waiting to acquire shared lock on daemon addresses registry.
2024-10-09T11:38:05.644+0530 [DEBUG] [org.gradle.cache.internal.DefaultFileLockManager] Lock acquired on daemon addresses registry.
2024-10-09T11:38:05.644+0530 [DEBUG] [org.gradle.cache.internal.DefaultFileLockManager] Releasing lock on daemon addresses registry.
2024-10-09T11:38:07.385+0530 [DEBUG] [org.gradle.process.internal.health.memory.DefaultMemoryManager] 831603097 memory requested, 501166080 free
2024-10-09T11:38:07.386+0530 [DEBUG] [org.gradle.workers.internal.WorkerDaemonExpiration] Will attempt to release 793 of memory
2024-10-09T11:38:07.386+0530 [DEBUG] [org.gradle.process.internal.health.memory.DefaultMemoryManager] 831603097 memory requested, 0 released, 501166080 free
2024-10-09T11:38:12.384+0530 [DEBUG] [org.gradle.process.internal.health.memory.DefaultMemoryManager] 831603097 memory requested, 507789312 free
2024-10-09T11:38:12.385+0530 [DEBUG] [org.gradle.workers.internal.WorkerDaemonExpiration] Will attempt to release 793 of memory
2024-10-09T11:38:12.385+0530 [DEBUG] [org.gradle.process.internal.health.memory.DefaultMemoryManager] 831603097 memory requested, 0 released, 507789312 free
2024-10-09T11:38:15.643+0530 [DEBUG] [org.gradle.cache.internal.DefaultFileLockManager] Waiting to acquire shared lock on daemon addresses registry.
2024-10-09T11:38:15.643+0530 [DEBUG] [org.gradle.cache.internal.DefaultFileLockManager] Lock acquired on daemon addresses registry.
2024-10-09T11:38:15.643+0530 [DEBUG] [org.gradle.cache.internal.DefaultFileLockManager] Releasing lock on daemon addresses registry.
2024-10-09T11:38:15.643+0530 [DEBUG] [org.gradle.cache.internal.DefaultFileLockManager] Waiting to acquire shared lock on daemon addresses registry.
2024-10-09T11:38:15.644+0530 [DEBUG] [org.gradle.cache.internal.DefaultFileLockManager] Lock acquired on daemon addresses registry.
2024-10-09T11:38:15.644+0530 [DEBUG] [org.gradle.cache.internal.DefaultFileLockManager] Releasing lock on daemon addresses registry.
2024-10-09T11:38:15.645+0530 [DEBUG] [org.gradle.cache.internal.DefaultFileLockManager] Waiting to acquire shared lock on daemon addresses registry.
2024-10-09T11:38:15.645+0530 [DEBUG] [org.gradle.cache.internal.DefaultFileLockManager] Lock acquired on daemon addresses registry.
2024-10-09T11:38:15.646+0530 [DEBUG] [org.gradle.cache.internal.DefaultFileLockManager] Releasing lock on daemon addresses registry.
2024-10-09T11:38:17.391+0530 [DEBUG] [org.gradle.process.internal.health.memory.DefaultMemoryManager] 831603097 memory requested, 513015808 free
2024-10-09T11:38:17.391+0530 [DEBUG] [org.gradle.workers.internal.WorkerDaemonExpiration] Will attempt to release 793 of memory
2024-10-09T11:38:17.391+0530 [DEBUG] [org.gradle.process.internal.health.memory.DefaultMemoryManager] 831603097 memory requested, 0 released, 513015808 free
2024-10-09T11:38:22.391+0530 [DEBUG] [org.gradle.process.internal.health.memory.DefaultMemoryManager] 831603097 memory requested, 473612288 free
2024-10-09T11:38:22.391+0530 [DEBUG] [org.gradle.workers.internal.WorkerDaemonExpiration] Will attempt to release 793 of memory
2024-10-09T11:38:22.391+0530 [DEBUG] [org.gradle.process.internal.health.memory.DefaultMemoryManager] 831603097 memory requested, 0 released, 473612288 free
2024-10-09T11:38:25.635+0530 [DEBUG] [org.gradle.cache.internal.DefaultFileLockManager] Waiting to acquire shared lock on daemon addresses registry.
2024-10-09T11:38:25.635+0530 [DEBUG] [org.gradle.cache.internal.DefaultFileLockManager] Lock acquired on daemon addresses registry.
2024-10-09T11:38:25.635+0530 [DEBUG] [org.gradle.cache.internal.DefaultFileLockManager] Releasing lock on daemon addresses registry.
2024-10-09T11:38:25.636+0530 [DEBUG] [org.gradle.cache.internal.DefaultFileLockManager] Waiting to acquire shared lock on daemon addresses registry.
2024-10-09T11:38:25.636+0530 [DEBUG] [org.gradle.cache.internal.DefaultFileLockManager] Lock acquired on daemon addresses registry.
2024-10-09T11:38:25.637+0530 [DEBUG] [org.gradle.cache.internal.DefaultFileLockManager] Releasing lock on daemon addresses registry.
2024-10-09T11:38:25.637+0530 [DEBUG] [org.gradle.cache.internal.DefaultFileLockManager] Waiting to acquire shared lock on daemon addresses registry.
2024-10-09T11:38:25.637+0530 [DEBUG] [org.gradle.cache.internal.DefaultFileLockManager] Lock acquired on daemon addresses registry.
2024-10-09T11:38:25.638+0530 [DEBUG] [org.gradle.cache.internal.DefaultFileLockManager] Releasing lock on daemon addresses registry.
2024-10-09T11:38:27.377+0530 [DEBUG] [org.gradle.process.internal.health.memory.DefaultMemoryManager] 831603097 memory requested, 420192256 free
2024-10-09T11:38:27.377+0530 [DEBUG] [org.gradle.workers.internal.WorkerDaemonExpiration] Will attempt to release 793 of memory
2024-10-09T11:38:27.377+0530 [DEBUG] [org.gradle.process.internal.health.memory.DefaultMemoryManager] 831603097 memory requested, 0 released, 420192256 free
2024-10-09T11:38:32.380+0530 [DEBUG] [org.gradle.process.internal.health.memory.DefaultMemoryManager] 831603097 memory requested, 425664512 free
2024-10-09T11:38:32.380+0530 [DEBUG] [org.gradle.workers.internal.WorkerDaemonExpiration] Will attempt to release 793 of memory
2024-10-09T11:38:32.380+0530 [DEBUG] [org.gradle.process.internal.health.memory.DefaultMemoryManager] 831603097 memory requested, 0 released, 425664512 free
2024-10-09T11:38:35.636+0530 [DEBUG] [org.gradle.cache.internal.DefaultFileLockManager] Waiting to acquire shared lock on daemon addresses registry.
2024-10-09T11:38:35.636+0530 [DEBUG] [org.gradle.cache.internal.DefaultFileLockManager] Lock acquired on daemon addresses registry.
2024-10-09T11:38:35.636+0530 [DEBUG] [org.gradle.cache.internal.DefaultFileLockManager] Releasing lock on daemon addresses registry.
2024-10-09T11:38:35.637+0530 [DEBUG] [org.gradle.cache.internal.DefaultFileLockManager] Waiting to acquire shared lock on daemon addresses registry.
2024-10-09T11:38:35.637+0530 [DEBUG] [org.gradle.cache.internal.DefaultFileLockManager] Lock acquired on daemon addresses registry.
2024-10-09T11:38:35.637+0530 [DEBUG] [org.gradle.cache.internal.DefaultFileLockManager] Releasing lock on daemon addresses registry.
2024-10-09T11:38:35.637+0530 [DEBUG] [org.gradle.cache.internal.DefaultFileLockManager] Waiting to acquire shared lock on daemon addresses registry.
2024-10-09T11:38:35.638+0530 [DEBUG] [org.gradle.cache.internal.DefaultFileLockManager] Lock acquired on daemon addresses registry.
2024-10-09T11:38:35.638+0530 [DEBUG] [org.gradle.cache.internal.DefaultFileLockManager] Releasing lock on daemon addresses registry.
2024-10-09T11:38:37.378+0530 [DEBUG] [org.gradle.process.internal.health.memory.DefaultMemoryManager] 831603097 memory requested, 420962304 free
2024-10-09T11:38:37.378+0530 [DEBUG] [org.gradle.workers.internal.WorkerDaemonExpiration] Will attempt to release 793 of memory
2024-10-09T11:38:37.378+0530 [DEBUG] [org.gradle.process.internal.health.memory.DefaultMemoryManager] 831603097 memory requested, 0 released, 420962304 free
2024-10-09T11:38:42.386+0530 [DEBUG] [org.gradle.process.internal.health.memory.DefaultMemoryManager] 831603097 memory requested, 427077632 free
2024-10-09T11:38:42.386+0530 [DEBUG] [org.gradle.workers.internal.WorkerDaemonExpiration] Will attempt to release 793 of memory
2024-10-09T11:38:42.386+0530 [DEBUG] [org.gradle.process.internal.health.memory.DefaultMemoryManager] 831603097 memory requested, 0 released, 427077632 free
2024-10-09T11:38:45.645+0530 [DEBUG] [org.gradle.cache.internal.DefaultFileLockManager] Waiting to acquire shared lock on daemon addresses registry.
2024-10-09T11:38:45.645+0530 [DEBUG] [org.gradle.cache.internal.DefaultFileLockManager] Lock acquired on daemon addresses registry.
2024-10-09T11:38:45.645+0530 [DEBUG] [org.gradle.cache.internal.DefaultFileLockManager] Releasing lock on daemon addresses registry.
2024-10-09T11:38:45.646+0530 [DEBUG] [org.gradle.cache.internal.DefaultFileLockManager] Waiting to acquire shared lock on daemon addresses registry.
2024-10-09T11:38:45.646+0530 [DEBUG] [org.gradle.cache.internal.DefaultFileLockManager] Lock acquired on daemon addresses registry.
2024-10-09T11:38:45.646+0530 [DEBUG] [org.gradle.cache.internal.DefaultFileLockManager] Releasing lock on daemon addresses registry.
2024-10-09T11:38:45.646+0530 [DEBUG] [org.gradle.cache.internal.DefaultFileLockManager] Waiting to acquire shared lock on daemon addresses registry.
2024-10-09T11:38:45.647+0530 [DEBUG] [org.gradle.cache.internal.DefaultFileLockManager] Lock acquired on daemon addresses registry.
2024-10-09T11:38:45.647+0530 [DEBUG] [org.gradle.cache.internal.DefaultFileLockManager] Releasing lock on daemon addresses registry.
2024-10-09T11:38:47.387+0530 [DEBUG] [org.gradle.process.internal.health.memory.DefaultMemoryManager] 831603097 memory requested, 422035456 free
2024-10-09T11:38:47.387+0530 [DEBUG] [org.gradle.workers.internal.WorkerDaemonExpiration] Will attempt to release 793 of memory
2024-10-09T11:38:47.387+0530 [DEBUG] [org.gradle.process.internal.health.memory.DefaultMemoryManager] 831603097 memory requested, 0 released, 422035456 free
2024-10-09T11:38:52.393+0530 [DEBUG] [org.gradle.process.internal.health.memory.DefaultMemoryManager] 831603097 memory requested, 422223872 free
2024-10-09T11:38:52.393+0530 [DEBUG] [org.gradle.workers.internal.WorkerDaemonExpiration] Will attempt to release 793 of memory
2024-10-09T11:38:52.393+0530 [DEBUG] [org.gradle.process.internal.health.memory.DefaultMemoryManager] 831603097 memory requested, 0 released, 422223872 free
2024-10-09T11:38:55.643+0530 [DEBUG] [org.gradle.cache.internal.DefaultFileLockManager] Waiting to acquire shared lock on daemon addresses registry.
2024-10-09T11:38:55.643+0530 [DEBUG] [org.gradle.cache.internal.DefaultFileLockManager] Lock acquired on daemon addresses registry.
2024-10-09T11:38:55.643+0530 [DEBUG] [org.gradle.cache.internal.DefaultFileLockManager] Releasing lock on daemon addresses registry.
2024-10-09T11:38:55.644+0530 [DEBUG] [org.gradle.cache.internal.DefaultFileLockManager] Waiting to acquire shared lock on daemon addresses registry.
2024-10-09T11:38:55.644+0530 [DEBUG] [org.gradle.cache.internal.DefaultFileLockManager] Lock acquired on daemon addresses registry.
2024-10-09T11:38:55.644+0530 [DEBUG] [org.gradle.cache.internal.DefaultFileLockManager] Releasing lock on daemon addresses registry.
2024-10-09T11:38:55.645+0530 [DEBUG] [org.gradle.cache.internal.DefaultFileLockManager] Waiting to acquire shared lock on daemon addresses registry.
2024-10-09T11:38:55.645+0530 [DEBUG] [org.gradle.cache.internal.DefaultFileLockManager] Lock acquired on daemon addresses registry.
2024-10-09T11:38:55.645+0530 [DEBUG] [org.gradle.cache.internal.DefaultFileLockManager] Releasing lock on daemon addresses registry.
2024-10-09T11:38:57.393+0530 [DEBUG] [org.gradle.process.internal.health.memory.DefaultMemoryManager] 831603097 memory requested, 379293696 free
2024-10-09T11:38:57.393+0530 [DEBUG] [org.gradle.workers.internal.WorkerDaemonExpiration] Will attempt to release 793 of memory
2024-10-09T11:38:57.394+0530 [DEBUG] [org.gradle.process.internal.health.memory.DefaultMemoryManager] 831603097 memory requested, 0 released, 379293696 free
2024-10-09T11:39:02.384+0530 [DEBUG] [org.gradle.process.internal.health.memory.DefaultMemoryManager] 831603097 memory requested, 356954112 free
2024-10-09T11:39:02.384+0530 [DEBUG] [org.gradle.workers.internal.WorkerDaemonExpiration] Will attempt to release 793 of memory
2024-10-09T11:39:02.384+0530 [DEBUG] [org.gradle.process.internal.health.memory.DefaultMemoryManager] 831603097 memory requested, 0 released, 356954112 free
2024-10-09T11:39:05.643+0530 [DEBUG] [org.gradle.cache.internal.DefaultFileLockManager] Waiting to acquire shared lock on daemon addresses registry.
2024-10-09T11:39:05.643+0530 [DEBUG] [org.gradle.cache.internal.DefaultFileLockManager] Lock acquired on daemon addresses registry.
2024-10-09T11:39:05.644+0530 [DEBUG] [org.gradle.cache.internal.DefaultFileLockManager] Releasing lock on daemon addresses registry.
2024-10-09T11:39:05.645+0530 [DEBUG] [org.gradle.cache.internal.DefaultFileLockManager] Waiting to acquire shared lock on daemon addresses registry.
2024-10-09T11:39:05.645+0530 [DEBUG] [org.gradle.cache.internal.DefaultFileLockManager] Lock acquired on daemon addresses registry.
2024-10-09T11:39:05.646+0530 [DEBUG] [org.gradle.cache.internal.DefaultFileLockManager] Releasing lock on daemon addresses registry.
2024-10-09T11:39:05.646+0530 [DEBUG] [org.gradle.cache.internal.DefaultFileLockManager] Waiting to acquire shared lock on daemon addresses registry.
2024-10-09T11:39:05.646+0530 [DEBUG] [org.gradle.cache.internal.DefaultFileLockManager] Lock acquired on daemon addresses registry.
2024-10-09T11:39:05.647+0530 [DEBUG] [org.gradle.cache.internal.DefaultFileLockManager] Releasing lock on daemon addresses registry.
2024-10-09T11:39:07.381+0530 [DEBUG] [org.gradle.process.internal.health.memory.DefaultMemoryManager] 831603097 memory requested, 345120768 free
2024-10-09T11:39:07.381+0530 [DEBUG] [org.gradle.workers.internal.WorkerDaemonExpiration] Will attempt to release 793 of memory
2024-10-09T11:39:07.382+0530 [DEBUG] [org.gradle.process.internal.health.memory.DefaultMemoryManager] 831603097 memory requested, 0 released, 345120768 free
2024-10-09T11:39:12.379+0530 [DEBUG] [org.gradle.process.internal.health.memory.DefaultMemoryManager] 831603097 memory requested, 330973184 free
2024-10-09T11:39:12.379+0530 [DEBUG] [org.gradle.workers.internal.WorkerDaemonExpiration] Will attempt to release 793 of memory
2024-10-09T11:39:12.379+0530 [DEBUG] [org.gradle.process.internal.health.memory.DefaultMemoryManager] 831603097 memory requested, 0 released, 330973184 free
2024-10-09T11:39:15.643+0530 [DEBUG] [org.gradle.cache.internal.DefaultFileLockManager] Waiting to acquire shared lock on daemon addresses registry.
2024-10-09T11:39:15.643+0530 [DEBUG] [org.gradle.cache.internal.DefaultFileLockManager] Lock acquired on daemon addresses registry.
2024-10-09T11:39:15.643+0530 [DEBUG] [org.gradle.cache.internal.DefaultFileLockManager] Releasing lock on daemon addresses registry.
2024-10-09T11:39:15.644+0530 [DEBUG] [org.gradle.cache.internal.DefaultFileLockManager] Waiting to acquire shared lock on daemon addresses registry.
2024-10-09T11:39:15.644+0530 [DEBUG] [org.gradle.cache.internal.DefaultFileLockManager] Lock acquired on daemon addresses registry.
2024-10-09T11:39:15.644+0530 [DEBUG] [org.gradle.cache.internal.DefaultFileLockManager] Releasing lock on daemon addresses registry.
2024-10-09T11:39:15.644+0530 [DEBUG] [org.gradle.cache.internal.DefaultFileLockManager] Waiting to acquire shared lock on daemon addresses registry.
2024-10-09T11:39:15.645+0530 [DEBUG] [org.gradle.cache.internal.DefaultFileLockManager] Lock acquired on daemon addresses registry.
2024-10-09T11:39:15.645+0530 [DEBUG] [org.gradle.cache.internal.DefaultFileLockManager] Releasing lock on daemon addresses registry.
2024-10-09T11:39:17.384+0530 [DEBUG] [org.gradle.process.internal.health.memory.DefaultMemoryManager] 831603097 memory requested, 335872000 free
2024-10-09T11:39:17.385+0530 [DEBUG] [org.gradle.workers.internal.WorkerDaemonExpiration] Will attempt to release 793 of memory
2024-10-09T11:39:17.385+0530 [DEBUG] [org.gradle.process.internal.health.memory.DefaultMemoryManager] 831603097 memory requested, 0 released, 335872000 free
2024-10-09T11:39:18.625+0530 [DEBUG] [org.gradle.internal.remote.internal.inet.TcpIncomingConnector] Accepted connection from /127.0.0.1:54702 to /127.0.0.1:54159.
2024-10-09T11:39:18.788+0530 [DEBUG] [org.gradle.launcher.daemon.server.SynchronizedDispatchConnection] thread 254: received class org.gradle.launcher.daemon.protocol.StopWhenIdle
2024-10-09T11:39:18.793+0530 [DEBUG] [org.gradle.launcher.daemon.server.DefaultDaemonConnection] thread 254: Received non-IO message from client: StopWhenIdle[id=069a4c20-b801-4a2b-a771-1e525a15637a]
2024-10-09T11:39:18.794+0530 [INFO] [org.gradle.launcher.daemon.server.DefaultIncomingConnectionHandler] Received command: StopWhenIdle[id=069a4c20-b801-4a2b-a771-1e525a15637a].
2024-10-09T11:39:18.794+0530 [DEBUG] [org.gradle.launcher.daemon.server.DefaultIncomingConnectionHandler] Starting executing command: StopWhenIdle[id=069a4c20-b801-4a2b-a771-1e525a15637a] with connection: socket connection from /127.0.0.1:54159 to /127.0.0.1:54702.
2024-10-09T11:39:18.805+0530 [DEBUG] [org.gradle.launcher.daemon.server.DaemonRegistryUpdater] Storing daemon stop event: stop command received
2024-10-09T11:39:18.832+0530 [DEBUG] [org.gradle.launcher.daemon.registry.PersistentDaemonRegistry] Storing daemon stop event with timestamp 1728454158806
2024-10-09T11:39:18.835+0530 [DEBUG] [org.gradle.cache.internal.DefaultFileLockManager] Waiting to acquire exclusive lock on daemon addresses registry.
2024-10-09T11:39:18.837+0530 [DEBUG] [org.gradle.cache.internal.DefaultFileLockManager] Lock acquired on daemon addresses registry.
2024-10-09T11:39:18.839+0530 [DEBUG] [org.gradle.cache.internal.DefaultFileLockManager] Releasing lock on daemon addresses registry.
2024-10-09T11:39:18.841+0530 [LIFECYCLE] [org.gradle.launcher.daemon.server.DaemonStateCoordinator] Daemon will be stopped at the end of the build stop command received
2024-10-09T11:39:18.842+0530 [DEBUG] [org.gradle.launcher.daemon.server.DaemonStateCoordinator] Marking daemon stopped due to stop command received. The daemon is running a build: false
2024-10-09T11:39:18.843+0530 [DEBUG] [org.gradle.launcher.daemon.server.DaemonStateCoordinator] daemon has stopped.
2024-10-09T11:39:18.843+0530 [DEBUG] [org.gradle.launcher.daemon.server.Daemon] stop() called on daemon
2024-10-09T11:39:18.843+0530 [INFO] [org.gradle.launcher.daemon.server.Daemon] Stop requested. Daemon is removing its presence from the registry...
2024-10-09T11:39:18.845+0530 [DEBUG] [org.gradle.launcher.daemon.server.SynchronizedDispatchConnection] thread 253: dispatching Success[value=null]
2024-10-09T11:39:18.847+0530 [DEBUG] [org.gradle.launcher.daemon.server.DaemonRegistryUpdater] Removing our presence to clients, eg. removing this address from the registry: [71d03e30-3071-4a95-bea8-f176f2b352cf port:54159, addresses:[localhost/127.0.0.1]]
2024-10-09T11:39:18.847+0530 [DEBUG] [org.gradle.launcher.daemon.server.SynchronizedDispatchConnection] thread 254: received class org.gradle.launcher.daemon.protocol.Finished
2024-10-09T11:39:18.847+0530 [DEBUG] [org.gradle.launcher.daemon.server.DefaultIncomingConnectionHandler] Finishing executing command: StopWhenIdle[id=069a4c20-b801-4a2b-a771-1e525a15637a]
2024-10-09T11:39:18.847+0530 [DEBUG] [org.gradle.launcher.daemon.registry.PersistentDaemonRegistry] Removing daemon address: [71d03e30-3071-4a95-bea8-f176f2b352cf port:54159, addresses:[localhost/127.0.0.1]]
2024-10-09T11:39:18.847+0530 [DEBUG] [org.gradle.launcher.daemon.server.DefaultDaemonConnection] thread 254: Received non-IO message from client: org.gradle.launcher.daemon.protocol.Finished@22838371
2024-10-09T11:39:18.848+0530 [DEBUG] [org.gradle.launcher.daemon.server.DefaultIncomingConnectionHandler] Received finished message: org.gradle.launcher.daemon.protocol.Finished@22838371
2024-10-09T11:39:18.848+0530 [DEBUG] [org.gradle.internal.remote.internal.inet.SocketConnection] Discarding EOFException: java.io.EOFException
2024-10-09T11:39:18.849+0530 [DEBUG] [org.gradle.launcher.daemon.server.SynchronizedDispatchConnection] thread 254: received null
2024-10-09T11:39:18.849+0530 [DEBUG] [org.gradle.launcher.daemon.server.DefaultDaemonConnection] thread 254: Received end-of-input from client.
2024-10-09T11:39:18.849+0530 [DEBUG] [org.gradle.launcher.daemon.server.SynchronizedDispatchConnection] thread 253: stopping connection
2024-10-09T11:39:18.855+0530 [DEBUG] [org.gradle.cache.internal.DefaultFileLockManager] Waiting to acquire exclusive lock on daemon addresses registry.
2024-10-09T11:39:18.856+0530 [DEBUG] [org.gradle.cache.internal.DefaultFileLockManager] Lock acquired on daemon addresses registry.
2024-10-09T11:39:18.857+0530 [DEBUG] [org.gradle.launcher.daemon.server.SynchronizedDispatchConnection] thread 253: stopping connection
2024-10-09T11:39:18.862+0530 [DEBUG] [org.gradle.cache.internal.DefaultFileLockManager] Releasing lock on daemon addresses registry.
2024-10-09T11:39:18.863+0530 [DEBUG] [org.gradle.launcher.daemon.server.DaemonRegistryUpdater] Address removed from registry.
2024-10-09T11:39:18.894+0530 [DEBUG] [org.gradle.cache.internal.LockOnDemandCrossProcessCacheAccess] Releasing file lock for jars (C:\Users\Prerana Shelke\Downloads\Android-Attendance-App-2023\caches\jars-9)
2024-10-09T11:39:18.895+0530 [DEBUG] [org.gradle.cache.internal.DefaultFileLockManager] Releasing lock on jars (C:\Users\Prerana Shelke\Downloads\Android-Attendance-App-2023\caches\jars-9).
2024-10-09T11:39:18.932+0530 [DEBUG] [org.gradle.cache.internal.DefaultPersistentDirectoryStore] jars (C:\Users\Prerana Shelke\Downloads\Android-Attendance-App-2023\caches\jars-9) has last been fully cleaned up 15 hours ago
2024-10-09T11:39:19.084+0530 [DEBUG] [org.gradle.cache.internal.LockOnDemandCrossProcessCacheAccess] Releasing file lock for file content cache (C:\Users\Prerana Shelke\Downloads\Android-Attendance-App-2023\caches\7.2\fileContent)
2024-10-09T11:39:19.085+0530 [DEBUG] [org.gradle.cache.internal.DefaultFileLockManager] Releasing lock on file content cache (C:\Users\Prerana Shelke\Downloads\Android-Attendance-App-2023\caches\7.2\fileContent).
2024-10-09T11:39:19.114+0530 [DEBUG] [org.gradle.internal.watch.registry.impl.DefaultFileWatcherRegistry] Finished listening to file system change events
2024-10-09T11:39:19.115+0530 [DEBUG] [org.gradle.cache.internal.LockOnDemandCrossProcessCacheAccess] Releasing file lock for Artifact transforms cache (C:\Users\Prerana Shelke\Downloads\Android-Attendance-App-2023\caches\transforms-3)
2024-10-09T11:39:19.116+0530 [DEBUG] [org.gradle.cache.internal.DefaultFileLockManager] Releasing lock on Artifact transforms cache (C:\Users\Prerana Shelke\Downloads\Android-Attendance-App-2023\caches\transforms-3).
2024-10-09T11:39:19.119+0530 [DEBUG] [org.gradle.cache.internal.DefaultPersistentDirectoryStore] Artifact transforms cache (C:\Users\Prerana Shelke\Downloads\Android-Attendance-App-2023\caches\transforms-3) has last been fully cleaned up 15 hours ago
2024-10-09T11:39:19.121+0530 [DEBUG] [org.gradle.cache.internal.LockOnDemandCrossProcessCacheAccess] Releasing file lock for artifact cache (C:\Users\Prerana Shelke\Downloads\Android-Attendance-App-2023\caches\modules-2)
2024-10-09T11:39:19.124+0530 [DEBUG] [org.gradle.cache.internal.btree.BTreePersistentIndexedCache] Closing cache module-metadata.bin (C:\Users\Prerana Shelke\Downloads\Android-Attendance-App-2023\caches\modules-2\metadata-2.97\module-metadata.bin)
2024-10-09T11:39:19.129+0530 [DEBUG] [org.gradle.cache.internal.btree.BTreePersistentIndexedCache] Closing cache module-artifact.bin (C:\Users\Prerana Shelke\Downloads\Android-Attendance-App-2023\caches\modules-2\metadata-2.97\module-artifact.bin)
2024-10-09T11:39:19.130+0530 [DEBUG] [org.gradle.cache.internal.btree.BTreePersistentIndexedCache] Closing cache module-artifacts.bin (C:\Users\Prerana Shelke\Downloads\Android-Attendance-App-2023\caches\modules-2\metadata-2.97\module-artifacts.bin)
2024-10-09T11:39:19.131+0530 [DEBUG] [org.gradle.cache.internal.DefaultFileLockManager] Releasing lock on artifact cache (C:\Users\Prerana Shelke\Downloads\Android-Attendance-App-2023\caches\modules-2).
2024-10-09T11:39:19.133+0530 [DEBUG] [org.gradle.cache.internal.DefaultPersistentDirectoryStore] artifact cache (C:\Users\Prerana Shelke\Downloads\Android-Attendance-App-2023\caches\modules-2) has last been fully cleaned up 15 hours ago
2024-10-09T11:39:19.135+0530 [DEBUG] [org.gradle.cache.internal.DefaultCacheAccess] Cache Generated Gradle JARs cache (C:\Users\Prerana Shelke\Downloads\Android-Attendance-App-2023\caches\7.2\generated-gradle-jars) was closed 0 times.
2024-10-09T11:39:19.139+0530 [DEBUG] [org.gradle.cache.internal.LockOnDemandCrossProcessCacheAccess] Releasing file lock for journal cache (C:\Users\Prerana Shelke\Downloads\Android-Attendance-App-2023\caches\journal-1)
2024-10-09T11:39:19.140+0530 [DEBUG] [org.gradle.cache.internal.btree.BTreePersistentIndexedCache] Closing cache file-access.bin (C:\Users\Prerana Shelke\Downloads\Android-Attendance-App-2023\caches\journal-1\file-access.bin)
2024-10-09T11:39:19.141+0530 [DEBUG] [org.gradle.cache.internal.DefaultFileLockManager] Releasing lock on journal cache (C:\Users\Prerana Shelke\Downloads\Android-Attendance-App-2023\caches\journal-1).
2024-10-09T11:39:19.146+0530 [DEBUG] [org.gradle.cache.internal.LockOnDemandCrossProcessCacheAccess] Releasing file lock for file hash cache (C:\Users\Prerana Shelke\Downloads\Android-Attendance-App-2023\caches\7.2\fileHashes)
2024-10-09T11:39:19.147+0530 [DEBUG] [org.gradle.cache.internal.btree.BTreePersistentIndexedCache] Closing cache fileHashes.bin (C:\Users\Prerana Shelke\Downloads\Android-Attendance-App-2023\caches\7.2\fileHashes\fileHashes.bin)
2024-10-09T11:39:19.149+0530 [DEBUG] [org.gradle.cache.internal.btree.BTreePersistentIndexedCache] Closing cache resourceHashesCache.bin (C:\Users\Prerana Shelke\Downloads\Android-Attendance-App-2023\caches\7.2\fileHashes\resourceHashesCache.bin)
2024-10-09T11:39:19.150+0530 [DEBUG] [org.gradle.cache.internal.DefaultFileLockManager] Releasing lock on file hash cache (C:\Users\Prerana Shelke\Downloads\Android-Attendance-App-2023\caches\7.2\fileHashes).
2024-10-09T11:39:19.154+0530 [DEBUG] [org.gradle.cache.internal.LockOnDemandCrossProcessCacheAccess] Releasing file lock for execution history cache (C:\Users\Prerana Shelke\Downloads\Android-Attendance-App-2023\caches\7.2\executionHistory)
2024-10-09T11:39:19.154+0530 [DEBUG] [org.gradle.cache.internal.btree.BTreePersistentIndexedCache] Closing cache executionHistory.bin (C:\Users\Prerana Shelke\Downloads\Android-Attendance-App-2023\caches\7.2\executionHistory\executionHistory.bin)
2024-10-09T11:39:19.155+0530 [DEBUG] [org.gradle.cache.internal.DefaultFileLockManager] Releasing lock on execution history cache (C:\Users\Prerana Shelke\Downloads\Android-Attendance-App-2023\caches\7.2\executionHistory).
Daemon vm is shutting down... The daemon has exited normally or was terminated in response to a user interrupt.
2024-10-09T11:39:19.172+0530 [DEBUG] [org.gradle.launcher.daemon.registry.PersistentDaemonRegistry] Removing daemon address: [71d03e30-3071-4a95-bea8-f176f2b352cf port:54159, addresses:[localhost/127.0.0.1]]
2024-10-09T11:39:19.174+0530 [DEBUG] [org.gradle.cache.internal.DefaultFileLockManager] Waiting to acquire exclusive lock on daemon addresses registry.
2024-10-09T11:39:19.174+0530 [DEBUG] [org.gradle.cache.internal.DefaultFileLockManager] Lock acquired on daemon addresses registry.
2024-10-09T11:39:19.177+0530 [DEBUG] [org.gradle.cache.internal.DefaultFileLockManager] Releasing lock on daemon addresses registry.
