2025-07-19T22:37:16.707+0530 [DEBUG] [org.gradle.launcher.daemon.bootstrap.DaemonMain] Assuming the daemon was started with following jvm opts: [--add-opens, java.base/java.util=ALL-UNNAMED, --add-opens, java.base/java.lang=ALL-UNNAMED, --add-opens, java.base/java.lang.invoke=ALL-UNNAMED, --add-opens, java.base/java.util=ALL-UNNAMED, --add-opens, java.prefs/java.util.prefs=ALL-UNNAMED, --add-opens, java.prefs/java.util.prefs=ALL-UNNAMED, --add-opens, java.base/java.nio.charset=ALL-UNNAMED, --add-opens, java.base/java.net=ALL-UNNAMED, --add-opens, java.base/java.util.concurrent.atomic=ALL-UNNAMED, -XX:MaxMetaspaceSize=256m, -XX:+HeapDumpOnOutOfMemoryError, -Xms256m, -Xmx512m, -Dfile.encoding=UTF-8, -Duser.country=IN, -Duser.language=en, -Duser.variant]
2025-07-19T22:37:17.017+0530 [DEBUG] [org.gradle.internal.nativeintegration.services.NativeServices] Native-platform posix files integration is not available. Continuing with fallback.
2025-07-19T22:37:17.048+0530 [INFO] [org.gradle.launcher.daemon.server.Daemon] start() called on daemon - DefaultDaemonContext[uid=afc719c8-fb53-4a53-bb00-b3dfaabc00e3,javaHome=C:\Users\Prerana Shelke\.jdks\corretto-11.0.24,daemonRegistryDir=C:\Users\Prerana Shelke\Downloads\Android-Attendance-App-2023\daemon,pid=20084,idleTimeout=10800000,priority=NORMAL,daemonOpts=--add-opens,java.base/java.util=ALL-UNNAMED,--add-opens,java.base/java.lang=ALL-UNNAMED,--add-opens,java.base/java.lang.invoke=ALL-UNNAMED,--add-opens,java.base/java.util=ALL-UNNAMED,--add-opens,java.prefs/java.util.prefs=ALL-UNNAMED,--add-opens,java.prefs/java.util.prefs=ALL-UNNAMED,--add-opens,java.base/java.nio.charset=ALL-UNNAMED,--add-opens,java.base/java.net=ALL-UNNAMED,--add-opens,java.base/java.util.concurrent.atomic=ALL-UNNAMED,-XX:MaxMetaspaceSize=256m,-XX:+HeapDumpOnOutOfMemoryError,-Xms256m,-Xmx512m,-Dfile.encoding=UTF-8,-Duser.country=IN,-Duser.language=en,-Duser.variant]
2025-07-19T22:37:17.537+0530 [DEBUG] [org.gradle.internal.remote.internal.inet.InetAddresses] Adding IP addresses for network interface Software Loopback Interface 1
2025-07-19T22:37:17.539+0530 [DEBUG] [org.gradle.internal.remote.internal.inet.InetAddresses] Is this a loopback interface? true
2025-07-19T22:37:17.539+0530 [DEBUG] [org.gradle.internal.remote.internal.inet.InetAddresses] Adding loopback address /127.0.0.1
2025-07-19T22:37:17.540+0530 [DEBUG] [org.gradle.internal.remote.internal.inet.InetAddresses] Adding loopback address /0:0:0:0:0:0:0:1
2025-07-19T22:37:17.541+0530 [DEBUG] [org.gradle.internal.remote.internal.inet.InetAddresses] Adding IP addresses for network interface WAN Miniport (SSTP)
2025-07-19T22:37:17.544+0530 [DEBUG] [org.gradle.internal.remote.internal.inet.InetAddresses] Is this a loopback interface? false
2025-07-19T22:37:17.545+0530 [DEBUG] [org.gradle.internal.remote.internal.inet.InetAddresses] Adding IP addresses for network interface Microsoft 6to4 Adapter
2025-07-19T22:37:17.549+0530 [DEBUG] [org.gradle.internal.remote.internal.inet.InetAddresses] Is this a loopback interface? false
2025-07-19T22:37:17.549+0530 [DEBUG] [org.gradle.internal.remote.internal.inet.InetAddresses] Adding IP addresses for network interface Microsoft Wi-Fi Direct Virtual Adapter #3
2025-07-19T22:37:17.552+0530 [DEBUG] [org.gradle.internal.remote.internal.inet.InetAddresses] Is this a loopback interface? false
2025-07-19T22:37:17.552+0530 [DEBUG] [org.gradle.internal.remote.internal.inet.InetAddresses] Adding remote address /fe80:0:0:0:72ba:e021:e810:8794%wlan0
2025-07-19T22:37:17.553+0530 [DEBUG] [org.gradle.internal.remote.internal.inet.InetAddresses] Adding IP addresses for network interface Microsoft IP-HTTPS Platform Adapter
2025-07-19T22:37:17.556+0530 [DEBUG] [org.gradle.internal.remote.internal.inet.InetAddresses] Is this a loopback interface? false
2025-07-19T22:37:17.556+0530 [DEBUG] [org.gradle.internal.remote.internal.inet.InetAddresses] Adding IP addresses for network interface Intel(R) Wi-Fi 6 AX201 160MHz
2025-07-19T22:37:17.558+0530 [DEBUG] [org.gradle.internal.remote.internal.inet.InetAddresses] Is this a loopback interface? false
2025-07-19T22:37:17.559+0530 [DEBUG] [org.gradle.internal.remote.internal.inet.InetAddresses] Adding remote address /10.253.47.193
2025-07-19T22:37:17.559+0530 [DEBUG] [org.gradle.internal.remote.internal.inet.InetAddresses] Adding remote address /2401:4900:acb2:9053:3403:f4af:a356:e0f7
2025-07-19T22:37:17.560+0530 [DEBUG] [org.gradle.internal.remote.internal.inet.InetAddresses] Adding remote address /2401:4900:acb2:9053:5b:6798:513:fd36
2025-07-19T22:37:17.560+0530 [DEBUG] [org.gradle.internal.remote.internal.inet.InetAddresses] Adding remote address /fe80:0:0:0:6711:a4b6:d053:7444%wlan1
2025-07-19T22:37:17.560+0530 [DEBUG] [org.gradle.internal.remote.internal.inet.InetAddresses] Adding IP addresses for network interface WAN Miniport (PPPOE)
2025-07-19T22:37:17.565+0530 [DEBUG] [org.gradle.internal.remote.internal.inet.InetAddresses] Is this a loopback interface? false
2025-07-19T22:37:17.565+0530 [DEBUG] [org.gradle.internal.remote.internal.inet.InetAddresses] Adding IP addresses for network interface Microsoft Wi-Fi Direct Virtual Adapter #2
2025-07-19T22:37:17.567+0530 [DEBUG] [org.gradle.internal.remote.internal.inet.InetAddresses] Is this a loopback interface? false
2025-07-19T22:37:17.568+0530 [DEBUG] [org.gradle.internal.remote.internal.inet.InetAddresses] Adding IP addresses for network interface Microsoft Kernel Debug Network Adapter
2025-07-19T22:37:17.571+0530 [DEBUG] [org.gradle.internal.remote.internal.inet.InetAddresses] Is this a loopback interface? false
2025-07-19T22:37:17.571+0530 [DEBUG] [org.gradle.internal.remote.internal.inet.InetAddresses] Adding IP addresses for network interface Microsoft Teredo Tunneling Adapter
2025-07-19T22:37:17.573+0530 [DEBUG] [org.gradle.internal.remote.internal.inet.InetAddresses] Is this a loopback interface? false
2025-07-19T22:37:17.573+0530 [DEBUG] [org.gradle.internal.remote.internal.inet.InetAddresses] Adding IP addresses for network interface Microsoft Wi-Fi Direct Virtual Adapter #4
2025-07-19T22:37:17.577+0530 [DEBUG] [org.gradle.internal.remote.internal.inet.InetAddresses] Is this a loopback interface? false
2025-07-19T22:37:17.577+0530 [DEBUG] [org.gradle.internal.remote.internal.inet.InetAddresses] Adding remote address /fe80:0:0:0:c8e3:7e20:b2d5:5694%wlan3
2025-07-19T22:37:17.578+0530 [DEBUG] [org.gradle.internal.remote.internal.inet.InetAddresses] Adding IP addresses for network interface WAN Miniport (PPTP)
2025-07-19T22:37:17.581+0530 [DEBUG] [org.gradle.internal.remote.internal.inet.InetAddresses] Is this a loopback interface? false
2025-07-19T22:37:17.582+0530 [DEBUG] [org.gradle.internal.remote.internal.inet.InetAddresses] Adding IP addresses for network interface WAN Miniport (L2TP)
2025-07-19T22:37:17.585+0530 [DEBUG] [org.gradle.internal.remote.internal.inet.InetAddresses] Is this a loopback interface? false
2025-07-19T22:37:17.585+0530 [DEBUG] [org.gradle.internal.remote.internal.inet.InetAddresses] Adding IP addresses for network interface WAN Miniport (IPv6)
2025-07-19T22:37:17.588+0530 [DEBUG] [org.gradle.internal.remote.internal.inet.InetAddresses] Is this a loopback interface? false
2025-07-19T22:37:17.588+0530 [DEBUG] [org.gradle.internal.remote.internal.inet.InetAddresses] Adding IP addresses for network interface WAN Miniport (Network Monitor)
2025-07-19T22:37:17.591+0530 [DEBUG] [org.gradle.internal.remote.internal.inet.InetAddresses] Is this a loopback interface? false
2025-07-19T22:37:17.591+0530 [DEBUG] [org.gradle.internal.remote.internal.inet.InetAddresses] Adding IP addresses for network interface WAN Miniport (IKEv2)
2025-07-19T22:37:17.594+0530 [DEBUG] [org.gradle.internal.remote.internal.inet.InetAddresses] Is this a loopback interface? false
2025-07-19T22:37:17.594+0530 [DEBUG] [org.gradle.internal.remote.internal.inet.InetAddresses] Adding IP addresses for network interface Bluetooth Device (Personal Area Network)
2025-07-19T22:37:17.597+0530 [DEBUG] [org.gradle.internal.remote.internal.inet.InetAddresses] Is this a loopback interface? false
2025-07-19T22:37:17.598+0530 [DEBUG] [org.gradle.internal.remote.internal.inet.InetAddresses] Adding IP addresses for network interface WAN Miniport (IP)
2025-07-19T22:37:17.601+0530 [DEBUG] [org.gradle.internal.remote.internal.inet.InetAddresses] Is this a loopback interface? false
2025-07-19T22:37:17.601+0530 [DEBUG] [org.gradle.internal.remote.internal.inet.InetAddresses] Adding IP addresses for network interface Microsoft Wi-Fi Direct Virtual Adapter
2025-07-19T22:37:17.605+0530 [DEBUG] [org.gradle.internal.remote.internal.inet.InetAddresses] Is this a loopback interface? false
2025-07-19T22:37:17.605+0530 [DEBUG] [org.gradle.internal.remote.internal.inet.InetAddresses] Adding IP addresses for network interface Intel(R) Wi-Fi 6 AX201 160MHz-WFP Native MAC Layer LightWeight Filter-0000
2025-07-19T22:37:17.607+0530 [DEBUG] [org.gradle.internal.remote.internal.inet.InetAddresses] Is this a loopback interface? false
2025-07-19T22:37:17.607+0530 [DEBUG] [org.gradle.internal.remote.internal.inet.InetAddresses] Adding IP addresses for network interface Intel(R) Wi-Fi 6 AX201 160MHz-Virtual WiFi Filter Driver-0000
2025-07-19T22:37:17.611+0530 [DEBUG] [org.gradle.internal.remote.internal.inet.InetAddresses] Is this a loopback interface? false
2025-07-19T22:37:17.612+0530 [DEBUG] [org.gradle.internal.remote.internal.inet.InetAddresses] Adding IP addresses for network interface Intel(R) Wi-Fi 6 AX201 160MHz-Native WiFi Filter Driver-0000
2025-07-19T22:37:17.616+0530 [DEBUG] [org.gradle.internal.remote.internal.inet.InetAddresses] Is this a loopback interface? false
2025-07-19T22:37:17.616+0530 [DEBUG] [org.gradle.internal.remote.internal.inet.InetAddresses] Adding IP addresses for network interface Intel(R) Wi-Fi 6 AX201 160MHz-QoS Packet Scheduler-0000
2025-07-19T22:37:17.620+0530 [DEBUG] [org.gradle.internal.remote.internal.inet.InetAddresses] Is this a loopback interface? false
2025-07-19T22:37:17.620+0530 [DEBUG] [org.gradle.internal.remote.internal.inet.InetAddresses] Adding IP addresses for network interface Intel(R) Wi-Fi 6 AX201 160MHz-WFP 802.3 MAC Layer LightWeight Filter-0000
2025-07-19T22:37:17.623+0530 [DEBUG] [org.gradle.internal.remote.internal.inet.InetAddresses] Is this a loopback interface? false
2025-07-19T22:37:17.623+0530 [DEBUG] [org.gradle.internal.remote.internal.inet.InetAddresses] Adding IP addresses for network interface Microsoft Wi-Fi Direct Virtual Adapter #4-WFP Native MAC Layer LightWeight Filter-0000
2025-07-19T22:37:17.626+0530 [DEBUG] [org.gradle.internal.remote.internal.inet.InetAddresses] Is this a loopback interface? false
2025-07-19T22:37:17.627+0530 [DEBUG] [org.gradle.internal.remote.internal.inet.InetAddresses] Adding IP addresses for network interface Microsoft Wi-Fi Direct Virtual Adapter #3-WFP Native MAC Layer LightWeight Filter-0000
2025-07-19T22:37:17.630+0530 [DEBUG] [org.gradle.internal.remote.internal.inet.InetAddresses] Is this a loopback interface? false
2025-07-19T22:37:17.630+0530 [DEBUG] [org.gradle.internal.remote.internal.inet.InetAddresses] Adding IP addresses for network interface Microsoft Wi-Fi Direct Virtual Adapter #3-Native WiFi Filter Driver-0000
2025-07-19T22:37:17.642+0530 [DEBUG] [org.gradle.internal.remote.internal.inet.InetAddresses] Is this a loopback interface? false
2025-07-19T22:37:17.642+0530 [DEBUG] [org.gradle.internal.remote.internal.inet.InetAddresses] Adding IP addresses for network interface Microsoft Wi-Fi Direct Virtual Adapter #3-QoS Packet Scheduler-0000
2025-07-19T22:37:17.646+0530 [DEBUG] [org.gradle.internal.remote.internal.inet.InetAddresses] Is this a loopback interface? false
2025-07-19T22:37:17.646+0530 [DEBUG] [org.gradle.internal.remote.internal.inet.InetAddresses] Adding IP addresses for network interface Microsoft Wi-Fi Direct Virtual Adapter #3-WFP 802.3 MAC Layer LightWeight Filter-0000
2025-07-19T22:37:17.649+0530 [DEBUG] [org.gradle.internal.remote.internal.inet.InetAddresses] Is this a loopback interface? false
2025-07-19T22:37:17.650+0530 [DEBUG] [org.gradle.internal.remote.internal.inet.InetAddresses] Adding IP addresses for network interface Microsoft Wi-Fi Direct Virtual Adapter #4-Native WiFi Filter Driver-0000
2025-07-19T22:37:17.654+0530 [DEBUG] [org.gradle.internal.remote.internal.inet.InetAddresses] Is this a loopback interface? false
2025-07-19T22:37:17.654+0530 [DEBUG] [org.gradle.internal.remote.internal.inet.InetAddresses] Adding IP addresses for network interface Microsoft Wi-Fi Direct Virtual Adapter #4-QoS Packet Scheduler-0000
2025-07-19T22:37:17.657+0530 [DEBUG] [org.gradle.internal.remote.internal.inet.InetAddresses] Is this a loopback interface? false
2025-07-19T22:37:17.657+0530 [DEBUG] [org.gradle.internal.remote.internal.inet.InetAddresses] Adding IP addresses for network interface Microsoft Wi-Fi Direct Virtual Adapter #4-WFP 802.3 MAC Layer LightWeight Filter-0000
2025-07-19T22:37:17.661+0530 [DEBUG] [org.gradle.internal.remote.internal.inet.InetAddresses] Is this a loopback interface? false
2025-07-19T22:37:17.661+0530 [DEBUG] [org.gradle.internal.remote.internal.inet.InetAddresses] Adding IP addresses for network interface WAN Miniport (IP)-WFP Native MAC Layer LightWeight Filter-0000
2025-07-19T22:37:17.664+0530 [DEBUG] [org.gradle.internal.remote.internal.inet.InetAddresses] Is this a loopback interface? false
2025-07-19T22:37:17.664+0530 [DEBUG] [org.gradle.internal.remote.internal.inet.InetAddresses] Adding IP addresses for network interface WAN Miniport (IP)-QoS Packet Scheduler-0000
2025-07-19T22:37:17.668+0530 [DEBUG] [org.gradle.internal.remote.internal.inet.InetAddresses] Is this a loopback interface? false
2025-07-19T22:37:17.668+0530 [DEBUG] [org.gradle.internal.remote.internal.inet.InetAddresses] Adding IP addresses for network interface WAN Miniport (IPv6)-WFP Native MAC Layer LightWeight Filter-0000
2025-07-19T22:37:17.672+0530 [DEBUG] [org.gradle.internal.remote.internal.inet.InetAddresses] Is this a loopback interface? false
2025-07-19T22:37:17.673+0530 [DEBUG] [org.gradle.internal.remote.internal.inet.InetAddresses] Adding IP addresses for network interface WAN Miniport (IPv6)-QoS Packet Scheduler-0000
2025-07-19T22:37:17.678+0530 [DEBUG] [org.gradle.internal.remote.internal.inet.InetAddresses] Is this a loopback interface? false
2025-07-19T22:37:17.678+0530 [DEBUG] [org.gradle.internal.remote.internal.inet.InetAddresses] Adding IP addresses for network interface WAN Miniport (Network Monitor)-WFP Native MAC Layer LightWeight Filter-0000
2025-07-19T22:37:17.683+0530 [DEBUG] [org.gradle.internal.remote.internal.inet.InetAddresses] Is this a loopback interface? false
2025-07-19T22:37:17.683+0530 [DEBUG] [org.gradle.internal.remote.internal.inet.InetAddresses] Adding IP addresses for network interface WAN Miniport (Network Monitor)-QoS Packet Scheduler-0000
2025-07-19T22:37:17.686+0530 [DEBUG] [org.gradle.internal.remote.internal.inet.InetAddresses] Is this a loopback interface? false
2025-07-19T22:37:17.691+0530 [DEBUG] [org.gradle.internal.remote.internal.inet.TcpIncomingConnector] Listening on [1ab88365-ec50-4c9b-9a4b-86398a76c8ce port:58915, addresses:[localhost/127.0.0.1]].
2025-07-19T22:37:17.719+0530 [DEBUG] [org.gradle.launcher.daemon.server.Daemon] Daemon starting at: Sat Jul 19 22:37:17 IST 2025, with address: [1ab88365-ec50-4c9b-9a4b-86398a76c8ce port:58915, addresses:[localhost/127.0.0.1]]
2025-07-19T22:37:17.719+0530 [INFO] [org.gradle.launcher.daemon.server.DaemonRegistryUpdater] Advertising the daemon address to the clients: [1ab88365-ec50-4c9b-9a4b-86398a76c8ce port:58915, addresses:[localhost/127.0.0.1]]
2025-07-19T22:37:17.720+0530 [DEBUG] [org.gradle.launcher.daemon.server.DaemonRegistryUpdater] Advertised daemon context: DefaultDaemonContext[uid=afc719c8-fb53-4a53-bb00-b3dfaabc00e3,javaHome=C:\Users\Prerana Shelke\.jdks\corretto-11.0.24,daemonRegistryDir=C:\Users\Prerana Shelke\Downloads\Android-Attendance-App-2023\daemon,pid=20084,idleTimeout=10800000,priority=NORMAL,daemonOpts=--add-opens,java.base/java.util=ALL-UNNAMED,--add-opens,java.base/java.lang=ALL-UNNAMED,--add-opens,java.base/java.lang.invoke=ALL-UNNAMED,--add-opens,java.base/java.util=ALL-UNNAMED,--add-opens,java.prefs/java.util.prefs=ALL-UNNAMED,--add-opens,java.prefs/java.util.prefs=ALL-UNNAMED,--add-opens,java.base/java.nio.charset=ALL-UNNAMED,--add-opens,java.base/java.net=ALL-UNNAMED,--add-opens,java.base/java.util.concurrent.atomic=ALL-UNNAMED,-XX:MaxMetaspaceSize=256m,-XX:+HeapDumpOnOutOfMemoryError,-Xms256m,-Xmx512m,-Dfile.encoding=UTF-8,-Duser.country=IN,-Duser.language=en,-Duser.variant]
2025-07-19T22:37:17.722+0530 [DEBUG] [org.gradle.launcher.daemon.registry.PersistentDaemonRegistry] Storing daemon address: [1ab88365-ec50-4c9b-9a4b-86398a76c8ce port:58915, addresses:[localhost/127.0.0.1]], context: DefaultDaemonContext[uid=afc719c8-fb53-4a53-bb00-b3dfaabc00e3,javaHome=C:\Users\Prerana Shelke\.jdks\corretto-11.0.24,daemonRegistryDir=C:\Users\Prerana Shelke\Downloads\Android-Attendance-App-2023\daemon,pid=20084,idleTimeout=10800000,priority=NORMAL,daemonOpts=--add-opens,java.base/java.util=ALL-UNNAMED,--add-opens,java.base/java.lang=ALL-UNNAMED,--add-opens,java.base/java.lang.invoke=ALL-UNNAMED,--add-opens,java.base/java.util=ALL-UNNAMED,--add-opens,java.prefs/java.util.prefs=ALL-UNNAMED,--add-opens,java.prefs/java.util.prefs=ALL-UNNAMED,--add-opens,java.base/java.nio.charset=ALL-UNNAMED,--add-opens,java.base/java.net=ALL-UNNAMED,--add-opens,java.base/java.util.concurrent.atomic=ALL-UNNAMED,-XX:MaxMetaspaceSize=256m,-XX:+HeapDumpOnOutOfMemoryError,-Xms256m,-Xmx512m,-Dfile.encoding=UTF-8,-Duser.country=IN,-Duser.language=en,-Duser.variant]
2025-07-19T22:37:17.735+0530 [DEBUG] [org.gradle.cache.internal.DefaultFileLockManager] Waiting to acquire exclusive lock on daemon addresses registry.
2025-07-19T22:37:17.742+0530 [DEBUG] [org.gradle.cache.internal.DefaultFileLockManager] Lock acquired on daemon addresses registry.
2025-07-19T22:37:17.751+0530 [DEBUG] [org.gradle.cache.internal.DefaultFileLockManager] Releasing lock on daemon addresses registry.
2025-07-19T22:37:17.751+0530 [LIFECYCLE] [org.gradle.launcher.daemon.server.Daemon] Daemon server started.
2025-07-19T22:37:17.753+0530 [DEBUG] [org.gradle.launcher.daemon.bootstrap.DaemonStartupCommunication] Completed writing the daemon greeting. Closing streams...
2025-07-19T22:37:17.761+0530 [DEBUG] [org.gradle.launcher.daemon.server.Daemon] stopOnExpiration() called on daemon
2025-07-19T22:37:17.764+0530 [DEBUG] [org.gradle.launcher.daemon.server.Daemon] awaitExpiration() called on daemon
2025-07-19T22:37:17.765+0530 [DEBUG] [org.gradle.launcher.daemon.server.DaemonStateCoordinator] daemon is running. Sleeping until state changes.
2025-07-19T22:37:17.768+0530 [DEBUG] [org.gradle.internal.remote.internal.inet.TcpIncomingConnector] Accepted connection from /127.0.0.1:58916 to /127.0.0.1:58915.
2025-07-19T22:37:17.837+0530 [DEBUG] [org.gradle.launcher.daemon.server.SynchronizedDispatchConnection] thread 20: received class org.gradle.launcher.daemon.protocol.Build
2025-07-19T22:37:17.837+0530 [DEBUG] [org.gradle.launcher.daemon.server.DefaultDaemonConnection] thread 20: Received non-IO message from client: Build{id=ea21c67d-5c59-4819-be4b-9a00bdc54a23, currentDir=C:\Users\Prerana Shelke\Downloads\Android-Attendance-App-2023}
2025-07-19T22:37:17.838+0530 [INFO] [org.gradle.launcher.daemon.server.DefaultIncomingConnectionHandler] Received command: Build{id=ea21c67d-5c59-4819-be4b-9a00bdc54a23, currentDir=C:\Users\Prerana Shelke\Downloads\Android-Attendance-App-2023}.
2025-07-19T22:37:17.839+0530 [DEBUG] [org.gradle.launcher.daemon.server.DefaultIncomingConnectionHandler] Starting executing command: Build{id=ea21c67d-5c59-4819-be4b-9a00bdc54a23, currentDir=C:\Users\Prerana Shelke\Downloads\Android-Attendance-App-2023} with connection: socket connection from /127.0.0.1:58915 to /127.0.0.1:58916.
2025-07-19T22:37:17.843+0530 [DEBUG] [org.gradle.launcher.daemon.server.DaemonStateCoordinator] Command execution: started DaemonCommandExecution[command = Build{id=ea21c67d-5c59-4819-be4b-9a00bdc54a23, currentDir=C:\Users\Prerana Shelke\Downloads\Android-Attendance-App-2023}, connection = DefaultDaemonConnection: socket connection from /127.0.0.1:58915 to /127.0.0.1:58916] after 0.0 minutes of idle
2025-07-19T22:37:17.843+0530 [INFO] [org.gradle.launcher.daemon.server.DaemonRegistryUpdater] Marking the daemon as busy, address: [1ab88365-ec50-4c9b-9a4b-86398a76c8ce port:58915, addresses:[localhost/127.0.0.1]]
2025-07-19T22:37:17.843+0530 [DEBUG] [org.gradle.launcher.daemon.registry.PersistentDaemonRegistry] Marking busy by address: [1ab88365-ec50-4c9b-9a4b-86398a76c8ce port:58915, addresses:[localhost/127.0.0.1]]
2025-07-19T22:37:17.845+0530 [DEBUG] [org.gradle.cache.internal.DefaultFileLockManager] Waiting to acquire exclusive lock on daemon addresses registry.
2025-07-19T22:37:17.846+0530 [DEBUG] [org.gradle.cache.internal.DefaultFileLockManager] Lock acquired on daemon addresses registry.
2025-07-19T22:37:17.849+0530 [DEBUG] [org.gradle.cache.internal.DefaultFileLockManager] Releasing lock on daemon addresses registry.
2025-07-19T22:37:17.850+0530 [DEBUG] [org.gradle.launcher.daemon.server.DaemonStateCoordinator] resetting idle timer
2025-07-19T22:37:17.851+0530 [DEBUG] [org.gradle.launcher.daemon.server.DaemonStateCoordinator] daemon is running. Sleeping until state changes.
2025-07-19T22:37:17.852+0530 [INFO] [org.gradle.launcher.daemon.server.exec.StartBuildOrRespondWithBusy] Daemon is about to start building Build{id=ea21c67d-5c59-4819-be4b-9a00bdc54a23, currentDir=C:\Users\Prerana Shelke\Downloads\Android-Attendance-App-2023}. Dispatching build started information...
2025-07-19T22:37:17.853+0530 [DEBUG] [org.gradle.launcher.daemon.server.SynchronizedDispatchConnection] thread 22: dispatching org.gradle.launcher.daemon.protocol.BuildStarted@2d034b15
2025-07-19T22:37:17.857+0530 [DEBUG] [org.gradle.launcher.daemon.server.exec.EstablishBuildEnvironment] Configuring env variables: [USERDOMAIN_ROAMINGPROFILE, PROCESSOR_LEVEL, SESSIONNAME, ALLUSERSPROFILE, PROCESSOR_ARCHITECTURE, PSModulePath, SystemDrive, USERNAME, EFC_15796_3789132940, EFC_15796_1262719628, ProgramFiles(x86), FPS_BROWSER_USER_PROFILE_STRING, PATHEXT, DriverData, UIPATH_LANGUAGE, ProgramData, ProgramW6432, HOMEPATH, PROCESSOR_IDENTIFIER, ProgramFiles, PUBLIC, windir, UIPATH_USER_SERVICE_PATH, =::, ZES_ENABLE_SYSMAN, IGCCSVC_DB, EFC_15796_2775293581, LOCALAPPDATA, EFC_15796_2283032206, USERDOMAIN, LOGONSERVER, FPS_BROWSER_APP_PROFILE_STRING, OneDrive, APPDATA, CommonProgramFiles, Path, PyCharm, OS, COMPUTERNAME, j, PROCESSOR_REVISION, CommonProgramW6432, ComSpec, TEMP, SystemRoot, EFC_15796_1592913036, HOMEDRIVE, USERPROFILE, TMP, CommonProgramFiles(x86), NUMBER_OF_PROCESSORS]
2025-07-19T22:37:17.858+0530 [DEBUG] [org.gradle.launcher.daemon.server.SynchronizedDispatchConnection] thread 20: received class org.gradle.launcher.daemon.protocol.CloseInput
2025-07-19T22:37:17.859+0530 [DEBUG] [org.gradle.launcher.daemon.server.DefaultDaemonConnection] thread 20: Received IO message from client: org.gradle.launcher.daemon.protocol.CloseInput@536c43b1
2025-07-19T22:37:17.870+0530 [DEBUG] [org.gradle.launcher.daemon.server.exec.LogToClient] About to start relaying all logs to the client via the connection.
2025-07-19T22:37:17.870+0530 [INFO] [org.gradle.launcher.daemon.server.exec.LogToClient] The client will now receive all logging from the daemon (pid: 20084). The daemon log file: C:\Users\Prerana Shelke\Downloads\Android-Attendance-App-2023\daemon\7.2\daemon-20084.out.log
2025-07-19T22:37:17.874+0530 [INFO] [org.gradle.launcher.daemon.server.exec.LogAndCheckHealth] Starting build in new daemon [memory: 512 MiB]
2025-07-19T22:37:17.876+0530 [INFO] [org.gradle.launcher.daemon.server.exec.ForwardClientInput] Closing daemon's stdin at end of input.
2025-07-19T22:37:17.876+0530 [INFO] [org.gradle.launcher.daemon.server.exec.ForwardClientInput] The daemon will no longer process any standard input.
2025-07-19T22:37:17.886+0530 [DEBUG] [org.gradle.launcher.daemon.server.exec.ExecuteBuild] The daemon has started executing the build.
2025-07-19T22:37:17.887+0530 [DEBUG] [org.gradle.launcher.daemon.server.exec.ExecuteBuild] Executing build with daemon context: DefaultDaemonContext[uid=afc719c8-fb53-4a53-bb00-b3dfaabc00e3,javaHome=C:\Users\Prerana Shelke\.jdks\corretto-11.0.24,daemonRegistryDir=C:\Users\Prerana Shelke\Downloads\Android-Attendance-App-2023\daemon,pid=20084,idleTimeout=10800000,priority=NORMAL,daemonOpts=--add-opens,java.base/java.util=ALL-UNNAMED,--add-opens,java.base/java.lang=ALL-UNNAMED,--add-opens,java.base/java.lang.invoke=ALL-UNNAMED,--add-opens,java.base/java.util=ALL-UNNAMED,--add-opens,java.prefs/java.util.prefs=ALL-UNNAMED,--add-opens,java.prefs/java.util.prefs=ALL-UNNAMED,--add-opens,java.base/java.nio.charset=ALL-UNNAMED,--add-opens,java.base/java.net=ALL-UNNAMED,--add-opens,java.base/java.util.concurrent.atomic=ALL-UNNAMED,-XX:MaxMetaspaceSize=256m,-XX:+HeapDumpOnOutOfMemoryError,-Xms256m,-Xmx512m,-Dfile.encoding=UTF-8,-Duser.country=IN,-Duser.language=en,-Duser.variant]
AGPBI: {"kind":"warning","text":"We recommend using a newer Android Gradle plugin to use compileSdk = 33\n\nThis Android Gradle plugin (7.1.1) was tested up to compileSdk = 32\n\nThis warning can be suppressed by adding\n    android.suppressUnsupportedCompileSdk=33\nto this project's gradle.properties\n\nThe build will continue, but you are strongly encouraged to update your project to\nuse a newer Android Gradle Plugin that has been tested with compileSdk = 33","sources":[{}]}

Deprecated Gradle features were used in this build, making it incompatible with Gradle 8.0.

You can use '--warning-mode all' to show the individual deprecation warnings and determine if they come from your own scripts or plugins.

See https://docs.gradle.org/7.2/userguide/command_line_interface.html#sec:command_line_warnings

BUILD SUCCESSFUL in 24s
28 actionable tasks: 28 up-to-date
2025-07-19T22:37:38.789+0530 [DEBUG] [org.gradle.launcher.daemon.server.exec.ExecuteBuild] The daemon has finished executing the build.
2025-07-19T22:37:38.812+0530 [DEBUG] [org.gradle.launcher.daemon.server.DaemonStateCoordinator] daemon is running. Sleeping until state changes.
2025-07-19T22:37:38.812+0530 [DEBUG] [org.gradle.launcher.daemon.server.DaemonStateCoordinator] Command execution: finished waiting for DaemonCommandExecution[command = Build{id=ea21c67d-5c59-4819-be4b-9a00bdc54a23, currentDir=C:\Users\Prerana Shelke\Downloads\Android-Attendance-App-2023}, connection = DefaultDaemonConnection: socket connection from /127.0.0.1:58915 to /127.0.0.1:58916]. Result org.gradle.launcher.daemon.server.DaemonStateCoordinator@1cfdf1e7 with state Busy
2025-07-19T22:37:38.813+0530 [DEBUG] [org.gradle.launcher.daemon.server.DaemonStateCoordinator] Command execution: completed DaemonCommandExecution[command = Build{id=ea21c67d-5c59-4819-be4b-9a00bdc54a23, currentDir=C:\Users\Prerana Shelke\Downloads\Android-Attendance-App-2023}, connection = DefaultDaemonConnection: socket connection from /127.0.0.1:58915 to /127.0.0.1:58916]
2025-07-19T22:37:38.813+0530 [DEBUG] [org.gradle.launcher.daemon.server.DaemonStateCoordinator] resetting idle timer
2025-07-19T22:37:38.814+0530 [INFO] [org.gradle.launcher.daemon.server.DaemonRegistryUpdater] Marking the daemon as idle, address: [1ab88365-ec50-4c9b-9a4b-86398a76c8ce port:58915, addresses:[localhost/127.0.0.1]]
2025-07-19T22:37:38.814+0530 [DEBUG] [org.gradle.launcher.daemon.registry.PersistentDaemonRegistry] Marking busy by address: [1ab88365-ec50-4c9b-9a4b-86398a76c8ce port:58915, addresses:[localhost/127.0.0.1]]
2025-07-19T22:37:38.816+0530 [DEBUG] [org.gradle.cache.internal.DefaultFileLockManager] Waiting to acquire exclusive lock on daemon addresses registry.
2025-07-19T22:37:38.816+0530 [DEBUG] [org.gradle.cache.internal.DefaultFileLockManager] Lock acquired on daemon addresses registry.
2025-07-19T22:37:38.821+0530 [DEBUG] [org.gradle.cache.internal.DefaultFileLockManager] Releasing lock on daemon addresses registry.
2025-07-19T22:37:38.822+0530 [DEBUG] [org.gradle.launcher.daemon.server.exec.ReturnResult] Daemon is dispatching the build result: Success[value=org.gradle.launcher.exec.BuildActionResult@7d6459aa]
2025-07-19T22:37:38.822+0530 [DEBUG] [org.gradle.launcher.daemon.server.SynchronizedDispatchConnection] thread 19: dispatching Success[value=org.gradle.launcher.exec.BuildActionResult@7d6459aa]
2025-07-19T22:37:38.824+0530 [DEBUG] [org.gradle.launcher.daemon.server.DaemonStateCoordinator] daemon is running. Sleeping until state changes.
2025-07-19T22:37:38.824+0530 [DEBUG] [org.gradle.launcher.daemon.server.DefaultIncomingConnectionHandler] Finishing executing command: Build{id=ea21c67d-5c59-4819-be4b-9a00bdc54a23, currentDir=C:\Users\Prerana Shelke\Downloads\Android-Attendance-App-2023}
2025-07-19T22:37:38.830+0530 [DEBUG] [org.gradle.launcher.daemon.server.SynchronizedDispatchConnection] thread 20: received class org.gradle.launcher.daemon.protocol.Finished
2025-07-19T22:37:38.831+0530 [DEBUG] [org.gradle.launcher.daemon.server.DefaultDaemonConnection] thread 20: Received non-IO message from client: org.gradle.launcher.daemon.protocol.Finished@3152455b
2025-07-19T22:37:38.831+0530 [DEBUG] [org.gradle.launcher.daemon.server.DefaultIncomingConnectionHandler] Received finished message: org.gradle.launcher.daemon.protocol.Finished@3152455b
2025-07-19T22:37:38.831+0530 [DEBUG] [org.gradle.launcher.daemon.server.SynchronizedDispatchConnection] thread 19: stopping connection
2025-07-19T22:37:38.832+0530 [DEBUG] [org.gradle.internal.remote.internal.inet.SocketConnection] Discarding EOFException: java.io.EOFException
2025-07-19T22:37:38.834+0530 [DEBUG] [org.gradle.launcher.daemon.server.SynchronizedDispatchConnection] thread 20: received null
2025-07-19T22:37:38.834+0530 [DEBUG] [org.gradle.launcher.daemon.server.DefaultDaemonConnection] thread 20: Received end-of-input from client.
2025-07-19T22:37:38.836+0530 [DEBUG] [org.gradle.launcher.daemon.server.SynchronizedDispatchConnection] thread 19: stopping connection
2025-07-19T22:37:39.548+0530 [DEBUG] [org.gradle.process.internal.health.memory.DefaultMemoryManager] 831603097 memory requested, 520921088 free
2025-07-19T22:37:39.549+0530 [DEBUG] [org.gradle.workers.internal.WorkerDaemonExpiration] Will attempt to release 793 of memory
2025-07-19T22:37:39.549+0530 [DEBUG] [org.gradle.process.internal.health.memory.DefaultMemoryManager] 831603097 memory requested, 0 released, 520921088 free
2025-07-19T22:37:44.548+0530 [DEBUG] [org.gradle.process.internal.health.memory.DefaultMemoryManager] 831603097 memory requested, 771084288 free
2025-07-19T22:37:44.549+0530 [DEBUG] [org.gradle.workers.internal.WorkerDaemonExpiration] Will attempt to release 793 of memory
2025-07-19T22:37:44.549+0530 [DEBUG] [org.gradle.process.internal.health.memory.DefaultMemoryManager] 831603097 memory requested, 0 released, 771084288 free
2025-07-19T22:37:47.777+0530 [DEBUG] [org.gradle.cache.internal.DefaultFileLockManager] Waiting to acquire shared lock on daemon addresses registry.
2025-07-19T22:37:47.781+0530 [DEBUG] [org.gradle.cache.internal.DefaultFileLockManager] Lock acquired on daemon addresses registry.
2025-07-19T22:37:47.787+0530 [DEBUG] [org.gradle.cache.internal.DefaultFileLockManager] Releasing lock on daemon addresses registry.
2025-07-19T22:37:47.794+0530 [DEBUG] [org.gradle.cache.internal.DefaultFileLockManager] Waiting to acquire shared lock on daemon addresses registry.
2025-07-19T22:37:47.795+0530 [DEBUG] [org.gradle.cache.internal.DefaultFileLockManager] Lock acquired on daemon addresses registry.
2025-07-19T22:37:47.795+0530 [DEBUG] [org.gradle.cache.internal.DefaultFileLockManager] Releasing lock on daemon addresses registry.
2025-07-19T22:37:49.550+0530 [DEBUG] [org.gradle.process.internal.health.memory.DefaultMemoryManager] 831603097 memory requested, 730279936 free
2025-07-19T22:37:49.551+0530 [DEBUG] [org.gradle.workers.internal.WorkerDaemonExpiration] Will attempt to release 793 of memory
2025-07-19T22:37:49.551+0530 [DEBUG] [org.gradle.process.internal.health.memory.DefaultMemoryManager] 831603097 memory requested, 0 released, 730279936 free
2025-07-19T22:37:54.557+0530 [DEBUG] [org.gradle.process.internal.health.memory.DefaultMemoryManager] 831603097 memory requested, 546357248 free
2025-07-19T22:37:54.558+0530 [DEBUG] [org.gradle.workers.internal.WorkerDaemonExpiration] Will attempt to release 793 of memory
2025-07-19T22:37:54.559+0530 [DEBUG] [org.gradle.process.internal.health.memory.DefaultMemoryManager] 831603097 memory requested, 0 released, 546357248 free
2025-07-19T22:37:57.776+0530 [DEBUG] [org.gradle.cache.internal.DefaultFileLockManager] Waiting to acquire shared lock on daemon addresses registry.
2025-07-19T22:37:57.778+0530 [DEBUG] [org.gradle.cache.internal.DefaultFileLockManager] Lock acquired on daemon addresses registry.
2025-07-19T22:37:57.780+0530 [DEBUG] [org.gradle.cache.internal.DefaultFileLockManager] Releasing lock on daemon addresses registry.
2025-07-19T22:37:57.782+0530 [DEBUG] [org.gradle.cache.internal.DefaultFileLockManager] Waiting to acquire shared lock on daemon addresses registry.
2025-07-19T22:37:57.783+0530 [DEBUG] [org.gradle.cache.internal.DefaultFileLockManager] Lock acquired on daemon addresses registry.
2025-07-19T22:37:57.783+0530 [DEBUG] [org.gradle.cache.internal.DefaultFileLockManager] Releasing lock on daemon addresses registry.
2025-07-19T22:37:57.785+0530 [DEBUG] [org.gradle.cache.internal.DefaultFileLockManager] Waiting to acquire shared lock on daemon addresses registry.
2025-07-19T22:37:57.785+0530 [DEBUG] [org.gradle.cache.internal.DefaultFileLockManager] Lock acquired on daemon addresses registry.
2025-07-19T22:37:57.786+0530 [DEBUG] [org.gradle.cache.internal.DefaultFileLockManager] Releasing lock on daemon addresses registry.
2025-07-19T22:38:04.546+0530 [DEBUG] [org.gradle.process.internal.health.memory.DefaultMemoryManager] 831603097 memory requested, 636760064 free
2025-07-19T22:38:04.547+0530 [DEBUG] [org.gradle.workers.internal.WorkerDaemonExpiration] Will attempt to release 793 of memory
2025-07-19T22:38:04.547+0530 [DEBUG] [org.gradle.process.internal.health.memory.DefaultMemoryManager] 831603097 memory requested, 0 released, 636760064 free
2025-07-19T22:38:07.779+0530 [DEBUG] [org.gradle.cache.internal.DefaultFileLockManager] Waiting to acquire shared lock on daemon addresses registry.
2025-07-19T22:38:07.780+0530 [DEBUG] [org.gradle.cache.internal.DefaultFileLockManager] Lock acquired on daemon addresses registry.
2025-07-19T22:38:07.781+0530 [DEBUG] [org.gradle.cache.internal.DefaultFileLockManager] Releasing lock on daemon addresses registry.
2025-07-19T22:38:07.783+0530 [DEBUG] [org.gradle.cache.internal.DefaultFileLockManager] Waiting to acquire shared lock on daemon addresses registry.
2025-07-19T22:38:07.783+0530 [DEBUG] [org.gradle.cache.internal.DefaultFileLockManager] Lock acquired on daemon addresses registry.
2025-07-19T22:38:07.784+0530 [DEBUG] [org.gradle.cache.internal.DefaultFileLockManager] Releasing lock on daemon addresses registry.
2025-07-19T22:38:07.785+0530 [DEBUG] [org.gradle.cache.internal.DefaultFileLockManager] Waiting to acquire shared lock on daemon addresses registry.
2025-07-19T22:38:07.786+0530 [DEBUG] [org.gradle.cache.internal.DefaultFileLockManager] Lock acquired on daemon addresses registry.
2025-07-19T22:38:07.786+0530 [DEBUG] [org.gradle.cache.internal.DefaultFileLockManager] Releasing lock on daemon addresses registry.
2025-07-19T22:38:09.566+0530 [DEBUG] [org.gradle.process.internal.health.memory.DefaultMemoryManager] 831603097 memory requested, 539848704 free
2025-07-19T22:38:09.566+0530 [DEBUG] [org.gradle.workers.internal.WorkerDaemonExpiration] Will attempt to release 793 of memory
2025-07-19T22:38:09.566+0530 [DEBUG] [org.gradle.process.internal.health.memory.DefaultMemoryManager] 831603097 memory requested, 0 released, 539848704 free
2025-07-19T22:38:14.553+0530 [DEBUG] [org.gradle.process.internal.health.memory.DefaultMemoryManager] 831603097 memory requested, 521584640 free
2025-07-19T22:38:14.554+0530 [DEBUG] [org.gradle.workers.internal.WorkerDaemonExpiration] Will attempt to release 793 of memory
2025-07-19T22:38:14.554+0530 [DEBUG] [org.gradle.process.internal.health.memory.DefaultMemoryManager] 831603097 memory requested, 0 released, 521584640 free
2025-07-19T22:38:17.789+0530 [DEBUG] [org.gradle.cache.internal.DefaultFileLockManager] Waiting to acquire shared lock on daemon addresses registry.
2025-07-19T22:38:17.791+0530 [DEBUG] [org.gradle.cache.internal.DefaultFileLockManager] Lock acquired on daemon addresses registry.
2025-07-19T22:38:17.803+0530 [DEBUG] [org.gradle.cache.internal.DefaultFileLockManager] Releasing lock on daemon addresses registry.
2025-07-19T22:38:17.810+0530 [DEBUG] [org.gradle.cache.internal.DefaultFileLockManager] Waiting to acquire shared lock on daemon addresses registry.
2025-07-19T22:38:17.811+0530 [DEBUG] [org.gradle.cache.internal.DefaultFileLockManager] Lock acquired on daemon addresses registry.
2025-07-19T22:38:17.812+0530 [DEBUG] [org.gradle.cache.internal.DefaultFileLockManager] Releasing lock on daemon addresses registry.
2025-07-19T22:38:17.816+0530 [DEBUG] [org.gradle.cache.internal.DefaultFileLockManager] Waiting to acquire shared lock on daemon addresses registry.
2025-07-19T22:38:17.821+0530 [DEBUG] [org.gradle.cache.internal.DefaultFileLockManager] Lock acquired on daemon addresses registry.
2025-07-19T22:38:17.823+0530 [DEBUG] [org.gradle.cache.internal.DefaultFileLockManager] Releasing lock on daemon addresses registry.
2025-07-19T22:38:19.563+0530 [DEBUG] [org.gradle.process.internal.health.memory.DefaultMemoryManager] 831603097 memory requested, 473792512 free
2025-07-19T22:38:19.564+0530 [DEBUG] [org.gradle.workers.internal.WorkerDaemonExpiration] Will attempt to release 793 of memory
2025-07-19T22:38:19.564+0530 [DEBUG] [org.gradle.process.internal.health.memory.DefaultMemoryManager] 831603097 memory requested, 0 released, 473792512 free
2025-07-19T22:38:24.547+0530 [DEBUG] [org.gradle.process.internal.health.memory.DefaultMemoryManager] 831603097 memory requested, 665706496 free
2025-07-19T22:38:24.548+0530 [DEBUG] [org.gradle.workers.internal.WorkerDaemonExpiration] Will attempt to release 793 of memory
2025-07-19T22:38:24.550+0530 [DEBUG] [org.gradle.process.internal.health.memory.DefaultMemoryManager] 831603097 memory requested, 0 released, 665706496 free
2025-07-19T22:38:27.773+0530 [DEBUG] [org.gradle.cache.internal.DefaultFileLockManager] Waiting to acquire shared lock on daemon addresses registry.
2025-07-19T22:38:27.774+0530 [DEBUG] [org.gradle.cache.internal.DefaultFileLockManager] Lock acquired on daemon addresses registry.
2025-07-19T22:38:27.777+0530 [DEBUG] [org.gradle.cache.internal.DefaultFileLockManager] Releasing lock on daemon addresses registry.
2025-07-19T22:38:27.780+0530 [DEBUG] [org.gradle.cache.internal.DefaultFileLockManager] Waiting to acquire shared lock on daemon addresses registry.
2025-07-19T22:38:27.781+0530 [DEBUG] [org.gradle.cache.internal.DefaultFileLockManager] Lock acquired on daemon addresses registry.
2025-07-19T22:38:27.783+0530 [DEBUG] [org.gradle.cache.internal.DefaultFileLockManager] Releasing lock on daemon addresses registry.
2025-07-19T22:38:27.786+0530 [DEBUG] [org.gradle.cache.internal.DefaultFileLockManager] Waiting to acquire shared lock on daemon addresses registry.
2025-07-19T22:38:27.787+0530 [DEBUG] [org.gradle.cache.internal.DefaultFileLockManager] Lock acquired on daemon addresses registry.
2025-07-19T22:38:27.788+0530 [DEBUG] [org.gradle.cache.internal.DefaultFileLockManager] Releasing lock on daemon addresses registry.
2025-07-19T22:38:29.560+0530 [DEBUG] [org.gradle.process.internal.health.memory.DefaultMemoryManager] 831603097 memory requested, 453402624 free
2025-07-19T22:38:29.561+0530 [DEBUG] [org.gradle.workers.internal.WorkerDaemonExpiration] Will attempt to release 793 of memory
2025-07-19T22:38:29.561+0530 [DEBUG] [org.gradle.process.internal.health.memory.DefaultMemoryManager] 831603097 memory requested, 0 released, 453402624 free
2025-07-19T22:38:34.559+0530 [DEBUG] [org.gradle.process.internal.health.memory.DefaultMemoryManager] 831603097 memory requested, 638504960 free
2025-07-19T22:38:34.560+0530 [DEBUG] [org.gradle.workers.internal.WorkerDaemonExpiration] Will attempt to release 793 of memory
2025-07-19T22:38:34.562+0530 [DEBUG] [org.gradle.process.internal.health.memory.DefaultMemoryManager] 831603097 memory requested, 0 released, 638504960 free
2025-07-19T22:38:37.783+0530 [DEBUG] [org.gradle.cache.internal.DefaultFileLockManager] Waiting to acquire shared lock on daemon addresses registry.
2025-07-19T22:38:37.784+0530 [DEBUG] [org.gradle.cache.internal.DefaultFileLockManager] Lock acquired on daemon addresses registry.
2025-07-19T22:38:37.822+0530 [DEBUG] [org.gradle.cache.internal.DefaultFileLockManager] Releasing lock on daemon addresses registry.
2025-07-19T22:38:37.824+0530 [DEBUG] [org.gradle.cache.internal.DefaultFileLockManager] Waiting to acquire shared lock on daemon addresses registry.
2025-07-19T22:38:37.824+0530 [DEBUG] [org.gradle.cache.internal.DefaultFileLockManager] Lock acquired on daemon addresses registry.
2025-07-19T22:38:37.825+0530 [DEBUG] [org.gradle.cache.internal.DefaultFileLockManager] Releasing lock on daemon addresses registry.
2025-07-19T22:38:37.827+0530 [DEBUG] [org.gradle.cache.internal.DefaultFileLockManager] Waiting to acquire shared lock on daemon addresses registry.
2025-07-19T22:38:37.828+0530 [DEBUG] [org.gradle.cache.internal.DefaultFileLockManager] Lock acquired on daemon addresses registry.
2025-07-19T22:38:37.829+0530 [DEBUG] [org.gradle.cache.internal.DefaultFileLockManager] Releasing lock on daemon addresses registry.
2025-07-19T22:38:39.722+0530 [DEBUG] [org.gradle.process.internal.health.memory.DefaultMemoryManager] 831603097 memory requested, 485810176 free
2025-07-19T22:38:39.723+0530 [DEBUG] [org.gradle.workers.internal.WorkerDaemonExpiration] Will attempt to release 793 of memory
2025-07-19T22:38:39.723+0530 [DEBUG] [org.gradle.process.internal.health.memory.DefaultMemoryManager] 831603097 memory requested, 0 released, 485810176 free
2025-07-19T22:38:44.564+0530 [DEBUG] [org.gradle.process.internal.health.memory.DefaultMemoryManager] 831603097 memory requested, 778428416 free
2025-07-19T22:38:44.568+0530 [DEBUG] [org.gradle.workers.internal.WorkerDaemonExpiration] Will attempt to release 793 of memory
2025-07-19T22:38:44.569+0530 [DEBUG] [org.gradle.process.internal.health.memory.DefaultMemoryManager] 831603097 memory requested, 0 released, 778428416 free
2025-07-19T22:38:47.779+0530 [DEBUG] [org.gradle.cache.internal.DefaultFileLockManager] Waiting to acquire shared lock on daemon addresses registry.
2025-07-19T22:38:47.781+0530 [DEBUG] [org.gradle.cache.internal.DefaultFileLockManager] Lock acquired on daemon addresses registry.
2025-07-19T22:38:47.783+0530 [DEBUG] [org.gradle.cache.internal.DefaultFileLockManager] Releasing lock on daemon addresses registry.
2025-07-19T22:38:47.786+0530 [DEBUG] [org.gradle.cache.internal.DefaultFileLockManager] Waiting to acquire shared lock on daemon addresses registry.
2025-07-19T22:38:47.786+0530 [DEBUG] [org.gradle.cache.internal.DefaultFileLockManager] Lock acquired on daemon addresses registry.
2025-07-19T22:38:47.787+0530 [DEBUG] [org.gradle.cache.internal.DefaultFileLockManager] Releasing lock on daemon addresses registry.
2025-07-19T22:38:47.789+0530 [DEBUG] [org.gradle.cache.internal.DefaultFileLockManager] Waiting to acquire shared lock on daemon addresses registry.
2025-07-19T22:38:47.790+0530 [DEBUG] [org.gradle.cache.internal.DefaultFileLockManager] Lock acquired on daemon addresses registry.
2025-07-19T22:38:47.791+0530 [DEBUG] [org.gradle.cache.internal.DefaultFileLockManager] Releasing lock on daemon addresses registry.
2025-07-19T22:38:49.546+0530 [DEBUG] [org.gradle.process.internal.health.memory.DefaultMemoryManager] 831603097 memory requested, 615989248 free
2025-07-19T22:38:49.547+0530 [DEBUG] [org.gradle.workers.internal.WorkerDaemonExpiration] Will attempt to release 793 of memory
2025-07-19T22:38:49.547+0530 [DEBUG] [org.gradle.process.internal.health.memory.DefaultMemoryManager] 831603097 memory requested, 0 released, 615989248 free
2025-07-19T22:38:54.549+0530 [DEBUG] [org.gradle.process.internal.health.memory.DefaultMemoryManager] 831603097 memory requested, 283459584 free
2025-07-19T22:38:54.552+0530 [DEBUG] [org.gradle.workers.internal.WorkerDaemonExpiration] Will attempt to release 793 of memory
2025-07-19T22:38:54.553+0530 [DEBUG] [org.gradle.process.internal.health.memory.DefaultMemoryManager] 831603097 memory requested, 0 released, 283459584 free
2025-07-19T22:38:57.772+0530 [DEBUG] [org.gradle.cache.internal.DefaultFileLockManager] Waiting to acquire shared lock on daemon addresses registry.
2025-07-19T22:38:57.773+0530 [DEBUG] [org.gradle.cache.internal.DefaultFileLockManager] Lock acquired on daemon addresses registry.
2025-07-19T22:38:57.776+0530 [DEBUG] [org.gradle.cache.internal.DefaultFileLockManager] Releasing lock on daemon addresses registry.
2025-07-19T22:38:57.778+0530 [DEBUG] [org.gradle.cache.internal.DefaultFileLockManager] Waiting to acquire shared lock on daemon addresses registry.
2025-07-19T22:38:57.779+0530 [DEBUG] [org.gradle.cache.internal.DefaultFileLockManager] Lock acquired on daemon addresses registry.
2025-07-19T22:38:57.785+0530 [DEBUG] [org.gradle.cache.internal.DefaultFileLockManager] Releasing lock on daemon addresses registry.
2025-07-19T22:38:57.787+0530 [DEBUG] [org.gradle.cache.internal.DefaultFileLockManager] Waiting to acquire shared lock on daemon addresses registry.
2025-07-19T22:38:57.788+0530 [DEBUG] [org.gradle.cache.internal.DefaultFileLockManager] Lock acquired on daemon addresses registry.
2025-07-19T22:38:57.789+0530 [DEBUG] [org.gradle.cache.internal.DefaultFileLockManager] Releasing lock on daemon addresses registry.
2025-07-19T22:38:59.577+0530 [DEBUG] [org.gradle.process.internal.health.memory.DefaultMemoryManager] 831603097 memory requested, 592842752 free
2025-07-19T22:38:59.578+0530 [DEBUG] [org.gradle.workers.internal.WorkerDaemonExpiration] Will attempt to release 793 of memory
2025-07-19T22:38:59.578+0530 [DEBUG] [org.gradle.process.internal.health.memory.DefaultMemoryManager] 831603097 memory requested, 0 released, 592842752 free
2025-07-19T22:39:04.619+0530 [DEBUG] [org.gradle.process.internal.health.memory.DefaultMemoryManager] 831603097 memory requested, 429940736 free
2025-07-19T22:39:04.635+0530 [DEBUG] [org.gradle.workers.internal.WorkerDaemonExpiration] Will attempt to release 793 of memory
2025-07-19T22:39:04.648+0530 [DEBUG] [org.gradle.process.internal.health.memory.DefaultMemoryManager] 831603097 memory requested, 0 released, 429940736 free
2025-07-19T22:39:07.782+0530 [DEBUG] [org.gradle.cache.internal.DefaultFileLockManager] Waiting to acquire shared lock on daemon addresses registry.
2025-07-19T22:39:07.783+0530 [DEBUG] [org.gradle.cache.internal.DefaultFileLockManager] Lock acquired on daemon addresses registry.
2025-07-19T22:39:07.785+0530 [DEBUG] [org.gradle.cache.internal.DefaultFileLockManager] Releasing lock on daemon addresses registry.
2025-07-19T22:39:07.788+0530 [DEBUG] [org.gradle.cache.internal.DefaultFileLockManager] Waiting to acquire shared lock on daemon addresses registry.
2025-07-19T22:39:07.788+0530 [DEBUG] [org.gradle.cache.internal.DefaultFileLockManager] Lock acquired on daemon addresses registry.
2025-07-19T22:39:07.789+0530 [DEBUG] [org.gradle.cache.internal.DefaultFileLockManager] Releasing lock on daemon addresses registry.
2025-07-19T22:39:07.791+0530 [DEBUG] [org.gradle.cache.internal.DefaultFileLockManager] Waiting to acquire shared lock on daemon addresses registry.
2025-07-19T22:39:07.791+0530 [DEBUG] [org.gradle.cache.internal.DefaultFileLockManager] Lock acquired on daemon addresses registry.
2025-07-19T22:39:07.792+0530 [DEBUG] [org.gradle.cache.internal.DefaultFileLockManager] Releasing lock on daemon addresses registry.
2025-07-19T22:39:09.555+0530 [DEBUG] [org.gradle.process.internal.health.memory.DefaultMemoryManager] 831603097 memory requested, 620511232 free
2025-07-19T22:39:09.555+0530 [DEBUG] [org.gradle.workers.internal.WorkerDaemonExpiration] Will attempt to release 793 of memory
2025-07-19T22:39:09.556+0530 [DEBUG] [org.gradle.process.internal.health.memory.DefaultMemoryManager] 831603097 memory requested, 0 released, 620511232 free
2025-07-19T22:39:14.582+0530 [DEBUG] [org.gradle.process.internal.health.memory.DefaultMemoryManager] 831603097 memory requested, 534056960 free
2025-07-19T22:39:14.582+0530 [DEBUG] [org.gradle.workers.internal.WorkerDaemonExpiration] Will attempt to release 793 of memory
2025-07-19T22:39:14.583+0530 [DEBUG] [org.gradle.process.internal.health.memory.DefaultMemoryManager] 831603097 memory requested, 0 released, 534056960 free
2025-07-19T22:39:17.780+0530 [DEBUG] [org.gradle.cache.internal.DefaultFileLockManager] Waiting to acquire shared lock on daemon addresses registry.
2025-07-19T22:39:17.787+0530 [DEBUG] [org.gradle.cache.internal.DefaultFileLockManager] Lock acquired on daemon addresses registry.
2025-07-19T22:39:17.791+0530 [DEBUG] [org.gradle.cache.internal.DefaultFileLockManager] Releasing lock on daemon addresses registry.
2025-07-19T22:39:17.806+0530 [DEBUG] [org.gradle.cache.internal.DefaultFileLockManager] Waiting to acquire shared lock on daemon addresses registry.
2025-07-19T22:39:17.807+0530 [DEBUG] [org.gradle.cache.internal.DefaultFileLockManager] Lock acquired on daemon addresses registry.
2025-07-19T22:39:17.809+0530 [DEBUG] [org.gradle.cache.internal.DefaultFileLockManager] Releasing lock on daemon addresses registry.
2025-07-19T22:39:17.818+0530 [DEBUG] [org.gradle.cache.internal.DefaultFileLockManager] Waiting to acquire shared lock on daemon addresses registry.
2025-07-19T22:39:17.820+0530 [DEBUG] [org.gradle.cache.internal.DefaultFileLockManager] Lock acquired on daemon addresses registry.
2025-07-19T22:39:17.821+0530 [DEBUG] [org.gradle.cache.internal.DefaultFileLockManager] Releasing lock on daemon addresses registry.
2025-07-19T22:39:19.563+0530 [DEBUG] [org.gradle.process.internal.health.memory.DefaultMemoryManager] 831603097 memory requested, 494628864 free
2025-07-19T22:39:19.564+0530 [DEBUG] [org.gradle.workers.internal.WorkerDaemonExpiration] Will attempt to release 793 of memory
2025-07-19T22:39:19.565+0530 [DEBUG] [org.gradle.process.internal.health.memory.DefaultMemoryManager] 831603097 memory requested, 0 released, 494628864 free
2025-07-19T22:39:24.562+0530 [DEBUG] [org.gradle.process.internal.health.memory.DefaultMemoryManager] 831603097 memory requested, 736272384 free
2025-07-19T22:39:24.563+0530 [DEBUG] [org.gradle.workers.internal.WorkerDaemonExpiration] Will attempt to release 793 of memory
2025-07-19T22:39:24.564+0530 [DEBUG] [org.gradle.process.internal.health.memory.DefaultMemoryManager] 831603097 memory requested, 0 released, 736272384 free
2025-07-19T22:39:27.808+0530 [DEBUG] [org.gradle.cache.internal.DefaultFileLockManager] Waiting to acquire shared lock on daemon addresses registry.
2025-07-19T22:39:27.810+0530 [DEBUG] [org.gradle.cache.internal.DefaultFileLockManager] Lock acquired on daemon addresses registry.
2025-07-19T22:39:27.821+0530 [DEBUG] [org.gradle.cache.internal.DefaultFileLockManager] Releasing lock on daemon addresses registry.
2025-07-19T22:39:27.840+0530 [DEBUG] [org.gradle.cache.internal.DefaultFileLockManager] Waiting to acquire shared lock on daemon addresses registry.
2025-07-19T22:39:27.841+0530 [DEBUG] [org.gradle.cache.internal.DefaultFileLockManager] Lock acquired on daemon addresses registry.
2025-07-19T22:39:27.846+0530 [DEBUG] [org.gradle.cache.internal.DefaultFileLockManager] Releasing lock on daemon addresses registry.
2025-07-19T22:39:27.848+0530 [DEBUG] [org.gradle.cache.internal.DefaultFileLockManager] Waiting to acquire shared lock on daemon addresses registry.
2025-07-19T22:39:27.848+0530 [DEBUG] [org.gradle.cache.internal.DefaultFileLockManager] Lock acquired on daemon addresses registry.
2025-07-19T22:39:27.849+0530 [DEBUG] [org.gradle.cache.internal.DefaultFileLockManager] Releasing lock on daemon addresses registry.
2025-07-19T22:39:29.567+0530 [DEBUG] [org.gradle.process.internal.health.memory.DefaultMemoryManager] 831603097 memory requested, 531230720 free
2025-07-19T22:39:29.575+0530 [DEBUG] [org.gradle.workers.internal.WorkerDaemonExpiration] Will attempt to release 793 of memory
2025-07-19T22:39:29.576+0530 [DEBUG] [org.gradle.process.internal.health.memory.DefaultMemoryManager] 831603097 memory requested, 0 released, 531230720 free
2025-07-19T22:39:34.572+0530 [DEBUG] [org.gradle.process.internal.health.memory.DefaultMemoryManager] 831603097 memory requested, 389267456 free
2025-07-19T22:39:34.574+0530 [DEBUG] [org.gradle.workers.internal.WorkerDaemonExpiration] Will attempt to release 793 of memory
2025-07-19T22:39:34.576+0530 [DEBUG] [org.gradle.process.internal.health.memory.DefaultMemoryManager] 831603097 memory requested, 0 released, 389267456 free
2025-07-19T22:39:37.770+0530 [DEBUG] [org.gradle.cache.internal.DefaultFileLockManager] Waiting to acquire shared lock on daemon addresses registry.
2025-07-19T22:39:37.771+0530 [DEBUG] [org.gradle.cache.internal.DefaultFileLockManager] Lock acquired on daemon addresses registry.
2025-07-19T22:39:37.772+0530 [DEBUG] [org.gradle.cache.internal.DefaultFileLockManager] Releasing lock on daemon addresses registry.
2025-07-19T22:39:37.775+0530 [DEBUG] [org.gradle.cache.internal.DefaultFileLockManager] Waiting to acquire shared lock on daemon addresses registry.
2025-07-19T22:39:37.775+0530 [DEBUG] [org.gradle.cache.internal.DefaultFileLockManager] Lock acquired on daemon addresses registry.
2025-07-19T22:39:37.777+0530 [DEBUG] [org.gradle.cache.internal.DefaultFileLockManager] Releasing lock on daemon addresses registry.
2025-07-19T22:39:37.779+0530 [DEBUG] [org.gradle.cache.internal.DefaultFileLockManager] Waiting to acquire shared lock on daemon addresses registry.
2025-07-19T22:39:37.780+0530 [DEBUG] [org.gradle.cache.internal.DefaultFileLockManager] Lock acquired on daemon addresses registry.
2025-07-19T22:39:37.781+0530 [DEBUG] [org.gradle.cache.internal.DefaultFileLockManager] Releasing lock on daemon addresses registry.
2025-07-19T22:39:39.566+0530 [DEBUG] [org.gradle.process.internal.health.memory.DefaultMemoryManager] 831603097 memory requested, 523165696 free
2025-07-19T22:39:39.568+0530 [DEBUG] [org.gradle.workers.internal.WorkerDaemonExpiration] Will attempt to release 793 of memory
2025-07-19T22:39:39.569+0530 [DEBUG] [org.gradle.process.internal.health.memory.DefaultMemoryManager] 831603097 memory requested, 0 released, 523165696 free
2025-07-19T22:39:44.558+0530 [DEBUG] [org.gradle.process.internal.health.memory.DefaultMemoryManager] 831603097 memory requested, 573059072 free
2025-07-19T22:39:44.558+0530 [DEBUG] [org.gradle.workers.internal.WorkerDaemonExpiration] Will attempt to release 793 of memory
2025-07-19T22:39:44.560+0530 [DEBUG] [org.gradle.process.internal.health.memory.DefaultMemoryManager] 831603097 memory requested, 0 released, 573059072 free
2025-07-19T22:39:47.773+0530 [DEBUG] [org.gradle.cache.internal.DefaultFileLockManager] Waiting to acquire shared lock on daemon addresses registry.
2025-07-19T22:39:47.773+0530 [DEBUG] [org.gradle.cache.internal.DefaultFileLockManager] Lock acquired on daemon addresses registry.
2025-07-19T22:39:47.774+0530 [DEBUG] [org.gradle.cache.internal.DefaultFileLockManager] Releasing lock on daemon addresses registry.
2025-07-19T22:39:47.779+0530 [DEBUG] [org.gradle.cache.internal.DefaultFileLockManager] Waiting to acquire shared lock on daemon addresses registry.
2025-07-19T22:39:47.779+0530 [DEBUG] [org.gradle.cache.internal.DefaultFileLockManager] Lock acquired on daemon addresses registry.
2025-07-19T22:39:47.780+0530 [DEBUG] [org.gradle.cache.internal.DefaultFileLockManager] Releasing lock on daemon addresses registry.
2025-07-19T22:39:47.782+0530 [DEBUG] [org.gradle.cache.internal.DefaultFileLockManager] Waiting to acquire shared lock on daemon addresses registry.
2025-07-19T22:39:47.782+0530 [DEBUG] [org.gradle.cache.internal.DefaultFileLockManager] Lock acquired on daemon addresses registry.
2025-07-19T22:39:47.783+0530 [DEBUG] [org.gradle.cache.internal.DefaultFileLockManager] Releasing lock on daemon addresses registry.
2025-07-19T22:39:54.560+0530 [DEBUG] [org.gradle.process.internal.health.memory.DefaultMemoryManager] 831603097 memory requested, 666296320 free
2025-07-19T22:39:54.561+0530 [DEBUG] [org.gradle.workers.internal.WorkerDaemonExpiration] Will attempt to release 793 of memory
2025-07-19T22:39:54.561+0530 [DEBUG] [org.gradle.process.internal.health.memory.DefaultMemoryManager] 831603097 memory requested, 0 released, 666296320 free
2025-07-19T22:39:57.786+0530 [DEBUG] [org.gradle.cache.internal.DefaultFileLockManager] Waiting to acquire shared lock on daemon addresses registry.
2025-07-19T22:39:57.787+0530 [DEBUG] [org.gradle.cache.internal.DefaultFileLockManager] Lock acquired on daemon addresses registry.
2025-07-19T22:39:57.788+0530 [DEBUG] [org.gradle.cache.internal.DefaultFileLockManager] Releasing lock on daemon addresses registry.
2025-07-19T22:39:57.801+0530 [DEBUG] [org.gradle.cache.internal.DefaultFileLockManager] Waiting to acquire shared lock on daemon addresses registry.
2025-07-19T22:39:57.801+0530 [DEBUG] [org.gradle.cache.internal.DefaultFileLockManager] Lock acquired on daemon addresses registry.
2025-07-19T22:39:57.805+0530 [DEBUG] [org.gradle.cache.internal.DefaultFileLockManager] Releasing lock on daemon addresses registry.
2025-07-19T22:39:57.808+0530 [DEBUG] [org.gradle.cache.internal.DefaultFileLockManager] Waiting to acquire shared lock on daemon addresses registry.
2025-07-19T22:39:57.811+0530 [DEBUG] [org.gradle.cache.internal.DefaultFileLockManager] Lock acquired on daemon addresses registry.
2025-07-19T22:39:57.812+0530 [DEBUG] [org.gradle.cache.internal.DefaultFileLockManager] Releasing lock on daemon addresses registry.
2025-07-19T22:39:59.561+0530 [DEBUG] [org.gradle.process.internal.health.memory.DefaultMemoryManager] 831603097 memory requested, 475529216 free
2025-07-19T22:39:59.563+0530 [DEBUG] [org.gradle.workers.internal.WorkerDaemonExpiration] Will attempt to release 793 of memory
2025-07-19T22:39:59.563+0530 [DEBUG] [org.gradle.process.internal.health.memory.DefaultMemoryManager] 831603097 memory requested, 0 released, 475529216 free
2025-07-19T22:40:04.574+0530 [DEBUG] [org.gradle.process.internal.health.memory.DefaultMemoryManager] 831603097 memory requested, 530354176 free
2025-07-19T22:40:04.575+0530 [DEBUG] [org.gradle.workers.internal.WorkerDaemonExpiration] Will attempt to release 793 of memory
2025-07-19T22:40:04.583+0530 [DEBUG] [org.gradle.process.internal.health.memory.DefaultMemoryManager] 831603097 memory requested, 0 released, 530354176 free
2025-07-19T22:40:07.777+0530 [DEBUG] [org.gradle.cache.internal.DefaultFileLockManager] Waiting to acquire shared lock on daemon addresses registry.
2025-07-19T22:40:07.778+0530 [DEBUG] [org.gradle.cache.internal.DefaultFileLockManager] Lock acquired on daemon addresses registry.
2025-07-19T22:40:07.780+0530 [DEBUG] [org.gradle.cache.internal.DefaultFileLockManager] Releasing lock on daemon addresses registry.
2025-07-19T22:40:07.784+0530 [DEBUG] [org.gradle.cache.internal.DefaultFileLockManager] Waiting to acquire shared lock on daemon addresses registry.
2025-07-19T22:40:07.784+0530 [DEBUG] [org.gradle.cache.internal.DefaultFileLockManager] Lock acquired on daemon addresses registry.
2025-07-19T22:40:07.785+0530 [DEBUG] [org.gradle.cache.internal.DefaultFileLockManager] Releasing lock on daemon addresses registry.
2025-07-19T22:40:07.786+0530 [DEBUG] [org.gradle.cache.internal.DefaultFileLockManager] Waiting to acquire shared lock on daemon addresses registry.
2025-07-19T22:40:07.786+0530 [DEBUG] [org.gradle.cache.internal.DefaultFileLockManager] Lock acquired on daemon addresses registry.
2025-07-19T22:40:07.787+0530 [DEBUG] [org.gradle.cache.internal.DefaultFileLockManager] Releasing lock on daemon addresses registry.
2025-07-19T22:40:09.554+0530 [DEBUG] [org.gradle.process.internal.health.memory.DefaultMemoryManager] 831603097 memory requested, 710397952 free
2025-07-19T22:40:09.555+0530 [DEBUG] [org.gradle.workers.internal.WorkerDaemonExpiration] Will attempt to release 793 of memory
2025-07-19T22:40:09.555+0530 [DEBUG] [org.gradle.process.internal.health.memory.DefaultMemoryManager] 831603097 memory requested, 0 released, 710397952 free
2025-07-19T22:40:14.683+0530 [DEBUG] [org.gradle.process.internal.health.memory.DefaultMemoryManager] 831603097 memory requested, 494047232 free
2025-07-19T22:40:14.683+0530 [DEBUG] [org.gradle.workers.internal.WorkerDaemonExpiration] Will attempt to release 793 of memory
2025-07-19T22:40:14.684+0530 [DEBUG] [org.gradle.process.internal.health.memory.DefaultMemoryManager] 831603097 memory requested, 0 released, 494047232 free
2025-07-19T22:40:17.776+0530 [DEBUG] [org.gradle.cache.internal.DefaultFileLockManager] Waiting to acquire shared lock on daemon addresses registry.
2025-07-19T22:40:17.776+0530 [DEBUG] [org.gradle.cache.internal.DefaultFileLockManager] Lock acquired on daemon addresses registry.
2025-07-19T22:40:17.777+0530 [DEBUG] [org.gradle.cache.internal.DefaultFileLockManager] Releasing lock on daemon addresses registry.
2025-07-19T22:40:17.779+0530 [DEBUG] [org.gradle.cache.internal.DefaultFileLockManager] Waiting to acquire shared lock on daemon addresses registry.
2025-07-19T22:40:17.779+0530 [DEBUG] [org.gradle.cache.internal.DefaultFileLockManager] Lock acquired on daemon addresses registry.
2025-07-19T22:40:17.781+0530 [DEBUG] [org.gradle.cache.internal.DefaultFileLockManager] Releasing lock on daemon addresses registry.
2025-07-19T22:40:17.782+0530 [DEBUG] [org.gradle.cache.internal.DefaultFileLockManager] Waiting to acquire shared lock on daemon addresses registry.
2025-07-19T22:40:17.783+0530 [DEBUG] [org.gradle.cache.internal.DefaultFileLockManager] Lock acquired on daemon addresses registry.
2025-07-19T22:40:17.783+0530 [DEBUG] [org.gradle.cache.internal.DefaultFileLockManager] Releasing lock on daemon addresses registry.
2025-07-19T22:40:19.547+0530 [DEBUG] [org.gradle.process.internal.health.memory.DefaultMemoryManager] 831603097 memory requested, 611700736 free
2025-07-19T22:40:19.548+0530 [DEBUG] [org.gradle.workers.internal.WorkerDaemonExpiration] Will attempt to release 793 of memory
2025-07-19T22:40:19.549+0530 [DEBUG] [org.gradle.process.internal.health.memory.DefaultMemoryManager] 831603097 memory requested, 0 released, 611700736 free
2025-07-19T22:40:24.551+0530 [DEBUG] [org.gradle.process.internal.health.memory.DefaultMemoryManager] 831603097 memory requested, 621436928 free
2025-07-19T22:40:24.551+0530 [DEBUG] [org.gradle.workers.internal.WorkerDaemonExpiration] Will attempt to release 793 of memory
2025-07-19T22:40:24.552+0530 [DEBUG] [org.gradle.process.internal.health.memory.DefaultMemoryManager] 831603097 memory requested, 0 released, 621436928 free
2025-07-19T22:40:27.779+0530 [DEBUG] [org.gradle.cache.internal.DefaultFileLockManager] Waiting to acquire shared lock on daemon addresses registry.
2025-07-19T22:40:27.781+0530 [DEBUG] [org.gradle.cache.internal.DefaultFileLockManager] Lock acquired on daemon addresses registry.
2025-07-19T22:40:27.782+0530 [DEBUG] [org.gradle.cache.internal.DefaultFileLockManager] Releasing lock on daemon addresses registry.
2025-07-19T22:40:27.784+0530 [DEBUG] [org.gradle.cache.internal.DefaultFileLockManager] Waiting to acquire shared lock on daemon addresses registry.
2025-07-19T22:40:27.785+0530 [DEBUG] [org.gradle.cache.internal.DefaultFileLockManager] Lock acquired on daemon addresses registry.
2025-07-19T22:40:27.786+0530 [DEBUG] [org.gradle.cache.internal.DefaultFileLockManager] Releasing lock on daemon addresses registry.
2025-07-19T22:40:27.794+0530 [DEBUG] [org.gradle.cache.internal.DefaultFileLockManager] Waiting to acquire shared lock on daemon addresses registry.
2025-07-19T22:40:27.794+0530 [DEBUG] [org.gradle.cache.internal.DefaultFileLockManager] Lock acquired on daemon addresses registry.
2025-07-19T22:40:27.795+0530 [DEBUG] [org.gradle.cache.internal.DefaultFileLockManager] Releasing lock on daemon addresses registry.
2025-07-19T22:40:29.564+0530 [DEBUG] [org.gradle.process.internal.health.memory.DefaultMemoryManager] 831603097 memory requested, 294551552 free
2025-07-19T22:40:29.573+0530 [DEBUG] [org.gradle.workers.internal.WorkerDaemonExpiration] Will attempt to release 793 of memory
2025-07-19T22:40:29.576+0530 [DEBUG] [org.gradle.process.internal.health.memory.DefaultMemoryManager] 831603097 memory requested, 0 released, 294551552 free
2025-07-19T22:40:34.561+0530 [DEBUG] [org.gradle.process.internal.health.memory.DefaultMemoryManager] 831603097 memory requested, 238153728 free
2025-07-19T22:40:34.561+0530 [DEBUG] [org.gradle.workers.internal.WorkerDaemonExpiration] Will attempt to release 793 of memory
2025-07-19T22:40:34.561+0530 [DEBUG] [org.gradle.process.internal.health.memory.DefaultMemoryManager] 831603097 memory requested, 0 released, 238153728 free
2025-07-19T22:40:37.771+0530 [DEBUG] [org.gradle.cache.internal.DefaultFileLockManager] Waiting to acquire shared lock on daemon addresses registry.
2025-07-19T22:40:37.771+0530 [DEBUG] [org.gradle.cache.internal.DefaultFileLockManager] Lock acquired on daemon addresses registry.
2025-07-19T22:40:37.773+0530 [DEBUG] [org.gradle.cache.internal.DefaultFileLockManager] Releasing lock on daemon addresses registry.
2025-07-19T22:40:37.775+0530 [DEBUG] [org.gradle.cache.internal.DefaultFileLockManager] Waiting to acquire shared lock on daemon addresses registry.
2025-07-19T22:40:37.775+0530 [DEBUG] [org.gradle.cache.internal.DefaultFileLockManager] Lock acquired on daemon addresses registry.
2025-07-19T22:40:37.776+0530 [DEBUG] [org.gradle.cache.internal.DefaultFileLockManager] Releasing lock on daemon addresses registry.
2025-07-19T22:40:37.778+0530 [DEBUG] [org.gradle.cache.internal.DefaultFileLockManager] Waiting to acquire shared lock on daemon addresses registry.
2025-07-19T22:40:37.778+0530 [DEBUG] [org.gradle.cache.internal.DefaultFileLockManager] Lock acquired on daemon addresses registry.
2025-07-19T22:40:37.779+0530 [DEBUG] [org.gradle.cache.internal.DefaultFileLockManager] Releasing lock on daemon addresses registry.
2025-07-19T22:40:39.548+0530 [DEBUG] [org.gradle.process.internal.health.memory.DefaultMemoryManager] 831603097 memory requested, 818999296 free
2025-07-19T22:40:39.549+0530 [DEBUG] [org.gradle.workers.internal.WorkerDaemonExpiration] Will attempt to release 793 of memory
2025-07-19T22:40:39.550+0530 [DEBUG] [org.gradle.process.internal.health.memory.DefaultMemoryManager] 831603097 memory requested, 0 released, 818999296 free
2025-07-19T22:40:44.564+0530 [DEBUG] [org.gradle.process.internal.health.memory.DefaultMemoryManager] 831603097 memory requested, 446976000 free
2025-07-19T22:40:44.564+0530 [DEBUG] [org.gradle.workers.internal.WorkerDaemonExpiration] Will attempt to release 793 of memory
2025-07-19T22:40:44.564+0530 [DEBUG] [org.gradle.process.internal.health.memory.DefaultMemoryManager] 831603097 memory requested, 0 released, 446976000 free
2025-07-19T22:40:47.786+0530 [DEBUG] [org.gradle.cache.internal.DefaultFileLockManager] Waiting to acquire shared lock on daemon addresses registry.
2025-07-19T22:40:47.788+0530 [DEBUG] [org.gradle.cache.internal.DefaultFileLockManager] Lock acquired on daemon addresses registry.
2025-07-19T22:40:47.796+0530 [DEBUG] [org.gradle.cache.internal.DefaultFileLockManager] Releasing lock on daemon addresses registry.
2025-07-19T22:40:47.803+0530 [DEBUG] [org.gradle.cache.internal.DefaultFileLockManager] Waiting to acquire shared lock on daemon addresses registry.
2025-07-19T22:40:47.804+0530 [DEBUG] [org.gradle.cache.internal.DefaultFileLockManager] Lock acquired on daemon addresses registry.
2025-07-19T22:40:47.808+0530 [DEBUG] [org.gradle.cache.internal.DefaultFileLockManager] Releasing lock on daemon addresses registry.
2025-07-19T22:40:47.812+0530 [DEBUG] [org.gradle.cache.internal.DefaultFileLockManager] Waiting to acquire shared lock on daemon addresses registry.
2025-07-19T22:40:47.813+0530 [DEBUG] [org.gradle.cache.internal.DefaultFileLockManager] Lock acquired on daemon addresses registry.
2025-07-19T22:40:47.815+0530 [DEBUG] [org.gradle.cache.internal.DefaultFileLockManager] Releasing lock on daemon addresses registry.
2025-07-19T22:40:49.560+0530 [DEBUG] [org.gradle.process.internal.health.memory.DefaultMemoryManager] 831603097 memory requested, 527224832 free
2025-07-19T22:40:49.561+0530 [DEBUG] [org.gradle.workers.internal.WorkerDaemonExpiration] Will attempt to release 793 of memory
2025-07-19T22:40:49.561+0530 [DEBUG] [org.gradle.process.internal.health.memory.DefaultMemoryManager] 831603097 memory requested, 0 released, 527224832 free
2025-07-19T22:40:54.558+0530 [DEBUG] [org.gradle.process.internal.health.memory.DefaultMemoryManager] 831603097 memory requested, 480251904 free
2025-07-19T22:40:54.565+0530 [DEBUG] [org.gradle.workers.internal.WorkerDaemonExpiration] Will attempt to release 793 of memory
2025-07-19T22:40:54.566+0530 [DEBUG] [org.gradle.process.internal.health.memory.DefaultMemoryManager] 831603097 memory requested, 0 released, 480251904 free
2025-07-19T22:40:57.779+0530 [DEBUG] [org.gradle.cache.internal.DefaultFileLockManager] Waiting to acquire shared lock on daemon addresses registry.
2025-07-19T22:40:57.780+0530 [DEBUG] [org.gradle.cache.internal.DefaultFileLockManager] Lock acquired on daemon addresses registry.
2025-07-19T22:40:57.782+0530 [DEBUG] [org.gradle.cache.internal.DefaultFileLockManager] Releasing lock on daemon addresses registry.
2025-07-19T22:40:57.784+0530 [DEBUG] [org.gradle.cache.internal.DefaultFileLockManager] Waiting to acquire shared lock on daemon addresses registry.
2025-07-19T22:40:57.785+0530 [DEBUG] [org.gradle.cache.internal.DefaultFileLockManager] Lock acquired on daemon addresses registry.
2025-07-19T22:40:57.791+0530 [DEBUG] [org.gradle.cache.internal.DefaultFileLockManager] Releasing lock on daemon addresses registry.
2025-07-19T22:40:57.798+0530 [DEBUG] [org.gradle.cache.internal.DefaultFileLockManager] Waiting to acquire shared lock on daemon addresses registry.
2025-07-19T22:40:57.798+0530 [DEBUG] [org.gradle.cache.internal.DefaultFileLockManager] Lock acquired on daemon addresses registry.
2025-07-19T22:40:57.799+0530 [DEBUG] [org.gradle.cache.internal.DefaultFileLockManager] Releasing lock on daemon addresses registry.
2025-07-19T22:40:59.552+0530 [DEBUG] [org.gradle.process.internal.health.memory.DefaultMemoryManager] 831603097 memory requested, 457609216 free
2025-07-19T22:40:59.553+0530 [DEBUG] [org.gradle.workers.internal.WorkerDaemonExpiration] Will attempt to release 793 of memory
2025-07-19T22:40:59.554+0530 [DEBUG] [org.gradle.process.internal.health.memory.DefaultMemoryManager] 831603097 memory requested, 0 released, 457609216 free
2025-07-19T22:41:04.658+0530 [DEBUG] [org.gradle.process.internal.health.memory.DefaultMemoryManager] 831603097 memory requested, 389414912 free
2025-07-19T22:41:04.666+0530 [DEBUG] [org.gradle.workers.internal.WorkerDaemonExpiration] Will attempt to release 793 of memory
2025-07-19T22:41:04.667+0530 [DEBUG] [org.gradle.process.internal.health.memory.DefaultMemoryManager] 831603097 memory requested, 0 released, 389414912 free
2025-07-19T22:41:07.816+0530 [DEBUG] [org.gradle.cache.internal.DefaultFileLockManager] Waiting to acquire shared lock on daemon addresses registry.
2025-07-19T22:41:07.819+0530 [DEBUG] [org.gradle.cache.internal.DefaultFileLockManager] Lock acquired on daemon addresses registry.
2025-07-19T22:41:07.831+0530 [DEBUG] [org.gradle.cache.internal.DefaultFileLockManager] Releasing lock on daemon addresses registry.
2025-07-19T22:41:07.850+0530 [DEBUG] [org.gradle.cache.internal.DefaultFileLockManager] Waiting to acquire shared lock on daemon addresses registry.
2025-07-19T22:41:07.856+0530 [DEBUG] [org.gradle.cache.internal.DefaultFileLockManager] Lock acquired on daemon addresses registry.
2025-07-19T22:41:07.857+0530 [DEBUG] [org.gradle.cache.internal.DefaultFileLockManager] Releasing lock on daemon addresses registry.
2025-07-19T22:41:07.858+0530 [DEBUG] [org.gradle.cache.internal.DefaultFileLockManager] Waiting to acquire shared lock on daemon addresses registry.
2025-07-19T22:41:07.859+0530 [DEBUG] [org.gradle.cache.internal.DefaultFileLockManager] Lock acquired on daemon addresses registry.
2025-07-19T22:41:07.868+0530 [DEBUG] [org.gradle.cache.internal.DefaultFileLockManager] Releasing lock on daemon addresses registry.
2025-07-19T22:41:09.567+0530 [DEBUG] [org.gradle.process.internal.health.memory.DefaultMemoryManager] 831603097 memory requested, 465547264 free
2025-07-19T22:41:09.568+0530 [DEBUG] [org.gradle.workers.internal.WorkerDaemonExpiration] Will attempt to release 793 of memory
2025-07-19T22:41:09.569+0530 [DEBUG] [org.gradle.process.internal.health.memory.DefaultMemoryManager] 831603097 memory requested, 0 released, 465547264 free
2025-07-19T22:41:14.579+0530 [DEBUG] [org.gradle.process.internal.health.memory.DefaultMemoryManager] 831603097 memory requested, 576700416 free
2025-07-19T22:41:14.581+0530 [DEBUG] [org.gradle.workers.internal.WorkerDaemonExpiration] Will attempt to release 793 of memory
2025-07-19T22:41:14.588+0530 [DEBUG] [org.gradle.process.internal.health.memory.DefaultMemoryManager] 831603097 memory requested, 0 released, 576700416 free
2025-07-19T22:41:17.801+0530 [DEBUG] [org.gradle.cache.internal.DefaultFileLockManager] Waiting to acquire shared lock on daemon addresses registry.
2025-07-19T22:41:17.824+0530 [DEBUG] [org.gradle.cache.internal.DefaultFileLockManager] Lock acquired on daemon addresses registry.
2025-07-19T22:41:17.831+0530 [DEBUG] [org.gradle.cache.internal.DefaultFileLockManager] Releasing lock on daemon addresses registry.
2025-07-19T22:41:17.849+0530 [DEBUG] [org.gradle.cache.internal.DefaultFileLockManager] Waiting to acquire shared lock on daemon addresses registry.
2025-07-19T22:41:17.855+0530 [DEBUG] [org.gradle.cache.internal.DefaultFileLockManager] Lock acquired on daemon addresses registry.
2025-07-19T22:41:17.866+0530 [DEBUG] [org.gradle.cache.internal.DefaultFileLockManager] Releasing lock on daemon addresses registry.
2025-07-19T22:41:17.869+0530 [DEBUG] [org.gradle.cache.internal.DefaultFileLockManager] Waiting to acquire shared lock on daemon addresses registry.
2025-07-19T22:41:17.870+0530 [DEBUG] [org.gradle.cache.internal.DefaultFileLockManager] Lock acquired on daemon addresses registry.
2025-07-19T22:41:17.870+0530 [DEBUG] [org.gradle.cache.internal.DefaultFileLockManager] Releasing lock on daemon addresses registry.
2025-07-19T22:41:19.553+0530 [DEBUG] [org.gradle.process.internal.health.memory.DefaultMemoryManager] 831603097 memory requested, 416768000 free
2025-07-19T22:41:19.553+0530 [DEBUG] [org.gradle.workers.internal.WorkerDaemonExpiration] Will attempt to release 793 of memory
2025-07-19T22:41:19.554+0530 [DEBUG] [org.gradle.process.internal.health.memory.DefaultMemoryManager] 831603097 memory requested, 0 released, 416768000 free
2025-07-19T22:41:24.570+0530 [DEBUG] [org.gradle.process.internal.health.memory.DefaultMemoryManager] 831603097 memory requested, 413298688 free
2025-07-19T22:41:24.572+0530 [DEBUG] [org.gradle.workers.internal.WorkerDaemonExpiration] Will attempt to release 793 of memory
2025-07-19T22:41:24.574+0530 [DEBUG] [org.gradle.process.internal.health.memory.DefaultMemoryManager] 831603097 memory requested, 0 released, 413298688 free
2025-07-19T22:41:27.772+0530 [DEBUG] [org.gradle.cache.internal.DefaultFileLockManager] Waiting to acquire shared lock on daemon addresses registry.
2025-07-19T22:41:27.773+0530 [DEBUG] [org.gradle.cache.internal.DefaultFileLockManager] Lock acquired on daemon addresses registry.
2025-07-19T22:41:27.775+0530 [DEBUG] [org.gradle.cache.internal.DefaultFileLockManager] Releasing lock on daemon addresses registry.
2025-07-19T22:41:27.779+0530 [DEBUG] [org.gradle.cache.internal.DefaultFileLockManager] Waiting to acquire shared lock on daemon addresses registry.
2025-07-19T22:41:27.780+0530 [DEBUG] [org.gradle.cache.internal.DefaultFileLockManager] Lock acquired on daemon addresses registry.
2025-07-19T22:41:27.781+0530 [DEBUG] [org.gradle.cache.internal.DefaultFileLockManager] Releasing lock on daemon addresses registry.
2025-07-19T22:41:27.783+0530 [DEBUG] [org.gradle.cache.internal.DefaultFileLockManager] Waiting to acquire shared lock on daemon addresses registry.
2025-07-19T22:41:27.784+0530 [DEBUG] [org.gradle.cache.internal.DefaultFileLockManager] Lock acquired on daemon addresses registry.
2025-07-19T22:41:27.785+0530 [DEBUG] [org.gradle.cache.internal.DefaultFileLockManager] Releasing lock on daemon addresses registry.
2025-07-19T22:41:29.549+0530 [DEBUG] [org.gradle.process.internal.health.memory.DefaultMemoryManager] 831603097 memory requested, 408346624 free
2025-07-19T22:41:29.550+0530 [DEBUG] [org.gradle.workers.internal.WorkerDaemonExpiration] Will attempt to release 793 of memory
2025-07-19T22:41:29.550+0530 [DEBUG] [org.gradle.process.internal.health.memory.DefaultMemoryManager] 831603097 memory requested, 0 released, 408346624 free
2025-07-19T22:41:34.562+0530 [DEBUG] [org.gradle.process.internal.health.memory.DefaultMemoryManager] 831603097 memory requested, 534466560 free
2025-07-19T22:41:34.562+0530 [DEBUG] [org.gradle.workers.internal.WorkerDaemonExpiration] Will attempt to release 793 of memory
2025-07-19T22:41:34.566+0530 [DEBUG] [org.gradle.process.internal.health.memory.DefaultMemoryManager] 831603097 memory requested, 0 released, 534466560 free
2025-07-19T22:41:38.380+0530 [DEBUG] [org.gradle.cache.internal.DefaultFileLockManager] Waiting to acquire shared lock on daemon addresses registry.
2025-07-19T22:41:38.547+0530 [DEBUG] [org.gradle.cache.internal.DefaultFileLockManager] Lock acquired on daemon addresses registry.
2025-07-19T22:41:38.605+0530 [DEBUG] [org.gradle.cache.internal.DefaultFileLockManager] Releasing lock on daemon addresses registry.
2025-07-19T22:41:38.747+0530 [DEBUG] [org.gradle.cache.internal.DefaultFileLockManager] Waiting to acquire shared lock on daemon addresses registry.
2025-07-19T22:41:38.751+0530 [DEBUG] [org.gradle.cache.internal.DefaultFileLockManager] Lock acquired on daemon addresses registry.
2025-07-19T22:41:38.757+0530 [DEBUG] [org.gradle.cache.internal.DefaultFileLockManager] Releasing lock on daemon addresses registry.
2025-07-19T22:41:38.764+0530 [DEBUG] [org.gradle.cache.internal.DefaultFileLockManager] Waiting to acquire shared lock on daemon addresses registry.
2025-07-19T22:41:38.766+0530 [DEBUG] [org.gradle.cache.internal.DefaultFileLockManager] Lock acquired on daemon addresses registry.
2025-07-19T22:41:38.767+0530 [DEBUG] [org.gradle.cache.internal.DefaultFileLockManager] Releasing lock on daemon addresses registry.
2025-07-19T22:41:39.628+0530 [DEBUG] [org.gradle.process.internal.health.memory.DefaultMemoryManager] 831603097 memory requested, 199114752 free
2025-07-19T22:41:39.629+0530 [DEBUG] [org.gradle.workers.internal.WorkerDaemonExpiration] Will attempt to release 793 of memory
2025-07-19T22:41:39.632+0530 [DEBUG] [org.gradle.process.internal.health.memory.DefaultMemoryManager] 831603097 memory requested, 0 released, 199114752 free
2025-07-19T22:41:44.548+0530 [DEBUG] [org.gradle.process.internal.health.memory.DefaultMemoryManager] 831603097 memory requested, 388988928 free
2025-07-19T22:41:44.548+0530 [DEBUG] [org.gradle.workers.internal.WorkerDaemonExpiration] Will attempt to release 793 of memory
2025-07-19T22:41:44.548+0530 [DEBUG] [org.gradle.process.internal.health.memory.DefaultMemoryManager] 831603097 memory requested, 0 released, 388988928 free
2025-07-19T22:41:47.781+0530 [DEBUG] [org.gradle.cache.internal.DefaultFileLockManager] Waiting to acquire shared lock on daemon addresses registry.
2025-07-19T22:41:47.813+0530 [DEBUG] [org.gradle.cache.internal.DefaultFileLockManager] Lock acquired on daemon addresses registry.
2025-07-19T22:41:47.821+0530 [DEBUG] [org.gradle.cache.internal.DefaultFileLockManager] Releasing lock on daemon addresses registry.
2025-07-19T22:41:47.825+0530 [DEBUG] [org.gradle.cache.internal.DefaultFileLockManager] Waiting to acquire shared lock on daemon addresses registry.
2025-07-19T22:41:47.834+0530 [DEBUG] [org.gradle.cache.internal.DefaultFileLockManager] Lock acquired on daemon addresses registry.
2025-07-19T22:41:47.837+0530 [DEBUG] [org.gradle.cache.internal.DefaultFileLockManager] Releasing lock on daemon addresses registry.
2025-07-19T22:41:47.844+0530 [DEBUG] [org.gradle.cache.internal.DefaultFileLockManager] Waiting to acquire shared lock on daemon addresses registry.
2025-07-19T22:41:47.852+0530 [DEBUG] [org.gradle.cache.internal.DefaultFileLockManager] Lock acquired on daemon addresses registry.
2025-07-19T22:41:47.880+0530 [DEBUG] [org.gradle.cache.internal.DefaultFileLockManager] Releasing lock on daemon addresses registry.
2025-07-19T22:41:49.562+0530 [DEBUG] [org.gradle.process.internal.health.memory.DefaultMemoryManager] 831603097 memory requested, 330711040 free
2025-07-19T22:41:49.605+0530 [DEBUG] [org.gradle.workers.internal.WorkerDaemonExpiration] Will attempt to release 793 of memory
2025-07-19T22:41:49.605+0530 [DEBUG] [org.gradle.process.internal.health.memory.DefaultMemoryManager] 831603097 memory requested, 0 released, 330711040 free
2025-07-19T22:41:54.548+0530 [DEBUG] [org.gradle.process.internal.health.memory.DefaultMemoryManager] 831603097 memory requested, 573186048 free
2025-07-19T22:41:54.548+0530 [DEBUG] [org.gradle.workers.internal.WorkerDaemonExpiration] Will attempt to release 793 of memory
2025-07-19T22:41:54.548+0530 [DEBUG] [org.gradle.process.internal.health.memory.DefaultMemoryManager] 831603097 memory requested, 0 released, 573186048 free
2025-07-19T22:41:57.785+0530 [DEBUG] [org.gradle.cache.internal.DefaultFileLockManager] Waiting to acquire shared lock on daemon addresses registry.
2025-07-19T22:41:57.788+0530 [DEBUG] [org.gradle.cache.internal.DefaultFileLockManager] Lock acquired on daemon addresses registry.
2025-07-19T22:41:57.806+0530 [DEBUG] [org.gradle.cache.internal.DefaultFileLockManager] Releasing lock on daemon addresses registry.
2025-07-19T22:41:57.810+0530 [DEBUG] [org.gradle.cache.internal.DefaultFileLockManager] Waiting to acquire shared lock on daemon addresses registry.
2025-07-19T22:41:57.811+0530 [DEBUG] [org.gradle.cache.internal.DefaultFileLockManager] Lock acquired on daemon addresses registry.
2025-07-19T22:41:57.812+0530 [DEBUG] [org.gradle.cache.internal.DefaultFileLockManager] Releasing lock on daemon addresses registry.
2025-07-19T22:41:57.815+0530 [DEBUG] [org.gradle.cache.internal.DefaultFileLockManager] Waiting to acquire shared lock on daemon addresses registry.
2025-07-19T22:41:57.815+0530 [DEBUG] [org.gradle.cache.internal.DefaultFileLockManager] Lock acquired on daemon addresses registry.
2025-07-19T22:41:57.816+0530 [DEBUG] [org.gradle.cache.internal.DefaultFileLockManager] Releasing lock on daemon addresses registry.
2025-07-19T22:41:59.560+0530 [DEBUG] [org.gradle.process.internal.health.memory.DefaultMemoryManager] 831603097 memory requested, 286195712 free
2025-07-19T22:41:59.561+0530 [DEBUG] [org.gradle.workers.internal.WorkerDaemonExpiration] Will attempt to release 793 of memory
2025-07-19T22:41:59.568+0530 [DEBUG] [org.gradle.process.internal.health.memory.DefaultMemoryManager] 831603097 memory requested, 0 released, 286195712 free
2025-07-19T22:42:04.559+0530 [DEBUG] [org.gradle.process.internal.health.memory.DefaultMemoryManager] 831603097 memory requested, 562483200 free
2025-07-19T22:42:04.559+0530 [DEBUG] [org.gradle.workers.internal.WorkerDaemonExpiration] Will attempt to release 793 of memory
2025-07-19T22:42:04.559+0530 [DEBUG] [org.gradle.process.internal.health.memory.DefaultMemoryManager] 831603097 memory requested, 0 released, 562483200 free
2025-07-19T22:42:07.773+0530 [DEBUG] [org.gradle.cache.internal.DefaultFileLockManager] Waiting to acquire shared lock on daemon addresses registry.
2025-07-19T22:42:07.774+0530 [DEBUG] [org.gradle.cache.internal.DefaultFileLockManager] Lock acquired on daemon addresses registry.
2025-07-19T22:42:07.776+0530 [DEBUG] [org.gradle.cache.internal.DefaultFileLockManager] Releasing lock on daemon addresses registry.
2025-07-19T22:42:07.779+0530 [DEBUG] [org.gradle.cache.internal.DefaultFileLockManager] Waiting to acquire shared lock on daemon addresses registry.
2025-07-19T22:42:07.780+0530 [DEBUG] [org.gradle.cache.internal.DefaultFileLockManager] Lock acquired on daemon addresses registry.
2025-07-19T22:42:07.781+0530 [DEBUG] [org.gradle.cache.internal.DefaultFileLockManager] Releasing lock on daemon addresses registry.
2025-07-19T22:42:07.784+0530 [DEBUG] [org.gradle.cache.internal.DefaultFileLockManager] Waiting to acquire shared lock on daemon addresses registry.
2025-07-19T22:42:07.784+0530 [DEBUG] [org.gradle.cache.internal.DefaultFileLockManager] Lock acquired on daemon addresses registry.
2025-07-19T22:42:07.785+0530 [DEBUG] [org.gradle.cache.internal.DefaultFileLockManager] Releasing lock on daemon addresses registry.
2025-07-19T22:42:09.558+0530 [DEBUG] [org.gradle.process.internal.health.memory.DefaultMemoryManager] 831603097 memory requested, 494649344 free
2025-07-19T22:42:09.559+0530 [DEBUG] [org.gradle.workers.internal.WorkerDaemonExpiration] Will attempt to release 793 of memory
2025-07-19T22:42:09.559+0530 [DEBUG] [org.gradle.process.internal.health.memory.DefaultMemoryManager] 831603097 memory requested, 0 released, 494649344 free
2025-07-19T22:42:14.551+0530 [DEBUG] [org.gradle.process.internal.health.memory.DefaultMemoryManager] 831603097 memory requested, 505352192 free
2025-07-19T22:42:14.551+0530 [DEBUG] [org.gradle.workers.internal.WorkerDaemonExpiration] Will attempt to release 793 of memory
2025-07-19T22:42:14.552+0530 [DEBUG] [org.gradle.process.internal.health.memory.DefaultMemoryManager] 831603097 memory requested, 0 released, 505352192 free
2025-07-19T22:42:17.791+0530 [DEBUG] [org.gradle.cache.internal.DefaultFileLockManager] Waiting to acquire shared lock on daemon addresses registry.
2025-07-19T22:42:17.794+0530 [DEBUG] [org.gradle.cache.internal.DefaultFileLockManager] Lock acquired on daemon addresses registry.
2025-07-19T22:42:17.802+0530 [DEBUG] [org.gradle.cache.internal.DefaultFileLockManager] Releasing lock on daemon addresses registry.
2025-07-19T22:42:17.822+0530 [DEBUG] [org.gradle.cache.internal.DefaultFileLockManager] Waiting to acquire shared lock on daemon addresses registry.
2025-07-19T22:42:17.839+0530 [DEBUG] [org.gradle.cache.internal.DefaultFileLockManager] Lock acquired on daemon addresses registry.
2025-07-19T22:42:17.842+0530 [DEBUG] [org.gradle.cache.internal.DefaultFileLockManager] Releasing lock on daemon addresses registry.
2025-07-19T22:42:17.849+0530 [DEBUG] [org.gradle.cache.internal.DefaultFileLockManager] Waiting to acquire shared lock on daemon addresses registry.
2025-07-19T22:42:17.870+0530 [DEBUG] [org.gradle.cache.internal.DefaultFileLockManager] Lock acquired on daemon addresses registry.
2025-07-19T22:42:17.871+0530 [DEBUG] [org.gradle.cache.internal.DefaultFileLockManager] Releasing lock on daemon addresses registry.
2025-07-19T22:42:19.594+0530 [DEBUG] [org.gradle.process.internal.health.memory.DefaultMemoryManager] 831603097 memory requested, 503455744 free
2025-07-19T22:42:19.621+0530 [DEBUG] [org.gradle.workers.internal.WorkerDaemonExpiration] Will attempt to release 793 of memory
2025-07-19T22:42:19.622+0530 [DEBUG] [org.gradle.process.internal.health.memory.DefaultMemoryManager] 831603097 memory requested, 0 released, 503455744 free
2025-07-19T22:42:24.553+0530 [DEBUG] [org.gradle.process.internal.health.memory.DefaultMemoryManager] 831603097 memory requested, 452653056 free
2025-07-19T22:42:24.554+0530 [DEBUG] [org.gradle.workers.internal.WorkerDaemonExpiration] Will attempt to release 793 of memory
2025-07-19T22:42:24.554+0530 [DEBUG] [org.gradle.process.internal.health.memory.DefaultMemoryManager] 831603097 memory requested, 0 released, 452653056 free
2025-07-19T22:42:27.790+0530 [DEBUG] [org.gradle.cache.internal.DefaultFileLockManager] Waiting to acquire shared lock on daemon addresses registry.
2025-07-19T22:42:27.794+0530 [DEBUG] [org.gradle.cache.internal.DefaultFileLockManager] Lock acquired on daemon addresses registry.
2025-07-19T22:42:27.797+0530 [DEBUG] [org.gradle.cache.internal.DefaultFileLockManager] Releasing lock on daemon addresses registry.
2025-07-19T22:42:27.803+0530 [DEBUG] [org.gradle.cache.internal.DefaultFileLockManager] Waiting to acquire shared lock on daemon addresses registry.
2025-07-19T22:42:27.806+0530 [DEBUG] [org.gradle.cache.internal.DefaultFileLockManager] Lock acquired on daemon addresses registry.
2025-07-19T22:42:27.810+0530 [DEBUG] [org.gradle.cache.internal.DefaultFileLockManager] Releasing lock on daemon addresses registry.
2025-07-19T22:42:27.813+0530 [DEBUG] [org.gradle.cache.internal.DefaultFileLockManager] Waiting to acquire shared lock on daemon addresses registry.
2025-07-19T22:42:27.814+0530 [DEBUG] [org.gradle.cache.internal.DefaultFileLockManager] Lock acquired on daemon addresses registry.
2025-07-19T22:42:27.815+0530 [DEBUG] [org.gradle.cache.internal.DefaultFileLockManager] Releasing lock on daemon addresses registry.
2025-07-19T22:42:29.551+0530 [DEBUG] [org.gradle.process.internal.health.memory.DefaultMemoryManager] 831603097 memory requested, 685424640 free
2025-07-19T22:42:29.553+0530 [DEBUG] [org.gradle.workers.internal.WorkerDaemonExpiration] Will attempt to release 793 of memory
2025-07-19T22:42:29.553+0530 [DEBUG] [org.gradle.process.internal.health.memory.DefaultMemoryManager] 831603097 memory requested, 0 released, 685424640 free
2025-07-19T22:42:34.565+0530 [DEBUG] [org.gradle.process.internal.health.memory.DefaultMemoryManager] 831603097 memory requested, 495353856 free
2025-07-19T22:42:34.565+0530 [DEBUG] [org.gradle.workers.internal.WorkerDaemonExpiration] Will attempt to release 793 of memory
2025-07-19T22:42:34.567+0530 [DEBUG] [org.gradle.process.internal.health.memory.DefaultMemoryManager] 831603097 memory requested, 0 released, 495353856 free
2025-07-19T22:42:37.774+0530 [DEBUG] [org.gradle.cache.internal.DefaultFileLockManager] Waiting to acquire shared lock on daemon addresses registry.
2025-07-19T22:42:37.774+0530 [DEBUG] [org.gradle.cache.internal.DefaultFileLockManager] Lock acquired on daemon addresses registry.
2025-07-19T22:42:37.776+0530 [DEBUG] [org.gradle.cache.internal.DefaultFileLockManager] Releasing lock on daemon addresses registry.
2025-07-19T22:42:37.780+0530 [DEBUG] [org.gradle.cache.internal.DefaultFileLockManager] Waiting to acquire shared lock on daemon addresses registry.
2025-07-19T22:42:37.782+0530 [DEBUG] [org.gradle.cache.internal.DefaultFileLockManager] Lock acquired on daemon addresses registry.
2025-07-19T22:42:37.788+0530 [DEBUG] [org.gradle.cache.internal.DefaultFileLockManager] Releasing lock on daemon addresses registry.
2025-07-19T22:42:37.789+0530 [DEBUG] [org.gradle.cache.internal.DefaultFileLockManager] Waiting to acquire shared lock on daemon addresses registry.
2025-07-19T22:42:37.790+0530 [DEBUG] [org.gradle.cache.internal.DefaultFileLockManager] Lock acquired on daemon addresses registry.
2025-07-19T22:42:37.791+0530 [DEBUG] [org.gradle.cache.internal.DefaultFileLockManager] Releasing lock on daemon addresses registry.
2025-07-19T22:42:39.553+0530 [DEBUG] [org.gradle.process.internal.health.memory.DefaultMemoryManager] 831603097 memory requested, 538255360 free
2025-07-19T22:42:39.554+0530 [DEBUG] [org.gradle.workers.internal.WorkerDaemonExpiration] Will attempt to release 793 of memory
2025-07-19T22:42:39.554+0530 [DEBUG] [org.gradle.process.internal.health.memory.DefaultMemoryManager] 831603097 memory requested, 0 released, 538255360 free
2025-07-19T22:42:44.551+0530 [DEBUG] [org.gradle.process.internal.health.memory.DefaultMemoryManager] 831603097 memory requested, 635953152 free
2025-07-19T22:42:44.551+0530 [DEBUG] [org.gradle.workers.internal.WorkerDaemonExpiration] Will attempt to release 793 of memory
2025-07-19T22:42:44.551+0530 [DEBUG] [org.gradle.process.internal.health.memory.DefaultMemoryManager] 831603097 memory requested, 0 released, 635953152 free
2025-07-19T22:42:47.779+0530 [DEBUG] [org.gradle.cache.internal.DefaultFileLockManager] Waiting to acquire shared lock on daemon addresses registry.
2025-07-19T22:42:47.781+0530 [DEBUG] [org.gradle.cache.internal.DefaultFileLockManager] Lock acquired on daemon addresses registry.
2025-07-19T22:42:47.785+0530 [DEBUG] [org.gradle.cache.internal.DefaultFileLockManager] Releasing lock on daemon addresses registry.
2025-07-19T22:42:47.823+0530 [DEBUG] [org.gradle.cache.internal.DefaultFileLockManager] Waiting to acquire shared lock on daemon addresses registry.
2025-07-19T22:42:47.825+0530 [DEBUG] [org.gradle.cache.internal.DefaultFileLockManager] Lock acquired on daemon addresses registry.
2025-07-19T22:42:47.837+0530 [DEBUG] [org.gradle.cache.internal.DefaultFileLockManager] Releasing lock on daemon addresses registry.
2025-07-19T22:42:47.839+0530 [DEBUG] [org.gradle.cache.internal.DefaultFileLockManager] Waiting to acquire shared lock on daemon addresses registry.
2025-07-19T22:42:47.839+0530 [DEBUG] [org.gradle.cache.internal.DefaultFileLockManager] Lock acquired on daemon addresses registry.
2025-07-19T22:42:47.842+0530 [DEBUG] [org.gradle.cache.internal.DefaultFileLockManager] Releasing lock on daemon addresses registry.
2025-07-19T22:42:49.558+0530 [DEBUG] [org.gradle.process.internal.health.memory.DefaultMemoryManager] 831603097 memory requested, 655622144 free
2025-07-19T22:42:49.559+0530 [DEBUG] [org.gradle.workers.internal.WorkerDaemonExpiration] Will attempt to release 793 of memory
2025-07-19T22:42:49.559+0530 [DEBUG] [org.gradle.process.internal.health.memory.DefaultMemoryManager] 831603097 memory requested, 0 released, 655622144 free
2025-07-19T22:42:54.559+0530 [DEBUG] [org.gradle.process.internal.health.memory.DefaultMemoryManager] 831603097 memory requested, 480710656 free
2025-07-19T22:42:54.559+0530 [DEBUG] [org.gradle.workers.internal.WorkerDaemonExpiration] Will attempt to release 793 of memory
2025-07-19T22:42:54.560+0530 [DEBUG] [org.gradle.process.internal.health.memory.DefaultMemoryManager] 831603097 memory requested, 0 released, 480710656 free
2025-07-19T22:42:57.791+0530 [DEBUG] [org.gradle.cache.internal.DefaultFileLockManager] Waiting to acquire shared lock on daemon addresses registry.
2025-07-19T22:42:57.795+0530 [DEBUG] [org.gradle.cache.internal.DefaultFileLockManager] Lock acquired on daemon addresses registry.
2025-07-19T22:42:57.817+0530 [DEBUG] [org.gradle.cache.internal.DefaultFileLockManager] Releasing lock on daemon addresses registry.
2025-07-19T22:42:57.822+0530 [DEBUG] [org.gradle.cache.internal.DefaultFileLockManager] Waiting to acquire shared lock on daemon addresses registry.
2025-07-19T22:42:57.823+0530 [DEBUG] [org.gradle.cache.internal.DefaultFileLockManager] Lock acquired on daemon addresses registry.
2025-07-19T22:42:57.823+0530 [DEBUG] [org.gradle.cache.internal.DefaultFileLockManager] Releasing lock on daemon addresses registry.
2025-07-19T22:42:57.848+0530 [DEBUG] [org.gradle.cache.internal.DefaultFileLockManager] Waiting to acquire shared lock on daemon addresses registry.
2025-07-19T22:42:57.849+0530 [DEBUG] [org.gradle.cache.internal.DefaultFileLockManager] Lock acquired on daemon addresses registry.
2025-07-19T22:42:57.862+0530 [DEBUG] [org.gradle.cache.internal.DefaultFileLockManager] Releasing lock on daemon addresses registry.
2025-07-19T22:42:59.555+0530 [DEBUG] [org.gradle.process.internal.health.memory.DefaultMemoryManager] 831603097 memory requested, 785547264 free
2025-07-19T22:42:59.555+0530 [DEBUG] [org.gradle.workers.internal.WorkerDaemonExpiration] Will attempt to release 793 of memory
2025-07-19T22:42:59.556+0530 [DEBUG] [org.gradle.process.internal.health.memory.DefaultMemoryManager] 831603097 memory requested, 0 released, 785547264 free
2025-07-19T22:43:04.558+0530 [DEBUG] [org.gradle.process.internal.health.memory.DefaultMemoryManager] 831603097 memory requested, 478482432 free
2025-07-19T22:43:04.558+0530 [DEBUG] [org.gradle.workers.internal.WorkerDaemonExpiration] Will attempt to release 793 of memory
2025-07-19T22:43:04.559+0530 [DEBUG] [org.gradle.process.internal.health.memory.DefaultMemoryManager] 831603097 memory requested, 0 released, 478482432 free
2025-07-19T22:43:07.771+0530 [DEBUG] [org.gradle.cache.internal.DefaultFileLockManager] Waiting to acquire shared lock on daemon addresses registry.
2025-07-19T22:43:07.771+0530 [DEBUG] [org.gradle.cache.internal.DefaultFileLockManager] Lock acquired on daemon addresses registry.
2025-07-19T22:43:07.773+0530 [DEBUG] [org.gradle.cache.internal.DefaultFileLockManager] Releasing lock on daemon addresses registry.
2025-07-19T22:43:07.776+0530 [DEBUG] [org.gradle.cache.internal.DefaultFileLockManager] Waiting to acquire shared lock on daemon addresses registry.
2025-07-19T22:43:07.777+0530 [DEBUG] [org.gradle.cache.internal.DefaultFileLockManager] Lock acquired on daemon addresses registry.
2025-07-19T22:43:07.777+0530 [DEBUG] [org.gradle.cache.internal.DefaultFileLockManager] Releasing lock on daemon addresses registry.
2025-07-19T22:43:07.779+0530 [DEBUG] [org.gradle.cache.internal.DefaultFileLockManager] Waiting to acquire shared lock on daemon addresses registry.
2025-07-19T22:43:07.779+0530 [DEBUG] [org.gradle.cache.internal.DefaultFileLockManager] Lock acquired on daemon addresses registry.
2025-07-19T22:43:07.780+0530 [DEBUG] [org.gradle.cache.internal.DefaultFileLockManager] Releasing lock on daemon addresses registry.
2025-07-19T22:43:09.555+0530 [DEBUG] [org.gradle.process.internal.health.memory.DefaultMemoryManager] 831603097 memory requested, 722886656 free
2025-07-19T22:43:09.555+0530 [DEBUG] [org.gradle.workers.internal.WorkerDaemonExpiration] Will attempt to release 793 of memory
2025-07-19T22:43:09.556+0530 [DEBUG] [org.gradle.process.internal.health.memory.DefaultMemoryManager] 831603097 memory requested, 0 released, 722886656 free
2025-07-19T22:43:14.557+0530 [DEBUG] [org.gradle.process.internal.health.memory.DefaultMemoryManager] 831603097 memory requested, 661245952 free
2025-07-19T22:43:14.557+0530 [DEBUG] [org.gradle.workers.internal.WorkerDaemonExpiration] Will attempt to release 793 of memory
2025-07-19T22:43:14.558+0530 [DEBUG] [org.gradle.process.internal.health.memory.DefaultMemoryManager] 831603097 memory requested, 0 released, 661245952 free
2025-07-19T22:43:17.782+0530 [DEBUG] [org.gradle.cache.internal.DefaultFileLockManager] Waiting to acquire shared lock on daemon addresses registry.
2025-07-19T22:43:17.785+0530 [DEBUG] [org.gradle.cache.internal.DefaultFileLockManager] Lock acquired on daemon addresses registry.
2025-07-19T22:43:17.794+0530 [DEBUG] [org.gradle.cache.internal.DefaultFileLockManager] Releasing lock on daemon addresses registry.
2025-07-19T22:43:17.799+0530 [DEBUG] [org.gradle.cache.internal.DefaultFileLockManager] Waiting to acquire shared lock on daemon addresses registry.
2025-07-19T22:43:17.800+0530 [DEBUG] [org.gradle.cache.internal.DefaultFileLockManager] Lock acquired on daemon addresses registry.
2025-07-19T22:43:17.803+0530 [DEBUG] [org.gradle.cache.internal.DefaultFileLockManager] Releasing lock on daemon addresses registry.
2025-07-19T22:43:17.818+0530 [DEBUG] [org.gradle.cache.internal.DefaultFileLockManager] Waiting to acquire shared lock on daemon addresses registry.
2025-07-19T22:43:17.819+0530 [DEBUG] [org.gradle.cache.internal.DefaultFileLockManager] Lock acquired on daemon addresses registry.
2025-07-19T22:43:17.825+0530 [DEBUG] [org.gradle.cache.internal.DefaultFileLockManager] Releasing lock on daemon addresses registry.
2025-07-19T22:43:19.568+0530 [DEBUG] [org.gradle.process.internal.health.memory.DefaultMemoryManager] 831603097 memory requested, 698372096 free
2025-07-19T22:43:19.570+0530 [DEBUG] [org.gradle.workers.internal.WorkerDaemonExpiration] Will attempt to release 793 of memory
2025-07-19T22:43:19.570+0530 [DEBUG] [org.gradle.process.internal.health.memory.DefaultMemoryManager] 831603097 memory requested, 0 released, 698372096 free
2025-07-19T22:43:27.793+0530 [DEBUG] [org.gradle.cache.internal.DefaultFileLockManager] Waiting to acquire shared lock on daemon addresses registry.
2025-07-19T22:43:27.794+0530 [DEBUG] [org.gradle.cache.internal.DefaultFileLockManager] Lock acquired on daemon addresses registry.
2025-07-19T22:43:27.795+0530 [DEBUG] [org.gradle.cache.internal.DefaultFileLockManager] Releasing lock on daemon addresses registry.
2025-07-19T22:43:27.801+0530 [DEBUG] [org.gradle.cache.internal.DefaultFileLockManager] Waiting to acquire shared lock on daemon addresses registry.
2025-07-19T22:43:27.808+0530 [DEBUG] [org.gradle.cache.internal.DefaultFileLockManager] Lock acquired on daemon addresses registry.
2025-07-19T22:43:27.812+0530 [DEBUG] [org.gradle.cache.internal.DefaultFileLockManager] Releasing lock on daemon addresses registry.
2025-07-19T22:43:27.818+0530 [DEBUG] [org.gradle.cache.internal.DefaultFileLockManager] Waiting to acquire shared lock on daemon addresses registry.
2025-07-19T22:43:27.823+0530 [DEBUG] [org.gradle.cache.internal.DefaultFileLockManager] Lock acquired on daemon addresses registry.
2025-07-19T22:43:27.826+0530 [DEBUG] [org.gradle.cache.internal.DefaultFileLockManager] Releasing lock on daemon addresses registry.
2025-07-19T22:43:29.560+0530 [DEBUG] [org.gradle.process.internal.health.memory.DefaultMemoryManager] 831603097 memory requested, 473149440 free
2025-07-19T22:43:29.560+0530 [DEBUG] [org.gradle.workers.internal.WorkerDaemonExpiration] Will attempt to release 793 of memory
2025-07-19T22:43:29.560+0530 [DEBUG] [org.gradle.process.internal.health.memory.DefaultMemoryManager] 831603097 memory requested, 0 released, 473149440 free
2025-07-19T22:43:34.555+0530 [DEBUG] [org.gradle.process.internal.health.memory.DefaultMemoryManager] 831603097 memory requested, 435347456 free
2025-07-19T22:43:34.556+0530 [DEBUG] [org.gradle.workers.internal.WorkerDaemonExpiration] Will attempt to release 793 of memory
2025-07-19T22:43:34.556+0530 [DEBUG] [org.gradle.process.internal.health.memory.DefaultMemoryManager] 831603097 memory requested, 0 released, 435347456 free
2025-07-19T22:43:37.768+0530 [DEBUG] [org.gradle.cache.internal.DefaultFileLockManager] Waiting to acquire shared lock on daemon addresses registry.
2025-07-19T22:43:37.770+0530 [DEBUG] [org.gradle.cache.internal.DefaultFileLockManager] Lock acquired on daemon addresses registry.
2025-07-19T22:43:37.771+0530 [DEBUG] [org.gradle.cache.internal.DefaultFileLockManager] Releasing lock on daemon addresses registry.
2025-07-19T22:43:37.773+0530 [DEBUG] [org.gradle.cache.internal.DefaultFileLockManager] Waiting to acquire shared lock on daemon addresses registry.
2025-07-19T22:43:37.774+0530 [DEBUG] [org.gradle.cache.internal.DefaultFileLockManager] Lock acquired on daemon addresses registry.
2025-07-19T22:43:37.775+0530 [DEBUG] [org.gradle.cache.internal.DefaultFileLockManager] Releasing lock on daemon addresses registry.
2025-07-19T22:43:37.795+0530 [DEBUG] [org.gradle.cache.internal.DefaultFileLockManager] Waiting to acquire shared lock on daemon addresses registry.
2025-07-19T22:43:37.796+0530 [DEBUG] [org.gradle.cache.internal.DefaultFileLockManager] Lock acquired on daemon addresses registry.
2025-07-19T22:43:37.805+0530 [DEBUG] [org.gradle.cache.internal.DefaultFileLockManager] Releasing lock on daemon addresses registry.
2025-07-19T22:43:39.550+0530 [DEBUG] [org.gradle.process.internal.health.memory.DefaultMemoryManager] 831603097 memory requested, 600186880 free
2025-07-19T22:43:39.551+0530 [DEBUG] [org.gradle.workers.internal.WorkerDaemonExpiration] Will attempt to release 793 of memory
2025-07-19T22:43:39.551+0530 [DEBUG] [org.gradle.process.internal.health.memory.DefaultMemoryManager] 831603097 memory requested, 0 released, 600186880 free
2025-07-19T22:43:47.777+0530 [DEBUG] [org.gradle.cache.internal.DefaultFileLockManager] Waiting to acquire shared lock on daemon addresses registry.
2025-07-19T22:43:47.778+0530 [DEBUG] [org.gradle.cache.internal.DefaultFileLockManager] Lock acquired on daemon addresses registry.
2025-07-19T22:43:47.779+0530 [DEBUG] [org.gradle.cache.internal.DefaultFileLockManager] Releasing lock on daemon addresses registry.
2025-07-19T22:43:47.783+0530 [DEBUG] [org.gradle.cache.internal.DefaultFileLockManager] Waiting to acquire shared lock on daemon addresses registry.
2025-07-19T22:43:47.784+0530 [DEBUG] [org.gradle.cache.internal.DefaultFileLockManager] Lock acquired on daemon addresses registry.
2025-07-19T22:43:47.785+0530 [DEBUG] [org.gradle.cache.internal.DefaultFileLockManager] Releasing lock on daemon addresses registry.
2025-07-19T22:43:47.788+0530 [DEBUG] [org.gradle.cache.internal.DefaultFileLockManager] Waiting to acquire shared lock on daemon addresses registry.
2025-07-19T22:43:47.789+0530 [DEBUG] [org.gradle.cache.internal.DefaultFileLockManager] Lock acquired on daemon addresses registry.
2025-07-19T22:43:47.791+0530 [DEBUG] [org.gradle.cache.internal.DefaultFileLockManager] Releasing lock on daemon addresses registry.
2025-07-19T22:43:49.553+0530 [DEBUG] [org.gradle.process.internal.health.memory.DefaultMemoryManager] 831603097 memory requested, 728526848 free
2025-07-19T22:43:49.554+0530 [DEBUG] [org.gradle.workers.internal.WorkerDaemonExpiration] Will attempt to release 793 of memory
2025-07-19T22:43:49.555+0530 [DEBUG] [org.gradle.process.internal.health.memory.DefaultMemoryManager] 831603097 memory requested, 0 released, 728526848 free
2025-07-19T22:43:54.546+0530 [DEBUG] [org.gradle.process.internal.health.memory.DefaultMemoryManager] 831603097 memory requested, 619212800 free
2025-07-19T22:43:54.547+0530 [DEBUG] [org.gradle.workers.internal.WorkerDaemonExpiration] Will attempt to release 793 of memory
2025-07-19T22:43:54.547+0530 [DEBUG] [org.gradle.process.internal.health.memory.DefaultMemoryManager] 831603097 memory requested, 0 released, 619212800 free
2025-07-19T22:43:57.768+0530 [DEBUG] [org.gradle.cache.internal.DefaultFileLockManager] Waiting to acquire shared lock on daemon addresses registry.
2025-07-19T22:43:57.768+0530 [DEBUG] [org.gradle.cache.internal.DefaultFileLockManager] Lock acquired on daemon addresses registry.
2025-07-19T22:43:57.769+0530 [DEBUG] [org.gradle.cache.internal.DefaultFileLockManager] Releasing lock on daemon addresses registry.
2025-07-19T22:43:57.771+0530 [DEBUG] [org.gradle.cache.internal.DefaultFileLockManager] Waiting to acquire shared lock on daemon addresses registry.
2025-07-19T22:43:57.771+0530 [DEBUG] [org.gradle.cache.internal.DefaultFileLockManager] Lock acquired on daemon addresses registry.
2025-07-19T22:43:57.772+0530 [DEBUG] [org.gradle.cache.internal.DefaultFileLockManager] Releasing lock on daemon addresses registry.
2025-07-19T22:43:57.773+0530 [DEBUG] [org.gradle.cache.internal.DefaultFileLockManager] Waiting to acquire shared lock on daemon addresses registry.
2025-07-19T22:43:57.773+0530 [DEBUG] [org.gradle.cache.internal.DefaultFileLockManager] Lock acquired on daemon addresses registry.
2025-07-19T22:43:57.774+0530 [DEBUG] [org.gradle.cache.internal.DefaultFileLockManager] Releasing lock on daemon addresses registry.
2025-07-19T22:43:59.556+0530 [DEBUG] [org.gradle.process.internal.health.memory.DefaultMemoryManager] 831603097 memory requested, 826052608 free
2025-07-19T22:43:59.556+0530 [DEBUG] [org.gradle.workers.internal.WorkerDaemonExpiration] Will attempt to release 793 of memory
2025-07-19T22:43:59.556+0530 [DEBUG] [org.gradle.process.internal.health.memory.DefaultMemoryManager] 831603097 memory requested, 0 released, 826052608 free
2025-07-19T22:44:07.775+0530 [DEBUG] [org.gradle.cache.internal.DefaultFileLockManager] Waiting to acquire shared lock on daemon addresses registry.
2025-07-19T22:44:07.775+0530 [DEBUG] [org.gradle.cache.internal.DefaultFileLockManager] Lock acquired on daemon addresses registry.
2025-07-19T22:44:07.778+0530 [DEBUG] [org.gradle.cache.internal.DefaultFileLockManager] Releasing lock on daemon addresses registry.
2025-07-19T22:44:07.784+0530 [DEBUG] [org.gradle.cache.internal.DefaultFileLockManager] Waiting to acquire shared lock on daemon addresses registry.
2025-07-19T22:44:07.786+0530 [DEBUG] [org.gradle.cache.internal.DefaultFileLockManager] Lock acquired on daemon addresses registry.
2025-07-19T22:44:07.789+0530 [DEBUG] [org.gradle.cache.internal.DefaultFileLockManager] Releasing lock on daemon addresses registry.
2025-07-19T22:44:07.793+0530 [DEBUG] [org.gradle.cache.internal.DefaultFileLockManager] Waiting to acquire shared lock on daemon addresses registry.
2025-07-19T22:44:07.794+0530 [DEBUG] [org.gradle.cache.internal.DefaultFileLockManager] Lock acquired on daemon addresses registry.
2025-07-19T22:44:07.794+0530 [DEBUG] [org.gradle.cache.internal.DefaultFileLockManager] Releasing lock on daemon addresses registry.
2025-07-19T22:44:14.556+0530 [DEBUG] [org.gradle.process.internal.health.memory.DefaultMemoryManager] 831603097 memory requested, 830791680 free
2025-07-19T22:44:14.556+0530 [DEBUG] [org.gradle.workers.internal.WorkerDaemonExpiration] Will attempt to release 793 of memory
2025-07-19T22:44:14.556+0530 [DEBUG] [org.gradle.process.internal.health.memory.DefaultMemoryManager] 831603097 memory requested, 0 released, 830791680 free
2025-07-19T22:44:17.815+0530 [DEBUG] [org.gradle.cache.internal.DefaultFileLockManager] Waiting to acquire shared lock on daemon addresses registry.
2025-07-19T22:44:17.816+0530 [DEBUG] [org.gradle.cache.internal.DefaultFileLockManager] Lock acquired on daemon addresses registry.
2025-07-19T22:44:17.817+0530 [DEBUG] [org.gradle.cache.internal.DefaultFileLockManager] Releasing lock on daemon addresses registry.
2025-07-19T22:44:17.826+0530 [DEBUG] [org.gradle.cache.internal.DefaultFileLockManager] Waiting to acquire shared lock on daemon addresses registry.
2025-07-19T22:44:17.828+0530 [DEBUG] [org.gradle.cache.internal.DefaultFileLockManager] Lock acquired on daemon addresses registry.
2025-07-19T22:44:17.830+0530 [DEBUG] [org.gradle.cache.internal.DefaultFileLockManager] Releasing lock on daemon addresses registry.
2025-07-19T22:44:17.838+0530 [DEBUG] [org.gradle.cache.internal.DefaultFileLockManager] Waiting to acquire shared lock on daemon addresses registry.
2025-07-19T22:44:17.840+0530 [DEBUG] [org.gradle.cache.internal.DefaultFileLockManager] Lock acquired on daemon addresses registry.
2025-07-19T22:44:17.841+0530 [DEBUG] [org.gradle.cache.internal.DefaultFileLockManager] Releasing lock on daemon addresses registry.
2025-07-19T22:44:19.552+0530 [DEBUG] [org.gradle.process.internal.health.memory.DefaultMemoryManager] 831603097 memory requested, 501354496 free
2025-07-19T22:44:19.553+0530 [DEBUG] [org.gradle.workers.internal.WorkerDaemonExpiration] Will attempt to release 793 of memory
2025-07-19T22:44:19.553+0530 [DEBUG] [org.gradle.process.internal.health.memory.DefaultMemoryManager] 831603097 memory requested, 0 released, 501354496 free
2025-07-19T22:44:24.559+0530 [DEBUG] [org.gradle.process.internal.health.memory.DefaultMemoryManager] 831603097 memory requested, 615428096 free
2025-07-19T22:44:24.560+0530 [DEBUG] [org.gradle.workers.internal.WorkerDaemonExpiration] Will attempt to release 793 of memory
2025-07-19T22:44:24.561+0530 [DEBUG] [org.gradle.process.internal.health.memory.DefaultMemoryManager] 831603097 memory requested, 0 released, 615428096 free
2025-07-19T22:44:27.768+0530 [DEBUG] [org.gradle.cache.internal.DefaultFileLockManager] Waiting to acquire shared lock on daemon addresses registry.
2025-07-19T22:44:27.768+0530 [DEBUG] [org.gradle.cache.internal.DefaultFileLockManager] Lock acquired on daemon addresses registry.
2025-07-19T22:44:27.769+0530 [DEBUG] [org.gradle.cache.internal.DefaultFileLockManager] Releasing lock on daemon addresses registry.
2025-07-19T22:44:27.772+0530 [DEBUG] [org.gradle.cache.internal.DefaultFileLockManager] Waiting to acquire shared lock on daemon addresses registry.
2025-07-19T22:44:27.773+0530 [DEBUG] [org.gradle.cache.internal.DefaultFileLockManager] Lock acquired on daemon addresses registry.
2025-07-19T22:44:27.773+0530 [DEBUG] [org.gradle.cache.internal.DefaultFileLockManager] Releasing lock on daemon addresses registry.
2025-07-19T22:44:27.775+0530 [DEBUG] [org.gradle.cache.internal.DefaultFileLockManager] Waiting to acquire shared lock on daemon addresses registry.
2025-07-19T22:44:27.776+0530 [DEBUG] [org.gradle.cache.internal.DefaultFileLockManager] Lock acquired on daemon addresses registry.
2025-07-19T22:44:27.776+0530 [DEBUG] [org.gradle.cache.internal.DefaultFileLockManager] Releasing lock on daemon addresses registry.
2025-07-19T22:44:29.547+0530 [DEBUG] [org.gradle.process.internal.health.memory.DefaultMemoryManager] 831603097 memory requested, 622080000 free
2025-07-19T22:44:29.547+0530 [DEBUG] [org.gradle.workers.internal.WorkerDaemonExpiration] Will attempt to release 793 of memory
2025-07-19T22:44:29.547+0530 [DEBUG] [org.gradle.process.internal.health.memory.DefaultMemoryManager] 831603097 memory requested, 0 released, 622080000 free
2025-07-19T22:44:34.559+0530 [DEBUG] [org.gradle.process.internal.health.memory.DefaultMemoryManager] 831603097 memory requested, 511631360 free
2025-07-19T22:44:34.559+0530 [DEBUG] [org.gradle.workers.internal.WorkerDaemonExpiration] Will attempt to release 793 of memory
2025-07-19T22:44:34.560+0530 [DEBUG] [org.gradle.process.internal.health.memory.DefaultMemoryManager] 831603097 memory requested, 0 released, 511631360 free
2025-07-19T22:44:37.776+0530 [DEBUG] [org.gradle.cache.internal.DefaultFileLockManager] Waiting to acquire shared lock on daemon addresses registry.
2025-07-19T22:44:37.781+0530 [DEBUG] [org.gradle.cache.internal.DefaultFileLockManager] Lock acquired on daemon addresses registry.
2025-07-19T22:44:37.783+0530 [DEBUG] [org.gradle.cache.internal.DefaultFileLockManager] Releasing lock on daemon addresses registry.
2025-07-19T22:44:37.817+0530 [DEBUG] [org.gradle.cache.internal.DefaultFileLockManager] Waiting to acquire shared lock on daemon addresses registry.
2025-07-19T22:44:37.818+0530 [DEBUG] [org.gradle.cache.internal.DefaultFileLockManager] Lock acquired on daemon addresses registry.
2025-07-19T22:44:37.818+0530 [DEBUG] [org.gradle.cache.internal.DefaultFileLockManager] Releasing lock on daemon addresses registry.
2025-07-19T22:44:37.822+0530 [DEBUG] [org.gradle.cache.internal.DefaultFileLockManager] Waiting to acquire shared lock on daemon addresses registry.
2025-07-19T22:44:37.822+0530 [DEBUG] [org.gradle.cache.internal.DefaultFileLockManager] Lock acquired on daemon addresses registry.
2025-07-19T22:44:37.823+0530 [DEBUG] [org.gradle.cache.internal.DefaultFileLockManager] Releasing lock on daemon addresses registry.
2025-07-19T22:44:39.555+0530 [DEBUG] [org.gradle.process.internal.health.memory.DefaultMemoryManager] 831603097 memory requested, 539701248 free
2025-07-19T22:44:39.555+0530 [DEBUG] [org.gradle.workers.internal.WorkerDaemonExpiration] Will attempt to release 793 of memory
2025-07-19T22:44:39.555+0530 [DEBUG] [org.gradle.process.internal.health.memory.DefaultMemoryManager] 831603097 memory requested, 0 released, 539701248 free
2025-07-19T22:44:47.786+0530 [DEBUG] [org.gradle.cache.internal.DefaultFileLockManager] Waiting to acquire shared lock on daemon addresses registry.
2025-07-19T22:44:47.790+0530 [DEBUG] [org.gradle.cache.internal.DefaultFileLockManager] Lock acquired on daemon addresses registry.
2025-07-19T22:44:47.791+0530 [DEBUG] [org.gradle.cache.internal.DefaultFileLockManager] Releasing lock on daemon addresses registry.
2025-07-19T22:44:47.794+0530 [DEBUG] [org.gradle.cache.internal.DefaultFileLockManager] Waiting to acquire shared lock on daemon addresses registry.
2025-07-19T22:44:47.794+0530 [DEBUG] [org.gradle.cache.internal.DefaultFileLockManager] Lock acquired on daemon addresses registry.
2025-07-19T22:44:47.795+0530 [DEBUG] [org.gradle.cache.internal.DefaultFileLockManager] Releasing lock on daemon addresses registry.
2025-07-19T22:44:47.796+0530 [DEBUG] [org.gradle.cache.internal.DefaultFileLockManager] Waiting to acquire shared lock on daemon addresses registry.
2025-07-19T22:44:47.797+0530 [DEBUG] [org.gradle.cache.internal.DefaultFileLockManager] Lock acquired on daemon addresses registry.
2025-07-19T22:44:47.798+0530 [DEBUG] [org.gradle.cache.internal.DefaultFileLockManager] Releasing lock on daemon addresses registry.
2025-07-19T22:44:49.552+0530 [DEBUG] [org.gradle.process.internal.health.memory.DefaultMemoryManager] 831603097 memory requested, 513495040 free
2025-07-19T22:44:49.553+0530 [DEBUG] [org.gradle.workers.internal.WorkerDaemonExpiration] Will attempt to release 793 of memory
2025-07-19T22:44:49.553+0530 [DEBUG] [org.gradle.process.internal.health.memory.DefaultMemoryManager] 831603097 memory requested, 0 released, 513495040 free
2025-07-19T22:44:57.772+0530 [DEBUG] [org.gradle.cache.internal.DefaultFileLockManager] Waiting to acquire shared lock on daemon addresses registry.
2025-07-19T22:44:57.774+0530 [DEBUG] [org.gradle.cache.internal.DefaultFileLockManager] Lock acquired on daemon addresses registry.
2025-07-19T22:44:57.775+0530 [DEBUG] [org.gradle.cache.internal.DefaultFileLockManager] Releasing lock on daemon addresses registry.
2025-07-19T22:44:57.778+0530 [DEBUG] [org.gradle.cache.internal.DefaultFileLockManager] Waiting to acquire shared lock on daemon addresses registry.
2025-07-19T22:44:57.779+0530 [DEBUG] [org.gradle.cache.internal.DefaultFileLockManager] Lock acquired on daemon addresses registry.
2025-07-19T22:44:57.780+0530 [DEBUG] [org.gradle.cache.internal.DefaultFileLockManager] Releasing lock on daemon addresses registry.
2025-07-19T22:44:57.782+0530 [DEBUG] [org.gradle.cache.internal.DefaultFileLockManager] Waiting to acquire shared lock on daemon addresses registry.
2025-07-19T22:44:57.782+0530 [DEBUG] [org.gradle.cache.internal.DefaultFileLockManager] Lock acquired on daemon addresses registry.
2025-07-19T22:44:57.784+0530 [DEBUG] [org.gradle.cache.internal.DefaultFileLockManager] Releasing lock on daemon addresses registry.
2025-07-19T22:45:07.776+0530 [DEBUG] [org.gradle.cache.internal.DefaultFileLockManager] Waiting to acquire shared lock on daemon addresses registry.
2025-07-19T22:45:07.776+0530 [DEBUG] [org.gradle.cache.internal.DefaultFileLockManager] Lock acquired on daemon addresses registry.
2025-07-19T22:45:07.777+0530 [DEBUG] [org.gradle.cache.internal.DefaultFileLockManager] Releasing lock on daemon addresses registry.
2025-07-19T22:45:07.780+0530 [DEBUG] [org.gradle.cache.internal.DefaultFileLockManager] Waiting to acquire shared lock on daemon addresses registry.
2025-07-19T22:45:07.781+0530 [DEBUG] [org.gradle.cache.internal.DefaultFileLockManager] Lock acquired on daemon addresses registry.
2025-07-19T22:45:07.781+0530 [DEBUG] [org.gradle.cache.internal.DefaultFileLockManager] Releasing lock on daemon addresses registry.
2025-07-19T22:45:07.782+0530 [DEBUG] [org.gradle.cache.internal.DefaultFileLockManager] Waiting to acquire shared lock on daemon addresses registry.
2025-07-19T22:45:07.782+0530 [DEBUG] [org.gradle.cache.internal.DefaultFileLockManager] Lock acquired on daemon addresses registry.
2025-07-19T22:45:07.783+0530 [DEBUG] [org.gradle.cache.internal.DefaultFileLockManager] Releasing lock on daemon addresses registry.
2025-07-19T22:45:17.786+0530 [DEBUG] [org.gradle.cache.internal.DefaultFileLockManager] Waiting to acquire shared lock on daemon addresses registry.
2025-07-19T22:45:17.788+0530 [DEBUG] [org.gradle.cache.internal.DefaultFileLockManager] Lock acquired on daemon addresses registry.
2025-07-19T22:45:17.789+0530 [DEBUG] [org.gradle.cache.internal.DefaultFileLockManager] Releasing lock on daemon addresses registry.
2025-07-19T22:45:17.793+0530 [DEBUG] [org.gradle.cache.internal.DefaultFileLockManager] Waiting to acquire shared lock on daemon addresses registry.
2025-07-19T22:45:17.793+0530 [DEBUG] [org.gradle.cache.internal.DefaultFileLockManager] Lock acquired on daemon addresses registry.
2025-07-19T22:45:17.795+0530 [DEBUG] [org.gradle.cache.internal.DefaultFileLockManager] Releasing lock on daemon addresses registry.
2025-07-19T22:45:17.796+0530 [DEBUG] [org.gradle.cache.internal.DefaultFileLockManager] Waiting to acquire shared lock on daemon addresses registry.
2025-07-19T22:45:17.796+0530 [DEBUG] [org.gradle.cache.internal.DefaultFileLockManager] Lock acquired on daemon addresses registry.
2025-07-19T22:45:17.797+0530 [DEBUG] [org.gradle.cache.internal.DefaultFileLockManager] Releasing lock on daemon addresses registry.
2025-07-19T22:45:19.554+0530 [DEBUG] [org.gradle.process.internal.health.memory.DefaultMemoryManager] 831603097 memory requested, 822247424 free
2025-07-19T22:45:19.555+0530 [DEBUG] [org.gradle.workers.internal.WorkerDaemonExpiration] Will attempt to release 793 of memory
2025-07-19T22:45:19.555+0530 [DEBUG] [org.gradle.process.internal.health.memory.DefaultMemoryManager] 831603097 memory requested, 0 released, 822247424 free
2025-07-19T22:45:24.545+0530 [DEBUG] [org.gradle.process.internal.health.memory.DefaultMemoryManager] 831603097 memory requested, 640471040 free
2025-07-19T22:45:24.546+0530 [DEBUG] [org.gradle.workers.internal.WorkerDaemonExpiration] Will attempt to release 793 of memory
2025-07-19T22:45:24.546+0530 [DEBUG] [org.gradle.process.internal.health.memory.DefaultMemoryManager] 831603097 memory requested, 0 released, 640471040 free
2025-07-19T22:45:27.769+0530 [DEBUG] [org.gradle.cache.internal.DefaultFileLockManager] Waiting to acquire shared lock on daemon addresses registry.
2025-07-19T22:45:27.770+0530 [DEBUG] [org.gradle.cache.internal.DefaultFileLockManager] Lock acquired on daemon addresses registry.
2025-07-19T22:45:27.772+0530 [DEBUG] [org.gradle.cache.internal.DefaultFileLockManager] Releasing lock on daemon addresses registry.
2025-07-19T22:45:27.773+0530 [DEBUG] [org.gradle.cache.internal.DefaultFileLockManager] Waiting to acquire shared lock on daemon addresses registry.
2025-07-19T22:45:27.774+0530 [DEBUG] [org.gradle.cache.internal.DefaultFileLockManager] Lock acquired on daemon addresses registry.
2025-07-19T22:45:27.775+0530 [DEBUG] [org.gradle.cache.internal.DefaultFileLockManager] Releasing lock on daemon addresses registry.
2025-07-19T22:45:27.776+0530 [DEBUG] [org.gradle.cache.internal.DefaultFileLockManager] Waiting to acquire shared lock on daemon addresses registry.
2025-07-19T22:45:27.777+0530 [DEBUG] [org.gradle.cache.internal.DefaultFileLockManager] Lock acquired on daemon addresses registry.
2025-07-19T22:45:27.777+0530 [DEBUG] [org.gradle.cache.internal.DefaultFileLockManager] Releasing lock on daemon addresses registry.
2025-07-19T22:45:34.546+0530 [DEBUG] [org.gradle.process.internal.health.memory.DefaultMemoryManager] 831603097 memory requested, 808325120 free
2025-07-19T22:45:34.546+0530 [DEBUG] [org.gradle.workers.internal.WorkerDaemonExpiration] Will attempt to release 793 of memory
2025-07-19T22:45:34.546+0530 [DEBUG] [org.gradle.process.internal.health.memory.DefaultMemoryManager] 831603097 memory requested, 0 released, 808325120 free
2025-07-19T22:45:37.779+0530 [DEBUG] [org.gradle.cache.internal.DefaultFileLockManager] Waiting to acquire shared lock on daemon addresses registry.
2025-07-19T22:45:37.779+0530 [DEBUG] [org.gradle.cache.internal.DefaultFileLockManager] Lock acquired on daemon addresses registry.
2025-07-19T22:45:37.780+0530 [DEBUG] [org.gradle.cache.internal.DefaultFileLockManager] Releasing lock on daemon addresses registry.
2025-07-19T22:45:37.781+0530 [DEBUG] [org.gradle.cache.internal.DefaultFileLockManager] Waiting to acquire shared lock on daemon addresses registry.
2025-07-19T22:45:37.782+0530 [DEBUG] [org.gradle.cache.internal.DefaultFileLockManager] Lock acquired on daemon addresses registry.
2025-07-19T22:45:37.783+0530 [DEBUG] [org.gradle.cache.internal.DefaultFileLockManager] Releasing lock on daemon addresses registry.
2025-07-19T22:45:37.784+0530 [DEBUG] [org.gradle.cache.internal.DefaultFileLockManager] Waiting to acquire shared lock on daemon addresses registry.
2025-07-19T22:45:37.784+0530 [DEBUG] [org.gradle.cache.internal.DefaultFileLockManager] Lock acquired on daemon addresses registry.
2025-07-19T22:45:37.785+0530 [DEBUG] [org.gradle.cache.internal.DefaultFileLockManager] Releasing lock on daemon addresses registry.
2025-07-19T22:45:39.551+0530 [DEBUG] [org.gradle.process.internal.health.memory.DefaultMemoryManager] 831603097 memory requested, 796426240 free
2025-07-19T22:45:39.551+0530 [DEBUG] [org.gradle.workers.internal.WorkerDaemonExpiration] Will attempt to release 793 of memory
2025-07-19T22:45:39.551+0530 [DEBUG] [org.gradle.process.internal.health.memory.DefaultMemoryManager] 831603097 memory requested, 0 released, 796426240 free
2025-07-19T22:45:47.775+0530 [DEBUG] [org.gradle.cache.internal.DefaultFileLockManager] Waiting to acquire shared lock on daemon addresses registry.
2025-07-19T22:45:47.776+0530 [DEBUG] [org.gradle.cache.internal.DefaultFileLockManager] Lock acquired on daemon addresses registry.
2025-07-19T22:45:47.776+0530 [DEBUG] [org.gradle.cache.internal.DefaultFileLockManager] Releasing lock on daemon addresses registry.
2025-07-19T22:45:47.779+0530 [DEBUG] [org.gradle.cache.internal.DefaultFileLockManager] Waiting to acquire shared lock on daemon addresses registry.
2025-07-19T22:45:47.780+0530 [DEBUG] [org.gradle.cache.internal.DefaultFileLockManager] Lock acquired on daemon addresses registry.
2025-07-19T22:45:47.782+0530 [DEBUG] [org.gradle.cache.internal.DefaultFileLockManager] Releasing lock on daemon addresses registry.
2025-07-19T22:45:47.792+0530 [DEBUG] [org.gradle.cache.internal.DefaultFileLockManager] Waiting to acquire shared lock on daemon addresses registry.
2025-07-19T22:45:47.793+0530 [DEBUG] [org.gradle.cache.internal.DefaultFileLockManager] Lock acquired on daemon addresses registry.
2025-07-19T22:45:47.794+0530 [DEBUG] [org.gradle.cache.internal.DefaultFileLockManager] Releasing lock on daemon addresses registry.
2025-07-19T22:45:49.548+0530 [DEBUG] [org.gradle.process.internal.health.memory.DefaultMemoryManager] 831603097 memory requested, 794558464 free
2025-07-19T22:45:49.549+0530 [DEBUG] [org.gradle.workers.internal.WorkerDaemonExpiration] Will attempt to release 793 of memory
2025-07-19T22:45:49.549+0530 [DEBUG] [org.gradle.process.internal.health.memory.DefaultMemoryManager] 831603097 memory requested, 0 released, 794558464 free
2025-07-19T22:45:54.555+0530 [DEBUG] [org.gradle.process.internal.health.memory.DefaultMemoryManager] 831603097 memory requested, 781512704 free
2025-07-19T22:45:54.555+0530 [DEBUG] [org.gradle.workers.internal.WorkerDaemonExpiration] Will attempt to release 793 of memory
2025-07-19T22:45:54.556+0530 [DEBUG] [org.gradle.process.internal.health.memory.DefaultMemoryManager] 831603097 memory requested, 0 released, 781512704 free
2025-07-19T22:45:57.769+0530 [DEBUG] [org.gradle.cache.internal.DefaultFileLockManager] Waiting to acquire shared lock on daemon addresses registry.
2025-07-19T22:45:57.770+0530 [DEBUG] [org.gradle.cache.internal.DefaultFileLockManager] Lock acquired on daemon addresses registry.
2025-07-19T22:45:57.771+0530 [DEBUG] [org.gradle.cache.internal.DefaultFileLockManager] Releasing lock on daemon addresses registry.
2025-07-19T22:45:57.775+0530 [DEBUG] [org.gradle.cache.internal.DefaultFileLockManager] Waiting to acquire shared lock on daemon addresses registry.
2025-07-19T22:45:57.776+0530 [DEBUG] [org.gradle.cache.internal.DefaultFileLockManager] Lock acquired on daemon addresses registry.
2025-07-19T22:45:57.777+0530 [DEBUG] [org.gradle.cache.internal.DefaultFileLockManager] Releasing lock on daemon addresses registry.
2025-07-19T22:45:57.779+0530 [DEBUG] [org.gradle.cache.internal.DefaultFileLockManager] Waiting to acquire shared lock on daemon addresses registry.
2025-07-19T22:45:57.780+0530 [DEBUG] [org.gradle.cache.internal.DefaultFileLockManager] Lock acquired on daemon addresses registry.
2025-07-19T22:45:57.781+0530 [DEBUG] [org.gradle.cache.internal.DefaultFileLockManager] Releasing lock on daemon addresses registry.
2025-07-19T22:45:59.559+0530 [DEBUG] [org.gradle.process.internal.health.memory.DefaultMemoryManager] 831603097 memory requested, 758677504 free
2025-07-19T22:45:59.560+0530 [DEBUG] [org.gradle.workers.internal.WorkerDaemonExpiration] Will attempt to release 793 of memory
2025-07-19T22:45:59.560+0530 [DEBUG] [org.gradle.process.internal.health.memory.DefaultMemoryManager] 831603097 memory requested, 0 released, 758677504 free
2025-07-19T22:46:04.551+0530 [DEBUG] [org.gradle.process.internal.health.memory.DefaultMemoryManager] 831603097 memory requested, 692445184 free
2025-07-19T22:46:04.551+0530 [DEBUG] [org.gradle.workers.internal.WorkerDaemonExpiration] Will attempt to release 793 of memory
2025-07-19T22:46:04.552+0530 [DEBUG] [org.gradle.process.internal.health.memory.DefaultMemoryManager] 831603097 memory requested, 0 released, 692445184 free
2025-07-19T22:46:07.771+0530 [DEBUG] [org.gradle.cache.internal.DefaultFileLockManager] Waiting to acquire shared lock on daemon addresses registry.
2025-07-19T22:46:07.772+0530 [DEBUG] [org.gradle.cache.internal.DefaultFileLockManager] Lock acquired on daemon addresses registry.
2025-07-19T22:46:07.773+0530 [DEBUG] [org.gradle.cache.internal.DefaultFileLockManager] Releasing lock on daemon addresses registry.
2025-07-19T22:46:07.775+0530 [DEBUG] [org.gradle.cache.internal.DefaultFileLockManager] Waiting to acquire shared lock on daemon addresses registry.
2025-07-19T22:46:07.776+0530 [DEBUG] [org.gradle.cache.internal.DefaultFileLockManager] Lock acquired on daemon addresses registry.
2025-07-19T22:46:07.776+0530 [DEBUG] [org.gradle.cache.internal.DefaultFileLockManager] Releasing lock on daemon addresses registry.
2025-07-19T22:46:07.777+0530 [DEBUG] [org.gradle.cache.internal.DefaultFileLockManager] Waiting to acquire shared lock on daemon addresses registry.
2025-07-19T22:46:07.778+0530 [DEBUG] [org.gradle.cache.internal.DefaultFileLockManager] Lock acquired on daemon addresses registry.
2025-07-19T22:46:07.779+0530 [DEBUG] [org.gradle.cache.internal.DefaultFileLockManager] Releasing lock on daemon addresses registry.
2025-07-19T22:46:09.556+0530 [DEBUG] [org.gradle.process.internal.health.memory.DefaultMemoryManager] 831603097 memory requested, 597245952 free
2025-07-19T22:46:09.556+0530 [DEBUG] [org.gradle.workers.internal.WorkerDaemonExpiration] Will attempt to release 793 of memory
2025-07-19T22:46:09.556+0530 [DEBUG] [org.gradle.process.internal.health.memory.DefaultMemoryManager] 831603097 memory requested, 0 released, 597245952 free
2025-07-19T22:46:14.549+0530 [DEBUG] [org.gradle.process.internal.health.memory.DefaultMemoryManager] 831603097 memory requested, 647979008 free
2025-07-19T22:46:14.549+0530 [DEBUG] [org.gradle.workers.internal.WorkerDaemonExpiration] Will attempt to release 793 of memory
2025-07-19T22:46:14.550+0530 [DEBUG] [org.gradle.process.internal.health.memory.DefaultMemoryManager] 831603097 memory requested, 0 released, 647979008 free
2025-07-19T22:46:17.774+0530 [DEBUG] [org.gradle.cache.internal.DefaultFileLockManager] Waiting to acquire shared lock on daemon addresses registry.
2025-07-19T22:46:17.774+0530 [DEBUG] [org.gradle.cache.internal.DefaultFileLockManager] Lock acquired on daemon addresses registry.
2025-07-19T22:46:17.775+0530 [DEBUG] [org.gradle.cache.internal.DefaultFileLockManager] Releasing lock on daemon addresses registry.
2025-07-19T22:46:17.778+0530 [DEBUG] [org.gradle.cache.internal.DefaultFileLockManager] Waiting to acquire shared lock on daemon addresses registry.
2025-07-19T22:46:17.779+0530 [DEBUG] [org.gradle.cache.internal.DefaultFileLockManager] Lock acquired on daemon addresses registry.
2025-07-19T22:46:17.780+0530 [DEBUG] [org.gradle.cache.internal.DefaultFileLockManager] Releasing lock on daemon addresses registry.
2025-07-19T22:46:17.782+0530 [DEBUG] [org.gradle.cache.internal.DefaultFileLockManager] Waiting to acquire shared lock on daemon addresses registry.
2025-07-19T22:46:17.783+0530 [DEBUG] [org.gradle.cache.internal.DefaultFileLockManager] Lock acquired on daemon addresses registry.
2025-07-19T22:46:17.784+0530 [DEBUG] [org.gradle.cache.internal.DefaultFileLockManager] Releasing lock on daemon addresses registry.
2025-07-19T22:46:19.559+0530 [DEBUG] [org.gradle.process.internal.health.memory.DefaultMemoryManager] 831603097 memory requested, 791949312 free
2025-07-19T22:46:19.559+0530 [DEBUG] [org.gradle.workers.internal.WorkerDaemonExpiration] Will attempt to release 793 of memory
2025-07-19T22:46:19.559+0530 [DEBUG] [org.gradle.process.internal.health.memory.DefaultMemoryManager] 831603097 memory requested, 0 released, 791949312 free
2025-07-19T22:46:27.784+0530 [DEBUG] [org.gradle.cache.internal.DefaultFileLockManager] Waiting to acquire shared lock on daemon addresses registry.
2025-07-19T22:46:27.785+0530 [DEBUG] [org.gradle.cache.internal.DefaultFileLockManager] Lock acquired on daemon addresses registry.
2025-07-19T22:46:27.787+0530 [DEBUG] [org.gradle.cache.internal.DefaultFileLockManager] Releasing lock on daemon addresses registry.
2025-07-19T22:46:27.789+0530 [DEBUG] [org.gradle.cache.internal.DefaultFileLockManager] Waiting to acquire shared lock on daemon addresses registry.
2025-07-19T22:46:27.790+0530 [DEBUG] [org.gradle.cache.internal.DefaultFileLockManager] Lock acquired on daemon addresses registry.
2025-07-19T22:46:27.791+0530 [DEBUG] [org.gradle.cache.internal.DefaultFileLockManager] Releasing lock on daemon addresses registry.
2025-07-19T22:46:27.792+0530 [DEBUG] [org.gradle.cache.internal.DefaultFileLockManager] Waiting to acquire shared lock on daemon addresses registry.
2025-07-19T22:46:27.793+0530 [DEBUG] [org.gradle.cache.internal.DefaultFileLockManager] Lock acquired on daemon addresses registry.
2025-07-19T22:46:27.794+0530 [DEBUG] [org.gradle.cache.internal.DefaultFileLockManager] Releasing lock on daemon addresses registry.
2025-07-19T22:46:37.774+0530 [DEBUG] [org.gradle.cache.internal.DefaultFileLockManager] Waiting to acquire shared lock on daemon addresses registry.
2025-07-19T22:46:37.776+0530 [DEBUG] [org.gradle.cache.internal.DefaultFileLockManager] Lock acquired on daemon addresses registry.
2025-07-19T22:46:37.780+0530 [DEBUG] [org.gradle.cache.internal.DefaultFileLockManager] Releasing lock on daemon addresses registry.
2025-07-19T22:46:37.787+0530 [DEBUG] [org.gradle.cache.internal.DefaultFileLockManager] Waiting to acquire shared lock on daemon addresses registry.
2025-07-19T22:46:37.788+0530 [DEBUG] [org.gradle.cache.internal.DefaultFileLockManager] Lock acquired on daemon addresses registry.
2025-07-19T22:46:37.791+0530 [DEBUG] [org.gradle.cache.internal.DefaultFileLockManager] Releasing lock on daemon addresses registry.
2025-07-19T22:46:37.795+0530 [DEBUG] [org.gradle.cache.internal.DefaultFileLockManager] Waiting to acquire shared lock on daemon addresses registry.
2025-07-19T22:46:37.798+0530 [DEBUG] [org.gradle.cache.internal.DefaultFileLockManager] Lock acquired on daemon addresses registry.
2025-07-19T22:46:37.800+0530 [DEBUG] [org.gradle.cache.internal.DefaultFileLockManager] Releasing lock on daemon addresses registry.
2025-07-19T22:46:47.772+0530 [DEBUG] [org.gradle.cache.internal.DefaultFileLockManager] Waiting to acquire shared lock on daemon addresses registry.
2025-07-19T22:46:47.773+0530 [DEBUG] [org.gradle.cache.internal.DefaultFileLockManager] Lock acquired on daemon addresses registry.
2025-07-19T22:46:47.774+0530 [DEBUG] [org.gradle.cache.internal.DefaultFileLockManager] Releasing lock on daemon addresses registry.
2025-07-19T22:46:47.776+0530 [DEBUG] [org.gradle.cache.internal.DefaultFileLockManager] Waiting to acquire shared lock on daemon addresses registry.
2025-07-19T22:46:47.776+0530 [DEBUG] [org.gradle.cache.internal.DefaultFileLockManager] Lock acquired on daemon addresses registry.
2025-07-19T22:46:47.777+0530 [DEBUG] [org.gradle.cache.internal.DefaultFileLockManager] Releasing lock on daemon addresses registry.
2025-07-19T22:46:47.779+0530 [DEBUG] [org.gradle.cache.internal.DefaultFileLockManager] Waiting to acquire shared lock on daemon addresses registry.
2025-07-19T22:46:47.780+0530 [DEBUG] [org.gradle.cache.internal.DefaultFileLockManager] Lock acquired on daemon addresses registry.
2025-07-19T22:46:47.781+0530 [DEBUG] [org.gradle.cache.internal.DefaultFileLockManager] Releasing lock on daemon addresses registry.
2025-07-19T22:46:49.559+0530 [DEBUG] [org.gradle.process.internal.health.memory.DefaultMemoryManager] 831603097 memory requested, 766377984 free
2025-07-19T22:46:49.560+0530 [DEBUG] [org.gradle.workers.internal.WorkerDaemonExpiration] Will attempt to release 793 of memory
2025-07-19T22:46:49.561+0530 [DEBUG] [org.gradle.process.internal.health.memory.DefaultMemoryManager] 831603097 memory requested, 0 released, 766377984 free
2025-07-19T22:46:54.556+0530 [DEBUG] [org.gradle.process.internal.health.memory.DefaultMemoryManager] 831603097 memory requested, 713728000 free
2025-07-19T22:46:54.556+0530 [DEBUG] [org.gradle.workers.internal.WorkerDaemonExpiration] Will attempt to release 793 of memory
2025-07-19T22:46:54.556+0530 [DEBUG] [org.gradle.process.internal.health.memory.DefaultMemoryManager] 831603097 memory requested, 0 released, 713728000 free
2025-07-19T22:46:57.772+0530 [DEBUG] [org.gradle.cache.internal.DefaultFileLockManager] Waiting to acquire shared lock on daemon addresses registry.
2025-07-19T22:46:57.773+0530 [DEBUG] [org.gradle.cache.internal.DefaultFileLockManager] Lock acquired on daemon addresses registry.
2025-07-19T22:46:57.773+0530 [DEBUG] [org.gradle.cache.internal.DefaultFileLockManager] Releasing lock on daemon addresses registry.
2025-07-19T22:46:57.775+0530 [DEBUG] [org.gradle.cache.internal.DefaultFileLockManager] Waiting to acquire shared lock on daemon addresses registry.
2025-07-19T22:46:57.776+0530 [DEBUG] [org.gradle.cache.internal.DefaultFileLockManager] Lock acquired on daemon addresses registry.
2025-07-19T22:46:57.777+0530 [DEBUG] [org.gradle.cache.internal.DefaultFileLockManager] Releasing lock on daemon addresses registry.
2025-07-19T22:46:57.779+0530 [DEBUG] [org.gradle.cache.internal.DefaultFileLockManager] Waiting to acquire shared lock on daemon addresses registry.
2025-07-19T22:46:57.780+0530 [DEBUG] [org.gradle.cache.internal.DefaultFileLockManager] Lock acquired on daemon addresses registry.
2025-07-19T22:46:57.781+0530 [DEBUG] [org.gradle.cache.internal.DefaultFileLockManager] Releasing lock on daemon addresses registry.
2025-07-19T22:46:59.553+0530 [DEBUG] [org.gradle.process.internal.health.memory.DefaultMemoryManager] 831603097 memory requested, 571555840 free
2025-07-19T22:46:59.553+0530 [DEBUG] [org.gradle.workers.internal.WorkerDaemonExpiration] Will attempt to release 793 of memory
2025-07-19T22:46:59.553+0530 [DEBUG] [org.gradle.process.internal.health.memory.DefaultMemoryManager] 831603097 memory requested, 0 released, 571555840 free
2025-07-19T22:47:01.465+0530 [DEBUG] [org.gradle.internal.remote.internal.inet.TcpIncomingConnector] Accepted connection from /127.0.0.1:59525 to /127.0.0.1:58915.
2025-07-19T22:47:02.127+0530 [DEBUG] [org.gradle.launcher.daemon.server.SynchronizedDispatchConnection] thread 141: received class org.gradle.launcher.daemon.protocol.StopWhenIdle
2025-07-19T22:47:02.166+0530 [DEBUG] [org.gradle.launcher.daemon.server.DefaultDaemonConnection] thread 141: Received non-IO message from client: StopWhenIdle[id=130758d7-5e85-4896-a3ac-4628ce0ac87d]
2025-07-19T22:47:02.170+0530 [INFO] [org.gradle.launcher.daemon.server.DefaultIncomingConnectionHandler] Received command: StopWhenIdle[id=130758d7-5e85-4896-a3ac-4628ce0ac87d].
2025-07-19T22:47:02.170+0530 [DEBUG] [org.gradle.launcher.daemon.server.DefaultIncomingConnectionHandler] Starting executing command: StopWhenIdle[id=130758d7-5e85-4896-a3ac-4628ce0ac87d] with connection: socket connection from /127.0.0.1:58915 to /127.0.0.1:59525.
2025-07-19T22:47:02.200+0530 [DEBUG] [org.gradle.launcher.daemon.server.DaemonRegistryUpdater] Storing daemon stop event: stop command received
2025-07-19T22:47:02.210+0530 [DEBUG] [org.gradle.launcher.daemon.registry.PersistentDaemonRegistry] Storing daemon stop event with timestamp 1752945422203
2025-07-19T22:47:02.582+0530 [DEBUG] [org.gradle.cache.internal.DefaultFileLockManager] Waiting to acquire exclusive lock on daemon addresses registry.
2025-07-19T22:47:02.634+0530 [DEBUG] [org.gradle.cache.internal.DefaultFileLockManager] Lock acquired on daemon addresses registry.
2025-07-19T22:47:02.653+0530 [DEBUG] [org.gradle.cache.internal.DefaultFileLockManager] Releasing lock on daemon addresses registry.
2025-07-19T22:47:02.660+0530 [LIFECYCLE] [org.gradle.launcher.daemon.server.DaemonStateCoordinator] Daemon will be stopped at the end of the build stop command received
2025-07-19T22:47:02.670+0530 [DEBUG] [org.gradle.launcher.daemon.server.DaemonStateCoordinator] Marking daemon stopped due to stop command received. The daemon is running a build: false
2025-07-19T22:47:02.675+0530 [DEBUG] [org.gradle.launcher.daemon.server.DaemonStateCoordinator] daemon has stopped.
2025-07-19T22:47:02.677+0530 [DEBUG] [org.gradle.launcher.daemon.server.Daemon] stop() called on daemon
2025-07-19T22:47:02.681+0530 [DEBUG] [org.gradle.launcher.daemon.server.SynchronizedDispatchConnection] thread 140: dispatching Success[value=null]
2025-07-19T22:47:02.686+0530 [INFO] [org.gradle.launcher.daemon.server.Daemon] Stop requested. Daemon is removing its presence from the registry...
2025-07-19T22:47:02.702+0530 [DEBUG] [org.gradle.launcher.daemon.server.SynchronizedDispatchConnection] thread 141: received class org.gradle.launcher.daemon.protocol.Finished
2025-07-19T22:47:02.702+0530 [DEBUG] [org.gradle.launcher.daemon.server.DefaultDaemonConnection] thread 141: Received non-IO message from client: org.gradle.launcher.daemon.protocol.Finished@6cac00ba
2025-07-19T22:47:02.702+0530 [DEBUG] [org.gradle.launcher.daemon.server.DefaultIncomingConnectionHandler] Finishing executing command: StopWhenIdle[id=130758d7-5e85-4896-a3ac-4628ce0ac87d]
2025-07-19T22:47:02.703+0530 [DEBUG] [org.gradle.launcher.daemon.server.DefaultIncomingConnectionHandler] Received finished message: org.gradle.launcher.daemon.protocol.Finished@6cac00ba
2025-07-19T22:47:02.707+0530 [DEBUG] [org.gradle.launcher.daemon.server.SynchronizedDispatchConnection] thread 140: stopping connection
2025-07-19T22:47:02.708+0530 [DEBUG] [org.gradle.internal.remote.internal.inet.SocketConnection] Discarding EOFException: java.io.EOFException
2025-07-19T22:47:02.708+0530 [DEBUG] [org.gradle.launcher.daemon.server.SynchronizedDispatchConnection] thread 141: received null
2025-07-19T22:47:02.708+0530 [DEBUG] [org.gradle.launcher.daemon.server.DefaultDaemonConnection] thread 141: Received end-of-input from client.
2025-07-19T22:47:02.722+0530 [DEBUG] [org.gradle.launcher.daemon.server.DaemonRegistryUpdater] Removing our presence to clients, eg. removing this address from the registry: [1ab88365-ec50-4c9b-9a4b-86398a76c8ce port:58915, addresses:[localhost/127.0.0.1]]
2025-07-19T22:47:02.724+0530 [DEBUG] [org.gradle.launcher.daemon.registry.PersistentDaemonRegistry] Removing daemon address: [1ab88365-ec50-4c9b-9a4b-86398a76c8ce port:58915, addresses:[localhost/127.0.0.1]]
2025-07-19T22:47:02.738+0530 [DEBUG] [org.gradle.launcher.daemon.server.SynchronizedDispatchConnection] thread 140: stopping connection
2025-07-19T22:47:02.788+0530 [DEBUG] [org.gradle.cache.internal.DefaultFileLockManager] Waiting to acquire exclusive lock on daemon addresses registry.
2025-07-19T22:47:02.800+0530 [DEBUG] [org.gradle.cache.internal.DefaultFileLockManager] Lock acquired on daemon addresses registry.
2025-07-19T22:47:02.870+0530 [DEBUG] [org.gradle.cache.internal.DefaultFileLockManager] Releasing lock on daemon addresses registry.
2025-07-19T22:47:02.889+0530 [DEBUG] [org.gradle.launcher.daemon.server.DaemonRegistryUpdater] Address removed from registry.
2025-07-19T22:47:03.108+0530 [DEBUG] [org.gradle.cache.internal.LockOnDemandCrossProcessCacheAccess] Releasing file lock for jars (C:\Users\Prerana Shelke\Downloads\Android-Attendance-App-2023\caches\jars-9)
2025-07-19T22:47:03.114+0530 [DEBUG] [org.gradle.cache.internal.DefaultFileLockManager] Releasing lock on jars (C:\Users\Prerana Shelke\Downloads\Android-Attendance-App-2023\caches\jars-9).
2025-07-19T22:47:03.131+0530 [DEBUG] [org.gradle.cache.internal.DefaultPersistentDirectoryStore] jars (C:\Users\Prerana Shelke\Downloads\Android-Attendance-App-2023\caches\jars-9) has last been fully cleaned up 6505 hours ago
2025-07-19T22:47:03.630+0530 [INFO] [org.gradle.cache.internal.AbstractCacheCleanup] jars (C:\Users\Prerana Shelke\Downloads\Android-Attendance-App-2023\caches\jars-9) cleanup deleted 0 files/directories.
2025-07-19T22:47:03.643+0530 [INFO] [org.gradle.cache.internal.LeastRecentlyUsedCacheCleanup] jars (C:\Users\Prerana Shelke\Downloads\Android-Attendance-App-2023\caches\jars-9) removing files not accessed on or after Sat Jul 12 22:37:18 IST 2025.
2025-07-19T22:47:03.721+0530 [INFO] [org.gradle.cache.internal.AbstractCacheCleanup] jars (C:\Users\Prerana Shelke\Downloads\Android-Attendance-App-2023\caches\jars-9) cleanup deleted 0 files/directories.
2025-07-19T22:47:03.735+0530 [INFO] [org.gradle.cache.internal.DefaultPersistentDirectoryStore] jars (C:\Users\Prerana Shelke\Downloads\Android-Attendance-App-2023\caches\jars-9) cleaned up in 0.569 secs.
2025-07-19T22:47:04.599+0530 [DEBUG] [org.gradle.process.internal.health.memory.DefaultMemoryManager] 831603097 memory requested, 432340992 free
2025-07-19T22:47:04.600+0530 [DEBUG] [org.gradle.process.internal.health.memory.DefaultMemoryManager] 831603097 memory requested, 0 released, 432340992 free
2025-07-19T22:47:05.962+0530 [DEBUG] [org.gradle.cache.internal.LockOnDemandCrossProcessCacheAccess] Releasing file lock for file content cache (C:\Users\Prerana Shelke\Downloads\Android-Attendance-App-2023\caches\7.2\fileContent)
2025-07-19T22:47:05.963+0530 [DEBUG] [org.gradle.cache.internal.DefaultFileLockManager] Releasing lock on file content cache (C:\Users\Prerana Shelke\Downloads\Android-Attendance-App-2023\caches\7.2\fileContent).
2025-07-19T22:47:06.108+0530 [DEBUG] [org.gradle.internal.watch.registry.impl.DefaultFileWatcherRegistry] Finished listening to file system change events
2025-07-19T22:47:06.115+0530 [DEBUG] [org.gradle.cache.internal.LockOnDemandCrossProcessCacheAccess] Releasing file lock for Artifact transforms cache (C:\Users\Prerana Shelke\Downloads\Android-Attendance-App-2023\caches\transforms-3)
2025-07-19T22:47:06.116+0530 [DEBUG] [org.gradle.cache.internal.DefaultFileLockManager] Releasing lock on Artifact transforms cache (C:\Users\Prerana Shelke\Downloads\Android-Attendance-App-2023\caches\transforms-3).
2025-07-19T22:47:06.122+0530 [DEBUG] [org.gradle.cache.internal.DefaultPersistentDirectoryStore] Artifact transforms cache (C:\Users\Prerana Shelke\Downloads\Android-Attendance-App-2023\caches\transforms-3) has last been fully cleaned up 6505 hours ago
2025-07-19T22:47:06.123+0530 [INFO] [org.gradle.cache.internal.LeastRecentlyUsedCacheCleanup] Artifact transforms cache (C:\Users\Prerana Shelke\Downloads\Android-Attendance-App-2023\caches\transforms-3) removing files not accessed on or after Sat Jul 12 22:37:20 IST 2025.
2025-07-19T22:47:06.407+0530 [INFO] [org.gradle.cache.internal.AbstractCacheCleanup] Artifact transforms cache (C:\Users\Prerana Shelke\Downloads\Android-Attendance-App-2023\caches\transforms-3) cleanup deleted 0 files/directories.
2025-07-19T22:47:06.410+0530 [INFO] [org.gradle.cache.internal.DefaultPersistentDirectoryStore] Artifact transforms cache (C:\Users\Prerana Shelke\Downloads\Android-Attendance-App-2023\caches\transforms-3) cleaned up in 0.287 secs.
2025-07-19T22:47:06.417+0530 [DEBUG] [org.gradle.cache.internal.LockOnDemandCrossProcessCacheAccess] Releasing file lock for artifact cache (C:\Users\Prerana Shelke\Downloads\Android-Attendance-App-2023\caches\modules-2)
2025-07-19T22:47:06.425+0530 [DEBUG] [org.gradle.cache.internal.btree.BTreePersistentIndexedCache] Closing cache module-metadata.bin (C:\Users\Prerana Shelke\Downloads\Android-Attendance-App-2023\caches\modules-2\metadata-2.97\module-metadata.bin)
2025-07-19T22:47:06.443+0530 [DEBUG] [org.gradle.cache.internal.btree.BTreePersistentIndexedCache] Closing cache module-artifact.bin (C:\Users\Prerana Shelke\Downloads\Android-Attendance-App-2023\caches\modules-2\metadata-2.97\module-artifact.bin)
2025-07-19T22:47:06.451+0530 [DEBUG] [org.gradle.cache.internal.btree.BTreePersistentIndexedCache] Closing cache module-artifacts.bin (C:\Users\Prerana Shelke\Downloads\Android-Attendance-App-2023\caches\modules-2\metadata-2.97\module-artifacts.bin)
2025-07-19T22:47:06.452+0530 [DEBUG] [org.gradle.cache.internal.DefaultFileLockManager] Releasing lock on artifact cache (C:\Users\Prerana Shelke\Downloads\Android-Attendance-App-2023\caches\modules-2).
2025-07-19T22:47:06.455+0530 [DEBUG] [org.gradle.cache.internal.DefaultPersistentDirectoryStore] artifact cache (C:\Users\Prerana Shelke\Downloads\Android-Attendance-App-2023\caches\modules-2) has last been fully cleaned up 6505 hours ago
2025-07-19T22:47:06.458+0530 [INFO] [org.gradle.cache.internal.AbstractCacheCleanup] artifact cache (C:\Users\Prerana Shelke\Downloads\Android-Attendance-App-2023\caches\modules-2) cleanup deleted 0 files/directories.
2025-07-19T22:47:06.483+0530 [INFO] [org.gradle.cache.internal.AbstractCacheCleanup] artifact cache (C:\Users\Prerana Shelke\Downloads\Android-Attendance-App-2023\caches\modules-2) [subdir: C:\Users\Prerana Shelke\Downloads\Android-Attendance-App-2023\caches\modules-2\resources-2.1] cleanup deleted 0 files/directories.
2025-07-19T22:47:06.483+0530 [INFO] [org.gradle.cache.internal.LeastRecentlyUsedCacheCleanup] artifact cache (C:\Users\Prerana Shelke\Downloads\Android-Attendance-App-2023\caches\modules-2) [subdir: C:\Users\Prerana Shelke\Downloads\Android-Attendance-App-2023\caches\modules-2\resources-2.1] removing files not accessed on or after Thu Jun 19 22:37:26 IST 2025.
2025-07-19T22:47:06.485+0530 [INFO] [org.gradle.cache.internal.AbstractCacheCleanup] artifact cache (C:\Users\Prerana Shelke\Downloads\Android-Attendance-App-2023\caches\modules-2) [subdir: C:\Users\Prerana Shelke\Downloads\Android-Attendance-App-2023\caches\modules-2\resources-2.1] cleanup deleted 0 files/directories.
2025-07-19T22:47:06.487+0530 [INFO] [org.gradle.cache.internal.AbstractCacheCleanup] artifact cache (C:\Users\Prerana Shelke\Downloads\Android-Attendance-App-2023\caches\modules-2) [subdir: C:\Users\Prerana Shelke\Downloads\Android-Attendance-App-2023\caches\modules-2\files-2.1] cleanup deleted 0 files/directories.
2025-07-19T22:47:06.488+0530 [INFO] [org.gradle.cache.internal.LeastRecentlyUsedCacheCleanup] artifact cache (C:\Users\Prerana Shelke\Downloads\Android-Attendance-App-2023\caches\modules-2) [subdir: C:\Users\Prerana Shelke\Downloads\Android-Attendance-App-2023\caches\modules-2\files-2.1] removing files not accessed on or after Thu Jun 19 22:37:26 IST 2025.
2025-07-19T22:47:09.549+0530 [DEBUG] [org.gradle.process.internal.health.memory.DefaultMemoryManager] 831603097 memory requested, 390569984 free
2025-07-19T22:47:09.549+0530 [DEBUG] [org.gradle.process.internal.health.memory.DefaultMemoryManager] 831603097 memory requested, 0 released, 390569984 free
2025-07-19T22:47:13.246+0530 [INFO] [org.gradle.cache.internal.AbstractCacheCleanup] artifact cache (C:\Users\Prerana Shelke\Downloads\Android-Attendance-App-2023\caches\modules-2) [subdir: C:\Users\Prerana Shelke\Downloads\Android-Attendance-App-2023\caches\modules-2\files-2.1] cleanup deleted 498 files/directories.
2025-07-19T22:47:13.250+0530 [INFO] [org.gradle.cache.internal.AbstractCacheCleanup] artifact cache (C:\Users\Prerana Shelke\Downloads\Android-Attendance-App-2023\caches\modules-2) [subdir: C:\Users\Prerana Shelke\Downloads\Android-Attendance-App-2023\caches\modules-2\metadata-2.97] cleanup deleted 0 files/directories.
2025-07-19T22:47:13.251+0530 [INFO] [org.gradle.cache.internal.DefaultPersistentDirectoryStore] artifact cache (C:\Users\Prerana Shelke\Downloads\Android-Attendance-App-2023\caches\modules-2) cleaned up in 6.796 secs.
2025-07-19T22:47:13.254+0530 [DEBUG] [org.gradle.cache.internal.LockOnDemandCrossProcessCacheAccess] Releasing file lock for journal cache (C:\Users\Prerana Shelke\Downloads\Android-Attendance-App-2023\caches\journal-1)
2025-07-19T22:47:13.254+0530 [DEBUG] [org.gradle.cache.internal.btree.BTreePersistentIndexedCache] Closing cache file-access.bin (C:\Users\Prerana Shelke\Downloads\Android-Attendance-App-2023\caches\journal-1\file-access.bin)
2025-07-19T22:47:13.255+0530 [DEBUG] [org.gradle.cache.internal.DefaultFileLockManager] Releasing lock on journal cache (C:\Users\Prerana Shelke\Downloads\Android-Attendance-App-2023\caches\journal-1).
2025-07-19T22:47:13.262+0530 [DEBUG] [org.gradle.cache.internal.DefaultCacheAccess] Cache Generated Gradle JARs cache (C:\Users\Prerana Shelke\Downloads\Android-Attendance-App-2023\caches\7.2\generated-gradle-jars) was closed 0 times.
2025-07-19T22:47:13.268+0530 [DEBUG] [org.gradle.cache.internal.LockOnDemandCrossProcessCacheAccess] Releasing file lock for file hash cache (C:\Users\Prerana Shelke\Downloads\Android-Attendance-App-2023\caches\7.2\fileHashes)
2025-07-19T22:47:13.269+0530 [DEBUG] [org.gradle.cache.internal.btree.BTreePersistentIndexedCache] Closing cache fileHashes.bin (C:\Users\Prerana Shelke\Downloads\Android-Attendance-App-2023\caches\7.2\fileHashes\fileHashes.bin)
2025-07-19T22:47:13.273+0530 [DEBUG] [org.gradle.cache.internal.btree.BTreePersistentIndexedCache] Closing cache resourceHashesCache.bin (C:\Users\Prerana Shelke\Downloads\Android-Attendance-App-2023\caches\7.2\fileHashes\resourceHashesCache.bin)
2025-07-19T22:47:13.274+0530 [DEBUG] [org.gradle.cache.internal.DefaultFileLockManager] Releasing lock on file hash cache (C:\Users\Prerana Shelke\Downloads\Android-Attendance-App-2023\caches\7.2\fileHashes).
2025-07-19T22:47:13.284+0530 [DEBUG] [org.gradle.cache.internal.LockOnDemandCrossProcessCacheAccess] Releasing file lock for execution history cache (C:\Users\Prerana Shelke\Downloads\Android-Attendance-App-2023\caches\7.2\executionHistory)
2025-07-19T22:47:13.285+0530 [DEBUG] [org.gradle.cache.internal.btree.BTreePersistentIndexedCache] Closing cache executionHistory.bin (C:\Users\Prerana Shelke\Downloads\Android-Attendance-App-2023\caches\7.2\executionHistory\executionHistory.bin)
2025-07-19T22:47:13.289+0530 [DEBUG] [org.gradle.cache.internal.DefaultFileLockManager] Releasing lock on execution history cache (C:\Users\Prerana Shelke\Downloads\Android-Attendance-App-2023\caches\7.2\executionHistory).
2025-07-19T22:47:13.331+0530 [DEBUG] [org.gradle.cache.internal.VersionSpecificCacheCleanupAction] Processed version-specific caches at C:\Users\Prerana Shelke\Downloads\Android-Attendance-App-2023\caches for cleanup in 0.028 secs
2025-07-19T22:47:13.486+0530 [DEBUG] [org.gradle.launcher.daemon.registry.PersistentDaemonRegistry] Removing daemon address: [1ab88365-ec50-4c9b-9a4b-86398a76c8ce port:58915, addresses:[localhost/127.0.0.1]]
Daemon vm is shutting down... The daemon has exited normally or was terminated in response to a user interrupt.
2025-07-19T22:47:13.489+0530 [DEBUG] [org.gradle.cache.internal.DefaultFileLockManager] Waiting to acquire exclusive lock on daemon addresses registry.
2025-07-19T22:47:13.490+0530 [DEBUG] [org.gradle.cache.internal.DefaultFileLockManager] Lock acquired on daemon addresses registry.
2025-07-19T22:47:13.493+0530 [DEBUG] [org.gradle.cache.internal.DefaultFileLockManager] Releasing lock on daemon addresses registry.
