2024-10-08T19:34:06.458+0530 [DEBUG] [org.gradle.launcher.daemon.bootstrap.DaemonMain] Assuming the daemon was started with following jvm opts: [--add-opens, java.base/java.util=ALL-UNNAMED, --add-opens, java.base/java.lang=ALL-UNNAMED, --add-opens, java.base/java.lang.invoke=ALL-UNNAMED, --add-opens, java.base/java.util=ALL-UNNAMED, --add-opens, java.prefs/java.util.prefs=ALL-UNNAMED, --add-opens, java.prefs/java.util.prefs=ALL-UNNAMED, --add-opens, java.base/java.nio.charset=ALL-UNNAMED, --add-opens, java.base/java.net=ALL-UNNAMED, --add-opens, java.base/java.util.concurrent.atomic=ALL-UNNAMED, -XX:MaxMetaspaceSize=256m, -XX:+HeapDumpOnOutOfMemoryError, -Xms256m, -Xmx512m, -Dfile.encoding=UTF-8, -Duser.country=IN, -Duser.language=en, -Duser.variant]
2024-10-08T19:34:06.613+0530 [DEBUG] [org.gradle.internal.nativeintegration.services.NativeServices] Native-platform posix files integration is not available. Continuing with fallback.
2024-10-08T19:34:06.624+0530 [INFO] [org.gradle.launcher.daemon.server.Daemon] start() called on daemon - DefaultDaemonContext[uid=90c16ccf-a23e-40ef-b3c1-30a98073b18f,javaHome=C:\Users\Prerana Shelke\.jdks\corretto-11.0.24,daemonRegistryDir=C:\Users\Prerana Shelke\Downloads\Android-Attendance-App-2023\daemon,pid=18596,idleTimeout=10800000,priority=NORMAL,daemonOpts=--add-opens,java.base/java.util=ALL-UNNAMED,--add-opens,java.base/java.lang=ALL-UNNAMED,--add-opens,java.base/java.lang.invoke=ALL-UNNAMED,--add-opens,java.base/java.util=ALL-UNNAMED,--add-opens,java.prefs/java.util.prefs=ALL-UNNAMED,--add-opens,java.prefs/java.util.prefs=ALL-UNNAMED,--add-opens,java.base/java.nio.charset=ALL-UNNAMED,--add-opens,java.base/java.net=ALL-UNNAMED,--add-opens,java.base/java.util.concurrent.atomic=ALL-UNNAMED,-XX:MaxMetaspaceSize=256m,-XX:+HeapDumpOnOutOfMemoryError,-Xms256m,-Xmx512m,-Dfile.encoding=UTF-8,-Duser.country=IN,-Duser.language=en,-Duser.variant]
2024-10-08T19:34:06.817+0530 [DEBUG] [org.gradle.internal.remote.internal.inet.InetAddresses] Adding IP addresses for network interface Software Loopback Interface 1
2024-10-08T19:34:06.819+0530 [DEBUG] [org.gradle.internal.remote.internal.inet.InetAddresses] Is this a loopback interface? true
2024-10-08T19:34:06.819+0530 [DEBUG] [org.gradle.internal.remote.internal.inet.InetAddresses] Adding loopback address /127.0.0.1
2024-10-08T19:34:06.819+0530 [DEBUG] [org.gradle.internal.remote.internal.inet.InetAddresses] Adding loopback address /0:0:0:0:0:0:0:1
2024-10-08T19:34:06.820+0530 [DEBUG] [org.gradle.internal.remote.internal.inet.InetAddresses] Adding IP addresses for network interface Microsoft 6to4 Adapter
2024-10-08T19:34:06.822+0530 [DEBUG] [org.gradle.internal.remote.internal.inet.InetAddresses] Is this a loopback interface? false
2024-10-08T19:34:06.822+0530 [DEBUG] [org.gradle.internal.remote.internal.inet.InetAddresses] Adding IP addresses for network interface Microsoft Wi-Fi Direct Virtual Adapter #3
2024-10-08T19:34:06.823+0530 [DEBUG] [org.gradle.internal.remote.internal.inet.InetAddresses] Is this a loopback interface? false
2024-10-08T19:34:06.824+0530 [DEBUG] [org.gradle.internal.remote.internal.inet.InetAddresses] Adding remote address /fe80:0:0:0:3b61:be13:f8e0:984f%wlan0
2024-10-08T19:34:06.824+0530 [DEBUG] [org.gradle.internal.remote.internal.inet.InetAddresses] Adding IP addresses for network interface WAN Miniport (PPPOE)
2024-10-08T19:34:06.825+0530 [DEBUG] [org.gradle.internal.remote.internal.inet.InetAddresses] Is this a loopback interface? false
2024-10-08T19:34:06.826+0530 [DEBUG] [org.gradle.internal.remote.internal.inet.InetAddresses] Adding IP addresses for network interface WAN Miniport (SSTP)
2024-10-08T19:34:06.827+0530 [DEBUG] [org.gradle.internal.remote.internal.inet.InetAddresses] Is this a loopback interface? false
2024-10-08T19:34:06.827+0530 [DEBUG] [org.gradle.internal.remote.internal.inet.InetAddresses] Adding IP addresses for network interface WAN Miniport (IP)
2024-10-08T19:34:06.828+0530 [DEBUG] [org.gradle.internal.remote.internal.inet.InetAddresses] Is this a loopback interface? false
2024-10-08T19:34:06.828+0530 [DEBUG] [org.gradle.internal.remote.internal.inet.InetAddresses] Adding IP addresses for network interface Microsoft IP-HTTPS Platform Adapter
2024-10-08T19:34:06.829+0530 [DEBUG] [org.gradle.internal.remote.internal.inet.InetAddresses] Is this a loopback interface? false
2024-10-08T19:34:06.829+0530 [DEBUG] [org.gradle.internal.remote.internal.inet.InetAddresses] Adding IP addresses for network interface WAN Miniport (Network Monitor)
2024-10-08T19:34:06.830+0530 [DEBUG] [org.gradle.internal.remote.internal.inet.InetAddresses] Is this a loopback interface? false
2024-10-08T19:34:06.831+0530 [DEBUG] [org.gradle.internal.remote.internal.inet.InetAddresses] Adding IP addresses for network interface Intel(R) Wi-Fi 6 AX201 160MHz
2024-10-08T19:34:06.832+0530 [DEBUG] [org.gradle.internal.remote.internal.inet.InetAddresses] Is this a loopback interface? false
2024-10-08T19:34:06.832+0530 [DEBUG] [org.gradle.internal.remote.internal.inet.InetAddresses] Adding remote address /192.168.1.53
2024-10-08T19:34:06.832+0530 [DEBUG] [org.gradle.internal.remote.internal.inet.InetAddresses] Adding remote address /fe80:0:0:0:737c:94ce:579f:b8ec%wlan1
2024-10-08T19:34:06.832+0530 [DEBUG] [org.gradle.internal.remote.internal.inet.InetAddresses] Adding IP addresses for network interface Microsoft Wi-Fi Direct Virtual Adapter #2
2024-10-08T19:34:06.833+0530 [DEBUG] [org.gradle.internal.remote.internal.inet.InetAddresses] Is this a loopback interface? false
2024-10-08T19:34:06.833+0530 [DEBUG] [org.gradle.internal.remote.internal.inet.InetAddresses] Adding IP addresses for network interface WAN Miniport (L2TP)
2024-10-08T19:34:06.834+0530 [DEBUG] [org.gradle.internal.remote.internal.inet.InetAddresses] Is this a loopback interface? false
2024-10-08T19:34:06.834+0530 [DEBUG] [org.gradle.internal.remote.internal.inet.InetAddresses] Adding IP addresses for network interface WAN Miniport (IKEv2)
2024-10-08T19:34:06.835+0530 [DEBUG] [org.gradle.internal.remote.internal.inet.InetAddresses] Is this a loopback interface? false
2024-10-08T19:34:06.836+0530 [DEBUG] [org.gradle.internal.remote.internal.inet.InetAddresses] Adding IP addresses for network interface WAN Miniport (IPv6)
2024-10-08T19:34:06.837+0530 [DEBUG] [org.gradle.internal.remote.internal.inet.InetAddresses] Is this a loopback interface? false
2024-10-08T19:34:06.837+0530 [DEBUG] [org.gradle.internal.remote.internal.inet.InetAddresses] Adding IP addresses for network interface Microsoft Kernel Debug Network Adapter
2024-10-08T19:34:06.839+0530 [DEBUG] [org.gradle.internal.remote.internal.inet.InetAddresses] Is this a loopback interface? false
2024-10-08T19:34:06.839+0530 [DEBUG] [org.gradle.internal.remote.internal.inet.InetAddresses] Adding IP addresses for network interface Microsoft Teredo Tunneling Adapter
2024-10-08T19:34:06.840+0530 [DEBUG] [org.gradle.internal.remote.internal.inet.InetAddresses] Is this a loopback interface? false
2024-10-08T19:34:06.841+0530 [DEBUG] [org.gradle.internal.remote.internal.inet.InetAddresses] Adding IP addresses for network interface Microsoft Wi-Fi Direct Virtual Adapter #4
2024-10-08T19:34:06.842+0530 [DEBUG] [org.gradle.internal.remote.internal.inet.InetAddresses] Is this a loopback interface? false
2024-10-08T19:34:06.842+0530 [DEBUG] [org.gradle.internal.remote.internal.inet.InetAddresses] Adding remote address /fe80:0:0:0:7015:96f7:bd45:c240%wlan3
2024-10-08T19:34:06.842+0530 [DEBUG] [org.gradle.internal.remote.internal.inet.InetAddresses] Adding IP addresses for network interface WAN Miniport (PPTP)
2024-10-08T19:34:06.843+0530 [DEBUG] [org.gradle.internal.remote.internal.inet.InetAddresses] Is this a loopback interface? false
2024-10-08T19:34:06.843+0530 [DEBUG] [org.gradle.internal.remote.internal.inet.InetAddresses] Adding IP addresses for network interface Bluetooth Device (Personal Area Network)
2024-10-08T19:34:06.844+0530 [DEBUG] [org.gradle.internal.remote.internal.inet.InetAddresses] Is this a loopback interface? false
2024-10-08T19:34:06.844+0530 [DEBUG] [org.gradle.internal.remote.internal.inet.InetAddresses] Adding IP addresses for network interface Microsoft Wi-Fi Direct Virtual Adapter
2024-10-08T19:34:06.845+0530 [DEBUG] [org.gradle.internal.remote.internal.inet.InetAddresses] Is this a loopback interface? false
2024-10-08T19:34:06.845+0530 [DEBUG] [org.gradle.internal.remote.internal.inet.InetAddresses] Adding IP addresses for network interface Intel(R) Wi-Fi 6 AX201 160MHz-WFP Native MAC Layer LightWeight Filter-0000
2024-10-08T19:34:06.846+0530 [DEBUG] [org.gradle.internal.remote.internal.inet.InetAddresses] Is this a loopback interface? false
2024-10-08T19:34:06.846+0530 [DEBUG] [org.gradle.internal.remote.internal.inet.InetAddresses] Adding IP addresses for network interface Intel(R) Wi-Fi 6 AX201 160MHz-Virtual WiFi Filter Driver-0000
2024-10-08T19:34:06.847+0530 [DEBUG] [org.gradle.internal.remote.internal.inet.InetAddresses] Is this a loopback interface? false
2024-10-08T19:34:06.847+0530 [DEBUG] [org.gradle.internal.remote.internal.inet.InetAddresses] Adding IP addresses for network interface Intel(R) Wi-Fi 6 AX201 160MHz-Native WiFi Filter Driver-0000
2024-10-08T19:34:06.848+0530 [DEBUG] [org.gradle.internal.remote.internal.inet.InetAddresses] Is this a loopback interface? false
2024-10-08T19:34:06.848+0530 [DEBUG] [org.gradle.internal.remote.internal.inet.InetAddresses] Adding IP addresses for network interface Intel(R) Wi-Fi 6 AX201 160MHz-QoS Packet Scheduler-0000
2024-10-08T19:34:06.849+0530 [DEBUG] [org.gradle.internal.remote.internal.inet.InetAddresses] Is this a loopback interface? false
2024-10-08T19:34:06.849+0530 [DEBUG] [org.gradle.internal.remote.internal.inet.InetAddresses] Adding IP addresses for network interface Intel(R) Wi-Fi 6 AX201 160MHz-WFP 802.3 MAC Layer LightWeight Filter-0000
2024-10-08T19:34:06.850+0530 [DEBUG] [org.gradle.internal.remote.internal.inet.InetAddresses] Is this a loopback interface? false
2024-10-08T19:34:06.851+0530 [DEBUG] [org.gradle.internal.remote.internal.inet.InetAddresses] Adding IP addresses for network interface Microsoft Wi-Fi Direct Virtual Adapter #4-WFP Native MAC Layer LightWeight Filter-0000
2024-10-08T19:34:06.851+0530 [DEBUG] [org.gradle.internal.remote.internal.inet.InetAddresses] Is this a loopback interface? false
2024-10-08T19:34:06.852+0530 [DEBUG] [org.gradle.internal.remote.internal.inet.InetAddresses] Adding IP addresses for network interface Microsoft Wi-Fi Direct Virtual Adapter #3-WFP Native MAC Layer LightWeight Filter-0000
2024-10-08T19:34:06.852+0530 [DEBUG] [org.gradle.internal.remote.internal.inet.InetAddresses] Is this a loopback interface? false
2024-10-08T19:34:06.852+0530 [DEBUG] [org.gradle.internal.remote.internal.inet.InetAddresses] Adding IP addresses for network interface Microsoft Wi-Fi Direct Virtual Adapter #3-Native WiFi Filter Driver-0000
2024-10-08T19:34:06.853+0530 [DEBUG] [org.gradle.internal.remote.internal.inet.InetAddresses] Is this a loopback interface? false
2024-10-08T19:34:06.853+0530 [DEBUG] [org.gradle.internal.remote.internal.inet.InetAddresses] Adding IP addresses for network interface Microsoft Wi-Fi Direct Virtual Adapter #3-QoS Packet Scheduler-0000
2024-10-08T19:34:06.854+0530 [DEBUG] [org.gradle.internal.remote.internal.inet.InetAddresses] Is this a loopback interface? false
2024-10-08T19:34:06.855+0530 [DEBUG] [org.gradle.internal.remote.internal.inet.InetAddresses] Adding IP addresses for network interface Microsoft Wi-Fi Direct Virtual Adapter #3-WFP 802.3 MAC Layer LightWeight Filter-0000
2024-10-08T19:34:06.856+0530 [DEBUG] [org.gradle.internal.remote.internal.inet.InetAddresses] Is this a loopback interface? false
2024-10-08T19:34:06.856+0530 [DEBUG] [org.gradle.internal.remote.internal.inet.InetAddresses] Adding IP addresses for network interface Microsoft Wi-Fi Direct Virtual Adapter #4-Native WiFi Filter Driver-0000
2024-10-08T19:34:06.857+0530 [DEBUG] [org.gradle.internal.remote.internal.inet.InetAddresses] Is this a loopback interface? false
2024-10-08T19:34:06.858+0530 [DEBUG] [org.gradle.internal.remote.internal.inet.InetAddresses] Adding IP addresses for network interface Microsoft Wi-Fi Direct Virtual Adapter #4-QoS Packet Scheduler-0000
2024-10-08T19:34:06.859+0530 [DEBUG] [org.gradle.internal.remote.internal.inet.InetAddresses] Is this a loopback interface? false
2024-10-08T19:34:06.859+0530 [DEBUG] [org.gradle.internal.remote.internal.inet.InetAddresses] Adding IP addresses for network interface Microsoft Wi-Fi Direct Virtual Adapter #4-WFP 802.3 MAC Layer LightWeight Filter-0000
2024-10-08T19:34:06.860+0530 [DEBUG] [org.gradle.internal.remote.internal.inet.InetAddresses] Is this a loopback interface? false
2024-10-08T19:34:06.860+0530 [DEBUG] [org.gradle.internal.remote.internal.inet.InetAddresses] Adding IP addresses for network interface WAN Miniport (IP)-WFP Native MAC Layer LightWeight Filter-0000
2024-10-08T19:34:06.861+0530 [DEBUG] [org.gradle.internal.remote.internal.inet.InetAddresses] Is this a loopback interface? false
2024-10-08T19:34:06.861+0530 [DEBUG] [org.gradle.internal.remote.internal.inet.InetAddresses] Adding IP addresses for network interface WAN Miniport (IP)-QoS Packet Scheduler-0000
2024-10-08T19:34:06.862+0530 [DEBUG] [org.gradle.internal.remote.internal.inet.InetAddresses] Is this a loopback interface? false
2024-10-08T19:34:06.862+0530 [DEBUG] [org.gradle.internal.remote.internal.inet.InetAddresses] Adding IP addresses for network interface WAN Miniport (IPv6)-WFP Native MAC Layer LightWeight Filter-0000
2024-10-08T19:34:06.863+0530 [DEBUG] [org.gradle.internal.remote.internal.inet.InetAddresses] Is this a loopback interface? false
2024-10-08T19:34:06.863+0530 [DEBUG] [org.gradle.internal.remote.internal.inet.InetAddresses] Adding IP addresses for network interface WAN Miniport (IPv6)-QoS Packet Scheduler-0000
2024-10-08T19:34:06.864+0530 [DEBUG] [org.gradle.internal.remote.internal.inet.InetAddresses] Is this a loopback interface? false
2024-10-08T19:34:06.864+0530 [DEBUG] [org.gradle.internal.remote.internal.inet.InetAddresses] Adding IP addresses for network interface WAN Miniport (Network Monitor)-WFP Native MAC Layer LightWeight Filter-0000
2024-10-08T19:34:06.865+0530 [DEBUG] [org.gradle.internal.remote.internal.inet.InetAddresses] Is this a loopback interface? false
2024-10-08T19:34:06.865+0530 [DEBUG] [org.gradle.internal.remote.internal.inet.InetAddresses] Adding IP addresses for network interface WAN Miniport (Network Monitor)-QoS Packet Scheduler-0000
2024-10-08T19:34:06.866+0530 [DEBUG] [org.gradle.internal.remote.internal.inet.InetAddresses] Is this a loopback interface? false
2024-10-08T19:34:06.869+0530 [DEBUG] [org.gradle.internal.remote.internal.inet.TcpIncomingConnector] Listening on [a3fff6cb-3efc-4464-8d73-09d128813481 port:60143, addresses:[localhost/127.0.0.1]].
2024-10-08T19:34:06.889+0530 [DEBUG] [org.gradle.launcher.daemon.server.Daemon] Daemon starting at: Tue Oct 08 19:34:06 IST 2024, with address: [a3fff6cb-3efc-4464-8d73-09d128813481 port:60143, addresses:[localhost/127.0.0.1]]
2024-10-08T19:34:06.889+0530 [INFO] [org.gradle.launcher.daemon.server.DaemonRegistryUpdater] Advertising the daemon address to the clients: [a3fff6cb-3efc-4464-8d73-09d128813481 port:60143, addresses:[localhost/127.0.0.1]]
2024-10-08T19:34:06.889+0530 [DEBUG] [org.gradle.launcher.daemon.server.DaemonRegistryUpdater] Advertised daemon context: DefaultDaemonContext[uid=90c16ccf-a23e-40ef-b3c1-30a98073b18f,javaHome=C:\Users\Prerana Shelke\.jdks\corretto-11.0.24,daemonRegistryDir=C:\Users\Prerana Shelke\Downloads\Android-Attendance-App-2023\daemon,pid=18596,idleTimeout=10800000,priority=NORMAL,daemonOpts=--add-opens,java.base/java.util=ALL-UNNAMED,--add-opens,java.base/java.lang=ALL-UNNAMED,--add-opens,java.base/java.lang.invoke=ALL-UNNAMED,--add-opens,java.base/java.util=ALL-UNNAMED,--add-opens,java.prefs/java.util.prefs=ALL-UNNAMED,--add-opens,java.prefs/java.util.prefs=ALL-UNNAMED,--add-opens,java.base/java.nio.charset=ALL-UNNAMED,--add-opens,java.base/java.net=ALL-UNNAMED,--add-opens,java.base/java.util.concurrent.atomic=ALL-UNNAMED,-XX:MaxMetaspaceSize=256m,-XX:+HeapDumpOnOutOfMemoryError,-Xms256m,-Xmx512m,-Dfile.encoding=UTF-8,-Duser.country=IN,-Duser.language=en,-Duser.variant]
2024-10-08T19:34:06.890+0530 [DEBUG] [org.gradle.launcher.daemon.registry.PersistentDaemonRegistry] Storing daemon address: [a3fff6cb-3efc-4464-8d73-09d128813481 port:60143, addresses:[localhost/127.0.0.1]], context: DefaultDaemonContext[uid=90c16ccf-a23e-40ef-b3c1-30a98073b18f,javaHome=C:\Users\Prerana Shelke\.jdks\corretto-11.0.24,daemonRegistryDir=C:\Users\Prerana Shelke\Downloads\Android-Attendance-App-2023\daemon,pid=18596,idleTimeout=10800000,priority=NORMAL,daemonOpts=--add-opens,java.base/java.util=ALL-UNNAMED,--add-opens,java.base/java.lang=ALL-UNNAMED,--add-opens,java.base/java.lang.invoke=ALL-UNNAMED,--add-opens,java.base/java.util=ALL-UNNAMED,--add-opens,java.prefs/java.util.prefs=ALL-UNNAMED,--add-opens,java.prefs/java.util.prefs=ALL-UNNAMED,--add-opens,java.base/java.nio.charset=ALL-UNNAMED,--add-opens,java.base/java.net=ALL-UNNAMED,--add-opens,java.base/java.util.concurrent.atomic=ALL-UNNAMED,-XX:MaxMetaspaceSize=256m,-XX:+HeapDumpOnOutOfMemoryError,-Xms256m,-Xmx512m,-Dfile.encoding=UTF-8,-Duser.country=IN,-Duser.language=en,-Duser.variant]
2024-10-08T19:34:06.898+0530 [DEBUG] [org.gradle.cache.internal.DefaultFileLockManager] Waiting to acquire exclusive lock on daemon addresses registry.
2024-10-08T19:34:06.901+0530 [DEBUG] [org.gradle.cache.internal.DefaultFileLockManager] Lock acquired on daemon addresses registry.
2024-10-08T19:34:06.905+0530 [DEBUG] [org.gradle.cache.internal.DefaultFileLockManager] Releasing lock on daemon addresses registry.
2024-10-08T19:34:06.906+0530 [LIFECYCLE] [org.gradle.launcher.daemon.server.Daemon] Daemon server started.
2024-10-08T19:34:06.907+0530 [DEBUG] [org.gradle.launcher.daemon.bootstrap.DaemonStartupCommunication] Completed writing the daemon greeting. Closing streams...
2024-10-08T19:34:06.911+0530 [DEBUG] [org.gradle.launcher.daemon.server.Daemon] stopOnExpiration() called on daemon
2024-10-08T19:34:06.912+0530 [DEBUG] [org.gradle.launcher.daemon.server.Daemon] awaitExpiration() called on daemon
2024-10-08T19:34:06.913+0530 [DEBUG] [org.gradle.launcher.daemon.server.DaemonStateCoordinator] daemon is running. Sleeping until state changes.
2024-10-08T19:34:06.916+0530 [DEBUG] [org.gradle.internal.remote.internal.inet.TcpIncomingConnector] Accepted connection from /127.0.0.1:60144 to /127.0.0.1:60143.
2024-10-08T19:34:06.979+0530 [DEBUG] [org.gradle.launcher.daemon.server.SynchronizedDispatchConnection] thread 20: received class org.gradle.launcher.daemon.protocol.Build
2024-10-08T19:34:06.979+0530 [DEBUG] [org.gradle.launcher.daemon.server.DefaultDaemonConnection] thread 20: Received non-IO message from client: Build{id=8a5b6b60-8b15-4d14-b338-93cc10311aa8, currentDir=C:\Users\Prerana Shelke\Downloads\Android-Attendance-App-2023}
2024-10-08T19:34:06.979+0530 [INFO] [org.gradle.launcher.daemon.server.DefaultIncomingConnectionHandler] Received command: Build{id=8a5b6b60-8b15-4d14-b338-93cc10311aa8, currentDir=C:\Users\Prerana Shelke\Downloads\Android-Attendance-App-2023}.
2024-10-08T19:34:06.979+0530 [DEBUG] [org.gradle.launcher.daemon.server.DefaultIncomingConnectionHandler] Starting executing command: Build{id=8a5b6b60-8b15-4d14-b338-93cc10311aa8, currentDir=C:\Users\Prerana Shelke\Downloads\Android-Attendance-App-2023} with connection: socket connection from /127.0.0.1:60143 to /127.0.0.1:60144.
2024-10-08T19:34:06.982+0530 [DEBUG] [org.gradle.launcher.daemon.server.DaemonStateCoordinator] Command execution: started DaemonCommandExecution[command = Build{id=8a5b6b60-8b15-4d14-b338-93cc10311aa8, currentDir=C:\Users\Prerana Shelke\Downloads\Android-Attendance-App-2023}, connection = DefaultDaemonConnection: socket connection from /127.0.0.1:60143 to /127.0.0.1:60144] after 0.0 minutes of idle
2024-10-08T19:34:06.982+0530 [INFO] [org.gradle.launcher.daemon.server.DaemonRegistryUpdater] Marking the daemon as busy, address: [a3fff6cb-3efc-4464-8d73-09d128813481 port:60143, addresses:[localhost/127.0.0.1]]
2024-10-08T19:34:06.982+0530 [DEBUG] [org.gradle.launcher.daemon.registry.PersistentDaemonRegistry] Marking busy by address: [a3fff6cb-3efc-4464-8d73-09d128813481 port:60143, addresses:[localhost/127.0.0.1]]
2024-10-08T19:34:06.983+0530 [DEBUG] [org.gradle.cache.internal.DefaultFileLockManager] Waiting to acquire exclusive lock on daemon addresses registry.
2024-10-08T19:34:06.984+0530 [DEBUG] [org.gradle.cache.internal.DefaultFileLockManager] Lock acquired on daemon addresses registry.
2024-10-08T19:34:06.985+0530 [DEBUG] [org.gradle.cache.internal.DefaultFileLockManager] Releasing lock on daemon addresses registry.
2024-10-08T19:34:06.986+0530 [DEBUG] [org.gradle.launcher.daemon.server.DaemonStateCoordinator] resetting idle timer
2024-10-08T19:34:06.986+0530 [DEBUG] [org.gradle.launcher.daemon.server.DaemonStateCoordinator] daemon is running. Sleeping until state changes.
2024-10-08T19:34:06.987+0530 [INFO] [org.gradle.launcher.daemon.server.exec.StartBuildOrRespondWithBusy] Daemon is about to start building Build{id=8a5b6b60-8b15-4d14-b338-93cc10311aa8, currentDir=C:\Users\Prerana Shelke\Downloads\Android-Attendance-App-2023}. Dispatching build started information...
2024-10-08T19:34:06.987+0530 [DEBUG] [org.gradle.launcher.daemon.server.SynchronizedDispatchConnection] thread 22: dispatching org.gradle.launcher.daemon.protocol.BuildStarted@7a096f2d
2024-10-08T19:34:06.989+0530 [DEBUG] [org.gradle.launcher.daemon.server.exec.EstablishBuildEnvironment] Configuring env variables: [USERDOMAIN_ROAMINGPROFILE, IGCCSVC_DB, LOCALAPPDATA, PROCESSOR_LEVEL, USERDOMAIN, LOGONSERVER, SESSIONNAME, ALLUSERSPROFILE, PROCESSOR_ARCHITECTURE, PSModulePath, SystemDrive, OneDrive, APPDATA, USERNAME, ProgramFiles(x86), CommonProgramFiles, Path, PyCharm, PATHEXT, DriverData, OS, OneDriveConsumer, COMPUTERNAME, PROCESSOR_REVISION, CommonProgramW6432, ComSpec, ProgramData, ProgramW6432, TEMP, HOMEPATH, SystemRoot, PROCESSOR_IDENTIFIER, HOMEDRIVE, USERPROFILE, EFC_1420, TMP, POWERSHELL_DISTRIBUTION_CHANNEL, CommonProgramFiles(x86), ProgramFiles, PUBLIC, windir, NUMBER_OF_PROCESSORS, =::, ZES_ENABLE_SYSMAN]
2024-10-08T19:34:06.991+0530 [DEBUG] [org.gradle.launcher.daemon.server.SynchronizedDispatchConnection] thread 20: received class org.gradle.launcher.daemon.protocol.CloseInput
2024-10-08T19:34:06.991+0530 [DEBUG] [org.gradle.launcher.daemon.server.DefaultDaemonConnection] thread 20: Received IO message from client: org.gradle.launcher.daemon.protocol.CloseInput@2a217988
2024-10-08T19:34:06.995+0530 [DEBUG] [org.gradle.launcher.daemon.server.exec.LogToClient] About to start relaying all logs to the client via the connection.
2024-10-08T19:34:06.996+0530 [INFO] [org.gradle.launcher.daemon.server.exec.LogToClient] The client will now receive all logging from the daemon (pid: 18596). The daemon log file: C:\Users\Prerana Shelke\Downloads\Android-Attendance-App-2023\daemon\7.2\daemon-18596.out.log
2024-10-08T19:34:06.998+0530 [INFO] [org.gradle.launcher.daemon.server.exec.LogAndCheckHealth] Starting build in new daemon [memory: 512 MiB]
2024-10-08T19:34:06.999+0530 [INFO] [org.gradle.launcher.daemon.server.exec.ForwardClientInput] Closing daemon's stdin at end of input.
2024-10-08T19:34:07.000+0530 [INFO] [org.gradle.launcher.daemon.server.exec.ForwardClientInput] The daemon will no longer process any standard input.
2024-10-08T19:34:07.004+0530 [DEBUG] [org.gradle.launcher.daemon.server.exec.ExecuteBuild] The daemon has started executing the build.
2024-10-08T19:34:07.004+0530 [DEBUG] [org.gradle.launcher.daemon.server.exec.ExecuteBuild] Executing build with daemon context: DefaultDaemonContext[uid=90c16ccf-a23e-40ef-b3c1-30a98073b18f,javaHome=C:\Users\Prerana Shelke\.jdks\corretto-11.0.24,daemonRegistryDir=C:\Users\Prerana Shelke\Downloads\Android-Attendance-App-2023\daemon,pid=18596,idleTimeout=10800000,priority=NORMAL,daemonOpts=--add-opens,java.base/java.util=ALL-UNNAMED,--add-opens,java.base/java.lang=ALL-UNNAMED,--add-opens,java.base/java.lang.invoke=ALL-UNNAMED,--add-opens,java.base/java.util=ALL-UNNAMED,--add-opens,java.prefs/java.util.prefs=ALL-UNNAMED,--add-opens,java.prefs/java.util.prefs=ALL-UNNAMED,--add-opens,java.base/java.nio.charset=ALL-UNNAMED,--add-opens,java.base/java.net=ALL-UNNAMED,--add-opens,java.base/java.util.concurrent.atomic=ALL-UNNAMED,-XX:MaxMetaspaceSize=256m,-XX:+HeapDumpOnOutOfMemoryError,-Xms256m,-Xmx512m,-Dfile.encoding=UTF-8,-Duser.country=IN,-Duser.language=en,-Duser.variant]

Deprecated Gradle features were used in this build, making it incompatible with Gradle 8.0.

You can use '--warning-mode all' to show the individual deprecation warnings and determine if they come from your own scripts or plugins.

See https://docs.gradle.org/7.2/userguide/command_line_interface.html#sec:command_line_warnings

BUILD SUCCESSFUL in 3m 7s
2024-10-08T19:37:09.911+0530 [DEBUG] [org.gradle.launcher.daemon.server.exec.ExecuteBuild] The daemon has finished executing the build.
2024-10-08T19:37:09.930+0530 [DEBUG] [org.gradle.launcher.daemon.server.DaemonStateCoordinator] daemon is running. Sleeping until state changes.
2024-10-08T19:37:09.930+0530 [DEBUG] [org.gradle.launcher.daemon.server.DaemonStateCoordinator] Command execution: finished waiting for DaemonCommandExecution[command = Build{id=8a5b6b60-8b15-4d14-b338-93cc10311aa8, currentDir=C:\Users\Prerana Shelke\Downloads\Android-Attendance-App-2023}, connection = DefaultDaemonConnection: socket connection from /127.0.0.1:60143 to /127.0.0.1:60144]. Result org.gradle.launcher.daemon.server.DaemonStateCoordinator@3c1f3009 with state Busy
2024-10-08T19:37:09.930+0530 [DEBUG] [org.gradle.launcher.daemon.server.DaemonStateCoordinator] Command execution: completed DaemonCommandExecution[command = Build{id=8a5b6b60-8b15-4d14-b338-93cc10311aa8, currentDir=C:\Users\Prerana Shelke\Downloads\Android-Attendance-App-2023}, connection = DefaultDaemonConnection: socket connection from /127.0.0.1:60143 to /127.0.0.1:60144]
2024-10-08T19:37:09.931+0530 [DEBUG] [org.gradle.launcher.daemon.server.DaemonStateCoordinator] resetting idle timer
2024-10-08T19:37:09.931+0530 [INFO] [org.gradle.launcher.daemon.server.DaemonRegistryUpdater] Marking the daemon as idle, address: [a3fff6cb-3efc-4464-8d73-09d128813481 port:60143, addresses:[localhost/127.0.0.1]]
2024-10-08T19:37:09.931+0530 [DEBUG] [org.gradle.launcher.daemon.registry.PersistentDaemonRegistry] Marking busy by address: [a3fff6cb-3efc-4464-8d73-09d128813481 port:60143, addresses:[localhost/127.0.0.1]]
2024-10-08T19:37:09.932+0530 [DEBUG] [org.gradle.cache.internal.DefaultFileLockManager] Waiting to acquire exclusive lock on daemon addresses registry.
2024-10-08T19:37:09.932+0530 [DEBUG] [org.gradle.cache.internal.DefaultFileLockManager] Lock acquired on daemon addresses registry.
2024-10-08T19:37:09.933+0530 [DEBUG] [org.gradle.cache.internal.DefaultFileLockManager] Releasing lock on daemon addresses registry.
2024-10-08T19:37:09.934+0530 [DEBUG] [org.gradle.launcher.daemon.server.DaemonStateCoordinator] daemon is running. Sleeping until state changes.
2024-10-08T19:37:09.936+0530 [DEBUG] [org.gradle.launcher.daemon.server.exec.ReturnResult] Daemon is dispatching the build result: Success[value=org.gradle.launcher.exec.BuildActionResult@33009cf7]
2024-10-08T19:37:09.936+0530 [DEBUG] [org.gradle.launcher.daemon.server.SynchronizedDispatchConnection] thread 19: dispatching Success[value=org.gradle.launcher.exec.BuildActionResult@33009cf7]
2024-10-08T19:37:09.936+0530 [DEBUG] [org.gradle.launcher.daemon.server.DefaultIncomingConnectionHandler] Finishing executing command: Build{id=8a5b6b60-8b15-4d14-b338-93cc10311aa8, currentDir=C:\Users\Prerana Shelke\Downloads\Android-Attendance-App-2023}
2024-10-08T19:37:09.969+0530 [DEBUG] [org.gradle.launcher.daemon.server.SynchronizedDispatchConnection] thread 20: received class org.gradle.launcher.daemon.protocol.Finished
2024-10-08T19:37:09.969+0530 [DEBUG] [org.gradle.launcher.daemon.server.DefaultDaemonConnection] thread 20: Received non-IO message from client: org.gradle.launcher.daemon.protocol.Finished@493aaf61
2024-10-08T19:37:09.970+0530 [DEBUG] [org.gradle.internal.remote.internal.inet.SocketConnection] Discarding EOFException: java.io.EOFException
2024-10-08T19:37:09.970+0530 [DEBUG] [org.gradle.launcher.daemon.server.SynchronizedDispatchConnection] thread 20: received null
2024-10-08T19:37:09.971+0530 [DEBUG] [org.gradle.launcher.daemon.server.DefaultDaemonConnection] thread 20: Received end-of-input from client.
2024-10-08T19:37:09.971+0530 [DEBUG] [org.gradle.launcher.daemon.server.DefaultIncomingConnectionHandler] Received finished message: org.gradle.launcher.daemon.protocol.Finished@493aaf61
2024-10-08T19:37:09.971+0530 [DEBUG] [org.gradle.launcher.daemon.server.SynchronizedDispatchConnection] thread 19: stopping connection
2024-10-08T19:37:09.976+0530 [DEBUG] [org.gradle.launcher.daemon.server.SynchronizedDispatchConnection] thread 19: stopping connection
2024-10-08T19:37:12.618+0530 [DEBUG] [org.gradle.process.internal.health.memory.DefaultMemoryManager] 831603097 memory requested, 286670848 free
2024-10-08T19:37:12.621+0530 [DEBUG] [org.gradle.workers.internal.WorkerDaemonExpiration] Will attempt to release 793 of memory
2024-10-08T19:37:12.624+0530 [DEBUG] [org.gradle.process.internal.health.memory.DefaultMemoryManager] 831603097 memory requested, 0 released, 286670848 free
2024-10-08T19:37:16.918+0530 [DEBUG] [org.gradle.cache.internal.DefaultFileLockManager] Waiting to acquire shared lock on daemon addresses registry.
2024-10-08T19:37:16.918+0530 [DEBUG] [org.gradle.cache.internal.DefaultFileLockManager] Lock acquired on daemon addresses registry.
2024-10-08T19:37:16.920+0530 [DEBUG] [org.gradle.cache.internal.DefaultFileLockManager] Releasing lock on daemon addresses registry.
2024-10-08T19:37:16.923+0530 [DEBUG] [org.gradle.cache.internal.DefaultFileLockManager] Waiting to acquire shared lock on daemon addresses registry.
2024-10-08T19:37:16.924+0530 [DEBUG] [org.gradle.cache.internal.DefaultFileLockManager] Lock acquired on daemon addresses registry.
2024-10-08T19:37:16.924+0530 [DEBUG] [org.gradle.cache.internal.DefaultFileLockManager] Releasing lock on daemon addresses registry.
2024-10-08T19:37:17.607+0530 [DEBUG] [org.gradle.process.internal.health.memory.DefaultMemoryManager] 831603097 memory requested, 291762176 free
2024-10-08T19:37:17.607+0530 [DEBUG] [org.gradle.workers.internal.WorkerDaemonExpiration] Will attempt to release 793 of memory
2024-10-08T19:37:17.607+0530 [DEBUG] [org.gradle.process.internal.health.memory.DefaultMemoryManager] 831603097 memory requested, 0 released, 291762176 free
2024-10-08T19:37:22.615+0530 [DEBUG] [org.gradle.process.internal.health.memory.DefaultMemoryManager] 831603097 memory requested, 306282496 free
2024-10-08T19:37:22.615+0530 [DEBUG] [org.gradle.workers.internal.WorkerDaemonExpiration] Will attempt to release 793 of memory
2024-10-08T19:37:22.615+0530 [DEBUG] [org.gradle.process.internal.health.memory.DefaultMemoryManager] 831603097 memory requested, 0 released, 306282496 free
2024-10-08T19:37:26.918+0530 [DEBUG] [org.gradle.cache.internal.DefaultFileLockManager] Waiting to acquire shared lock on daemon addresses registry.
2024-10-08T19:37:26.918+0530 [DEBUG] [org.gradle.cache.internal.DefaultFileLockManager] Lock acquired on daemon addresses registry.
2024-10-08T19:37:26.919+0530 [DEBUG] [org.gradle.cache.internal.DefaultFileLockManager] Releasing lock on daemon addresses registry.
2024-10-08T19:37:26.919+0530 [DEBUG] [org.gradle.cache.internal.DefaultFileLockManager] Waiting to acquire shared lock on daemon addresses registry.
2024-10-08T19:37:26.919+0530 [DEBUG] [org.gradle.cache.internal.DefaultFileLockManager] Lock acquired on daemon addresses registry.
2024-10-08T19:37:26.919+0530 [DEBUG] [org.gradle.cache.internal.DefaultFileLockManager] Releasing lock on daemon addresses registry.
2024-10-08T19:37:26.920+0530 [DEBUG] [org.gradle.cache.internal.DefaultFileLockManager] Waiting to acquire shared lock on daemon addresses registry.
2024-10-08T19:37:26.920+0530 [DEBUG] [org.gradle.cache.internal.DefaultFileLockManager] Lock acquired on daemon addresses registry.
2024-10-08T19:37:26.920+0530 [DEBUG] [org.gradle.cache.internal.DefaultFileLockManager] Releasing lock on daemon addresses registry.
2024-10-08T19:37:27.620+0530 [DEBUG] [org.gradle.process.internal.health.memory.DefaultMemoryManager] 831603097 memory requested, 299343872 free
2024-10-08T19:37:27.620+0530 [DEBUG] [org.gradle.workers.internal.WorkerDaemonExpiration] Will attempt to release 793 of memory
2024-10-08T19:37:27.620+0530 [DEBUG] [org.gradle.process.internal.health.memory.DefaultMemoryManager] 831603097 memory requested, 0 released, 299343872 free
2024-10-08T19:37:32.621+0530 [DEBUG] [org.gradle.process.internal.health.memory.DefaultMemoryManager] 831603097 memory requested, 296390656 free
2024-10-08T19:37:32.622+0530 [DEBUG] [org.gradle.workers.internal.WorkerDaemonExpiration] Will attempt to release 793 of memory
2024-10-08T19:37:32.622+0530 [DEBUG] [org.gradle.process.internal.health.memory.DefaultMemoryManager] 831603097 memory requested, 0 released, 296390656 free
2024-10-08T19:37:33.031+0530 [DEBUG] [org.gradle.internal.remote.internal.inet.TcpIncomingConnector] Accepted connection from /127.0.0.1:60205 to /127.0.0.1:60143.
2024-10-08T19:37:33.036+0530 [DEBUG] [org.gradle.launcher.daemon.server.SynchronizedDispatchConnection] thread 140: received class org.gradle.launcher.daemon.protocol.Build
2024-10-08T19:37:33.036+0530 [DEBUG] [org.gradle.launcher.daemon.server.DefaultDaemonConnection] thread 140: Received non-IO message from client: Build{id=f901fc73-866e-46cb-9b80-cd792a3cb8dd, currentDir=C:\Users\Prerana Shelke\Downloads\Android-Attendance-App-2023}
2024-10-08T19:37:33.037+0530 [INFO] [org.gradle.launcher.daemon.server.DefaultIncomingConnectionHandler] Received command: Build{id=f901fc73-866e-46cb-9b80-cd792a3cb8dd, currentDir=C:\Users\Prerana Shelke\Downloads\Android-Attendance-App-2023}.
2024-10-08T19:37:33.037+0530 [DEBUG] [org.gradle.launcher.daemon.server.DefaultIncomingConnectionHandler] Starting executing command: Build{id=f901fc73-866e-46cb-9b80-cd792a3cb8dd, currentDir=C:\Users\Prerana Shelke\Downloads\Android-Attendance-App-2023} with connection: socket connection from /127.0.0.1:60143 to /127.0.0.1:60205.
2024-10-08T19:37:33.037+0530 [DEBUG] [org.gradle.launcher.daemon.server.DaemonStateCoordinator] Command execution: started DaemonCommandExecution[command = Build{id=f901fc73-866e-46cb-9b80-cd792a3cb8dd, currentDir=C:\Users\Prerana Shelke\Downloads\Android-Attendance-App-2023}, connection = DefaultDaemonConnection: socket connection from /127.0.0.1:60143 to /127.0.0.1:60205] after 0.0 minutes of idle
2024-10-08T19:37:33.038+0530 [INFO] [org.gradle.launcher.daemon.server.DaemonRegistryUpdater] Marking the daemon as busy, address: [a3fff6cb-3efc-4464-8d73-09d128813481 port:60143, addresses:[localhost/127.0.0.1]]
2024-10-08T19:37:33.038+0530 [DEBUG] [org.gradle.launcher.daemon.registry.PersistentDaemonRegistry] Marking busy by address: [a3fff6cb-3efc-4464-8d73-09d128813481 port:60143, addresses:[localhost/127.0.0.1]]
2024-10-08T19:37:33.039+0530 [DEBUG] [org.gradle.cache.internal.DefaultFileLockManager] Waiting to acquire exclusive lock on daemon addresses registry.
2024-10-08T19:37:33.039+0530 [DEBUG] [org.gradle.cache.internal.DefaultFileLockManager] Lock acquired on daemon addresses registry.
2024-10-08T19:37:33.041+0530 [DEBUG] [org.gradle.cache.internal.DefaultFileLockManager] Releasing lock on daemon addresses registry.
2024-10-08T19:37:33.042+0530 [DEBUG] [org.gradle.launcher.daemon.server.DaemonStateCoordinator] resetting idle timer
2024-10-08T19:37:33.042+0530 [DEBUG] [org.gradle.launcher.daemon.server.DaemonStateCoordinator] daemon is running. Sleeping until state changes.
2024-10-08T19:37:33.042+0530 [INFO] [org.gradle.launcher.daemon.server.exec.StartBuildOrRespondWithBusy] Daemon is about to start building Build{id=f901fc73-866e-46cb-9b80-cd792a3cb8dd, currentDir=C:\Users\Prerana Shelke\Downloads\Android-Attendance-App-2023}. Dispatching build started information...
2024-10-08T19:37:33.042+0530 [DEBUG] [org.gradle.launcher.daemon.server.SynchronizedDispatchConnection] thread 22: dispatching org.gradle.launcher.daemon.protocol.BuildStarted@2d6893ab
2024-10-08T19:37:33.044+0530 [DEBUG] [org.gradle.launcher.daemon.server.exec.EstablishBuildEnvironment] Configuring env variables: [USERDOMAIN_ROAMINGPROFILE, IGCCSVC_DB, LOCALAPPDATA, PROCESSOR_LEVEL, USERDOMAIN, LOGONSERVER, SESSIONNAME, ALLUSERSPROFILE, PROCESSOR_ARCHITECTURE, PSModulePath, SystemDrive, OneDrive, APPDATA, USERNAME, ProgramFiles(x86), CommonProgramFiles, Path, PyCharm, PATHEXT, DriverData, OS, OneDriveConsumer, COMPUTERNAME, PROCESSOR_REVISION, CommonProgramW6432, ComSpec, ProgramData, ProgramW6432, TEMP, HOMEPATH, SystemRoot, PROCESSOR_IDENTIFIER, HOMEDRIVE, USERPROFILE, EFC_1420, TMP, POWERSHELL_DISTRIBUTION_CHANNEL, CommonProgramFiles(x86), ProgramFiles, PUBLIC, windir, NUMBER_OF_PROCESSORS, =::, ZES_ENABLE_SYSMAN]
2024-10-08T19:37:33.044+0530 [DEBUG] [org.gradle.launcher.daemon.server.SynchronizedDispatchConnection] thread 140: received class org.gradle.launcher.daemon.protocol.CloseInput
2024-10-08T19:37:33.044+0530 [DEBUG] [org.gradle.launcher.daemon.server.DefaultDaemonConnection] thread 140: Received IO message from client: org.gradle.launcher.daemon.protocol.CloseInput@1bf9e733
2024-10-08T19:37:33.045+0530 [DEBUG] [org.gradle.launcher.daemon.server.exec.LogToClient] About to start relaying all logs to the client via the connection.
2024-10-08T19:37:33.045+0530 [INFO] [org.gradle.launcher.daemon.server.exec.LogToClient] The client will now receive all logging from the daemon (pid: 18596). The daemon log file: C:\Users\Prerana Shelke\Downloads\Android-Attendance-App-2023\daemon\7.2\daemon-18596.out.log
2024-10-08T19:37:33.047+0530 [INFO] [org.gradle.launcher.daemon.server.exec.LogAndCheckHealth] Starting 2nd build in daemon [uptime: 3 mins 26.563 secs, performance: 100%, non-heap usage: 45% of 256 MiB]
2024-10-08T19:37:33.048+0530 [DEBUG] [org.gradle.launcher.daemon.server.exec.ExecuteBuild] The daemon has started executing the build.
2024-10-08T19:37:33.048+0530 [INFO] [org.gradle.launcher.daemon.server.exec.ForwardClientInput] Closing daemon's stdin at end of input.
2024-10-08T19:37:33.049+0530 [DEBUG] [org.gradle.launcher.daemon.server.exec.ExecuteBuild] Executing build with daemon context: DefaultDaemonContext[uid=90c16ccf-a23e-40ef-b3c1-30a98073b18f,javaHome=C:\Users\Prerana Shelke\.jdks\corretto-11.0.24,daemonRegistryDir=C:\Users\Prerana Shelke\Downloads\Android-Attendance-App-2023\daemon,pid=18596,idleTimeout=10800000,priority=NORMAL,daemonOpts=--add-opens,java.base/java.util=ALL-UNNAMED,--add-opens,java.base/java.lang=ALL-UNNAMED,--add-opens,java.base/java.lang.invoke=ALL-UNNAMED,--add-opens,java.base/java.util=ALL-UNNAMED,--add-opens,java.prefs/java.util.prefs=ALL-UNNAMED,--add-opens,java.prefs/java.util.prefs=ALL-UNNAMED,--add-opens,java.base/java.nio.charset=ALL-UNNAMED,--add-opens,java.base/java.net=ALL-UNNAMED,--add-opens,java.base/java.util.concurrent.atomic=ALL-UNNAMED,-XX:MaxMetaspaceSize=256m,-XX:+HeapDumpOnOutOfMemoryError,-Xms256m,-Xmx512m,-Dfile.encoding=UTF-8,-Duser.country=IN,-Duser.language=en,-Duser.variant]
2024-10-08T19:37:33.049+0530 [INFO] [org.gradle.launcher.daemon.server.exec.ForwardClientInput] The daemon will no longer process any standard input.
AGPBI: {"kind":"warning","text":"We recommend using a newer Android Gradle plugin to use compileSdk = 33\n\nThis Android Gradle plugin (7.1.1) was tested up to compileSdk = 32\n\nThis warning can be suppressed by adding\n    android.suppressUnsupportedCompileSdk=33\nto this project's gradle.properties\n\nThe build will continue, but you are strongly encouraged to update your project to\nuse a newer Android Gradle Plugin that has been tested with compileSdk = 33","sources":[{}]}
Note: C:\Users\Prerana Shelke\Downloads\Android-Attendance-App-2023\app\src\main\java\com\android\attendance\activity\AddAttandanceSessionActivity.java uses or overrides a deprecated API.
Note: Recompile with -Xlint:deprecation for details.

Deprecated Gradle features were used in this build, making it incompatible with Gradle 8.0.

You can use '--warning-mode all' to show the individual deprecation warnings and determine if they come from your own scripts or plugins.

See https://docs.gradle.org/7.2/userguide/command_line_interface.html#sec:command_line_warnings

BUILD SUCCESSFUL in 13s
28 actionable tasks: 28 executed
2024-10-08T19:37:46.339+0530 [DEBUG] [org.gradle.launcher.daemon.server.exec.ExecuteBuild] The daemon has finished executing the build.
2024-10-08T19:37:46.356+0530 [DEBUG] [org.gradle.launcher.daemon.server.DaemonStateCoordinator] daemon is running. Sleeping until state changes.
2024-10-08T19:37:46.356+0530 [DEBUG] [org.gradle.launcher.daemon.server.DaemonStateCoordinator] Command execution: finished waiting for DaemonCommandExecution[command = Build{id=f901fc73-866e-46cb-9b80-cd792a3cb8dd, currentDir=C:\Users\Prerana Shelke\Downloads\Android-Attendance-App-2023}, connection = DefaultDaemonConnection: socket connection from /127.0.0.1:60143 to /127.0.0.1:60205]. Result org.gradle.launcher.daemon.server.DaemonStateCoordinator@3c1f3009 with state Busy
2024-10-08T19:37:46.356+0530 [DEBUG] [org.gradle.launcher.daemon.server.DaemonStateCoordinator] Command execution: completed DaemonCommandExecution[command = Build{id=f901fc73-866e-46cb-9b80-cd792a3cb8dd, currentDir=C:\Users\Prerana Shelke\Downloads\Android-Attendance-App-2023}, connection = DefaultDaemonConnection: socket connection from /127.0.0.1:60143 to /127.0.0.1:60205]
2024-10-08T19:37:46.356+0530 [DEBUG] [org.gradle.launcher.daemon.server.DaemonStateCoordinator] resetting idle timer
2024-10-08T19:37:46.356+0530 [INFO] [org.gradle.launcher.daemon.server.DaemonRegistryUpdater] Marking the daemon as idle, address: [a3fff6cb-3efc-4464-8d73-09d128813481 port:60143, addresses:[localhost/127.0.0.1]]
2024-10-08T19:37:46.356+0530 [DEBUG] [org.gradle.launcher.daemon.registry.PersistentDaemonRegistry] Marking busy by address: [a3fff6cb-3efc-4464-8d73-09d128813481 port:60143, addresses:[localhost/127.0.0.1]]
2024-10-08T19:37:46.357+0530 [DEBUG] [org.gradle.cache.internal.DefaultFileLockManager] Waiting to acquire exclusive lock on daemon addresses registry.
2024-10-08T19:37:46.357+0530 [DEBUG] [org.gradle.cache.internal.DefaultFileLockManager] Lock acquired on daemon addresses registry.
2024-10-08T19:37:46.358+0530 [DEBUG] [org.gradle.cache.internal.DefaultFileLockManager] Releasing lock on daemon addresses registry.
2024-10-08T19:37:46.358+0530 [DEBUG] [org.gradle.launcher.daemon.server.DaemonStateCoordinator] daemon is running. Sleeping until state changes.
2024-10-08T19:37:46.358+0530 [DEBUG] [org.gradle.launcher.daemon.server.exec.ReturnResult] Daemon is dispatching the build result: Success[value=org.gradle.launcher.exec.BuildActionResult@68687b9e]
2024-10-08T19:37:46.358+0530 [DEBUG] [org.gradle.launcher.daemon.server.SynchronizedDispatchConnection] thread 19: dispatching Success[value=org.gradle.launcher.exec.BuildActionResult@68687b9e]
2024-10-08T19:37:46.359+0530 [DEBUG] [org.gradle.launcher.daemon.server.DefaultIncomingConnectionHandler] Finishing executing command: Build{id=f901fc73-866e-46cb-9b80-cd792a3cb8dd, currentDir=C:\Users\Prerana Shelke\Downloads\Android-Attendance-App-2023}
2024-10-08T19:37:46.359+0530 [DEBUG] [org.gradle.launcher.daemon.server.SynchronizedDispatchConnection] thread 140: received class org.gradle.launcher.daemon.protocol.Finished
2024-10-08T19:37:46.359+0530 [DEBUG] [org.gradle.launcher.daemon.server.DefaultDaemonConnection] thread 140: Received non-IO message from client: org.gradle.launcher.daemon.protocol.Finished@5efb7a28
2024-10-08T19:37:46.359+0530 [DEBUG] [org.gradle.launcher.daemon.server.DefaultIncomingConnectionHandler] Received finished message: org.gradle.launcher.daemon.protocol.Finished@5efb7a28
2024-10-08T19:37:46.359+0530 [DEBUG] [org.gradle.launcher.daemon.server.SynchronizedDispatchConnection] thread 19: stopping connection
2024-10-08T19:37:46.359+0530 [DEBUG] [org.gradle.internal.remote.internal.inet.SocketConnection] Discarding EOFException: java.io.EOFException
2024-10-08T19:37:46.359+0530 [DEBUG] [org.gradle.launcher.daemon.server.SynchronizedDispatchConnection] thread 140: received null
2024-10-08T19:37:46.360+0530 [DEBUG] [org.gradle.launcher.daemon.server.DefaultDaemonConnection] thread 140: Received end-of-input from client.
2024-10-08T19:37:46.360+0530 [DEBUG] [org.gradle.launcher.daemon.server.SynchronizedDispatchConnection] thread 19: stopping connection
2024-10-08T19:37:46.921+0530 [DEBUG] [org.gradle.cache.internal.DefaultFileLockManager] Waiting to acquire shared lock on daemon addresses registry.
2024-10-08T19:37:46.921+0530 [DEBUG] [org.gradle.cache.internal.DefaultFileLockManager] Lock acquired on daemon addresses registry.
2024-10-08T19:37:46.922+0530 [DEBUG] [org.gradle.cache.internal.DefaultFileLockManager] Releasing lock on daemon addresses registry.
2024-10-08T19:37:46.922+0530 [DEBUG] [org.gradle.cache.internal.DefaultFileLockManager] Waiting to acquire shared lock on daemon addresses registry.
2024-10-08T19:37:46.922+0530 [DEBUG] [org.gradle.cache.internal.DefaultFileLockManager] Lock acquired on daemon addresses registry.
2024-10-08T19:37:46.923+0530 [DEBUG] [org.gradle.cache.internal.DefaultFileLockManager] Releasing lock on daemon addresses registry.
2024-10-08T19:37:47.612+0530 [DEBUG] [org.gradle.process.internal.health.memory.DefaultMemoryManager] 831603097 memory requested, 289165312 free
2024-10-08T19:37:47.612+0530 [DEBUG] [org.gradle.workers.internal.WorkerDaemonExpiration] Will attempt to release 793 of memory
2024-10-08T19:37:47.612+0530 [DEBUG] [org.gradle.process.internal.health.memory.DefaultMemoryManager] 831603097 memory requested, 0 released, 289165312 free
2024-10-08T19:37:52.620+0530 [DEBUG] [org.gradle.process.internal.health.memory.DefaultMemoryManager] 831603097 memory requested, 279207936 free
2024-10-08T19:37:52.620+0530 [DEBUG] [org.gradle.workers.internal.WorkerDaemonExpiration] Will attempt to release 793 of memory
2024-10-08T19:37:52.620+0530 [DEBUG] [org.gradle.process.internal.health.memory.DefaultMemoryManager] 831603097 memory requested, 0 released, 279207936 free
2024-10-08T19:37:56.921+0530 [DEBUG] [org.gradle.cache.internal.DefaultFileLockManager] Waiting to acquire shared lock on daemon addresses registry.
2024-10-08T19:37:56.922+0530 [DEBUG] [org.gradle.cache.internal.DefaultFileLockManager] Lock acquired on daemon addresses registry.
2024-10-08T19:37:56.922+0530 [DEBUG] [org.gradle.cache.internal.DefaultFileLockManager] Releasing lock on daemon addresses registry.
2024-10-08T19:37:56.925+0530 [DEBUG] [org.gradle.cache.internal.DefaultFileLockManager] Waiting to acquire shared lock on daemon addresses registry.
2024-10-08T19:37:56.925+0530 [DEBUG] [org.gradle.cache.internal.DefaultFileLockManager] Lock acquired on daemon addresses registry.
2024-10-08T19:37:56.925+0530 [DEBUG] [org.gradle.cache.internal.DefaultFileLockManager] Releasing lock on daemon addresses registry.
2024-10-08T19:37:56.925+0530 [DEBUG] [org.gradle.cache.internal.DefaultFileLockManager] Waiting to acquire shared lock on daemon addresses registry.
2024-10-08T19:37:56.926+0530 [DEBUG] [org.gradle.cache.internal.DefaultFileLockManager] Lock acquired on daemon addresses registry.
2024-10-08T19:37:56.926+0530 [DEBUG] [org.gradle.cache.internal.DefaultFileLockManager] Releasing lock on daemon addresses registry.
2024-10-08T19:37:57.609+0530 [DEBUG] [org.gradle.process.internal.health.memory.DefaultMemoryManager] 831603097 memory requested, 323166208 free
2024-10-08T19:37:57.610+0530 [DEBUG] [org.gradle.workers.internal.WorkerDaemonExpiration] Will attempt to release 793 of memory
2024-10-08T19:37:57.610+0530 [DEBUG] [org.gradle.process.internal.health.memory.DefaultMemoryManager] 831603097 memory requested, 0 released, 323166208 free
2024-10-08T19:38:02.607+0530 [DEBUG] [org.gradle.process.internal.health.memory.DefaultMemoryManager] 831603097 memory requested, 320004096 free
2024-10-08T19:38:02.607+0530 [DEBUG] [org.gradle.workers.internal.WorkerDaemonExpiration] Will attempt to release 793 of memory
2024-10-08T19:38:02.607+0530 [DEBUG] [org.gradle.process.internal.health.memory.DefaultMemoryManager] 831603097 memory requested, 0 released, 320004096 free
2024-10-08T19:38:06.915+0530 [DEBUG] [org.gradle.cache.internal.DefaultFileLockManager] Waiting to acquire shared lock on daemon addresses registry.
2024-10-08T19:38:06.915+0530 [DEBUG] [org.gradle.cache.internal.DefaultFileLockManager] Lock acquired on daemon addresses registry.
2024-10-08T19:38:06.915+0530 [DEBUG] [org.gradle.cache.internal.DefaultFileLockManager] Releasing lock on daemon addresses registry.
2024-10-08T19:38:06.916+0530 [DEBUG] [org.gradle.cache.internal.DefaultFileLockManager] Waiting to acquire shared lock on daemon addresses registry.
2024-10-08T19:38:06.916+0530 [DEBUG] [org.gradle.cache.internal.DefaultFileLockManager] Lock acquired on daemon addresses registry.
2024-10-08T19:38:06.916+0530 [DEBUG] [org.gradle.cache.internal.DefaultFileLockManager] Releasing lock on daemon addresses registry.
2024-10-08T19:38:06.917+0530 [DEBUG] [org.gradle.cache.internal.DefaultFileLockManager] Waiting to acquire shared lock on daemon addresses registry.
2024-10-08T19:38:06.917+0530 [DEBUG] [org.gradle.cache.internal.DefaultFileLockManager] Lock acquired on daemon addresses registry.
2024-10-08T19:38:06.917+0530 [DEBUG] [org.gradle.cache.internal.DefaultFileLockManager] Releasing lock on daemon addresses registry.
2024-10-08T19:38:07.613+0530 [DEBUG] [org.gradle.process.internal.health.memory.DefaultMemoryManager] 831603097 memory requested, 245161984 free
2024-10-08T19:38:07.614+0530 [DEBUG] [org.gradle.workers.internal.WorkerDaemonExpiration] Will attempt to release 793 of memory
2024-10-08T19:38:07.614+0530 [DEBUG] [org.gradle.process.internal.health.memory.DefaultMemoryManager] 831603097 memory requested, 0 released, 245161984 free
2024-10-08T19:38:12.618+0530 [DEBUG] [org.gradle.process.internal.health.memory.DefaultMemoryManager] 831603097 memory requested, 357441536 free
2024-10-08T19:38:12.618+0530 [DEBUG] [org.gradle.workers.internal.WorkerDaemonExpiration] Will attempt to release 793 of memory
2024-10-08T19:38:12.618+0530 [DEBUG] [org.gradle.process.internal.health.memory.DefaultMemoryManager] 831603097 memory requested, 0 released, 357441536 free
2024-10-08T19:38:16.916+0530 [DEBUG] [org.gradle.cache.internal.DefaultFileLockManager] Waiting to acquire shared lock on daemon addresses registry.
2024-10-08T19:38:16.916+0530 [DEBUG] [org.gradle.cache.internal.DefaultFileLockManager] Lock acquired on daemon addresses registry.
2024-10-08T19:38:16.918+0530 [DEBUG] [org.gradle.cache.internal.DefaultFileLockManager] Releasing lock on daemon addresses registry.
2024-10-08T19:38:16.919+0530 [DEBUG] [org.gradle.cache.internal.DefaultFileLockManager] Waiting to acquire shared lock on daemon addresses registry.
2024-10-08T19:38:16.919+0530 [DEBUG] [org.gradle.cache.internal.DefaultFileLockManager] Lock acquired on daemon addresses registry.
2024-10-08T19:38:16.919+0530 [DEBUG] [org.gradle.cache.internal.DefaultFileLockManager] Releasing lock on daemon addresses registry.
2024-10-08T19:38:16.920+0530 [DEBUG] [org.gradle.cache.internal.DefaultFileLockManager] Waiting to acquire shared lock on daemon addresses registry.
2024-10-08T19:38:16.920+0530 [DEBUG] [org.gradle.cache.internal.DefaultFileLockManager] Lock acquired on daemon addresses registry.
2024-10-08T19:38:16.920+0530 [DEBUG] [org.gradle.cache.internal.DefaultFileLockManager] Releasing lock on daemon addresses registry.
2024-10-08T19:38:17.622+0530 [DEBUG] [org.gradle.process.internal.health.memory.DefaultMemoryManager] 831603097 memory requested, 373985280 free
2024-10-08T19:38:17.622+0530 [DEBUG] [org.gradle.workers.internal.WorkerDaemonExpiration] Will attempt to release 793 of memory
2024-10-08T19:38:17.623+0530 [DEBUG] [org.gradle.process.internal.health.memory.DefaultMemoryManager] 831603097 memory requested, 0 released, 373985280 free
2024-10-08T19:38:26.914+0530 [DEBUG] [org.gradle.cache.internal.DefaultFileLockManager] Waiting to acquire shared lock on daemon addresses registry.
2024-10-08T19:38:26.914+0530 [DEBUG] [org.gradle.cache.internal.DefaultFileLockManager] Lock acquired on daemon addresses registry.
2024-10-08T19:38:26.914+0530 [DEBUG] [org.gradle.cache.internal.DefaultFileLockManager] Releasing lock on daemon addresses registry.
2024-10-08T19:38:26.915+0530 [DEBUG] [org.gradle.cache.internal.DefaultFileLockManager] Waiting to acquire shared lock on daemon addresses registry.
2024-10-08T19:38:26.915+0530 [DEBUG] [org.gradle.cache.internal.DefaultFileLockManager] Lock acquired on daemon addresses registry.
2024-10-08T19:38:26.915+0530 [DEBUG] [org.gradle.cache.internal.DefaultFileLockManager] Releasing lock on daemon addresses registry.
2024-10-08T19:38:26.915+0530 [DEBUG] [org.gradle.cache.internal.DefaultFileLockManager] Waiting to acquire shared lock on daemon addresses registry.
2024-10-08T19:38:26.915+0530 [DEBUG] [org.gradle.cache.internal.DefaultFileLockManager] Lock acquired on daemon addresses registry.
2024-10-08T19:38:26.915+0530 [DEBUG] [org.gradle.cache.internal.DefaultFileLockManager] Releasing lock on daemon addresses registry.
2024-10-08T19:38:27.613+0530 [DEBUG] [org.gradle.process.internal.health.memory.DefaultMemoryManager] 831603097 memory requested, 815669248 free
2024-10-08T19:38:27.614+0530 [DEBUG] [org.gradle.workers.internal.WorkerDaemonExpiration] Will attempt to release 793 of memory
2024-10-08T19:38:27.614+0530 [DEBUG] [org.gradle.process.internal.health.memory.DefaultMemoryManager] 831603097 memory requested, 0 released, 815669248 free
2024-10-08T19:38:32.612+0530 [DEBUG] [org.gradle.process.internal.health.memory.DefaultMemoryManager] 831603097 memory requested, 821784576 free
2024-10-08T19:38:32.612+0530 [DEBUG] [org.gradle.workers.internal.WorkerDaemonExpiration] Will attempt to release 793 of memory
2024-10-08T19:38:32.612+0530 [DEBUG] [org.gradle.process.internal.health.memory.DefaultMemoryManager] 831603097 memory requested, 0 released, 821784576 free
2024-10-08T19:38:36.920+0530 [DEBUG] [org.gradle.cache.internal.DefaultFileLockManager] Waiting to acquire shared lock on daemon addresses registry.
2024-10-08T19:38:36.920+0530 [DEBUG] [org.gradle.cache.internal.DefaultFileLockManager] Lock acquired on daemon addresses registry.
2024-10-08T19:38:36.921+0530 [DEBUG] [org.gradle.cache.internal.DefaultFileLockManager] Releasing lock on daemon addresses registry.
2024-10-08T19:38:36.923+0530 [DEBUG] [org.gradle.cache.internal.DefaultFileLockManager] Waiting to acquire shared lock on daemon addresses registry.
2024-10-08T19:38:36.923+0530 [DEBUG] [org.gradle.cache.internal.DefaultFileLockManager] Lock acquired on daemon addresses registry.
2024-10-08T19:38:36.924+0530 [DEBUG] [org.gradle.cache.internal.DefaultFileLockManager] Releasing lock on daemon addresses registry.
2024-10-08T19:38:36.924+0530 [DEBUG] [org.gradle.cache.internal.DefaultFileLockManager] Waiting to acquire shared lock on daemon addresses registry.
2024-10-08T19:38:36.925+0530 [DEBUG] [org.gradle.cache.internal.DefaultFileLockManager] Lock acquired on daemon addresses registry.
2024-10-08T19:38:36.925+0530 [DEBUG] [org.gradle.cache.internal.DefaultFileLockManager] Releasing lock on daemon addresses registry.
2024-10-08T19:38:37.618+0530 [DEBUG] [org.gradle.process.internal.health.memory.DefaultMemoryManager] 831603097 memory requested, 711192576 free
2024-10-08T19:38:37.618+0530 [DEBUG] [org.gradle.workers.internal.WorkerDaemonExpiration] Will attempt to release 793 of memory
2024-10-08T19:38:37.618+0530 [DEBUG] [org.gradle.process.internal.health.memory.DefaultMemoryManager] 831603097 memory requested, 0 released, 711192576 free
2024-10-08T19:38:42.617+0530 [DEBUG] [org.gradle.process.internal.health.memory.DefaultMemoryManager] 831603097 memory requested, 777224192 free
2024-10-08T19:38:42.617+0530 [DEBUG] [org.gradle.workers.internal.WorkerDaemonExpiration] Will attempt to release 793 of memory
2024-10-08T19:38:42.617+0530 [DEBUG] [org.gradle.process.internal.health.memory.DefaultMemoryManager] 831603097 memory requested, 0 released, 777224192 free
2024-10-08T19:38:46.923+0530 [DEBUG] [org.gradle.cache.internal.DefaultFileLockManager] Waiting to acquire shared lock on daemon addresses registry.
2024-10-08T19:38:46.923+0530 [DEBUG] [org.gradle.cache.internal.DefaultFileLockManager] Lock acquired on daemon addresses registry.
2024-10-08T19:38:46.923+0530 [DEBUG] [org.gradle.cache.internal.DefaultFileLockManager] Releasing lock on daemon addresses registry.
2024-10-08T19:38:46.924+0530 [DEBUG] [org.gradle.cache.internal.DefaultFileLockManager] Waiting to acquire shared lock on daemon addresses registry.
2024-10-08T19:38:46.924+0530 [DEBUG] [org.gradle.cache.internal.DefaultFileLockManager] Lock acquired on daemon addresses registry.
2024-10-08T19:38:46.924+0530 [DEBUG] [org.gradle.cache.internal.DefaultFileLockManager] Releasing lock on daemon addresses registry.
2024-10-08T19:38:46.924+0530 [DEBUG] [org.gradle.cache.internal.DefaultFileLockManager] Waiting to acquire shared lock on daemon addresses registry.
2024-10-08T19:38:46.924+0530 [DEBUG] [org.gradle.cache.internal.DefaultFileLockManager] Lock acquired on daemon addresses registry.
2024-10-08T19:38:46.925+0530 [DEBUG] [org.gradle.cache.internal.DefaultFileLockManager] Releasing lock on daemon addresses registry.
2024-10-08T19:38:47.621+0530 [DEBUG] [org.gradle.process.internal.health.memory.DefaultMemoryManager] 831603097 memory requested, 783360000 free
2024-10-08T19:38:47.621+0530 [DEBUG] [org.gradle.workers.internal.WorkerDaemonExpiration] Will attempt to release 793 of memory
2024-10-08T19:38:47.621+0530 [DEBUG] [org.gradle.process.internal.health.memory.DefaultMemoryManager] 831603097 memory requested, 0 released, 783360000 free
2024-10-08T19:38:52.611+0530 [DEBUG] [org.gradle.process.internal.health.memory.DefaultMemoryManager] 831603097 memory requested, 809967616 free
2024-10-08T19:38:52.611+0530 [DEBUG] [org.gradle.workers.internal.WorkerDaemonExpiration] Will attempt to release 793 of memory
2024-10-08T19:38:52.611+0530 [DEBUG] [org.gradle.process.internal.health.memory.DefaultMemoryManager] 831603097 memory requested, 0 released, 809967616 free
2024-10-08T19:38:56.926+0530 [DEBUG] [org.gradle.cache.internal.DefaultFileLockManager] Waiting to acquire shared lock on daemon addresses registry.
2024-10-08T19:38:56.927+0530 [DEBUG] [org.gradle.cache.internal.DefaultFileLockManager] Lock acquired on daemon addresses registry.
2024-10-08T19:38:56.927+0530 [DEBUG] [org.gradle.cache.internal.DefaultFileLockManager] Releasing lock on daemon addresses registry.
2024-10-08T19:38:56.928+0530 [DEBUG] [org.gradle.cache.internal.DefaultFileLockManager] Waiting to acquire shared lock on daemon addresses registry.
2024-10-08T19:38:56.928+0530 [DEBUG] [org.gradle.cache.internal.DefaultFileLockManager] Lock acquired on daemon addresses registry.
2024-10-08T19:38:56.929+0530 [DEBUG] [org.gradle.cache.internal.DefaultFileLockManager] Releasing lock on daemon addresses registry.
2024-10-08T19:38:56.929+0530 [DEBUG] [org.gradle.cache.internal.DefaultFileLockManager] Waiting to acquire shared lock on daemon addresses registry.
2024-10-08T19:38:56.929+0530 [DEBUG] [org.gradle.cache.internal.DefaultFileLockManager] Lock acquired on daemon addresses registry.
2024-10-08T19:38:56.930+0530 [DEBUG] [org.gradle.cache.internal.DefaultFileLockManager] Releasing lock on daemon addresses registry.
2024-10-08T19:38:57.614+0530 [DEBUG] [org.gradle.process.internal.health.memory.DefaultMemoryManager] 831603097 memory requested, 786714624 free
2024-10-08T19:38:57.615+0530 [DEBUG] [org.gradle.workers.internal.WorkerDaemonExpiration] Will attempt to release 793 of memory
2024-10-08T19:38:57.615+0530 [DEBUG] [org.gradle.process.internal.health.memory.DefaultMemoryManager] 831603097 memory requested, 0 released, 786714624 free
2024-10-08T19:39:02.612+0530 [DEBUG] [org.gradle.process.internal.health.memory.DefaultMemoryManager] 831603097 memory requested, 790204416 free
2024-10-08T19:39:02.612+0530 [DEBUG] [org.gradle.workers.internal.WorkerDaemonExpiration] Will attempt to release 793 of memory
2024-10-08T19:39:02.612+0530 [DEBUG] [org.gradle.process.internal.health.memory.DefaultMemoryManager] 831603097 memory requested, 0 released, 790204416 free
2024-10-08T19:39:06.917+0530 [DEBUG] [org.gradle.cache.internal.DefaultFileLockManager] Waiting to acquire shared lock on daemon addresses registry.
2024-10-08T19:39:06.917+0530 [DEBUG] [org.gradle.cache.internal.DefaultFileLockManager] Lock acquired on daemon addresses registry.
2024-10-08T19:39:06.918+0530 [DEBUG] [org.gradle.cache.internal.DefaultFileLockManager] Releasing lock on daemon addresses registry.
2024-10-08T19:39:06.919+0530 [DEBUG] [org.gradle.cache.internal.DefaultFileLockManager] Waiting to acquire shared lock on daemon addresses registry.
2024-10-08T19:39:06.919+0530 [DEBUG] [org.gradle.cache.internal.DefaultFileLockManager] Lock acquired on daemon addresses registry.
2024-10-08T19:39:06.919+0530 [DEBUG] [org.gradle.cache.internal.DefaultFileLockManager] Releasing lock on daemon addresses registry.
2024-10-08T19:39:06.919+0530 [DEBUG] [org.gradle.cache.internal.DefaultFileLockManager] Waiting to acquire shared lock on daemon addresses registry.
2024-10-08T19:39:06.919+0530 [DEBUG] [org.gradle.cache.internal.DefaultFileLockManager] Lock acquired on daemon addresses registry.
2024-10-08T19:39:06.919+0530 [DEBUG] [org.gradle.cache.internal.DefaultFileLockManager] Releasing lock on daemon addresses registry.
2024-10-08T19:39:07.619+0530 [DEBUG] [org.gradle.process.internal.health.memory.DefaultMemoryManager] 831603097 memory requested, 722358272 free
2024-10-08T19:39:07.619+0530 [DEBUG] [org.gradle.workers.internal.WorkerDaemonExpiration] Will attempt to release 793 of memory
2024-10-08T19:39:07.620+0530 [DEBUG] [org.gradle.process.internal.health.memory.DefaultMemoryManager] 831603097 memory requested, 0 released, 722358272 free
2024-10-08T19:39:12.616+0530 [DEBUG] [org.gradle.process.internal.health.memory.DefaultMemoryManager] 831603097 memory requested, 736464896 free
2024-10-08T19:39:12.617+0530 [DEBUG] [org.gradle.workers.internal.WorkerDaemonExpiration] Will attempt to release 793 of memory
2024-10-08T19:39:12.617+0530 [DEBUG] [org.gradle.process.internal.health.memory.DefaultMemoryManager] 831603097 memory requested, 0 released, 736464896 free
2024-10-08T19:39:16.088+0530 [DEBUG] [org.gradle.internal.remote.internal.inet.TcpIncomingConnector] Accepted connection from /127.0.0.1:60234 to /127.0.0.1:60143.
2024-10-08T19:39:16.092+0530 [DEBUG] [org.gradle.launcher.daemon.server.SynchronizedDispatchConnection] thread 286: received class org.gradle.launcher.daemon.protocol.Build
2024-10-08T19:39:16.092+0530 [DEBUG] [org.gradle.launcher.daemon.server.DefaultDaemonConnection] thread 286: Received non-IO message from client: Build{id=a335616f-3442-43fd-bcf4-d98e7f9f088f, currentDir=C:\Users\Prerana Shelke\Downloads\Android-Attendance-App-2023}
2024-10-08T19:39:16.093+0530 [INFO] [org.gradle.launcher.daemon.server.DefaultIncomingConnectionHandler] Received command: Build{id=a335616f-3442-43fd-bcf4-d98e7f9f088f, currentDir=C:\Users\Prerana Shelke\Downloads\Android-Attendance-App-2023}.
2024-10-08T19:39:16.093+0530 [DEBUG] [org.gradle.launcher.daemon.server.DefaultIncomingConnectionHandler] Starting executing command: Build{id=a335616f-3442-43fd-bcf4-d98e7f9f088f, currentDir=C:\Users\Prerana Shelke\Downloads\Android-Attendance-App-2023} with connection: socket connection from /127.0.0.1:60143 to /127.0.0.1:60234.
2024-10-08T19:39:16.093+0530 [DEBUG] [org.gradle.launcher.daemon.server.DaemonStateCoordinator] Command execution: started DaemonCommandExecution[command = Build{id=a335616f-3442-43fd-bcf4-d98e7f9f088f, currentDir=C:\Users\Prerana Shelke\Downloads\Android-Attendance-App-2023}, connection = DefaultDaemonConnection: socket connection from /127.0.0.1:60143 to /127.0.0.1:60234] after 1.0 minutes of idle
2024-10-08T19:39:16.094+0530 [INFO] [org.gradle.launcher.daemon.server.DaemonRegistryUpdater] Marking the daemon as busy, address: [a3fff6cb-3efc-4464-8d73-09d128813481 port:60143, addresses:[localhost/127.0.0.1]]
2024-10-08T19:39:16.094+0530 [DEBUG] [org.gradle.launcher.daemon.registry.PersistentDaemonRegistry] Marking busy by address: [a3fff6cb-3efc-4464-8d73-09d128813481 port:60143, addresses:[localhost/127.0.0.1]]
2024-10-08T19:39:16.095+0530 [DEBUG] [org.gradle.cache.internal.DefaultFileLockManager] Waiting to acquire exclusive lock on daemon addresses registry.
2024-10-08T19:39:16.096+0530 [DEBUG] [org.gradle.cache.internal.DefaultFileLockManager] Lock acquired on daemon addresses registry.
2024-10-08T19:39:16.097+0530 [DEBUG] [org.gradle.cache.internal.DefaultFileLockManager] Releasing lock on daemon addresses registry.
2024-10-08T19:39:16.101+0530 [DEBUG] [org.gradle.launcher.daemon.server.DaemonStateCoordinator] resetting idle timer
2024-10-08T19:39:16.101+0530 [DEBUG] [org.gradle.launcher.daemon.server.DaemonStateCoordinator] daemon is running. Sleeping until state changes.
2024-10-08T19:39:16.103+0530 [INFO] [org.gradle.launcher.daemon.server.exec.StartBuildOrRespondWithBusy] Daemon is about to start building Build{id=a335616f-3442-43fd-bcf4-d98e7f9f088f, currentDir=C:\Users\Prerana Shelke\Downloads\Android-Attendance-App-2023}. Dispatching build started information...
2024-10-08T19:39:16.104+0530 [DEBUG] [org.gradle.launcher.daemon.server.SynchronizedDispatchConnection] thread 288: dispatching org.gradle.launcher.daemon.protocol.BuildStarted@4eaf8370
2024-10-08T19:39:16.106+0530 [DEBUG] [org.gradle.launcher.daemon.server.SynchronizedDispatchConnection] thread 286: received class org.gradle.launcher.daemon.protocol.CloseInput
2024-10-08T19:39:16.106+0530 [DEBUG] [org.gradle.launcher.daemon.server.exec.EstablishBuildEnvironment] Configuring env variables: [USERDOMAIN_ROAMINGPROFILE, IGCCSVC_DB, LOCALAPPDATA, PROCESSOR_LEVEL, USERDOMAIN, LOGONSERVER, SESSIONNAME, ALLUSERSPROFILE, PROCESSOR_ARCHITECTURE, PSModulePath, SystemDrive, OneDrive, APPDATA, USERNAME, ProgramFiles(x86), CommonProgramFiles, Path, PyCharm, PATHEXT, DriverData, OS, OneDriveConsumer, COMPUTERNAME, PROCESSOR_REVISION, CommonProgramW6432, ComSpec, ProgramData, ProgramW6432, TEMP, HOMEPATH, SystemRoot, PROCESSOR_IDENTIFIER, HOMEDRIVE, USERPROFILE, EFC_1420, TMP, POWERSHELL_DISTRIBUTION_CHANNEL, CommonProgramFiles(x86), ProgramFiles, PUBLIC, windir, NUMBER_OF_PROCESSORS, =::, ZES_ENABLE_SYSMAN]
2024-10-08T19:39:16.106+0530 [DEBUG] [org.gradle.launcher.daemon.server.DefaultDaemonConnection] thread 286: Received IO message from client: org.gradle.launcher.daemon.protocol.CloseInput@1fc15a63
2024-10-08T19:39:16.107+0530 [DEBUG] [org.gradle.launcher.daemon.server.exec.LogToClient] About to start relaying all logs to the client via the connection.
2024-10-08T19:39:16.107+0530 [INFO] [org.gradle.launcher.daemon.server.exec.LogToClient] The client will now receive all logging from the daemon (pid: 18596). The daemon log file: C:\Users\Prerana Shelke\Downloads\Android-Attendance-App-2023\daemon\7.2\daemon-18596.out.log
2024-10-08T19:39:16.108+0530 [INFO] [org.gradle.launcher.daemon.server.exec.LogAndCheckHealth] Starting 3rd build in daemon [uptime: 5 mins 9.625 secs, performance: 100%, non-heap usage: 60% of 256 MiB]
2024-10-08T19:39:16.109+0530 [DEBUG] [org.gradle.launcher.daemon.server.exec.ExecuteBuild] The daemon has started executing the build.
2024-10-08T19:39:16.109+0530 [INFO] [org.gradle.launcher.daemon.server.exec.ForwardClientInput] Closing daemon's stdin at end of input.
2024-10-08T19:39:16.109+0530 [DEBUG] [org.gradle.launcher.daemon.server.exec.ExecuteBuild] Executing build with daemon context: DefaultDaemonContext[uid=90c16ccf-a23e-40ef-b3c1-30a98073b18f,javaHome=C:\Users\Prerana Shelke\.jdks\corretto-11.0.24,daemonRegistryDir=C:\Users\Prerana Shelke\Downloads\Android-Attendance-App-2023\daemon,pid=18596,idleTimeout=10800000,priority=NORMAL,daemonOpts=--add-opens,java.base/java.util=ALL-UNNAMED,--add-opens,java.base/java.lang=ALL-UNNAMED,--add-opens,java.base/java.lang.invoke=ALL-UNNAMED,--add-opens,java.base/java.util=ALL-UNNAMED,--add-opens,java.prefs/java.util.prefs=ALL-UNNAMED,--add-opens,java.prefs/java.util.prefs=ALL-UNNAMED,--add-opens,java.base/java.nio.charset=ALL-UNNAMED,--add-opens,java.base/java.net=ALL-UNNAMED,--add-opens,java.base/java.util.concurrent.atomic=ALL-UNNAMED,-XX:MaxMetaspaceSize=256m,-XX:+HeapDumpOnOutOfMemoryError,-Xms256m,-Xmx512m,-Dfile.encoding=UTF-8,-Duser.country=IN,-Duser.language=en,-Duser.variant]
2024-10-08T19:39:16.109+0530 [INFO] [org.gradle.launcher.daemon.server.exec.ForwardClientInput] The daemon will no longer process any standard input.
AGPBI: {"kind":"warning","text":"We recommend using a newer Android Gradle plugin to use compileSdk = 33\n\nThis Android Gradle plugin (7.1.1) was tested up to compileSdk = 32\n\nThis warning can be suppressed by adding\n    android.suppressUnsupportedCompileSdk=33\nto this project's gradle.properties\n\nThe build will continue, but you are strongly encouraged to update your project to\nuse a newer Android Gradle Plugin that has been tested with compileSdk = 33","sources":[{}]}

Deprecated Gradle features were used in this build, making it incompatible with Gradle 8.0.

You can use '--warning-mode all' to show the individual deprecation warnings and determine if they come from your own scripts or plugins.

See https://docs.gradle.org/7.2/userguide/command_line_interface.html#sec:command_line_warnings

BUILD SUCCESSFUL in 811ms
28 actionable tasks: 28 up-to-date
2024-10-08T19:39:16.926+0530 [DEBUG] [org.gradle.launcher.daemon.server.exec.ExecuteBuild] The daemon has finished executing the build.
2024-10-08T19:39:16.927+0530 [DEBUG] [org.gradle.cache.internal.DefaultFileLockManager] Waiting to acquire shared lock on daemon addresses registry.
2024-10-08T19:39:16.927+0530 [DEBUG] [org.gradle.cache.internal.DefaultFileLockManager] Lock acquired on daemon addresses registry.
2024-10-08T19:39:16.928+0530 [DEBUG] [org.gradle.cache.internal.DefaultFileLockManager] Releasing lock on daemon addresses registry.
2024-10-08T19:39:16.929+0530 [DEBUG] [org.gradle.cache.internal.DefaultFileLockManager] Waiting to acquire shared lock on daemon addresses registry.
2024-10-08T19:39:16.931+0530 [DEBUG] [org.gradle.cache.internal.DefaultFileLockManager] Lock acquired on daemon addresses registry.
2024-10-08T19:39:16.931+0530 [DEBUG] [org.gradle.cache.internal.DefaultFileLockManager] Releasing lock on daemon addresses registry.
2024-10-08T19:39:16.942+0530 [DEBUG] [org.gradle.launcher.daemon.server.DaemonStateCoordinator] daemon is running. Sleeping until state changes.
2024-10-08T19:39:16.942+0530 [DEBUG] [org.gradle.launcher.daemon.server.DaemonStateCoordinator] Command execution: finished waiting for DaemonCommandExecution[command = Build{id=a335616f-3442-43fd-bcf4-d98e7f9f088f, currentDir=C:\Users\Prerana Shelke\Downloads\Android-Attendance-App-2023}, connection = DefaultDaemonConnection: socket connection from /127.0.0.1:60143 to /127.0.0.1:60234]. Result org.gradle.launcher.daemon.server.DaemonStateCoordinator@3c1f3009 with state Busy
2024-10-08T19:39:16.942+0530 [DEBUG] [org.gradle.launcher.daemon.server.DaemonStateCoordinator] Command execution: completed DaemonCommandExecution[command = Build{id=a335616f-3442-43fd-bcf4-d98e7f9f088f, currentDir=C:\Users\Prerana Shelke\Downloads\Android-Attendance-App-2023}, connection = DefaultDaemonConnection: socket connection from /127.0.0.1:60143 to /127.0.0.1:60234]
2024-10-08T19:39:16.943+0530 [DEBUG] [org.gradle.launcher.daemon.server.DaemonStateCoordinator] resetting idle timer
2024-10-08T19:39:16.943+0530 [INFO] [org.gradle.launcher.daemon.server.DaemonRegistryUpdater] Marking the daemon as idle, address: [a3fff6cb-3efc-4464-8d73-09d128813481 port:60143, addresses:[localhost/127.0.0.1]]
2024-10-08T19:39:16.943+0530 [DEBUG] [org.gradle.launcher.daemon.registry.PersistentDaemonRegistry] Marking busy by address: [a3fff6cb-3efc-4464-8d73-09d128813481 port:60143, addresses:[localhost/127.0.0.1]]
2024-10-08T19:39:16.943+0530 [DEBUG] [org.gradle.cache.internal.DefaultFileLockManager] Waiting to acquire exclusive lock on daemon addresses registry.
2024-10-08T19:39:16.944+0530 [DEBUG] [org.gradle.cache.internal.DefaultFileLockManager] Lock acquired on daemon addresses registry.
2024-10-08T19:39:16.945+0530 [DEBUG] [org.gradle.cache.internal.DefaultFileLockManager] Releasing lock on daemon addresses registry.
2024-10-08T19:39:16.946+0530 [DEBUG] [org.gradle.launcher.daemon.server.DaemonStateCoordinator] daemon is running. Sleeping until state changes.
2024-10-08T19:39:16.946+0530 [DEBUG] [org.gradle.launcher.daemon.server.exec.ReturnResult] Daemon is dispatching the build result: Success[value=org.gradle.launcher.exec.BuildActionResult@767e6927]
2024-10-08T19:39:16.946+0530 [DEBUG] [org.gradle.launcher.daemon.server.SynchronizedDispatchConnection] thread 285: dispatching Success[value=org.gradle.launcher.exec.BuildActionResult@767e6927]
2024-10-08T19:39:16.946+0530 [DEBUG] [org.gradle.launcher.daemon.server.DefaultIncomingConnectionHandler] Finishing executing command: Build{id=a335616f-3442-43fd-bcf4-d98e7f9f088f, currentDir=C:\Users\Prerana Shelke\Downloads\Android-Attendance-App-2023}
2024-10-08T19:39:16.947+0530 [DEBUG] [org.gradle.launcher.daemon.server.SynchronizedDispatchConnection] thread 286: received class org.gradle.launcher.daemon.protocol.Finished
2024-10-08T19:39:16.947+0530 [DEBUG] [org.gradle.launcher.daemon.server.DefaultDaemonConnection] thread 286: Received non-IO message from client: org.gradle.launcher.daemon.protocol.Finished@1106a7eb
2024-10-08T19:39:16.947+0530 [DEBUG] [org.gradle.internal.remote.internal.inet.SocketConnection] Discarding EOFException: java.io.EOFException
2024-10-08T19:39:16.947+0530 [DEBUG] [org.gradle.launcher.daemon.server.SynchronizedDispatchConnection] thread 286: received null
2024-10-08T19:39:16.947+0530 [DEBUG] [org.gradle.launcher.daemon.server.DefaultDaemonConnection] thread 286: Received end-of-input from client.
2024-10-08T19:39:16.947+0530 [DEBUG] [org.gradle.launcher.daemon.server.DefaultIncomingConnectionHandler] Received finished message: null
2024-10-08T19:39:16.948+0530 [DEBUG] [org.gradle.launcher.daemon.server.SynchronizedDispatchConnection] thread 285: stopping connection
2024-10-08T19:39:16.950+0530 [DEBUG] [org.gradle.launcher.daemon.server.SynchronizedDispatchConnection] thread 285: stopping connection
2024-10-08T19:39:17.609+0530 [DEBUG] [org.gradle.process.internal.health.memory.DefaultMemoryManager] 831603097 memory requested, 682729472 free
2024-10-08T19:39:17.609+0530 [DEBUG] [org.gradle.workers.internal.WorkerDaemonExpiration] Will attempt to release 793 of memory
2024-10-08T19:39:17.609+0530 [DEBUG] [org.gradle.process.internal.health.memory.DefaultMemoryManager] 831603097 memory requested, 0 released, 682729472 free
2024-10-08T19:39:22.611+0530 [DEBUG] [org.gradle.process.internal.health.memory.DefaultMemoryManager] 831603097 memory requested, 690237440 free
2024-10-08T19:39:22.611+0530 [DEBUG] [org.gradle.workers.internal.WorkerDaemonExpiration] Will attempt to release 793 of memory
2024-10-08T19:39:22.612+0530 [DEBUG] [org.gradle.process.internal.health.memory.DefaultMemoryManager] 831603097 memory requested, 0 released, 690237440 free
2024-10-08T19:39:26.916+0530 [DEBUG] [org.gradle.cache.internal.DefaultFileLockManager] Waiting to acquire shared lock on daemon addresses registry.
2024-10-08T19:39:26.917+0530 [DEBUG] [org.gradle.cache.internal.DefaultFileLockManager] Lock acquired on daemon addresses registry.
2024-10-08T19:39:26.917+0530 [DEBUG] [org.gradle.cache.internal.DefaultFileLockManager] Releasing lock on daemon addresses registry.
2024-10-08T19:39:26.917+0530 [DEBUG] [org.gradle.cache.internal.DefaultFileLockManager] Waiting to acquire shared lock on daemon addresses registry.
2024-10-08T19:39:26.917+0530 [DEBUG] [org.gradle.cache.internal.DefaultFileLockManager] Lock acquired on daemon addresses registry.
2024-10-08T19:39:26.918+0530 [DEBUG] [org.gradle.cache.internal.DefaultFileLockManager] Releasing lock on daemon addresses registry.
2024-10-08T19:39:27.616+0530 [DEBUG] [org.gradle.process.internal.health.memory.DefaultMemoryManager] 831603097 memory requested, 683888640 free
2024-10-08T19:39:27.616+0530 [DEBUG] [org.gradle.workers.internal.WorkerDaemonExpiration] Will attempt to release 793 of memory
2024-10-08T19:39:27.616+0530 [DEBUG] [org.gradle.process.internal.health.memory.DefaultMemoryManager] 831603097 memory requested, 0 released, 683888640 free
2024-10-08T19:39:32.618+0530 [DEBUG] [org.gradle.process.internal.health.memory.DefaultMemoryManager] 831603097 memory requested, 688361472 free
2024-10-08T19:39:32.618+0530 [DEBUG] [org.gradle.workers.internal.WorkerDaemonExpiration] Will attempt to release 793 of memory
2024-10-08T19:39:32.618+0530 [DEBUG] [org.gradle.process.internal.health.memory.DefaultMemoryManager] 831603097 memory requested, 0 released, 688361472 free
2024-10-08T19:39:36.926+0530 [DEBUG] [org.gradle.cache.internal.DefaultFileLockManager] Waiting to acquire shared lock on daemon addresses registry.
2024-10-08T19:39:36.926+0530 [DEBUG] [org.gradle.cache.internal.DefaultFileLockManager] Lock acquired on daemon addresses registry.
2024-10-08T19:39:36.927+0530 [DEBUG] [org.gradle.cache.internal.DefaultFileLockManager] Releasing lock on daemon addresses registry.
2024-10-08T19:39:36.927+0530 [DEBUG] [org.gradle.cache.internal.DefaultFileLockManager] Waiting to acquire shared lock on daemon addresses registry.
2024-10-08T19:39:36.927+0530 [DEBUG] [org.gradle.cache.internal.DefaultFileLockManager] Lock acquired on daemon addresses registry.
2024-10-08T19:39:36.927+0530 [DEBUG] [org.gradle.cache.internal.DefaultFileLockManager] Releasing lock on daemon addresses registry.
2024-10-08T19:39:36.927+0530 [DEBUG] [org.gradle.cache.internal.DefaultFileLockManager] Waiting to acquire shared lock on daemon addresses registry.
2024-10-08T19:39:36.928+0530 [DEBUG] [org.gradle.cache.internal.DefaultFileLockManager] Lock acquired on daemon addresses registry.
2024-10-08T19:39:36.928+0530 [DEBUG] [org.gradle.cache.internal.DefaultFileLockManager] Releasing lock on daemon addresses registry.
2024-10-08T19:39:37.612+0530 [DEBUG] [org.gradle.process.internal.health.memory.DefaultMemoryManager] 831603097 memory requested, 695222272 free
2024-10-08T19:39:37.612+0530 [DEBUG] [org.gradle.workers.internal.WorkerDaemonExpiration] Will attempt to release 793 of memory
2024-10-08T19:39:37.612+0530 [DEBUG] [org.gradle.process.internal.health.memory.DefaultMemoryManager] 831603097 memory requested, 0 released, 695222272 free
2024-10-08T19:39:42.617+0530 [DEBUG] [org.gradle.process.internal.health.memory.DefaultMemoryManager] 831603097 memory requested, 695963648 free
2024-10-08T19:39:42.618+0530 [DEBUG] [org.gradle.workers.internal.WorkerDaemonExpiration] Will attempt to release 793 of memory
2024-10-08T19:39:42.618+0530 [DEBUG] [org.gradle.process.internal.health.memory.DefaultMemoryManager] 831603097 memory requested, 0 released, 695963648 free
2024-10-08T19:39:46.918+0530 [DEBUG] [org.gradle.cache.internal.DefaultFileLockManager] Waiting to acquire shared lock on daemon addresses registry.
2024-10-08T19:39:46.918+0530 [DEBUG] [org.gradle.cache.internal.DefaultFileLockManager] Lock acquired on daemon addresses registry.
2024-10-08T19:39:46.919+0530 [DEBUG] [org.gradle.cache.internal.DefaultFileLockManager] Releasing lock on daemon addresses registry.
2024-10-08T19:39:46.920+0530 [DEBUG] [org.gradle.cache.internal.DefaultFileLockManager] Waiting to acquire shared lock on daemon addresses registry.
2024-10-08T19:39:46.920+0530 [DEBUG] [org.gradle.cache.internal.DefaultFileLockManager] Lock acquired on daemon addresses registry.
2024-10-08T19:39:46.921+0530 [DEBUG] [org.gradle.cache.internal.DefaultFileLockManager] Releasing lock on daemon addresses registry.
2024-10-08T19:39:46.921+0530 [DEBUG] [org.gradle.cache.internal.DefaultFileLockManager] Waiting to acquire shared lock on daemon addresses registry.
2024-10-08T19:39:46.922+0530 [DEBUG] [org.gradle.cache.internal.DefaultFileLockManager] Lock acquired on daemon addresses registry.
2024-10-08T19:39:46.922+0530 [DEBUG] [org.gradle.cache.internal.DefaultFileLockManager] Releasing lock on daemon addresses registry.
2024-10-08T19:39:47.611+0530 [DEBUG] [org.gradle.process.internal.health.memory.DefaultMemoryManager] 831603097 memory requested, 692740096 free
2024-10-08T19:39:47.611+0530 [DEBUG] [org.gradle.workers.internal.WorkerDaemonExpiration] Will attempt to release 793 of memory
2024-10-08T19:39:47.611+0530 [DEBUG] [org.gradle.process.internal.health.memory.DefaultMemoryManager] 831603097 memory requested, 0 released, 692740096 free
2024-10-08T19:39:52.614+0530 [DEBUG] [org.gradle.process.internal.health.memory.DefaultMemoryManager] 831603097 memory requested, 672690176 free
2024-10-08T19:39:52.614+0530 [DEBUG] [org.gradle.workers.internal.WorkerDaemonExpiration] Will attempt to release 793 of memory
2024-10-08T19:39:52.614+0530 [DEBUG] [org.gradle.process.internal.health.memory.DefaultMemoryManager] 831603097 memory requested, 0 released, 672690176 free
2024-10-08T19:39:56.918+0530 [DEBUG] [org.gradle.cache.internal.DefaultFileLockManager] Waiting to acquire shared lock on daemon addresses registry.
2024-10-08T19:39:56.918+0530 [DEBUG] [org.gradle.cache.internal.DefaultFileLockManager] Lock acquired on daemon addresses registry.
2024-10-08T19:39:56.919+0530 [DEBUG] [org.gradle.cache.internal.DefaultFileLockManager] Releasing lock on daemon addresses registry.
2024-10-08T19:39:56.919+0530 [DEBUG] [org.gradle.cache.internal.DefaultFileLockManager] Waiting to acquire shared lock on daemon addresses registry.
2024-10-08T19:39:56.919+0530 [DEBUG] [org.gradle.cache.internal.DefaultFileLockManager] Lock acquired on daemon addresses registry.
2024-10-08T19:39:56.920+0530 [DEBUG] [org.gradle.cache.internal.DefaultFileLockManager] Releasing lock on daemon addresses registry.
2024-10-08T19:39:56.920+0530 [DEBUG] [org.gradle.cache.internal.DefaultFileLockManager] Waiting to acquire shared lock on daemon addresses registry.
2024-10-08T19:39:56.920+0530 [DEBUG] [org.gradle.cache.internal.DefaultFileLockManager] Lock acquired on daemon addresses registry.
2024-10-08T19:39:56.920+0530 [DEBUG] [org.gradle.cache.internal.DefaultFileLockManager] Releasing lock on daemon addresses registry.
2024-10-08T19:39:57.614+0530 [DEBUG] [org.gradle.process.internal.health.memory.DefaultMemoryManager] 831603097 memory requested, 667971584 free
2024-10-08T19:39:57.614+0530 [DEBUG] [org.gradle.workers.internal.WorkerDaemonExpiration] Will attempt to release 793 of memory
2024-10-08T19:39:57.614+0530 [DEBUG] [org.gradle.process.internal.health.memory.DefaultMemoryManager] 831603097 memory requested, 0 released, 667971584 free
2024-10-08T19:40:01.441+0530 [DEBUG] [org.gradle.internal.remote.internal.inet.TcpIncomingConnector] Accepted connection from /127.0.0.1:60238 to /127.0.0.1:60143.
2024-10-08T19:40:01.444+0530 [DEBUG] [org.gradle.launcher.daemon.server.SynchronizedDispatchConnection] thread 390: received class org.gradle.launcher.daemon.protocol.Build
2024-10-08T19:40:01.444+0530 [DEBUG] [org.gradle.launcher.daemon.server.DefaultDaemonConnection] thread 390: Received non-IO message from client: Build{id=eac9e186-9970-4dfe-ba35-5584f51f0d55, currentDir=C:\Users\Prerana Shelke\Downloads\Android-Attendance-App-2023}
2024-10-08T19:40:01.444+0530 [INFO] [org.gradle.launcher.daemon.server.DefaultIncomingConnectionHandler] Received command: Build{id=eac9e186-9970-4dfe-ba35-5584f51f0d55, currentDir=C:\Users\Prerana Shelke\Downloads\Android-Attendance-App-2023}.
2024-10-08T19:40:01.444+0530 [DEBUG] [org.gradle.launcher.daemon.server.DefaultIncomingConnectionHandler] Starting executing command: Build{id=eac9e186-9970-4dfe-ba35-5584f51f0d55, currentDir=C:\Users\Prerana Shelke\Downloads\Android-Attendance-App-2023} with connection: socket connection from /127.0.0.1:60143 to /127.0.0.1:60238.
2024-10-08T19:40:01.444+0530 [DEBUG] [org.gradle.launcher.daemon.server.DaemonStateCoordinator] Command execution: started DaemonCommandExecution[command = Build{id=eac9e186-9970-4dfe-ba35-5584f51f0d55, currentDir=C:\Users\Prerana Shelke\Downloads\Android-Attendance-App-2023}, connection = DefaultDaemonConnection: socket connection from /127.0.0.1:60143 to /127.0.0.1:60238] after 0.0 minutes of idle
2024-10-08T19:40:01.444+0530 [INFO] [org.gradle.launcher.daemon.server.DaemonRegistryUpdater] Marking the daemon as busy, address: [a3fff6cb-3efc-4464-8d73-09d128813481 port:60143, addresses:[localhost/127.0.0.1]]
2024-10-08T19:40:01.444+0530 [DEBUG] [org.gradle.launcher.daemon.registry.PersistentDaemonRegistry] Marking busy by address: [a3fff6cb-3efc-4464-8d73-09d128813481 port:60143, addresses:[localhost/127.0.0.1]]
2024-10-08T19:40:01.445+0530 [DEBUG] [org.gradle.cache.internal.DefaultFileLockManager] Waiting to acquire exclusive lock on daemon addresses registry.
2024-10-08T19:40:01.445+0530 [DEBUG] [org.gradle.cache.internal.DefaultFileLockManager] Lock acquired on daemon addresses registry.
2024-10-08T19:40:01.446+0530 [DEBUG] [org.gradle.cache.internal.DefaultFileLockManager] Releasing lock on daemon addresses registry.
2024-10-08T19:40:01.446+0530 [DEBUG] [org.gradle.launcher.daemon.server.DaemonStateCoordinator] resetting idle timer
2024-10-08T19:40:01.446+0530 [DEBUG] [org.gradle.launcher.daemon.server.DaemonStateCoordinator] daemon is running. Sleeping until state changes.
2024-10-08T19:40:01.446+0530 [INFO] [org.gradle.launcher.daemon.server.exec.StartBuildOrRespondWithBusy] Daemon is about to start building Build{id=eac9e186-9970-4dfe-ba35-5584f51f0d55, currentDir=C:\Users\Prerana Shelke\Downloads\Android-Attendance-App-2023}. Dispatching build started information...
2024-10-08T19:40:01.446+0530 [DEBUG] [org.gradle.launcher.daemon.server.SynchronizedDispatchConnection] thread 288: dispatching org.gradle.launcher.daemon.protocol.BuildStarted@53dca631
2024-10-08T19:40:01.447+0530 [DEBUG] [org.gradle.launcher.daemon.server.exec.EstablishBuildEnvironment] Configuring env variables: [USERDOMAIN_ROAMINGPROFILE, IGCCSVC_DB, LOCALAPPDATA, PROCESSOR_LEVEL, USERDOMAIN, LOGONSERVER, SESSIONNAME, ALLUSERSPROFILE, PROCESSOR_ARCHITECTURE, PSModulePath, SystemDrive, OneDrive, APPDATA, USERNAME, ProgramFiles(x86), CommonProgramFiles, Path, PyCharm, PATHEXT, DriverData, OS, OneDriveConsumer, COMPUTERNAME, PROCESSOR_REVISION, CommonProgramW6432, ComSpec, ProgramData, ProgramW6432, TEMP, HOMEPATH, SystemRoot, PROCESSOR_IDENTIFIER, HOMEDRIVE, USERPROFILE, EFC_1420, TMP, POWERSHELL_DISTRIBUTION_CHANNEL, CommonProgramFiles(x86), ProgramFiles, PUBLIC, windir, NUMBER_OF_PROCESSORS, =::, ZES_ENABLE_SYSMAN]
2024-10-08T19:40:01.447+0530 [DEBUG] [org.gradle.launcher.daemon.server.SynchronizedDispatchConnection] thread 390: received class org.gradle.launcher.daemon.protocol.CloseInput
2024-10-08T19:40:01.447+0530 [DEBUG] [org.gradle.launcher.daemon.server.DefaultDaemonConnection] thread 390: Received IO message from client: org.gradle.launcher.daemon.protocol.CloseInput@1b533fbb
2024-10-08T19:40:01.447+0530 [DEBUG] [org.gradle.launcher.daemon.server.exec.LogToClient] About to start relaying all logs to the client via the connection.
2024-10-08T19:40:01.447+0530 [INFO] [org.gradle.launcher.daemon.server.exec.LogToClient] The client will now receive all logging from the daemon (pid: 18596). The daemon log file: C:\Users\Prerana Shelke\Downloads\Android-Attendance-App-2023\daemon\7.2\daemon-18596.out.log
2024-10-08T19:40:01.448+0530 [INFO] [org.gradle.launcher.daemon.server.exec.LogAndCheckHealth] Starting 4th build in daemon [uptime: 5 mins 54.965 secs, performance: 100%, non-heap usage: 61% of 256 MiB]
2024-10-08T19:40:01.448+0530 [DEBUG] [org.gradle.launcher.daemon.server.exec.ExecuteBuild] The daemon has started executing the build.
2024-10-08T19:40:01.448+0530 [INFO] [org.gradle.launcher.daemon.server.exec.ForwardClientInput] Closing daemon's stdin at end of input.
2024-10-08T19:40:01.448+0530 [INFO] [org.gradle.launcher.daemon.server.exec.ForwardClientInput] The daemon will no longer process any standard input.
2024-10-08T19:40:01.448+0530 [DEBUG] [org.gradle.launcher.daemon.server.exec.ExecuteBuild] Executing build with daemon context: DefaultDaemonContext[uid=90c16ccf-a23e-40ef-b3c1-30a98073b18f,javaHome=C:\Users\Prerana Shelke\.jdks\corretto-11.0.24,daemonRegistryDir=C:\Users\Prerana Shelke\Downloads\Android-Attendance-App-2023\daemon,pid=18596,idleTimeout=10800000,priority=NORMAL,daemonOpts=--add-opens,java.base/java.util=ALL-UNNAMED,--add-opens,java.base/java.lang=ALL-UNNAMED,--add-opens,java.base/java.lang.invoke=ALL-UNNAMED,--add-opens,java.base/java.util=ALL-UNNAMED,--add-opens,java.prefs/java.util.prefs=ALL-UNNAMED,--add-opens,java.prefs/java.util.prefs=ALL-UNNAMED,--add-opens,java.base/java.nio.charset=ALL-UNNAMED,--add-opens,java.base/java.net=ALL-UNNAMED,--add-opens,java.base/java.util.concurrent.atomic=ALL-UNNAMED,-XX:MaxMetaspaceSize=256m,-XX:+HeapDumpOnOutOfMemoryError,-Xms256m,-Xmx512m,-Dfile.encoding=UTF-8,-Duser.country=IN,-Duser.language=en,-Duser.variant]
AGPBI: {"kind":"warning","text":"We recommend using a newer Android Gradle plugin to use compileSdk = 33\n\nThis Android Gradle plugin (7.1.1) was tested up to compileSdk = 32\n\nThis warning can be suppressed by adding\n    android.suppressUnsupportedCompileSdk=33\nto this project's gradle.properties\n\nThe build will continue, but you are strongly encouraged to update your project to\nuse a newer Android Gradle Plugin that has been tested with compileSdk = 33","sources":[{}]}

Deprecated Gradle features were used in this build, making it incompatible with Gradle 8.0.

You can use '--warning-mode all' to show the individual deprecation warnings and determine if they come from your own scripts or plugins.

See https://docs.gradle.org/7.2/userguide/command_line_interface.html#sec:command_line_warnings

BUILD SUCCESSFUL in 7s
28 actionable tasks: 11 executed, 17 up-to-date
2024-10-08T19:40:09.230+0530 [DEBUG] [org.gradle.launcher.daemon.server.exec.ExecuteBuild] The daemon has finished executing the build.
2024-10-08T19:40:09.248+0530 [DEBUG] [org.gradle.launcher.daemon.server.DaemonStateCoordinator] Command execution: finished waiting for DaemonCommandExecution[command = Build{id=eac9e186-9970-4dfe-ba35-5584f51f0d55, currentDir=C:\Users\Prerana Shelke\Downloads\Android-Attendance-App-2023}, connection = DefaultDaemonConnection: socket connection from /127.0.0.1:60143 to /127.0.0.1:60238]. Result org.gradle.launcher.daemon.server.DaemonStateCoordinator@3c1f3009 with state Busy
2024-10-08T19:40:09.248+0530 [DEBUG] [org.gradle.launcher.daemon.server.DaemonStateCoordinator] Command execution: completed DaemonCommandExecution[command = Build{id=eac9e186-9970-4dfe-ba35-5584f51f0d55, currentDir=C:\Users\Prerana Shelke\Downloads\Android-Attendance-App-2023}, connection = DefaultDaemonConnection: socket connection from /127.0.0.1:60143 to /127.0.0.1:60238]
2024-10-08T19:40:09.249+0530 [DEBUG] [org.gradle.launcher.daemon.server.DaemonStateCoordinator] resetting idle timer
2024-10-08T19:40:09.249+0530 [INFO] [org.gradle.launcher.daemon.server.DaemonRegistryUpdater] Marking the daemon as idle, address: [a3fff6cb-3efc-4464-8d73-09d128813481 port:60143, addresses:[localhost/127.0.0.1]]
2024-10-08T19:40:09.249+0530 [DEBUG] [org.gradle.launcher.daemon.registry.PersistentDaemonRegistry] Marking busy by address: [a3fff6cb-3efc-4464-8d73-09d128813481 port:60143, addresses:[localhost/127.0.0.1]]
2024-10-08T19:40:09.249+0530 [DEBUG] [org.gradle.cache.internal.DefaultFileLockManager] Waiting to acquire exclusive lock on daemon addresses registry.
2024-10-08T19:40:09.250+0530 [DEBUG] [org.gradle.cache.internal.DefaultFileLockManager] Lock acquired on daemon addresses registry.
2024-10-08T19:40:09.251+0530 [DEBUG] [org.gradle.cache.internal.DefaultFileLockManager] Releasing lock on daemon addresses registry.
2024-10-08T19:40:09.252+0530 [DEBUG] [org.gradle.launcher.daemon.server.DaemonStateCoordinator] daemon is running. Sleeping until state changes.
2024-10-08T19:40:09.252+0530 [DEBUG] [org.gradle.launcher.daemon.server.exec.ReturnResult] Daemon is dispatching the build result: Success[value=org.gradle.launcher.exec.BuildActionResult@4c9d1092]
2024-10-08T19:40:09.252+0530 [DEBUG] [org.gradle.launcher.daemon.server.SynchronizedDispatchConnection] thread 285: dispatching Success[value=org.gradle.launcher.exec.BuildActionResult@4c9d1092]
2024-10-08T19:40:09.252+0530 [DEBUG] [org.gradle.launcher.daemon.server.DefaultIncomingConnectionHandler] Finishing executing command: Build{id=eac9e186-9970-4dfe-ba35-5584f51f0d55, currentDir=C:\Users\Prerana Shelke\Downloads\Android-Attendance-App-2023}
2024-10-08T19:40:09.253+0530 [DEBUG] [org.gradle.launcher.daemon.server.SynchronizedDispatchConnection] thread 390: received class org.gradle.launcher.daemon.protocol.Finished
2024-10-08T19:40:09.253+0530 [DEBUG] [org.gradle.launcher.daemon.server.DefaultDaemonConnection] thread 390: Received non-IO message from client: org.gradle.launcher.daemon.protocol.Finished@1594c2a1
2024-10-08T19:40:09.253+0530 [DEBUG] [org.gradle.launcher.daemon.server.DefaultIncomingConnectionHandler] Received finished message: org.gradle.launcher.daemon.protocol.Finished@1594c2a1
2024-10-08T19:40:09.253+0530 [DEBUG] [org.gradle.launcher.daemon.server.SynchronizedDispatchConnection] thread 285: stopping connection
2024-10-08T19:40:09.253+0530 [DEBUG] [org.gradle.internal.remote.internal.inet.SocketConnection] Discarding EOFException: java.io.EOFException
2024-10-08T19:40:09.253+0530 [DEBUG] [org.gradle.launcher.daemon.server.SynchronizedDispatchConnection] thread 390: received null
2024-10-08T19:40:09.253+0530 [DEBUG] [org.gradle.launcher.daemon.server.DefaultDaemonConnection] thread 390: Received end-of-input from client.
2024-10-08T19:40:09.254+0530 [DEBUG] [org.gradle.launcher.daemon.server.SynchronizedDispatchConnection] thread 285: stopping connection
2024-10-08T19:40:12.609+0530 [DEBUG] [org.gradle.process.internal.health.memory.DefaultMemoryManager] 831603097 memory requested, 515612672 free
2024-10-08T19:40:12.609+0530 [DEBUG] [org.gradle.workers.internal.WorkerDaemonExpiration] Will attempt to release 793 of memory
2024-10-08T19:40:12.609+0530 [DEBUG] [org.gradle.process.internal.health.memory.DefaultMemoryManager] 831603097 memory requested, 0 released, 515612672 free
2024-10-08T19:40:15.816+0530 [DEBUG] [org.gradle.internal.remote.internal.inet.TcpIncomingConnector] Accepted connection from /127.0.0.1:60241 to /127.0.0.1:60143.
2024-10-08T19:40:15.821+0530 [DEBUG] [org.gradle.launcher.daemon.server.SynchronizedDispatchConnection] thread 516: received class org.gradle.launcher.daemon.protocol.Build
2024-10-08T19:40:15.821+0530 [DEBUG] [org.gradle.launcher.daemon.server.DefaultDaemonConnection] thread 516: Received non-IO message from client: Build{id=245b0825-981e-4e4d-9b46-431360a9a090, currentDir=C:\Users\Prerana Shelke\Downloads\Android-Attendance-App-2023}
2024-10-08T19:40:15.821+0530 [INFO] [org.gradle.launcher.daemon.server.DefaultIncomingConnectionHandler] Received command: Build{id=245b0825-981e-4e4d-9b46-431360a9a090, currentDir=C:\Users\Prerana Shelke\Downloads\Android-Attendance-App-2023}.
2024-10-08T19:40:15.821+0530 [DEBUG] [org.gradle.launcher.daemon.server.DefaultIncomingConnectionHandler] Starting executing command: Build{id=245b0825-981e-4e4d-9b46-431360a9a090, currentDir=C:\Users\Prerana Shelke\Downloads\Android-Attendance-App-2023} with connection: socket connection from /127.0.0.1:60143 to /127.0.0.1:60241.
2024-10-08T19:40:15.822+0530 [DEBUG] [org.gradle.launcher.daemon.server.DaemonStateCoordinator] Command execution: started DaemonCommandExecution[command = Build{id=245b0825-981e-4e4d-9b46-431360a9a090, currentDir=C:\Users\Prerana Shelke\Downloads\Android-Attendance-App-2023}, connection = DefaultDaemonConnection: socket connection from /127.0.0.1:60143 to /127.0.0.1:60241] after 0.0 minutes of idle
2024-10-08T19:40:15.822+0530 [INFO] [org.gradle.launcher.daemon.server.DaemonRegistryUpdater] Marking the daemon as busy, address: [a3fff6cb-3efc-4464-8d73-09d128813481 port:60143, addresses:[localhost/127.0.0.1]]
2024-10-08T19:40:15.822+0530 [DEBUG] [org.gradle.launcher.daemon.registry.PersistentDaemonRegistry] Marking busy by address: [a3fff6cb-3efc-4464-8d73-09d128813481 port:60143, addresses:[localhost/127.0.0.1]]
2024-10-08T19:40:15.823+0530 [DEBUG] [org.gradle.cache.internal.DefaultFileLockManager] Waiting to acquire exclusive lock on daemon addresses registry.
2024-10-08T19:40:15.823+0530 [DEBUG] [org.gradle.cache.internal.DefaultFileLockManager] Lock acquired on daemon addresses registry.
2024-10-08T19:40:15.825+0530 [DEBUG] [org.gradle.cache.internal.DefaultFileLockManager] Releasing lock on daemon addresses registry.
2024-10-08T19:40:15.826+0530 [DEBUG] [org.gradle.launcher.daemon.server.DaemonStateCoordinator] resetting idle timer
2024-10-08T19:40:15.827+0530 [DEBUG] [org.gradle.launcher.daemon.server.DaemonStateCoordinator] daemon is running. Sleeping until state changes.
2024-10-08T19:40:15.827+0530 [INFO] [org.gradle.launcher.daemon.server.exec.StartBuildOrRespondWithBusy] Daemon is about to start building Build{id=245b0825-981e-4e4d-9b46-431360a9a090, currentDir=C:\Users\Prerana Shelke\Downloads\Android-Attendance-App-2023}. Dispatching build started information...
2024-10-08T19:40:15.827+0530 [DEBUG] [org.gradle.launcher.daemon.server.SynchronizedDispatchConnection] thread 288: dispatching org.gradle.launcher.daemon.protocol.BuildStarted@48a2d7c4
2024-10-08T19:40:15.828+0530 [DEBUG] [org.gradle.launcher.daemon.server.exec.EstablishBuildEnvironment] Configuring env variables: [USERDOMAIN_ROAMINGPROFILE, IGCCSVC_DB, LOCALAPPDATA, PROCESSOR_LEVEL, USERDOMAIN, LOGONSERVER, SESSIONNAME, ALLUSERSPROFILE, PROCESSOR_ARCHITECTURE, PSModulePath, SystemDrive, OneDrive, APPDATA, USERNAME, ProgramFiles(x86), CommonProgramFiles, Path, PyCharm, PATHEXT, DriverData, OS, OneDriveConsumer, COMPUTERNAME, PROCESSOR_REVISION, CommonProgramW6432, ComSpec, ProgramData, ProgramW6432, TEMP, HOMEPATH, SystemRoot, PROCESSOR_IDENTIFIER, HOMEDRIVE, USERPROFILE, EFC_1420, TMP, POWERSHELL_DISTRIBUTION_CHANNEL, CommonProgramFiles(x86), ProgramFiles, PUBLIC, windir, NUMBER_OF_PROCESSORS, =::, ZES_ENABLE_SYSMAN]
2024-10-08T19:40:15.829+0530 [DEBUG] [org.gradle.launcher.daemon.server.SynchronizedDispatchConnection] thread 516: received class org.gradle.launcher.daemon.protocol.CloseInput
2024-10-08T19:40:15.829+0530 [DEBUG] [org.gradle.launcher.daemon.server.DefaultDaemonConnection] thread 516: Received IO message from client: org.gradle.launcher.daemon.protocol.CloseInput@2a8233ee
2024-10-08T19:40:15.830+0530 [DEBUG] [org.gradle.launcher.daemon.server.exec.LogToClient] About to start relaying all logs to the client via the connection.
2024-10-08T19:40:15.830+0530 [INFO] [org.gradle.launcher.daemon.server.exec.LogToClient] The client will now receive all logging from the daemon (pid: 18596). The daemon log file: C:\Users\Prerana Shelke\Downloads\Android-Attendance-App-2023\daemon\7.2\daemon-18596.out.log
2024-10-08T19:40:15.833+0530 [INFO] [org.gradle.launcher.daemon.server.exec.LogAndCheckHealth] Starting 5th build in daemon [uptime: 6 mins 9.348 secs, performance: 100%, non-heap usage: 61% of 256 MiB]
2024-10-08T19:40:15.835+0530 [DEBUG] [org.gradle.launcher.daemon.server.exec.ExecuteBuild] The daemon has started executing the build.
2024-10-08T19:40:15.835+0530 [INFO] [org.gradle.launcher.daemon.server.exec.ForwardClientInput] Closing daemon's stdin at end of input.
2024-10-08T19:40:15.836+0530 [INFO] [org.gradle.launcher.daemon.server.exec.ForwardClientInput] The daemon will no longer process any standard input.
2024-10-08T19:40:15.836+0530 [DEBUG] [org.gradle.launcher.daemon.server.exec.ExecuteBuild] Executing build with daemon context: DefaultDaemonContext[uid=90c16ccf-a23e-40ef-b3c1-30a98073b18f,javaHome=C:\Users\Prerana Shelke\.jdks\corretto-11.0.24,daemonRegistryDir=C:\Users\Prerana Shelke\Downloads\Android-Attendance-App-2023\daemon,pid=18596,idleTimeout=10800000,priority=NORMAL,daemonOpts=--add-opens,java.base/java.util=ALL-UNNAMED,--add-opens,java.base/java.lang=ALL-UNNAMED,--add-opens,java.base/java.lang.invoke=ALL-UNNAMED,--add-opens,java.base/java.util=ALL-UNNAMED,--add-opens,java.prefs/java.util.prefs=ALL-UNNAMED,--add-opens,java.prefs/java.util.prefs=ALL-UNNAMED,--add-opens,java.base/java.nio.charset=ALL-UNNAMED,--add-opens,java.base/java.net=ALL-UNNAMED,--add-opens,java.base/java.util.concurrent.atomic=ALL-UNNAMED,-XX:MaxMetaspaceSize=256m,-XX:+HeapDumpOnOutOfMemoryError,-Xms256m,-Xmx512m,-Dfile.encoding=UTF-8,-Duser.country=IN,-Duser.language=en,-Duser.variant]
AGPBI: {"kind":"warning","text":"We recommend using a newer Android Gradle plugin to use compileSdk = 33\n\nThis Android Gradle plugin (7.1.1) was tested up to compileSdk = 32\n\nThis warning can be suppressed by adding\n    android.suppressUnsupportedCompileSdk=33\nto this project's gradle.properties\n\nThe build will continue, but you are strongly encouraged to update your project to\nuse a newer Android Gradle Plugin that has been tested with compileSdk = 33","sources":[{}]}

Deprecated Gradle features were used in this build, making it incompatible with Gradle 8.0.

You can use '--warning-mode all' to show the individual deprecation warnings and determine if they come from your own scripts or plugins.

See https://docs.gradle.org/7.2/userguide/command_line_interface.html#sec:command_line_warnings

BUILD SUCCESSFUL in 1s
28 actionable tasks: 11 executed, 17 up-to-date
2024-10-08T19:40:17.394+0530 [DEBUG] [org.gradle.launcher.daemon.server.exec.ExecuteBuild] The daemon has finished executing the build.
2024-10-08T19:40:17.413+0530 [DEBUG] [org.gradle.launcher.daemon.server.DaemonStateCoordinator] daemon is running. Sleeping until state changes.
2024-10-08T19:40:17.413+0530 [DEBUG] [org.gradle.launcher.daemon.server.DaemonStateCoordinator] Command execution: finished waiting for DaemonCommandExecution[command = Build{id=245b0825-981e-4e4d-9b46-431360a9a090, currentDir=C:\Users\Prerana Shelke\Downloads\Android-Attendance-App-2023}, connection = DefaultDaemonConnection: socket connection from /127.0.0.1:60143 to /127.0.0.1:60241]. Result org.gradle.launcher.daemon.server.DaemonStateCoordinator@3c1f3009 with state Busy
2024-10-08T19:40:17.413+0530 [DEBUG] [org.gradle.launcher.daemon.server.DaemonStateCoordinator] Command execution: completed DaemonCommandExecution[command = Build{id=245b0825-981e-4e4d-9b46-431360a9a090, currentDir=C:\Users\Prerana Shelke\Downloads\Android-Attendance-App-2023}, connection = DefaultDaemonConnection: socket connection from /127.0.0.1:60143 to /127.0.0.1:60241]
2024-10-08T19:40:17.413+0530 [DEBUG] [org.gradle.launcher.daemon.server.DaemonStateCoordinator] resetting idle timer
2024-10-08T19:40:17.413+0530 [INFO] [org.gradle.launcher.daemon.server.DaemonRegistryUpdater] Marking the daemon as idle, address: [a3fff6cb-3efc-4464-8d73-09d128813481 port:60143, addresses:[localhost/127.0.0.1]]
2024-10-08T19:40:17.413+0530 [DEBUG] [org.gradle.launcher.daemon.registry.PersistentDaemonRegistry] Marking busy by address: [a3fff6cb-3efc-4464-8d73-09d128813481 port:60143, addresses:[localhost/127.0.0.1]]
2024-10-08T19:40:17.414+0530 [DEBUG] [org.gradle.cache.internal.DefaultFileLockManager] Waiting to acquire exclusive lock on daemon addresses registry.
2024-10-08T19:40:17.415+0530 [DEBUG] [org.gradle.cache.internal.DefaultFileLockManager] Lock acquired on daemon addresses registry.
2024-10-08T19:40:17.416+0530 [DEBUG] [org.gradle.cache.internal.DefaultFileLockManager] Releasing lock on daemon addresses registry.
2024-10-08T19:40:17.416+0530 [DEBUG] [org.gradle.launcher.daemon.server.DaemonStateCoordinator] daemon is running. Sleeping until state changes.
2024-10-08T19:40:17.416+0530 [DEBUG] [org.gradle.launcher.daemon.server.exec.ReturnResult] Daemon is dispatching the build result: Success[value=org.gradle.launcher.exec.BuildActionResult@7d595dce]
2024-10-08T19:40:17.416+0530 [DEBUG] [org.gradle.launcher.daemon.server.SynchronizedDispatchConnection] thread 285: dispatching Success[value=org.gradle.launcher.exec.BuildActionResult@7d595dce]
2024-10-08T19:40:17.416+0530 [DEBUG] [org.gradle.launcher.daemon.server.DefaultIncomingConnectionHandler] Finishing executing command: Build{id=245b0825-981e-4e4d-9b46-431360a9a090, currentDir=C:\Users\Prerana Shelke\Downloads\Android-Attendance-App-2023}
2024-10-08T19:40:17.417+0530 [DEBUG] [org.gradle.launcher.daemon.server.SynchronizedDispatchConnection] thread 516: received class org.gradle.launcher.daemon.protocol.Finished
2024-10-08T19:40:17.417+0530 [DEBUG] [org.gradle.launcher.daemon.server.DefaultDaemonConnection] thread 516: Received non-IO message from client: org.gradle.launcher.daemon.protocol.Finished@2445c8ce
2024-10-08T19:40:17.417+0530 [DEBUG] [org.gradle.launcher.daemon.server.DefaultIncomingConnectionHandler] Received finished message: org.gradle.launcher.daemon.protocol.Finished@2445c8ce
2024-10-08T19:40:17.417+0530 [DEBUG] [org.gradle.launcher.daemon.server.SynchronizedDispatchConnection] thread 285: stopping connection
2024-10-08T19:40:17.417+0530 [DEBUG] [org.gradle.internal.remote.internal.inet.SocketConnection] Discarding EOFException: java.io.EOFException
2024-10-08T19:40:17.417+0530 [DEBUG] [org.gradle.launcher.daemon.server.SynchronizedDispatchConnection] thread 516: received null
2024-10-08T19:40:17.417+0530 [DEBUG] [org.gradle.launcher.daemon.server.DefaultDaemonConnection] thread 516: Received end-of-input from client.
2024-10-08T19:40:17.419+0530 [DEBUG] [org.gradle.launcher.daemon.server.SynchronizedDispatchConnection] thread 285: stopping connection
2024-10-08T19:40:17.614+0530 [DEBUG] [org.gradle.process.internal.health.memory.DefaultMemoryManager] 831603097 memory requested, 519397376 free
2024-10-08T19:40:17.614+0530 [DEBUG] [org.gradle.workers.internal.WorkerDaemonExpiration] Will attempt to release 793 of memory
2024-10-08T19:40:17.614+0530 [DEBUG] [org.gradle.process.internal.health.memory.DefaultMemoryManager] 831603097 memory requested, 0 released, 519397376 free
2024-10-08T19:40:22.607+0530 [DEBUG] [org.gradle.process.internal.health.memory.DefaultMemoryManager] 831603097 memory requested, 511619072 free
2024-10-08T19:40:22.607+0530 [DEBUG] [org.gradle.workers.internal.WorkerDaemonExpiration] Will attempt to release 793 of memory
2024-10-08T19:40:22.607+0530 [DEBUG] [org.gradle.process.internal.health.memory.DefaultMemoryManager] 831603097 memory requested, 0 released, 511619072 free
2024-10-08T19:40:26.922+0530 [DEBUG] [org.gradle.cache.internal.DefaultFileLockManager] Waiting to acquire shared lock on daemon addresses registry.
2024-10-08T19:40:26.922+0530 [DEBUG] [org.gradle.cache.internal.DefaultFileLockManager] Lock acquired on daemon addresses registry.
2024-10-08T19:40:26.923+0530 [DEBUG] [org.gradle.cache.internal.DefaultFileLockManager] Releasing lock on daemon addresses registry.
2024-10-08T19:40:26.924+0530 [DEBUG] [org.gradle.cache.internal.DefaultFileLockManager] Waiting to acquire shared lock on daemon addresses registry.
2024-10-08T19:40:26.924+0530 [DEBUG] [org.gradle.cache.internal.DefaultFileLockManager] Lock acquired on daemon addresses registry.
2024-10-08T19:40:26.924+0530 [DEBUG] [org.gradle.cache.internal.DefaultFileLockManager] Releasing lock on daemon addresses registry.
2024-10-08T19:40:27.618+0530 [DEBUG] [org.gradle.process.internal.health.memory.DefaultMemoryManager] 831603097 memory requested, 500871168 free
2024-10-08T19:40:27.618+0530 [DEBUG] [org.gradle.workers.internal.WorkerDaemonExpiration] Will attempt to release 793 of memory
2024-10-08T19:40:27.618+0530 [DEBUG] [org.gradle.process.internal.health.memory.DefaultMemoryManager] 831603097 memory requested, 0 released, 500871168 free
2024-10-08T19:40:32.611+0530 [DEBUG] [org.gradle.process.internal.health.memory.DefaultMemoryManager] 831603097 memory requested, 484884480 free
2024-10-08T19:40:32.611+0530 [DEBUG] [org.gradle.workers.internal.WorkerDaemonExpiration] Will attempt to release 793 of memory
2024-10-08T19:40:32.611+0530 [DEBUG] [org.gradle.process.internal.health.memory.DefaultMemoryManager] 831603097 memory requested, 0 released, 484884480 free
2024-10-08T19:40:36.914+0530 [DEBUG] [org.gradle.cache.internal.DefaultFileLockManager] Waiting to acquire shared lock on daemon addresses registry.
2024-10-08T19:40:36.915+0530 [DEBUG] [org.gradle.cache.internal.DefaultFileLockManager] Lock acquired on daemon addresses registry.
2024-10-08T19:40:36.915+0530 [DEBUG] [org.gradle.cache.internal.DefaultFileLockManager] Releasing lock on daemon addresses registry.
2024-10-08T19:40:36.916+0530 [DEBUG] [org.gradle.cache.internal.DefaultFileLockManager] Waiting to acquire shared lock on daemon addresses registry.
2024-10-08T19:40:36.916+0530 [DEBUG] [org.gradle.cache.internal.DefaultFileLockManager] Lock acquired on daemon addresses registry.
2024-10-08T19:40:36.916+0530 [DEBUG] [org.gradle.cache.internal.DefaultFileLockManager] Releasing lock on daemon addresses registry.
2024-10-08T19:40:36.917+0530 [DEBUG] [org.gradle.cache.internal.DefaultFileLockManager] Waiting to acquire shared lock on daemon addresses registry.
2024-10-08T19:40:36.917+0530 [DEBUG] [org.gradle.cache.internal.DefaultFileLockManager] Lock acquired on daemon addresses registry.
2024-10-08T19:40:36.917+0530 [DEBUG] [org.gradle.cache.internal.DefaultFileLockManager] Releasing lock on daemon addresses registry.
2024-10-08T19:40:37.616+0530 [DEBUG] [org.gradle.process.internal.health.memory.DefaultMemoryManager] 831603097 memory requested, 574857216 free
2024-10-08T19:40:37.616+0530 [DEBUG] [org.gradle.workers.internal.WorkerDaemonExpiration] Will attempt to release 793 of memory
2024-10-08T19:40:37.616+0530 [DEBUG] [org.gradle.process.internal.health.memory.DefaultMemoryManager] 831603097 memory requested, 0 released, 574857216 free
2024-10-08T19:40:42.609+0530 [DEBUG] [org.gradle.process.internal.health.memory.DefaultMemoryManager] 831603097 memory requested, 601624576 free
2024-10-08T19:40:42.609+0530 [DEBUG] [org.gradle.workers.internal.WorkerDaemonExpiration] Will attempt to release 793 of memory
2024-10-08T19:40:42.609+0530 [DEBUG] [org.gradle.process.internal.health.memory.DefaultMemoryManager] 831603097 memory requested, 0 released, 601624576 free
2024-10-08T19:40:46.916+0530 [DEBUG] [org.gradle.cache.internal.DefaultFileLockManager] Waiting to acquire shared lock on daemon addresses registry.
2024-10-08T19:40:46.917+0530 [DEBUG] [org.gradle.cache.internal.DefaultFileLockManager] Lock acquired on daemon addresses registry.
2024-10-08T19:40:46.917+0530 [DEBUG] [org.gradle.cache.internal.DefaultFileLockManager] Releasing lock on daemon addresses registry.
2024-10-08T19:40:46.917+0530 [DEBUG] [org.gradle.cache.internal.DefaultFileLockManager] Waiting to acquire shared lock on daemon addresses registry.
2024-10-08T19:40:46.918+0530 [DEBUG] [org.gradle.cache.internal.DefaultFileLockManager] Lock acquired on daemon addresses registry.
2024-10-08T19:40:46.918+0530 [DEBUG] [org.gradle.cache.internal.DefaultFileLockManager] Releasing lock on daemon addresses registry.
2024-10-08T19:40:46.918+0530 [DEBUG] [org.gradle.cache.internal.DefaultFileLockManager] Waiting to acquire shared lock on daemon addresses registry.
2024-10-08T19:40:46.918+0530 [DEBUG] [org.gradle.cache.internal.DefaultFileLockManager] Lock acquired on daemon addresses registry.
2024-10-08T19:40:46.918+0530 [DEBUG] [org.gradle.cache.internal.DefaultFileLockManager] Releasing lock on daemon addresses registry.
2024-10-08T19:40:47.618+0530 [DEBUG] [org.gradle.process.internal.health.memory.DefaultMemoryManager] 831603097 memory requested, 588140544 free
2024-10-08T19:40:47.618+0530 [DEBUG] [org.gradle.workers.internal.WorkerDaemonExpiration] Will attempt to release 793 of memory
2024-10-08T19:40:47.618+0530 [DEBUG] [org.gradle.process.internal.health.memory.DefaultMemoryManager] 831603097 memory requested, 0 released, 588140544 free
2024-10-08T19:40:52.620+0530 [DEBUG] [org.gradle.process.internal.health.memory.DefaultMemoryManager] 831603097 memory requested, 601346048 free
2024-10-08T19:40:52.620+0530 [DEBUG] [org.gradle.workers.internal.WorkerDaemonExpiration] Will attempt to release 793 of memory
2024-10-08T19:40:52.620+0530 [DEBUG] [org.gradle.process.internal.health.memory.DefaultMemoryManager] 831603097 memory requested, 0 released, 601346048 free
2024-10-08T19:40:56.921+0530 [DEBUG] [org.gradle.cache.internal.DefaultFileLockManager] Waiting to acquire shared lock on daemon addresses registry.
2024-10-08T19:40:56.922+0530 [DEBUG] [org.gradle.cache.internal.DefaultFileLockManager] Lock acquired on daemon addresses registry.
2024-10-08T19:40:56.922+0530 [DEBUG] [org.gradle.cache.internal.DefaultFileLockManager] Releasing lock on daemon addresses registry.
2024-10-08T19:40:56.923+0530 [DEBUG] [org.gradle.cache.internal.DefaultFileLockManager] Waiting to acquire shared lock on daemon addresses registry.
2024-10-08T19:40:56.923+0530 [DEBUG] [org.gradle.cache.internal.DefaultFileLockManager] Lock acquired on daemon addresses registry.
2024-10-08T19:40:56.924+0530 [DEBUG] [org.gradle.cache.internal.DefaultFileLockManager] Releasing lock on daemon addresses registry.
2024-10-08T19:40:56.924+0530 [DEBUG] [org.gradle.cache.internal.DefaultFileLockManager] Waiting to acquire shared lock on daemon addresses registry.
2024-10-08T19:40:56.924+0530 [DEBUG] [org.gradle.cache.internal.DefaultFileLockManager] Lock acquired on daemon addresses registry.
2024-10-08T19:40:56.925+0530 [DEBUG] [org.gradle.cache.internal.DefaultFileLockManager] Releasing lock on daemon addresses registry.
2024-10-08T19:40:57.617+0530 [DEBUG] [org.gradle.process.internal.health.memory.DefaultMemoryManager] 831603097 memory requested, 615469056 free
2024-10-08T19:40:57.617+0530 [DEBUG] [org.gradle.workers.internal.WorkerDaemonExpiration] Will attempt to release 793 of memory
2024-10-08T19:40:57.617+0530 [DEBUG] [org.gradle.process.internal.health.memory.DefaultMemoryManager] 831603097 memory requested, 0 released, 615469056 free
2024-10-08T19:41:02.622+0530 [DEBUG] [org.gradle.process.internal.health.memory.DefaultMemoryManager] 831603097 memory requested, 612425728 free
2024-10-08T19:41:02.622+0530 [DEBUG] [org.gradle.workers.internal.WorkerDaemonExpiration] Will attempt to release 793 of memory
2024-10-08T19:41:02.622+0530 [DEBUG] [org.gradle.process.internal.health.memory.DefaultMemoryManager] 831603097 memory requested, 0 released, 612425728 free
2024-10-08T19:41:06.917+0530 [DEBUG] [org.gradle.cache.internal.DefaultFileLockManager] Waiting to acquire shared lock on daemon addresses registry.
2024-10-08T19:41:06.917+0530 [DEBUG] [org.gradle.cache.internal.DefaultFileLockManager] Lock acquired on daemon addresses registry.
2024-10-08T19:41:06.918+0530 [DEBUG] [org.gradle.cache.internal.DefaultFileLockManager] Releasing lock on daemon addresses registry.
2024-10-08T19:41:06.918+0530 [DEBUG] [org.gradle.cache.internal.DefaultFileLockManager] Waiting to acquire shared lock on daemon addresses registry.
2024-10-08T19:41:06.918+0530 [DEBUG] [org.gradle.cache.internal.DefaultFileLockManager] Lock acquired on daemon addresses registry.
2024-10-08T19:41:06.919+0530 [DEBUG] [org.gradle.cache.internal.DefaultFileLockManager] Releasing lock on daemon addresses registry.
2024-10-08T19:41:06.919+0530 [DEBUG] [org.gradle.cache.internal.DefaultFileLockManager] Waiting to acquire shared lock on daemon addresses registry.
2024-10-08T19:41:06.919+0530 [DEBUG] [org.gradle.cache.internal.DefaultFileLockManager] Lock acquired on daemon addresses registry.
2024-10-08T19:41:06.919+0530 [DEBUG] [org.gradle.cache.internal.DefaultFileLockManager] Releasing lock on daemon addresses registry.
2024-10-08T19:41:07.617+0530 [DEBUG] [org.gradle.process.internal.health.memory.DefaultMemoryManager] 831603097 memory requested, 434597888 free
2024-10-08T19:41:07.617+0530 [DEBUG] [org.gradle.workers.internal.WorkerDaemonExpiration] Will attempt to release 793 of memory
2024-10-08T19:41:07.617+0530 [DEBUG] [org.gradle.process.internal.health.memory.DefaultMemoryManager] 831603097 memory requested, 0 released, 434597888 free
2024-10-08T19:41:12.609+0530 [DEBUG] [org.gradle.process.internal.health.memory.DefaultMemoryManager] 831603097 memory requested, 485507072 free
2024-10-08T19:41:12.609+0530 [DEBUG] [org.gradle.workers.internal.WorkerDaemonExpiration] Will attempt to release 793 of memory
2024-10-08T19:41:12.610+0530 [DEBUG] [org.gradle.process.internal.health.memory.DefaultMemoryManager] 831603097 memory requested, 0 released, 485507072 free
2024-10-08T19:41:16.921+0530 [DEBUG] [org.gradle.cache.internal.DefaultFileLockManager] Waiting to acquire shared lock on daemon addresses registry.
2024-10-08T19:41:16.921+0530 [DEBUG] [org.gradle.cache.internal.DefaultFileLockManager] Lock acquired on daemon addresses registry.
2024-10-08T19:41:16.921+0530 [DEBUG] [org.gradle.cache.internal.DefaultFileLockManager] Releasing lock on daemon addresses registry.
2024-10-08T19:41:16.922+0530 [DEBUG] [org.gradle.cache.internal.DefaultFileLockManager] Waiting to acquire shared lock on daemon addresses registry.
2024-10-08T19:41:16.922+0530 [DEBUG] [org.gradle.cache.internal.DefaultFileLockManager] Lock acquired on daemon addresses registry.
2024-10-08T19:41:16.922+0530 [DEBUG] [org.gradle.cache.internal.DefaultFileLockManager] Releasing lock on daemon addresses registry.
2024-10-08T19:41:16.922+0530 [DEBUG] [org.gradle.cache.internal.DefaultFileLockManager] Waiting to acquire shared lock on daemon addresses registry.
2024-10-08T19:41:16.922+0530 [DEBUG] [org.gradle.cache.internal.DefaultFileLockManager] Lock acquired on daemon addresses registry.
2024-10-08T19:41:16.922+0530 [DEBUG] [org.gradle.cache.internal.DefaultFileLockManager] Releasing lock on daemon addresses registry.
2024-10-08T19:41:17.620+0530 [DEBUG] [org.gradle.process.internal.health.memory.DefaultMemoryManager] 831603097 memory requested, 474636288 free
2024-10-08T19:41:17.620+0530 [DEBUG] [org.gradle.workers.internal.WorkerDaemonExpiration] Will attempt to release 793 of memory
2024-10-08T19:41:17.620+0530 [DEBUG] [org.gradle.process.internal.health.memory.DefaultMemoryManager] 831603097 memory requested, 0 released, 474636288 free
2024-10-08T19:41:22.619+0530 [DEBUG] [org.gradle.process.internal.health.memory.DefaultMemoryManager] 831603097 memory requested, 469217280 free
2024-10-08T19:41:22.619+0530 [DEBUG] [org.gradle.workers.internal.WorkerDaemonExpiration] Will attempt to release 793 of memory
2024-10-08T19:41:22.619+0530 [DEBUG] [org.gradle.process.internal.health.memory.DefaultMemoryManager] 831603097 memory requested, 0 released, 469217280 free
2024-10-08T19:41:26.927+0530 [DEBUG] [org.gradle.cache.internal.DefaultFileLockManager] Waiting to acquire shared lock on daemon addresses registry.
2024-10-08T19:41:26.927+0530 [DEBUG] [org.gradle.cache.internal.DefaultFileLockManager] Lock acquired on daemon addresses registry.
2024-10-08T19:41:26.927+0530 [DEBUG] [org.gradle.cache.internal.DefaultFileLockManager] Releasing lock on daemon addresses registry.
2024-10-08T19:41:26.928+0530 [DEBUG] [org.gradle.cache.internal.DefaultFileLockManager] Waiting to acquire shared lock on daemon addresses registry.
2024-10-08T19:41:26.928+0530 [DEBUG] [org.gradle.cache.internal.DefaultFileLockManager] Lock acquired on daemon addresses registry.
2024-10-08T19:41:26.928+0530 [DEBUG] [org.gradle.cache.internal.DefaultFileLockManager] Releasing lock on daemon addresses registry.
2024-10-08T19:41:26.928+0530 [DEBUG] [org.gradle.cache.internal.DefaultFileLockManager] Waiting to acquire shared lock on daemon addresses registry.
2024-10-08T19:41:26.929+0530 [DEBUG] [org.gradle.cache.internal.DefaultFileLockManager] Lock acquired on daemon addresses registry.
2024-10-08T19:41:26.929+0530 [DEBUG] [org.gradle.cache.internal.DefaultFileLockManager] Releasing lock on daemon addresses registry.
2024-10-08T19:41:27.609+0530 [DEBUG] [org.gradle.process.internal.health.memory.DefaultMemoryManager] 831603097 memory requested, 471486464 free
2024-10-08T19:41:27.610+0530 [DEBUG] [org.gradle.workers.internal.WorkerDaemonExpiration] Will attempt to release 793 of memory
2024-10-08T19:41:27.610+0530 [DEBUG] [org.gradle.process.internal.health.memory.DefaultMemoryManager] 831603097 memory requested, 0 released, 471486464 free
2024-10-08T19:41:32.619+0530 [DEBUG] [org.gradle.process.internal.health.memory.DefaultMemoryManager] 831603097 memory requested, 470421504 free
2024-10-08T19:41:32.619+0530 [DEBUG] [org.gradle.workers.internal.WorkerDaemonExpiration] Will attempt to release 793 of memory
2024-10-08T19:41:32.619+0530 [DEBUG] [org.gradle.process.internal.health.memory.DefaultMemoryManager] 831603097 memory requested, 0 released, 470421504 free
2024-10-08T19:41:36.925+0530 [DEBUG] [org.gradle.cache.internal.DefaultFileLockManager] Waiting to acquire shared lock on daemon addresses registry.
2024-10-08T19:41:36.925+0530 [DEBUG] [org.gradle.cache.internal.DefaultFileLockManager] Lock acquired on daemon addresses registry.
2024-10-08T19:41:36.925+0530 [DEBUG] [org.gradle.cache.internal.DefaultFileLockManager] Releasing lock on daemon addresses registry.
2024-10-08T19:41:36.926+0530 [DEBUG] [org.gradle.cache.internal.DefaultFileLockManager] Waiting to acquire shared lock on daemon addresses registry.
2024-10-08T19:41:36.926+0530 [DEBUG] [org.gradle.cache.internal.DefaultFileLockManager] Lock acquired on daemon addresses registry.
2024-10-08T19:41:36.926+0530 [DEBUG] [org.gradle.cache.internal.DefaultFileLockManager] Releasing lock on daemon addresses registry.
2024-10-08T19:41:36.927+0530 [DEBUG] [org.gradle.cache.internal.DefaultFileLockManager] Waiting to acquire shared lock on daemon addresses registry.
2024-10-08T19:41:36.927+0530 [DEBUG] [org.gradle.cache.internal.DefaultFileLockManager] Lock acquired on daemon addresses registry.
2024-10-08T19:41:36.927+0530 [DEBUG] [org.gradle.cache.internal.DefaultFileLockManager] Releasing lock on daemon addresses registry.
2024-10-08T19:41:37.618+0530 [DEBUG] [org.gradle.process.internal.health.memory.DefaultMemoryManager] 831603097 memory requested, 465174528 free
2024-10-08T19:41:37.618+0530 [DEBUG] [org.gradle.workers.internal.WorkerDaemonExpiration] Will attempt to release 793 of memory
2024-10-08T19:41:37.618+0530 [DEBUG] [org.gradle.process.internal.health.memory.DefaultMemoryManager] 831603097 memory requested, 0 released, 465174528 free
2024-10-08T19:41:42.616+0530 [DEBUG] [org.gradle.process.internal.health.memory.DefaultMemoryManager] 831603097 memory requested, 468332544 free
2024-10-08T19:41:42.616+0530 [DEBUG] [org.gradle.workers.internal.WorkerDaemonExpiration] Will attempt to release 793 of memory
2024-10-08T19:41:42.617+0530 [DEBUG] [org.gradle.process.internal.health.memory.DefaultMemoryManager] 831603097 memory requested, 0 released, 468332544 free
2024-10-08T19:41:46.918+0530 [DEBUG] [org.gradle.cache.internal.DefaultFileLockManager] Waiting to acquire shared lock on daemon addresses registry.
2024-10-08T19:41:46.918+0530 [DEBUG] [org.gradle.cache.internal.DefaultFileLockManager] Lock acquired on daemon addresses registry.
2024-10-08T19:41:46.919+0530 [DEBUG] [org.gradle.cache.internal.DefaultFileLockManager] Releasing lock on daemon addresses registry.
2024-10-08T19:41:46.920+0530 [DEBUG] [org.gradle.cache.internal.DefaultFileLockManager] Waiting to acquire shared lock on daemon addresses registry.
2024-10-08T19:41:46.920+0530 [DEBUG] [org.gradle.cache.internal.DefaultFileLockManager] Lock acquired on daemon addresses registry.
2024-10-08T19:41:46.921+0530 [DEBUG] [org.gradle.cache.internal.DefaultFileLockManager] Releasing lock on daemon addresses registry.
2024-10-08T19:41:46.922+0530 [DEBUG] [org.gradle.cache.internal.DefaultFileLockManager] Waiting to acquire shared lock on daemon addresses registry.
2024-10-08T19:41:46.922+0530 [DEBUG] [org.gradle.cache.internal.DefaultFileLockManager] Lock acquired on daemon addresses registry.
2024-10-08T19:41:46.922+0530 [DEBUG] [org.gradle.cache.internal.DefaultFileLockManager] Releasing lock on daemon addresses registry.
2024-10-08T19:41:47.619+0530 [DEBUG] [org.gradle.process.internal.health.memory.DefaultMemoryManager] 831603097 memory requested, 467435520 free
2024-10-08T19:41:47.619+0530 [DEBUG] [org.gradle.workers.internal.WorkerDaemonExpiration] Will attempt to release 793 of memory
2024-10-08T19:41:47.619+0530 [DEBUG] [org.gradle.process.internal.health.memory.DefaultMemoryManager] 831603097 memory requested, 0 released, 467435520 free
2024-10-08T19:41:52.611+0530 [DEBUG] [org.gradle.process.internal.health.memory.DefaultMemoryManager] 831603097 memory requested, 472522752 free
2024-10-08T19:41:52.611+0530 [DEBUG] [org.gradle.workers.internal.WorkerDaemonExpiration] Will attempt to release 793 of memory
2024-10-08T19:41:52.611+0530 [DEBUG] [org.gradle.process.internal.health.memory.DefaultMemoryManager] 831603097 memory requested, 0 released, 472522752 free
2024-10-08T19:41:56.930+0530 [DEBUG] [org.gradle.cache.internal.DefaultFileLockManager] Waiting to acquire shared lock on daemon addresses registry.
2024-10-08T19:41:56.930+0530 [DEBUG] [org.gradle.cache.internal.DefaultFileLockManager] Lock acquired on daemon addresses registry.
2024-10-08T19:41:56.930+0530 [DEBUG] [org.gradle.cache.internal.DefaultFileLockManager] Releasing lock on daemon addresses registry.
2024-10-08T19:41:56.931+0530 [DEBUG] [org.gradle.cache.internal.DefaultFileLockManager] Waiting to acquire shared lock on daemon addresses registry.
2024-10-08T19:41:56.932+0530 [DEBUG] [org.gradle.cache.internal.DefaultFileLockManager] Lock acquired on daemon addresses registry.
2024-10-08T19:41:56.932+0530 [DEBUG] [org.gradle.cache.internal.DefaultFileLockManager] Releasing lock on daemon addresses registry.
2024-10-08T19:41:56.933+0530 [DEBUG] [org.gradle.cache.internal.DefaultFileLockManager] Waiting to acquire shared lock on daemon addresses registry.
2024-10-08T19:41:56.933+0530 [DEBUG] [org.gradle.cache.internal.DefaultFileLockManager] Lock acquired on daemon addresses registry.
2024-10-08T19:41:56.933+0530 [DEBUG] [org.gradle.cache.internal.DefaultFileLockManager] Releasing lock on daemon addresses registry.
2024-10-08T19:41:57.617+0530 [DEBUG] [org.gradle.process.internal.health.memory.DefaultMemoryManager] 831603097 memory requested, 469839872 free
2024-10-08T19:41:57.618+0530 [DEBUG] [org.gradle.workers.internal.WorkerDaemonExpiration] Will attempt to release 793 of memory
2024-10-08T19:41:57.618+0530 [DEBUG] [org.gradle.process.internal.health.memory.DefaultMemoryManager] 831603097 memory requested, 0 released, 469839872 free
2024-10-08T19:42:02.612+0530 [DEBUG] [org.gradle.process.internal.health.memory.DefaultMemoryManager] 831603097 memory requested, 476139520 free
2024-10-08T19:42:02.612+0530 [DEBUG] [org.gradle.workers.internal.WorkerDaemonExpiration] Will attempt to release 793 of memory
2024-10-08T19:42:02.612+0530 [DEBUG] [org.gradle.process.internal.health.memory.DefaultMemoryManager] 831603097 memory requested, 0 released, 476139520 free
2024-10-08T19:42:06.927+0530 [DEBUG] [org.gradle.cache.internal.DefaultFileLockManager] Waiting to acquire shared lock on daemon addresses registry.
2024-10-08T19:42:06.927+0530 [DEBUG] [org.gradle.cache.internal.DefaultFileLockManager] Lock acquired on daemon addresses registry.
2024-10-08T19:42:06.927+0530 [DEBUG] [org.gradle.cache.internal.DefaultFileLockManager] Releasing lock on daemon addresses registry.
2024-10-08T19:42:06.927+0530 [DEBUG] [org.gradle.cache.internal.DefaultFileLockManager] Waiting to acquire shared lock on daemon addresses registry.
2024-10-08T19:42:06.927+0530 [DEBUG] [org.gradle.cache.internal.DefaultFileLockManager] Lock acquired on daemon addresses registry.
2024-10-08T19:42:06.928+0530 [DEBUG] [org.gradle.cache.internal.DefaultFileLockManager] Releasing lock on daemon addresses registry.
2024-10-08T19:42:06.928+0530 [DEBUG] [org.gradle.cache.internal.DefaultFileLockManager] Waiting to acquire shared lock on daemon addresses registry.
2024-10-08T19:42:06.928+0530 [DEBUG] [org.gradle.cache.internal.DefaultFileLockManager] Lock acquired on daemon addresses registry.
2024-10-08T19:42:06.928+0530 [DEBUG] [org.gradle.cache.internal.DefaultFileLockManager] Releasing lock on daemon addresses registry.
2024-10-08T19:42:07.608+0530 [DEBUG] [org.gradle.process.internal.health.memory.DefaultMemoryManager] 831603097 memory requested, 476188672 free
2024-10-08T19:42:07.609+0530 [DEBUG] [org.gradle.workers.internal.WorkerDaemonExpiration] Will attempt to release 793 of memory
2024-10-08T19:42:07.609+0530 [DEBUG] [org.gradle.process.internal.health.memory.DefaultMemoryManager] 831603097 memory requested, 0 released, 476188672 free
2024-10-08T19:42:12.612+0530 [DEBUG] [org.gradle.process.internal.health.memory.DefaultMemoryManager] 831603097 memory requested, 470642688 free
2024-10-08T19:42:12.613+0530 [DEBUG] [org.gradle.workers.internal.WorkerDaemonExpiration] Will attempt to release 793 of memory
2024-10-08T19:42:12.613+0530 [DEBUG] [org.gradle.process.internal.health.memory.DefaultMemoryManager] 831603097 memory requested, 0 released, 470642688 free
2024-10-08T19:42:16.916+0530 [DEBUG] [org.gradle.cache.internal.DefaultFileLockManager] Waiting to acquire shared lock on daemon addresses registry.
2024-10-08T19:42:16.916+0530 [DEBUG] [org.gradle.cache.internal.DefaultFileLockManager] Lock acquired on daemon addresses registry.
2024-10-08T19:42:16.917+0530 [DEBUG] [org.gradle.cache.internal.DefaultFileLockManager] Releasing lock on daemon addresses registry.
2024-10-08T19:42:16.917+0530 [DEBUG] [org.gradle.cache.internal.DefaultFileLockManager] Waiting to acquire shared lock on daemon addresses registry.
2024-10-08T19:42:16.918+0530 [DEBUG] [org.gradle.cache.internal.DefaultFileLockManager] Lock acquired on daemon addresses registry.
2024-10-08T19:42:16.918+0530 [DEBUG] [org.gradle.cache.internal.DefaultFileLockManager] Releasing lock on daemon addresses registry.
2024-10-08T19:42:16.919+0530 [DEBUG] [org.gradle.cache.internal.DefaultFileLockManager] Waiting to acquire shared lock on daemon addresses registry.
2024-10-08T19:42:16.919+0530 [DEBUG] [org.gradle.cache.internal.DefaultFileLockManager] Lock acquired on daemon addresses registry.
2024-10-08T19:42:16.919+0530 [DEBUG] [org.gradle.cache.internal.DefaultFileLockManager] Releasing lock on daemon addresses registry.
2024-10-08T19:42:17.615+0530 [DEBUG] [org.gradle.process.internal.health.memory.DefaultMemoryManager] 831603097 memory requested, 455950336 free
2024-10-08T19:42:17.615+0530 [DEBUG] [org.gradle.workers.internal.WorkerDaemonExpiration] Will attempt to release 793 of memory
2024-10-08T19:42:17.615+0530 [DEBUG] [org.gradle.process.internal.health.memory.DefaultMemoryManager] 831603097 memory requested, 0 released, 455950336 free
2024-10-08T19:42:22.607+0530 [DEBUG] [org.gradle.process.internal.health.memory.DefaultMemoryManager] 831603097 memory requested, 442589184 free
2024-10-08T19:42:22.607+0530 [DEBUG] [org.gradle.workers.internal.WorkerDaemonExpiration] Will attempt to release 793 of memory
2024-10-08T19:42:22.607+0530 [DEBUG] [org.gradle.process.internal.health.memory.DefaultMemoryManager] 831603097 memory requested, 0 released, 442589184 free
2024-10-08T19:42:26.921+0530 [DEBUG] [org.gradle.cache.internal.DefaultFileLockManager] Waiting to acquire shared lock on daemon addresses registry.
2024-10-08T19:42:26.922+0530 [DEBUG] [org.gradle.cache.internal.DefaultFileLockManager] Lock acquired on daemon addresses registry.
2024-10-08T19:42:26.922+0530 [DEBUG] [org.gradle.cache.internal.DefaultFileLockManager] Releasing lock on daemon addresses registry.
2024-10-08T19:42:26.923+0530 [DEBUG] [org.gradle.cache.internal.DefaultFileLockManager] Waiting to acquire shared lock on daemon addresses registry.
2024-10-08T19:42:26.923+0530 [DEBUG] [org.gradle.cache.internal.DefaultFileLockManager] Lock acquired on daemon addresses registry.
2024-10-08T19:42:26.924+0530 [DEBUG] [org.gradle.cache.internal.DefaultFileLockManager] Releasing lock on daemon addresses registry.
2024-10-08T19:42:26.924+0530 [DEBUG] [org.gradle.cache.internal.DefaultFileLockManager] Waiting to acquire shared lock on daemon addresses registry.
2024-10-08T19:42:26.925+0530 [DEBUG] [org.gradle.cache.internal.DefaultFileLockManager] Lock acquired on daemon addresses registry.
2024-10-08T19:42:26.925+0530 [DEBUG] [org.gradle.cache.internal.DefaultFileLockManager] Releasing lock on daemon addresses registry.
2024-10-08T19:42:27.622+0530 [DEBUG] [org.gradle.process.internal.health.memory.DefaultMemoryManager] 831603097 memory requested, 441729024 free
2024-10-08T19:42:27.622+0530 [DEBUG] [org.gradle.workers.internal.WorkerDaemonExpiration] Will attempt to release 793 of memory
2024-10-08T19:42:27.622+0530 [DEBUG] [org.gradle.process.internal.health.memory.DefaultMemoryManager] 831603097 memory requested, 0 released, 441729024 free
2024-10-08T19:42:32.608+0530 [DEBUG] [org.gradle.process.internal.health.memory.DefaultMemoryManager] 831603097 memory requested, 444157952 free
2024-10-08T19:42:32.608+0530 [DEBUG] [org.gradle.workers.internal.WorkerDaemonExpiration] Will attempt to release 793 of memory
2024-10-08T19:42:32.608+0530 [DEBUG] [org.gradle.process.internal.health.memory.DefaultMemoryManager] 831603097 memory requested, 0 released, 444157952 free
2024-10-08T19:42:36.919+0530 [DEBUG] [org.gradle.cache.internal.DefaultFileLockManager] Waiting to acquire shared lock on daemon addresses registry.
2024-10-08T19:42:36.919+0530 [DEBUG] [org.gradle.cache.internal.DefaultFileLockManager] Lock acquired on daemon addresses registry.
2024-10-08T19:42:36.919+0530 [DEBUG] [org.gradle.cache.internal.DefaultFileLockManager] Releasing lock on daemon addresses registry.
2024-10-08T19:42:36.920+0530 [DEBUG] [org.gradle.cache.internal.DefaultFileLockManager] Waiting to acquire shared lock on daemon addresses registry.
2024-10-08T19:42:36.920+0530 [DEBUG] [org.gradle.cache.internal.DefaultFileLockManager] Lock acquired on daemon addresses registry.
2024-10-08T19:42:36.920+0530 [DEBUG] [org.gradle.cache.internal.DefaultFileLockManager] Releasing lock on daemon addresses registry.
2024-10-08T19:42:36.920+0530 [DEBUG] [org.gradle.cache.internal.DefaultFileLockManager] Waiting to acquire shared lock on daemon addresses registry.
2024-10-08T19:42:36.920+0530 [DEBUG] [org.gradle.cache.internal.DefaultFileLockManager] Lock acquired on daemon addresses registry.
2024-10-08T19:42:36.920+0530 [DEBUG] [org.gradle.cache.internal.DefaultFileLockManager] Releasing lock on daemon addresses registry.
2024-10-08T19:42:37.614+0530 [DEBUG] [org.gradle.process.internal.health.memory.DefaultMemoryManager] 831603097 memory requested, 446889984 free
2024-10-08T19:42:37.615+0530 [DEBUG] [org.gradle.workers.internal.WorkerDaemonExpiration] Will attempt to release 793 of memory
2024-10-08T19:42:37.616+0530 [DEBUG] [org.gradle.process.internal.health.memory.DefaultMemoryManager] 831603097 memory requested, 0 released, 446889984 free
2024-10-08T19:42:42.606+0530 [DEBUG] [org.gradle.process.internal.health.memory.DefaultMemoryManager] 831603097 memory requested, 441507840 free
2024-10-08T19:42:42.606+0530 [DEBUG] [org.gradle.workers.internal.WorkerDaemonExpiration] Will attempt to release 793 of memory
2024-10-08T19:42:42.606+0530 [DEBUG] [org.gradle.process.internal.health.memory.DefaultMemoryManager] 831603097 memory requested, 0 released, 441507840 free
2024-10-08T19:42:46.926+0530 [DEBUG] [org.gradle.cache.internal.DefaultFileLockManager] Waiting to acquire shared lock on daemon addresses registry.
2024-10-08T19:42:46.926+0530 [DEBUG] [org.gradle.cache.internal.DefaultFileLockManager] Lock acquired on daemon addresses registry.
2024-10-08T19:42:46.926+0530 [DEBUG] [org.gradle.cache.internal.DefaultFileLockManager] Releasing lock on daemon addresses registry.
2024-10-08T19:42:46.927+0530 [DEBUG] [org.gradle.cache.internal.DefaultFileLockManager] Waiting to acquire shared lock on daemon addresses registry.
2024-10-08T19:42:46.927+0530 [DEBUG] [org.gradle.cache.internal.DefaultFileLockManager] Lock acquired on daemon addresses registry.
2024-10-08T19:42:46.927+0530 [DEBUG] [org.gradle.cache.internal.DefaultFileLockManager] Releasing lock on daemon addresses registry.
2024-10-08T19:42:46.927+0530 [DEBUG] [org.gradle.cache.internal.DefaultFileLockManager] Waiting to acquire shared lock on daemon addresses registry.
2024-10-08T19:42:46.927+0530 [DEBUG] [org.gradle.cache.internal.DefaultFileLockManager] Lock acquired on daemon addresses registry.
2024-10-08T19:42:46.927+0530 [DEBUG] [org.gradle.cache.internal.DefaultFileLockManager] Releasing lock on daemon addresses registry.
2024-10-08T19:42:47.610+0530 [DEBUG] [org.gradle.process.internal.health.memory.DefaultMemoryManager] 831603097 memory requested, 427716608 free
2024-10-08T19:42:47.610+0530 [DEBUG] [org.gradle.workers.internal.WorkerDaemonExpiration] Will attempt to release 793 of memory
2024-10-08T19:42:47.610+0530 [DEBUG] [org.gradle.process.internal.health.memory.DefaultMemoryManager] 831603097 memory requested, 0 released, 427716608 free
2024-10-08T19:42:52.606+0530 [DEBUG] [org.gradle.process.internal.health.memory.DefaultMemoryManager] 831603097 memory requested, 436240384 free
2024-10-08T19:42:52.606+0530 [DEBUG] [org.gradle.workers.internal.WorkerDaemonExpiration] Will attempt to release 793 of memory
2024-10-08T19:42:52.607+0530 [DEBUG] [org.gradle.process.internal.health.memory.DefaultMemoryManager] 831603097 memory requested, 0 released, 436240384 free
2024-10-08T19:42:56.917+0530 [DEBUG] [org.gradle.cache.internal.DefaultFileLockManager] Waiting to acquire shared lock on daemon addresses registry.
2024-10-08T19:42:56.918+0530 [DEBUG] [org.gradle.cache.internal.DefaultFileLockManager] Lock acquired on daemon addresses registry.
2024-10-08T19:42:56.918+0530 [DEBUG] [org.gradle.cache.internal.DefaultFileLockManager] Releasing lock on daemon addresses registry.
2024-10-08T19:42:56.919+0530 [DEBUG] [org.gradle.cache.internal.DefaultFileLockManager] Waiting to acquire shared lock on daemon addresses registry.
2024-10-08T19:42:56.919+0530 [DEBUG] [org.gradle.cache.internal.DefaultFileLockManager] Lock acquired on daemon addresses registry.
2024-10-08T19:42:56.919+0530 [DEBUG] [org.gradle.cache.internal.DefaultFileLockManager] Releasing lock on daemon addresses registry.
2024-10-08T19:42:56.919+0530 [DEBUG] [org.gradle.cache.internal.DefaultFileLockManager] Waiting to acquire shared lock on daemon addresses registry.
2024-10-08T19:42:56.919+0530 [DEBUG] [org.gradle.cache.internal.DefaultFileLockManager] Lock acquired on daemon addresses registry.
2024-10-08T19:42:56.919+0530 [DEBUG] [org.gradle.cache.internal.DefaultFileLockManager] Releasing lock on daemon addresses registry.
2024-10-08T19:42:57.616+0530 [DEBUG] [org.gradle.process.internal.health.memory.DefaultMemoryManager] 831603097 memory requested, 424824832 free
2024-10-08T19:42:57.616+0530 [DEBUG] [org.gradle.workers.internal.WorkerDaemonExpiration] Will attempt to release 793 of memory
2024-10-08T19:42:57.616+0530 [DEBUG] [org.gradle.process.internal.health.memory.DefaultMemoryManager] 831603097 memory requested, 0 released, 424824832 free
2024-10-08T19:43:02.618+0530 [DEBUG] [org.gradle.process.internal.health.memory.DefaultMemoryManager] 831603097 memory requested, 422019072 free
2024-10-08T19:43:02.618+0530 [DEBUG] [org.gradle.workers.internal.WorkerDaemonExpiration] Will attempt to release 793 of memory
2024-10-08T19:43:02.618+0530 [DEBUG] [org.gradle.process.internal.health.memory.DefaultMemoryManager] 831603097 memory requested, 0 released, 422019072 free
2024-10-08T19:43:06.918+0530 [DEBUG] [org.gradle.cache.internal.DefaultFileLockManager] Waiting to acquire shared lock on daemon addresses registry.
2024-10-08T19:43:06.918+0530 [DEBUG] [org.gradle.cache.internal.DefaultFileLockManager] Lock acquired on daemon addresses registry.
2024-10-08T19:43:06.919+0530 [DEBUG] [org.gradle.cache.internal.DefaultFileLockManager] Releasing lock on daemon addresses registry.
2024-10-08T19:43:06.920+0530 [DEBUG] [org.gradle.cache.internal.DefaultFileLockManager] Waiting to acquire shared lock on daemon addresses registry.
2024-10-08T19:43:06.920+0530 [DEBUG] [org.gradle.cache.internal.DefaultFileLockManager] Lock acquired on daemon addresses registry.
2024-10-08T19:43:06.921+0530 [DEBUG] [org.gradle.cache.internal.DefaultFileLockManager] Releasing lock on daemon addresses registry.
2024-10-08T19:43:06.921+0530 [DEBUG] [org.gradle.cache.internal.DefaultFileLockManager] Waiting to acquire shared lock on daemon addresses registry.
2024-10-08T19:43:06.921+0530 [DEBUG] [org.gradle.cache.internal.DefaultFileLockManager] Lock acquired on daemon addresses registry.
2024-10-08T19:43:06.922+0530 [DEBUG] [org.gradle.cache.internal.DefaultFileLockManager] Releasing lock on daemon addresses registry.
2024-10-08T19:43:07.618+0530 [DEBUG] [org.gradle.process.internal.health.memory.DefaultMemoryManager] 831603097 memory requested, 420679680 free
2024-10-08T19:43:07.619+0530 [DEBUG] [org.gradle.workers.internal.WorkerDaemonExpiration] Will attempt to release 793 of memory
2024-10-08T19:43:07.619+0530 [DEBUG] [org.gradle.process.internal.health.memory.DefaultMemoryManager] 831603097 memory requested, 0 released, 420679680 free
2024-10-08T19:43:12.612+0530 [DEBUG] [org.gradle.process.internal.health.memory.DefaultMemoryManager] 831603097 memory requested, 425246720 free
2024-10-08T19:43:12.613+0530 [DEBUG] [org.gradle.workers.internal.WorkerDaemonExpiration] Will attempt to release 793 of memory
2024-10-08T19:43:12.613+0530 [DEBUG] [org.gradle.process.internal.health.memory.DefaultMemoryManager] 831603097 memory requested, 0 released, 425246720 free
2024-10-08T19:43:16.926+0530 [DEBUG] [org.gradle.cache.internal.DefaultFileLockManager] Waiting to acquire shared lock on daemon addresses registry.
2024-10-08T19:43:16.927+0530 [DEBUG] [org.gradle.cache.internal.DefaultFileLockManager] Lock acquired on daemon addresses registry.
2024-10-08T19:43:16.927+0530 [DEBUG] [org.gradle.cache.internal.DefaultFileLockManager] Releasing lock on daemon addresses registry.
2024-10-08T19:43:16.928+0530 [DEBUG] [org.gradle.cache.internal.DefaultFileLockManager] Waiting to acquire shared lock on daemon addresses registry.
2024-10-08T19:43:16.928+0530 [DEBUG] [org.gradle.cache.internal.DefaultFileLockManager] Lock acquired on daemon addresses registry.
2024-10-08T19:43:16.929+0530 [DEBUG] [org.gradle.cache.internal.DefaultFileLockManager] Releasing lock on daemon addresses registry.
2024-10-08T19:43:16.929+0530 [DEBUG] [org.gradle.cache.internal.DefaultFileLockManager] Waiting to acquire shared lock on daemon addresses registry.
2024-10-08T19:43:16.929+0530 [DEBUG] [org.gradle.cache.internal.DefaultFileLockManager] Lock acquired on daemon addresses registry.
2024-10-08T19:43:16.930+0530 [DEBUG] [org.gradle.cache.internal.DefaultFileLockManager] Releasing lock on daemon addresses registry.
2024-10-08T19:43:17.614+0530 [DEBUG] [org.gradle.process.internal.health.memory.DefaultMemoryManager] 831603097 memory requested, 414314496 free
2024-10-08T19:43:17.614+0530 [DEBUG] [org.gradle.workers.internal.WorkerDaemonExpiration] Will attempt to release 793 of memory
2024-10-08T19:43:17.614+0530 [DEBUG] [org.gradle.process.internal.health.memory.DefaultMemoryManager] 831603097 memory requested, 0 released, 414314496 free
2024-10-08T19:43:22.618+0530 [DEBUG] [org.gradle.process.internal.health.memory.DefaultMemoryManager] 831603097 memory requested, 520708096 free
2024-10-08T19:43:22.618+0530 [DEBUG] [org.gradle.workers.internal.WorkerDaemonExpiration] Will attempt to release 793 of memory
2024-10-08T19:43:22.618+0530 [DEBUG] [org.gradle.process.internal.health.memory.DefaultMemoryManager] 831603097 memory requested, 0 released, 520708096 free
2024-10-08T19:43:26.918+0530 [DEBUG] [org.gradle.cache.internal.DefaultFileLockManager] Waiting to acquire shared lock on daemon addresses registry.
2024-10-08T19:43:26.918+0530 [DEBUG] [org.gradle.cache.internal.DefaultFileLockManager] Lock acquired on daemon addresses registry.
2024-10-08T19:43:26.919+0530 [DEBUG] [org.gradle.cache.internal.DefaultFileLockManager] Releasing lock on daemon addresses registry.
2024-10-08T19:43:26.920+0530 [DEBUG] [org.gradle.cache.internal.DefaultFileLockManager] Waiting to acquire shared lock on daemon addresses registry.
2024-10-08T19:43:26.920+0530 [DEBUG] [org.gradle.cache.internal.DefaultFileLockManager] Lock acquired on daemon addresses registry.
2024-10-08T19:43:26.920+0530 [DEBUG] [org.gradle.cache.internal.DefaultFileLockManager] Releasing lock on daemon addresses registry.
2024-10-08T19:43:26.921+0530 [DEBUG] [org.gradle.cache.internal.DefaultFileLockManager] Waiting to acquire shared lock on daemon addresses registry.
2024-10-08T19:43:26.921+0530 [DEBUG] [org.gradle.cache.internal.DefaultFileLockManager] Lock acquired on daemon addresses registry.
2024-10-08T19:43:26.921+0530 [DEBUG] [org.gradle.cache.internal.DefaultFileLockManager] Releasing lock on daemon addresses registry.
2024-10-08T19:43:27.616+0530 [DEBUG] [org.gradle.process.internal.health.memory.DefaultMemoryManager] 831603097 memory requested, 510414848 free
2024-10-08T19:43:27.616+0530 [DEBUG] [org.gradle.workers.internal.WorkerDaemonExpiration] Will attempt to release 793 of memory
2024-10-08T19:43:27.616+0530 [DEBUG] [org.gradle.process.internal.health.memory.DefaultMemoryManager] 831603097 memory requested, 0 released, 510414848 free
2024-10-08T19:43:32.613+0530 [DEBUG] [org.gradle.process.internal.health.memory.DefaultMemoryManager] 831603097 memory requested, 522125312 free
2024-10-08T19:43:32.614+0530 [DEBUG] [org.gradle.workers.internal.WorkerDaemonExpiration] Will attempt to release 793 of memory
2024-10-08T19:43:32.614+0530 [DEBUG] [org.gradle.process.internal.health.memory.DefaultMemoryManager] 831603097 memory requested, 0 released, 522125312 free
2024-10-08T19:43:36.914+0530 [DEBUG] [org.gradle.cache.internal.DefaultFileLockManager] Waiting to acquire shared lock on daemon addresses registry.
2024-10-08T19:43:36.914+0530 [DEBUG] [org.gradle.cache.internal.DefaultFileLockManager] Lock acquired on daemon addresses registry.
2024-10-08T19:43:36.914+0530 [DEBUG] [org.gradle.cache.internal.DefaultFileLockManager] Releasing lock on daemon addresses registry.
2024-10-08T19:43:36.915+0530 [DEBUG] [org.gradle.cache.internal.DefaultFileLockManager] Waiting to acquire shared lock on daemon addresses registry.
2024-10-08T19:43:36.915+0530 [DEBUG] [org.gradle.cache.internal.DefaultFileLockManager] Lock acquired on daemon addresses registry.
2024-10-08T19:43:36.915+0530 [DEBUG] [org.gradle.cache.internal.DefaultFileLockManager] Releasing lock on daemon addresses registry.
2024-10-08T19:43:36.915+0530 [DEBUG] [org.gradle.cache.internal.DefaultFileLockManager] Waiting to acquire shared lock on daemon addresses registry.
2024-10-08T19:43:36.915+0530 [DEBUG] [org.gradle.cache.internal.DefaultFileLockManager] Lock acquired on daemon addresses registry.
2024-10-08T19:43:36.915+0530 [DEBUG] [org.gradle.cache.internal.DefaultFileLockManager] Releasing lock on daemon addresses registry.
2024-10-08T19:43:37.609+0530 [DEBUG] [org.gradle.process.internal.health.memory.DefaultMemoryManager] 831603097 memory requested, 520003584 free
2024-10-08T19:43:37.609+0530 [DEBUG] [org.gradle.workers.internal.WorkerDaemonExpiration] Will attempt to release 793 of memory
2024-10-08T19:43:37.609+0530 [DEBUG] [org.gradle.process.internal.health.memory.DefaultMemoryManager] 831603097 memory requested, 0 released, 520003584 free
2024-10-08T19:43:42.612+0530 [DEBUG] [org.gradle.process.internal.health.memory.DefaultMemoryManager] 831603097 memory requested, 481718272 free
2024-10-08T19:43:42.613+0530 [DEBUG] [org.gradle.workers.internal.WorkerDaemonExpiration] Will attempt to release 793 of memory
2024-10-08T19:43:42.613+0530 [DEBUG] [org.gradle.process.internal.health.memory.DefaultMemoryManager] 831603097 memory requested, 0 released, 481718272 free
2024-10-08T19:43:46.922+0530 [DEBUG] [org.gradle.cache.internal.DefaultFileLockManager] Waiting to acquire shared lock on daemon addresses registry.
2024-10-08T19:43:46.922+0530 [DEBUG] [org.gradle.cache.internal.DefaultFileLockManager] Lock acquired on daemon addresses registry.
2024-10-08T19:43:46.923+0530 [DEBUG] [org.gradle.cache.internal.DefaultFileLockManager] Releasing lock on daemon addresses registry.
2024-10-08T19:43:46.924+0530 [DEBUG] [org.gradle.cache.internal.DefaultFileLockManager] Waiting to acquire shared lock on daemon addresses registry.
2024-10-08T19:43:46.924+0530 [DEBUG] [org.gradle.cache.internal.DefaultFileLockManager] Lock acquired on daemon addresses registry.
2024-10-08T19:43:46.925+0530 [DEBUG] [org.gradle.cache.internal.DefaultFileLockManager] Releasing lock on daemon addresses registry.
2024-10-08T19:43:46.925+0530 [DEBUG] [org.gradle.cache.internal.DefaultFileLockManager] Waiting to acquire shared lock on daemon addresses registry.
2024-10-08T19:43:46.925+0530 [DEBUG] [org.gradle.cache.internal.DefaultFileLockManager] Lock acquired on daemon addresses registry.
2024-10-08T19:43:46.925+0530 [DEBUG] [org.gradle.cache.internal.DefaultFileLockManager] Releasing lock on daemon addresses registry.
2024-10-08T19:43:47.618+0530 [DEBUG] [org.gradle.process.internal.health.memory.DefaultMemoryManager] 831603097 memory requested, 482754560 free
2024-10-08T19:43:47.618+0530 [DEBUG] [org.gradle.workers.internal.WorkerDaemonExpiration] Will attempt to release 793 of memory
2024-10-08T19:43:47.618+0530 [DEBUG] [org.gradle.process.internal.health.memory.DefaultMemoryManager] 831603097 memory requested, 0 released, 482754560 free
2024-10-08T19:43:52.621+0530 [DEBUG] [org.gradle.process.internal.health.memory.DefaultMemoryManager] 831603097 memory requested, 468287488 free
2024-10-08T19:43:52.621+0530 [DEBUG] [org.gradle.workers.internal.WorkerDaemonExpiration] Will attempt to release 793 of memory
2024-10-08T19:43:52.621+0530 [DEBUG] [org.gradle.process.internal.health.memory.DefaultMemoryManager] 831603097 memory requested, 0 released, 468287488 free
2024-10-08T19:43:56.913+0530 [DEBUG] [org.gradle.cache.internal.DefaultFileLockManager] Waiting to acquire shared lock on daemon addresses registry.
2024-10-08T19:43:56.913+0530 [DEBUG] [org.gradle.cache.internal.DefaultFileLockManager] Lock acquired on daemon addresses registry.
2024-10-08T19:43:56.913+0530 [DEBUG] [org.gradle.cache.internal.DefaultFileLockManager] Releasing lock on daemon addresses registry.
2024-10-08T19:43:56.914+0530 [DEBUG] [org.gradle.cache.internal.DefaultFileLockManager] Waiting to acquire shared lock on daemon addresses registry.
2024-10-08T19:43:56.914+0530 [DEBUG] [org.gradle.cache.internal.DefaultFileLockManager] Lock acquired on daemon addresses registry.
2024-10-08T19:43:56.914+0530 [DEBUG] [org.gradle.cache.internal.DefaultFileLockManager] Releasing lock on daemon addresses registry.
2024-10-08T19:43:56.914+0530 [DEBUG] [org.gradle.cache.internal.DefaultFileLockManager] Waiting to acquire shared lock on daemon addresses registry.
2024-10-08T19:43:56.914+0530 [DEBUG] [org.gradle.cache.internal.DefaultFileLockManager] Lock acquired on daemon addresses registry.
2024-10-08T19:43:56.914+0530 [DEBUG] [org.gradle.cache.internal.DefaultFileLockManager] Releasing lock on daemon addresses registry.
2024-10-08T19:43:57.615+0530 [DEBUG] [org.gradle.process.internal.health.memory.DefaultMemoryManager] 831603097 memory requested, 454758400 free
2024-10-08T19:43:57.615+0530 [DEBUG] [org.gradle.workers.internal.WorkerDaemonExpiration] Will attempt to release 793 of memory
2024-10-08T19:43:57.615+0530 [DEBUG] [org.gradle.process.internal.health.memory.DefaultMemoryManager] 831603097 memory requested, 0 released, 454758400 free
2024-10-08T19:44:02.618+0530 [DEBUG] [org.gradle.process.internal.health.memory.DefaultMemoryManager] 831603097 memory requested, 456392704 free
2024-10-08T19:44:02.619+0530 [DEBUG] [org.gradle.workers.internal.WorkerDaemonExpiration] Will attempt to release 793 of memory
2024-10-08T19:44:02.619+0530 [DEBUG] [org.gradle.process.internal.health.memory.DefaultMemoryManager] 831603097 memory requested, 0 released, 456392704 free
2024-10-08T19:44:06.922+0530 [DEBUG] [org.gradle.cache.internal.DefaultFileLockManager] Waiting to acquire shared lock on daemon addresses registry.
2024-10-08T19:44:06.922+0530 [DEBUG] [org.gradle.cache.internal.DefaultFileLockManager] Lock acquired on daemon addresses registry.
2024-10-08T19:44:06.922+0530 [DEBUG] [org.gradle.cache.internal.DefaultFileLockManager] Releasing lock on daemon addresses registry.
2024-10-08T19:44:06.922+0530 [DEBUG] [org.gradle.cache.internal.DefaultFileLockManager] Waiting to acquire shared lock on daemon addresses registry.
2024-10-08T19:44:06.923+0530 [DEBUG] [org.gradle.cache.internal.DefaultFileLockManager] Lock acquired on daemon addresses registry.
2024-10-08T19:44:06.923+0530 [DEBUG] [org.gradle.cache.internal.DefaultFileLockManager] Releasing lock on daemon addresses registry.
2024-10-08T19:44:06.923+0530 [DEBUG] [org.gradle.cache.internal.DefaultFileLockManager] Waiting to acquire shared lock on daemon addresses registry.
2024-10-08T19:44:06.923+0530 [DEBUG] [org.gradle.cache.internal.DefaultFileLockManager] Lock acquired on daemon addresses registry.
2024-10-08T19:44:06.923+0530 [DEBUG] [org.gradle.cache.internal.DefaultFileLockManager] Releasing lock on daemon addresses registry.
2024-10-08T19:44:07.606+0530 [DEBUG] [org.gradle.process.internal.health.memory.DefaultMemoryManager] 831603097 memory requested, 450125824 free
2024-10-08T19:44:07.606+0530 [DEBUG] [org.gradle.workers.internal.WorkerDaemonExpiration] Will attempt to release 793 of memory
2024-10-08T19:44:07.606+0530 [DEBUG] [org.gradle.process.internal.health.memory.DefaultMemoryManager] 831603097 memory requested, 0 released, 450125824 free
2024-10-08T19:44:12.607+0530 [DEBUG] [org.gradle.process.internal.health.memory.DefaultMemoryManager] 831603097 memory requested, 452046848 free
2024-10-08T19:44:12.607+0530 [DEBUG] [org.gradle.workers.internal.WorkerDaemonExpiration] Will attempt to release 793 of memory
2024-10-08T19:44:12.607+0530 [DEBUG] [org.gradle.process.internal.health.memory.DefaultMemoryManager] 831603097 memory requested, 0 released, 452046848 free
2024-10-08T19:44:16.924+0530 [DEBUG] [org.gradle.cache.internal.DefaultFileLockManager] Waiting to acquire shared lock on daemon addresses registry.
2024-10-08T19:44:16.924+0530 [DEBUG] [org.gradle.cache.internal.DefaultFileLockManager] Lock acquired on daemon addresses registry.
2024-10-08T19:44:16.924+0530 [DEBUG] [org.gradle.cache.internal.DefaultFileLockManager] Releasing lock on daemon addresses registry.
2024-10-08T19:44:16.924+0530 [DEBUG] [org.gradle.cache.internal.DefaultFileLockManager] Waiting to acquire shared lock on daemon addresses registry.
2024-10-08T19:44:16.925+0530 [DEBUG] [org.gradle.cache.internal.DefaultFileLockManager] Lock acquired on daemon addresses registry.
2024-10-08T19:44:16.925+0530 [DEBUG] [org.gradle.cache.internal.DefaultFileLockManager] Releasing lock on daemon addresses registry.
2024-10-08T19:44:16.925+0530 [DEBUG] [org.gradle.cache.internal.DefaultFileLockManager] Waiting to acquire shared lock on daemon addresses registry.
2024-10-08T19:44:16.926+0530 [DEBUG] [org.gradle.cache.internal.DefaultFileLockManager] Lock acquired on daemon addresses registry.
2024-10-08T19:44:16.926+0530 [DEBUG] [org.gradle.cache.internal.DefaultFileLockManager] Releasing lock on daemon addresses registry.
2024-10-08T19:44:17.618+0530 [DEBUG] [org.gradle.process.internal.health.memory.DefaultMemoryManager] 831603097 memory requested, 411725824 free
2024-10-08T19:44:17.618+0530 [DEBUG] [org.gradle.workers.internal.WorkerDaemonExpiration] Will attempt to release 793 of memory
2024-10-08T19:44:17.618+0530 [DEBUG] [org.gradle.process.internal.health.memory.DefaultMemoryManager] 831603097 memory requested, 0 released, 411725824 free
2024-10-08T19:44:22.607+0530 [DEBUG] [org.gradle.process.internal.health.memory.DefaultMemoryManager] 831603097 memory requested, 404258816 free
2024-10-08T19:44:22.607+0530 [DEBUG] [org.gradle.workers.internal.WorkerDaemonExpiration] Will attempt to release 793 of memory
2024-10-08T19:44:22.607+0530 [DEBUG] [org.gradle.process.internal.health.memory.DefaultMemoryManager] 831603097 memory requested, 0 released, 404258816 free
2024-10-08T19:44:26.929+0530 [DEBUG] [org.gradle.cache.internal.DefaultFileLockManager] Waiting to acquire shared lock on daemon addresses registry.
2024-10-08T19:44:26.929+0530 [DEBUG] [org.gradle.cache.internal.DefaultFileLockManager] Lock acquired on daemon addresses registry.
2024-10-08T19:44:26.929+0530 [DEBUG] [org.gradle.cache.internal.DefaultFileLockManager] Releasing lock on daemon addresses registry.
2024-10-08T19:44:26.930+0530 [DEBUG] [org.gradle.cache.internal.DefaultFileLockManager] Waiting to acquire shared lock on daemon addresses registry.
2024-10-08T19:44:26.930+0530 [DEBUG] [org.gradle.cache.internal.DefaultFileLockManager] Lock acquired on daemon addresses registry.
2024-10-08T19:44:26.931+0530 [DEBUG] [org.gradle.cache.internal.DefaultFileLockManager] Releasing lock on daemon addresses registry.
2024-10-08T19:44:26.931+0530 [DEBUG] [org.gradle.cache.internal.DefaultFileLockManager] Waiting to acquire shared lock on daemon addresses registry.
2024-10-08T19:44:26.931+0530 [DEBUG] [org.gradle.cache.internal.DefaultFileLockManager] Lock acquired on daemon addresses registry.
2024-10-08T19:44:26.931+0530 [DEBUG] [org.gradle.cache.internal.DefaultFileLockManager] Releasing lock on daemon addresses registry.
2024-10-08T19:44:27.609+0530 [DEBUG] [org.gradle.process.internal.health.memory.DefaultMemoryManager] 831603097 memory requested, 401989632 free
2024-10-08T19:44:27.609+0530 [DEBUG] [org.gradle.workers.internal.WorkerDaemonExpiration] Will attempt to release 793 of memory
2024-10-08T19:44:27.609+0530 [DEBUG] [org.gradle.process.internal.health.memory.DefaultMemoryManager] 831603097 memory requested, 0 released, 401989632 free
2024-10-08T19:44:32.614+0530 [DEBUG] [org.gradle.process.internal.health.memory.DefaultMemoryManager] 831603097 memory requested, 433922048 free
2024-10-08T19:44:32.614+0530 [DEBUG] [org.gradle.workers.internal.WorkerDaemonExpiration] Will attempt to release 793 of memory
2024-10-08T19:44:32.614+0530 [DEBUG] [org.gradle.process.internal.health.memory.DefaultMemoryManager] 831603097 memory requested, 0 released, 433922048 free
2024-10-08T19:44:36.922+0530 [DEBUG] [org.gradle.cache.internal.DefaultFileLockManager] Waiting to acquire shared lock on daemon addresses registry.
2024-10-08T19:44:36.923+0530 [DEBUG] [org.gradle.cache.internal.DefaultFileLockManager] Lock acquired on daemon addresses registry.
2024-10-08T19:44:36.924+0530 [DEBUG] [org.gradle.cache.internal.DefaultFileLockManager] Releasing lock on daemon addresses registry.
2024-10-08T19:44:36.925+0530 [DEBUG] [org.gradle.cache.internal.DefaultFileLockManager] Waiting to acquire shared lock on daemon addresses registry.
2024-10-08T19:44:36.925+0530 [DEBUG] [org.gradle.cache.internal.DefaultFileLockManager] Lock acquired on daemon addresses registry.
2024-10-08T19:44:36.925+0530 [DEBUG] [org.gradle.cache.internal.DefaultFileLockManager] Releasing lock on daemon addresses registry.
2024-10-08T19:44:36.926+0530 [DEBUG] [org.gradle.cache.internal.DefaultFileLockManager] Waiting to acquire shared lock on daemon addresses registry.
2024-10-08T19:44:36.926+0530 [DEBUG] [org.gradle.cache.internal.DefaultFileLockManager] Lock acquired on daemon addresses registry.
2024-10-08T19:44:36.926+0530 [DEBUG] [org.gradle.cache.internal.DefaultFileLockManager] Releasing lock on daemon addresses registry.
2024-10-08T19:44:37.619+0530 [DEBUG] [org.gradle.process.internal.health.memory.DefaultMemoryManager] 831603097 memory requested, 521822208 free
2024-10-08T19:44:37.619+0530 [DEBUG] [org.gradle.workers.internal.WorkerDaemonExpiration] Will attempt to release 793 of memory
2024-10-08T19:44:37.619+0530 [DEBUG] [org.gradle.process.internal.health.memory.DefaultMemoryManager] 831603097 memory requested, 0 released, 521822208 free
2024-10-08T19:44:42.617+0530 [DEBUG] [org.gradle.process.internal.health.memory.DefaultMemoryManager] 831603097 memory requested, 519065600 free
2024-10-08T19:44:42.617+0530 [DEBUG] [org.gradle.workers.internal.WorkerDaemonExpiration] Will attempt to release 793 of memory
2024-10-08T19:44:42.618+0530 [DEBUG] [org.gradle.process.internal.health.memory.DefaultMemoryManager] 831603097 memory requested, 0 released, 519065600 free
2024-10-08T19:44:46.919+0530 [DEBUG] [org.gradle.cache.internal.DefaultFileLockManager] Waiting to acquire shared lock on daemon addresses registry.
2024-10-08T19:44:46.920+0530 [DEBUG] [org.gradle.cache.internal.DefaultFileLockManager] Lock acquired on daemon addresses registry.
2024-10-08T19:44:46.920+0530 [DEBUG] [org.gradle.cache.internal.DefaultFileLockManager] Releasing lock on daemon addresses registry.
2024-10-08T19:44:46.921+0530 [DEBUG] [org.gradle.cache.internal.DefaultFileLockManager] Waiting to acquire shared lock on daemon addresses registry.
2024-10-08T19:44:46.922+0530 [DEBUG] [org.gradle.cache.internal.DefaultFileLockManager] Lock acquired on daemon addresses registry.
2024-10-08T19:44:46.922+0530 [DEBUG] [org.gradle.cache.internal.DefaultFileLockManager] Releasing lock on daemon addresses registry.
2024-10-08T19:44:46.923+0530 [DEBUG] [org.gradle.cache.internal.DefaultFileLockManager] Waiting to acquire shared lock on daemon addresses registry.
2024-10-08T19:44:46.923+0530 [DEBUG] [org.gradle.cache.internal.DefaultFileLockManager] Lock acquired on daemon addresses registry.
2024-10-08T19:44:46.923+0530 [DEBUG] [org.gradle.cache.internal.DefaultFileLockManager] Releasing lock on daemon addresses registry.
2024-10-08T19:44:47.616+0530 [DEBUG] [org.gradle.process.internal.health.memory.DefaultMemoryManager] 831603097 memory requested, 507645952 free
2024-10-08T19:44:47.616+0530 [DEBUG] [org.gradle.workers.internal.WorkerDaemonExpiration] Will attempt to release 793 of memory
2024-10-08T19:44:47.616+0530 [DEBUG] [org.gradle.process.internal.health.memory.DefaultMemoryManager] 831603097 memory requested, 0 released, 507645952 free
2024-10-08T19:44:52.613+0530 [DEBUG] [org.gradle.process.internal.health.memory.DefaultMemoryManager] 831603097 memory requested, 514174976 free
2024-10-08T19:44:52.614+0530 [DEBUG] [org.gradle.workers.internal.WorkerDaemonExpiration] Will attempt to release 793 of memory
2024-10-08T19:44:52.614+0530 [DEBUG] [org.gradle.process.internal.health.memory.DefaultMemoryManager] 831603097 memory requested, 0 released, 514174976 free
2024-10-08T19:44:56.926+0530 [DEBUG] [org.gradle.cache.internal.DefaultFileLockManager] Waiting to acquire shared lock on daemon addresses registry.
2024-10-08T19:44:56.926+0530 [DEBUG] [org.gradle.cache.internal.DefaultFileLockManager] Lock acquired on daemon addresses registry.
2024-10-08T19:44:56.927+0530 [DEBUG] [org.gradle.cache.internal.DefaultFileLockManager] Releasing lock on daemon addresses registry.
2024-10-08T19:44:56.928+0530 [DEBUG] [org.gradle.cache.internal.DefaultFileLockManager] Waiting to acquire shared lock on daemon addresses registry.
2024-10-08T19:44:56.928+0530 [DEBUG] [org.gradle.cache.internal.DefaultFileLockManager] Lock acquired on daemon addresses registry.
2024-10-08T19:44:56.928+0530 [DEBUG] [org.gradle.cache.internal.DefaultFileLockManager] Releasing lock on daemon addresses registry.
2024-10-08T19:44:56.929+0530 [DEBUG] [org.gradle.cache.internal.DefaultFileLockManager] Waiting to acquire shared lock on daemon addresses registry.
2024-10-08T19:44:56.929+0530 [DEBUG] [org.gradle.cache.internal.DefaultFileLockManager] Lock acquired on daemon addresses registry.
2024-10-08T19:44:56.929+0530 [DEBUG] [org.gradle.cache.internal.DefaultFileLockManager] Releasing lock on daemon addresses registry.
2024-10-08T19:44:57.621+0530 [DEBUG] [org.gradle.process.internal.health.memory.DefaultMemoryManager] 831603097 memory requested, 511315968 free
2024-10-08T19:44:57.621+0530 [DEBUG] [org.gradle.workers.internal.WorkerDaemonExpiration] Will attempt to release 793 of memory
2024-10-08T19:44:57.621+0530 [DEBUG] [org.gradle.process.internal.health.memory.DefaultMemoryManager] 831603097 memory requested, 0 released, 511315968 free
2024-10-08T19:45:02.620+0530 [DEBUG] [org.gradle.process.internal.health.memory.DefaultMemoryManager] 831603097 memory requested, 511729664 free
2024-10-08T19:45:02.620+0530 [DEBUG] [org.gradle.workers.internal.WorkerDaemonExpiration] Will attempt to release 793 of memory
2024-10-08T19:45:02.620+0530 [DEBUG] [org.gradle.process.internal.health.memory.DefaultMemoryManager] 831603097 memory requested, 0 released, 511729664 free
2024-10-08T19:45:06.918+0530 [DEBUG] [org.gradle.cache.internal.DefaultFileLockManager] Waiting to acquire shared lock on daemon addresses registry.
2024-10-08T19:45:06.918+0530 [DEBUG] [org.gradle.cache.internal.DefaultFileLockManager] Lock acquired on daemon addresses registry.
2024-10-08T19:45:06.918+0530 [DEBUG] [org.gradle.cache.internal.DefaultFileLockManager] Releasing lock on daemon addresses registry.
2024-10-08T19:45:06.919+0530 [DEBUG] [org.gradle.cache.internal.DefaultFileLockManager] Waiting to acquire shared lock on daemon addresses registry.
2024-10-08T19:45:06.919+0530 [DEBUG] [org.gradle.cache.internal.DefaultFileLockManager] Lock acquired on daemon addresses registry.
2024-10-08T19:45:06.920+0530 [DEBUG] [org.gradle.cache.internal.DefaultFileLockManager] Releasing lock on daemon addresses registry.
2024-10-08T19:45:06.920+0530 [DEBUG] [org.gradle.cache.internal.DefaultFileLockManager] Waiting to acquire shared lock on daemon addresses registry.
2024-10-08T19:45:06.920+0530 [DEBUG] [org.gradle.cache.internal.DefaultFileLockManager] Lock acquired on daemon addresses registry.
2024-10-08T19:45:06.921+0530 [DEBUG] [org.gradle.cache.internal.DefaultFileLockManager] Releasing lock on daemon addresses registry.
2024-10-08T19:45:07.613+0530 [DEBUG] [org.gradle.process.internal.health.memory.DefaultMemoryManager] 831603097 memory requested, 520122368 free
2024-10-08T19:45:07.613+0530 [DEBUG] [org.gradle.workers.internal.WorkerDaemonExpiration] Will attempt to release 793 of memory
2024-10-08T19:45:07.613+0530 [DEBUG] [org.gradle.process.internal.health.memory.DefaultMemoryManager] 831603097 memory requested, 0 released, 520122368 free
2024-10-08T19:45:12.609+0530 [DEBUG] [org.gradle.process.internal.health.memory.DefaultMemoryManager] 831603097 memory requested, 511639552 free
2024-10-08T19:45:12.610+0530 [DEBUG] [org.gradle.workers.internal.WorkerDaemonExpiration] Will attempt to release 793 of memory
2024-10-08T19:45:12.610+0530 [DEBUG] [org.gradle.process.internal.health.memory.DefaultMemoryManager] 831603097 memory requested, 0 released, 511639552 free
2024-10-08T19:45:16.917+0530 [DEBUG] [org.gradle.cache.internal.DefaultFileLockManager] Waiting to acquire shared lock on daemon addresses registry.
2024-10-08T19:45:16.917+0530 [DEBUG] [org.gradle.cache.internal.DefaultFileLockManager] Lock acquired on daemon addresses registry.
2024-10-08T19:45:16.918+0530 [DEBUG] [org.gradle.cache.internal.DefaultFileLockManager] Releasing lock on daemon addresses registry.
2024-10-08T19:45:16.918+0530 [DEBUG] [org.gradle.cache.internal.DefaultFileLockManager] Waiting to acquire shared lock on daemon addresses registry.
2024-10-08T19:45:16.919+0530 [DEBUG] [org.gradle.cache.internal.DefaultFileLockManager] Lock acquired on daemon addresses registry.
2024-10-08T19:45:16.919+0530 [DEBUG] [org.gradle.cache.internal.DefaultFileLockManager] Releasing lock on daemon addresses registry.
2024-10-08T19:45:16.919+0530 [DEBUG] [org.gradle.cache.internal.DefaultFileLockManager] Waiting to acquire shared lock on daemon addresses registry.
2024-10-08T19:45:16.919+0530 [DEBUG] [org.gradle.cache.internal.DefaultFileLockManager] Lock acquired on daemon addresses registry.
2024-10-08T19:45:16.919+0530 [DEBUG] [org.gradle.cache.internal.DefaultFileLockManager] Releasing lock on daemon addresses registry.
2024-10-08T19:45:17.612+0530 [DEBUG] [org.gradle.process.internal.health.memory.DefaultMemoryManager] 831603097 memory requested, 515543040 free
2024-10-08T19:45:17.613+0530 [DEBUG] [org.gradle.workers.internal.WorkerDaemonExpiration] Will attempt to release 793 of memory
2024-10-08T19:45:17.613+0530 [DEBUG] [org.gradle.process.internal.health.memory.DefaultMemoryManager] 831603097 memory requested, 0 released, 515543040 free
2024-10-08T19:45:22.609+0530 [DEBUG] [org.gradle.process.internal.health.memory.DefaultMemoryManager] 831603097 memory requested, 525824000 free
2024-10-08T19:45:22.609+0530 [DEBUG] [org.gradle.workers.internal.WorkerDaemonExpiration] Will attempt to release 793 of memory
2024-10-08T19:45:22.609+0530 [DEBUG] [org.gradle.process.internal.health.memory.DefaultMemoryManager] 831603097 memory requested, 0 released, 525824000 free
2024-10-08T19:45:26.918+0530 [DEBUG] [org.gradle.cache.internal.DefaultFileLockManager] Waiting to acquire shared lock on daemon addresses registry.
2024-10-08T19:45:26.918+0530 [DEBUG] [org.gradle.cache.internal.DefaultFileLockManager] Lock acquired on daemon addresses registry.
2024-10-08T19:45:26.918+0530 [DEBUG] [org.gradle.cache.internal.DefaultFileLockManager] Releasing lock on daemon addresses registry.
2024-10-08T19:45:26.919+0530 [DEBUG] [org.gradle.cache.internal.DefaultFileLockManager] Waiting to acquire shared lock on daemon addresses registry.
2024-10-08T19:45:26.919+0530 [DEBUG] [org.gradle.cache.internal.DefaultFileLockManager] Lock acquired on daemon addresses registry.
2024-10-08T19:45:26.919+0530 [DEBUG] [org.gradle.cache.internal.DefaultFileLockManager] Releasing lock on daemon addresses registry.
2024-10-08T19:45:26.919+0530 [DEBUG] [org.gradle.cache.internal.DefaultFileLockManager] Waiting to acquire shared lock on daemon addresses registry.
2024-10-08T19:45:26.919+0530 [DEBUG] [org.gradle.cache.internal.DefaultFileLockManager] Lock acquired on daemon addresses registry.
2024-10-08T19:45:26.919+0530 [DEBUG] [org.gradle.cache.internal.DefaultFileLockManager] Releasing lock on daemon addresses registry.
2024-10-08T19:45:27.617+0530 [DEBUG] [org.gradle.process.internal.health.memory.DefaultMemoryManager] 831603097 memory requested, 525930496 free
2024-10-08T19:45:27.617+0530 [DEBUG] [org.gradle.workers.internal.WorkerDaemonExpiration] Will attempt to release 793 of memory
2024-10-08T19:45:27.617+0530 [DEBUG] [org.gradle.process.internal.health.memory.DefaultMemoryManager] 831603097 memory requested, 0 released, 525930496 free
2024-10-08T19:45:32.614+0530 [DEBUG] [org.gradle.process.internal.health.memory.DefaultMemoryManager] 831603097 memory requested, 523874304 free
2024-10-08T19:45:32.614+0530 [DEBUG] [org.gradle.workers.internal.WorkerDaemonExpiration] Will attempt to release 793 of memory
2024-10-08T19:45:32.614+0530 [DEBUG] [org.gradle.process.internal.health.memory.DefaultMemoryManager] 831603097 memory requested, 0 released, 523874304 free
2024-10-08T19:45:32.671+0530 [DEBUG] [org.gradle.internal.remote.internal.inet.TcpIncomingConnector] Accepted connection from /127.0.0.1:60269 to /127.0.0.1:60143.
2024-10-08T19:45:32.675+0530 [DEBUG] [org.gradle.launcher.daemon.server.SynchronizedDispatchConnection] thread 641: received class org.gradle.launcher.daemon.protocol.Build
2024-10-08T19:45:32.675+0530 [DEBUG] [org.gradle.launcher.daemon.server.DefaultDaemonConnection] thread 641: Received non-IO message from client: Build{id=3a24ea15-7655-40ce-97b5-81ea3f8c315c, currentDir=C:\Users\Prerana Shelke\Downloads\Android-Attendance-App-2023}
2024-10-08T19:45:32.675+0530 [INFO] [org.gradle.launcher.daemon.server.DefaultIncomingConnectionHandler] Received command: Build{id=3a24ea15-7655-40ce-97b5-81ea3f8c315c, currentDir=C:\Users\Prerana Shelke\Downloads\Android-Attendance-App-2023}.
2024-10-08T19:45:32.675+0530 [DEBUG] [org.gradle.launcher.daemon.server.DefaultIncomingConnectionHandler] Starting executing command: Build{id=3a24ea15-7655-40ce-97b5-81ea3f8c315c, currentDir=C:\Users\Prerana Shelke\Downloads\Android-Attendance-App-2023} with connection: socket connection from /127.0.0.1:60143 to /127.0.0.1:60269.
2024-10-08T19:45:32.676+0530 [DEBUG] [org.gradle.launcher.daemon.server.DaemonStateCoordinator] Command execution: started DaemonCommandExecution[command = Build{id=3a24ea15-7655-40ce-97b5-81ea3f8c315c, currentDir=C:\Users\Prerana Shelke\Downloads\Android-Attendance-App-2023}, connection = DefaultDaemonConnection: socket connection from /127.0.0.1:60143 to /127.0.0.1:60269] after 5.0 minutes of idle
2024-10-08T19:45:32.676+0530 [INFO] [org.gradle.launcher.daemon.server.DaemonRegistryUpdater] Marking the daemon as busy, address: [a3fff6cb-3efc-4464-8d73-09d128813481 port:60143, addresses:[localhost/127.0.0.1]]
2024-10-08T19:45:32.676+0530 [DEBUG] [org.gradle.launcher.daemon.registry.PersistentDaemonRegistry] Marking busy by address: [a3fff6cb-3efc-4464-8d73-09d128813481 port:60143, addresses:[localhost/127.0.0.1]]
2024-10-08T19:45:32.677+0530 [DEBUG] [org.gradle.cache.internal.DefaultFileLockManager] Waiting to acquire exclusive lock on daemon addresses registry.
2024-10-08T19:45:32.677+0530 [DEBUG] [org.gradle.cache.internal.DefaultFileLockManager] Lock acquired on daemon addresses registry.
2024-10-08T19:45:32.678+0530 [DEBUG] [org.gradle.cache.internal.DefaultFileLockManager] Releasing lock on daemon addresses registry.
2024-10-08T19:45:32.678+0530 [DEBUG] [org.gradle.launcher.daemon.server.DaemonStateCoordinator] resetting idle timer
2024-10-08T19:45:32.678+0530 [DEBUG] [org.gradle.launcher.daemon.server.DaemonStateCoordinator] daemon is running. Sleeping until state changes.
2024-10-08T19:45:32.679+0530 [INFO] [org.gradle.launcher.daemon.server.exec.StartBuildOrRespondWithBusy] Daemon is about to start building Build{id=3a24ea15-7655-40ce-97b5-81ea3f8c315c, currentDir=C:\Users\Prerana Shelke\Downloads\Android-Attendance-App-2023}. Dispatching build started information...
2024-10-08T19:45:32.679+0530 [DEBUG] [org.gradle.launcher.daemon.server.SynchronizedDispatchConnection] thread 643: dispatching org.gradle.launcher.daemon.protocol.BuildStarted@22fde90f
2024-10-08T19:45:32.681+0530 [DEBUG] [org.gradle.launcher.daemon.server.exec.EstablishBuildEnvironment] Configuring env variables: [USERDOMAIN_ROAMINGPROFILE, IGCCSVC_DB, LOCALAPPDATA, PROCESSOR_LEVEL, USERDOMAIN, LOGONSERVER, SESSIONNAME, ALLUSERSPROFILE, PROCESSOR_ARCHITECTURE, PSModulePath, SystemDrive, OneDrive, APPDATA, USERNAME, ProgramFiles(x86), CommonProgramFiles, Path, PyCharm, PATHEXT, DriverData, OS, OneDriveConsumer, COMPUTERNAME, PROCESSOR_REVISION, CommonProgramW6432, ComSpec, ProgramData, ProgramW6432, TEMP, HOMEPATH, SystemRoot, PROCESSOR_IDENTIFIER, HOMEDRIVE, USERPROFILE, EFC_1420, TMP, POWERSHELL_DISTRIBUTION_CHANNEL, CommonProgramFiles(x86), ProgramFiles, PUBLIC, windir, NUMBER_OF_PROCESSORS, =::, ZES_ENABLE_SYSMAN]
2024-10-08T19:45:32.681+0530 [DEBUG] [org.gradle.launcher.daemon.server.SynchronizedDispatchConnection] thread 641: received class org.gradle.launcher.daemon.protocol.CloseInput
2024-10-08T19:45:32.681+0530 [DEBUG] [org.gradle.launcher.daemon.server.DefaultDaemonConnection] thread 641: Received IO message from client: org.gradle.launcher.daemon.protocol.CloseInput@27cfc407
2024-10-08T19:45:32.682+0530 [DEBUG] [org.gradle.launcher.daemon.server.exec.LogToClient] About to start relaying all logs to the client via the connection.
2024-10-08T19:45:32.682+0530 [INFO] [org.gradle.launcher.daemon.server.exec.LogToClient] The client will now receive all logging from the daemon (pid: 18596). The daemon log file: C:\Users\Prerana Shelke\Downloads\Android-Attendance-App-2023\daemon\7.2\daemon-18596.out.log
2024-10-08T19:45:32.683+0530 [INFO] [org.gradle.launcher.daemon.server.exec.LogAndCheckHealth] Starting 6th build in daemon [uptime: 11 mins 26.199 secs, performance: 100%, non-heap usage: 61% of 256 MiB]
2024-10-08T19:45:32.685+0530 [DEBUG] [org.gradle.launcher.daemon.server.exec.ExecuteBuild] The daemon has started executing the build.
2024-10-08T19:45:32.685+0530 [DEBUG] [org.gradle.launcher.daemon.server.exec.ExecuteBuild] Executing build with daemon context: DefaultDaemonContext[uid=90c16ccf-a23e-40ef-b3c1-30a98073b18f,javaHome=C:\Users\Prerana Shelke\.jdks\corretto-11.0.24,daemonRegistryDir=C:\Users\Prerana Shelke\Downloads\Android-Attendance-App-2023\daemon,pid=18596,idleTimeout=10800000,priority=NORMAL,daemonOpts=--add-opens,java.base/java.util=ALL-UNNAMED,--add-opens,java.base/java.lang=ALL-UNNAMED,--add-opens,java.base/java.lang.invoke=ALL-UNNAMED,--add-opens,java.base/java.util=ALL-UNNAMED,--add-opens,java.prefs/java.util.prefs=ALL-UNNAMED,--add-opens,java.prefs/java.util.prefs=ALL-UNNAMED,--add-opens,java.base/java.nio.charset=ALL-UNNAMED,--add-opens,java.base/java.net=ALL-UNNAMED,--add-opens,java.base/java.util.concurrent.atomic=ALL-UNNAMED,-XX:MaxMetaspaceSize=256m,-XX:+HeapDumpOnOutOfMemoryError,-Xms256m,-Xmx512m,-Dfile.encoding=UTF-8,-Duser.country=IN,-Duser.language=en,-Duser.variant]
AGPBI: {"kind":"warning","text":"We recommend using a newer Android Gradle plugin to use compileSdk = 33\n\nThis Android Gradle plugin (7.1.1) was tested up to compileSdk = 32\n\nThis warning can be suppressed by adding\n    android.suppressUnsupportedCompileSdk=33\nto this project's gradle.properties\n\nThe build will continue, but you are strongly encouraged to update your project to\nuse a newer Android Gradle Plugin that has been tested with compileSdk = 33","sources":[{}]}

Deprecated Gradle features were used in this build, making it incompatible with Gradle 8.0.

You can use '--warning-mode all' to show the individual deprecation warnings and determine if they come from your own scripts or plugins.

See https://docs.gradle.org/7.2/userguide/command_line_interface.html#sec:command_line_warnings

BUILD SUCCESSFUL in 509ms
28 actionable tasks: 28 up-to-date
2024-10-08T19:45:33.203+0530 [DEBUG] [org.gradle.launcher.daemon.server.exec.ExecuteBuild] The daemon has finished executing the build.
2024-10-08T19:45:33.220+0530 [DEBUG] [org.gradle.launcher.daemon.server.DaemonStateCoordinator] daemon is running. Sleeping until state changes.
2024-10-08T19:45:33.220+0530 [DEBUG] [org.gradle.launcher.daemon.server.DaemonStateCoordinator] Command execution: finished waiting for DaemonCommandExecution[command = Build{id=3a24ea15-7655-40ce-97b5-81ea3f8c315c, currentDir=C:\Users\Prerana Shelke\Downloads\Android-Attendance-App-2023}, connection = DefaultDaemonConnection: socket connection from /127.0.0.1:60143 to /127.0.0.1:60269]. Result org.gradle.launcher.daemon.server.DaemonStateCoordinator@3c1f3009 with state Busy
2024-10-08T19:45:33.220+0530 [DEBUG] [org.gradle.launcher.daemon.server.DaemonStateCoordinator] Command execution: completed DaemonCommandExecution[command = Build{id=3a24ea15-7655-40ce-97b5-81ea3f8c315c, currentDir=C:\Users\Prerana Shelke\Downloads\Android-Attendance-App-2023}, connection = DefaultDaemonConnection: socket connection from /127.0.0.1:60143 to /127.0.0.1:60269]
2024-10-08T19:45:33.220+0530 [DEBUG] [org.gradle.launcher.daemon.server.DaemonStateCoordinator] resetting idle timer
2024-10-08T19:45:33.220+0530 [INFO] [org.gradle.launcher.daemon.server.DaemonRegistryUpdater] Marking the daemon as idle, address: [a3fff6cb-3efc-4464-8d73-09d128813481 port:60143, addresses:[localhost/127.0.0.1]]
2024-10-08T19:45:33.220+0530 [DEBUG] [org.gradle.launcher.daemon.registry.PersistentDaemonRegistry] Marking busy by address: [a3fff6cb-3efc-4464-8d73-09d128813481 port:60143, addresses:[localhost/127.0.0.1]]
2024-10-08T19:45:33.221+0530 [DEBUG] [org.gradle.cache.internal.DefaultFileLockManager] Waiting to acquire exclusive lock on daemon addresses registry.
2024-10-08T19:45:33.221+0530 [DEBUG] [org.gradle.cache.internal.DefaultFileLockManager] Lock acquired on daemon addresses registry.
2024-10-08T19:45:33.222+0530 [DEBUG] [org.gradle.cache.internal.DefaultFileLockManager] Releasing lock on daemon addresses registry.
2024-10-08T19:45:33.222+0530 [DEBUG] [org.gradle.launcher.daemon.server.DaemonStateCoordinator] daemon is running. Sleeping until state changes.
2024-10-08T19:45:33.222+0530 [DEBUG] [org.gradle.launcher.daemon.server.exec.ReturnResult] Daemon is dispatching the build result: Success[value=org.gradle.launcher.exec.BuildActionResult@4f57f2a8]
2024-10-08T19:45:33.222+0530 [DEBUG] [org.gradle.launcher.daemon.server.SynchronizedDispatchConnection] thread 640: dispatching Success[value=org.gradle.launcher.exec.BuildActionResult@4f57f2a8]
2024-10-08T19:45:33.222+0530 [DEBUG] [org.gradle.launcher.daemon.server.DefaultIncomingConnectionHandler] Finishing executing command: Build{id=3a24ea15-7655-40ce-97b5-81ea3f8c315c, currentDir=C:\Users\Prerana Shelke\Downloads\Android-Attendance-App-2023}
2024-10-08T19:45:33.223+0530 [DEBUG] [org.gradle.launcher.daemon.server.SynchronizedDispatchConnection] thread 641: received class org.gradle.launcher.daemon.protocol.Finished
2024-10-08T19:45:33.223+0530 [DEBUG] [org.gradle.launcher.daemon.server.DefaultDaemonConnection] thread 641: Received non-IO message from client: org.gradle.launcher.daemon.protocol.Finished@29082e8e
2024-10-08T19:45:33.223+0530 [DEBUG] [org.gradle.launcher.daemon.server.DefaultIncomingConnectionHandler] Received finished message: org.gradle.launcher.daemon.protocol.Finished@29082e8e
2024-10-08T19:45:33.223+0530 [DEBUG] [org.gradle.launcher.daemon.server.SynchronizedDispatchConnection] thread 640: stopping connection
2024-10-08T19:45:33.223+0530 [DEBUG] [org.gradle.internal.remote.internal.inet.SocketConnection] Discarding EOFException: java.io.EOFException
2024-10-08T19:45:33.223+0530 [DEBUG] [org.gradle.launcher.daemon.server.SynchronizedDispatchConnection] thread 641: received null
2024-10-08T19:45:33.223+0530 [DEBUG] [org.gradle.launcher.daemon.server.DefaultDaemonConnection] thread 641: Received end-of-input from client.
2024-10-08T19:45:33.224+0530 [DEBUG] [org.gradle.launcher.daemon.server.SynchronizedDispatchConnection] thread 640: stopping connection
2024-10-08T19:45:36.921+0530 [DEBUG] [org.gradle.cache.internal.DefaultFileLockManager] Waiting to acquire shared lock on daemon addresses registry.
2024-10-08T19:45:36.922+0530 [DEBUG] [org.gradle.cache.internal.DefaultFileLockManager] Lock acquired on daemon addresses registry.
2024-10-08T19:45:36.923+0530 [DEBUG] [org.gradle.cache.internal.DefaultFileLockManager] Releasing lock on daemon addresses registry.
2024-10-08T19:45:36.923+0530 [DEBUG] [org.gradle.cache.internal.DefaultFileLockManager] Waiting to acquire shared lock on daemon addresses registry.
2024-10-08T19:45:36.923+0530 [DEBUG] [org.gradle.cache.internal.DefaultFileLockManager] Lock acquired on daemon addresses registry.
2024-10-08T19:45:36.924+0530 [DEBUG] [org.gradle.cache.internal.DefaultFileLockManager] Releasing lock on daemon addresses registry.
2024-10-08T19:45:37.609+0530 [DEBUG] [org.gradle.process.internal.health.memory.DefaultMemoryManager] 831603097 memory requested, 500244480 free
2024-10-08T19:45:37.609+0530 [DEBUG] [org.gradle.workers.internal.WorkerDaemonExpiration] Will attempt to release 793 of memory
2024-10-08T19:45:37.609+0530 [DEBUG] [org.gradle.process.internal.health.memory.DefaultMemoryManager] 831603097 memory requested, 0 released, 500244480 free
2024-10-08T19:45:42.613+0530 [DEBUG] [org.gradle.process.internal.health.memory.DefaultMemoryManager] 831603097 memory requested, 383721472 free
2024-10-08T19:45:42.613+0530 [DEBUG] [org.gradle.workers.internal.WorkerDaemonExpiration] Will attempt to release 793 of memory
2024-10-08T19:45:42.613+0530 [DEBUG] [org.gradle.process.internal.health.memory.DefaultMemoryManager] 831603097 memory requested, 0 released, 383721472 free
2024-10-08T19:45:46.929+0530 [DEBUG] [org.gradle.cache.internal.DefaultFileLockManager] Waiting to acquire shared lock on daemon addresses registry.
2024-10-08T19:45:46.929+0530 [DEBUG] [org.gradle.cache.internal.DefaultFileLockManager] Lock acquired on daemon addresses registry.
2024-10-08T19:45:46.929+0530 [DEBUG] [org.gradle.cache.internal.DefaultFileLockManager] Releasing lock on daemon addresses registry.
2024-10-08T19:45:46.930+0530 [DEBUG] [org.gradle.cache.internal.DefaultFileLockManager] Waiting to acquire shared lock on daemon addresses registry.
2024-10-08T19:45:46.931+0530 [DEBUG] [org.gradle.cache.internal.DefaultFileLockManager] Lock acquired on daemon addresses registry.
2024-10-08T19:45:46.931+0530 [DEBUG] [org.gradle.cache.internal.DefaultFileLockManager] Releasing lock on daemon addresses registry.
2024-10-08T19:45:46.932+0530 [DEBUG] [org.gradle.cache.internal.DefaultFileLockManager] Waiting to acquire shared lock on daemon addresses registry.
2024-10-08T19:45:46.932+0530 [DEBUG] [org.gradle.cache.internal.DefaultFileLockManager] Lock acquired on daemon addresses registry.
2024-10-08T19:45:46.932+0530 [DEBUG] [org.gradle.cache.internal.DefaultFileLockManager] Releasing lock on daemon addresses registry.
2024-10-08T19:45:47.622+0530 [DEBUG] [org.gradle.process.internal.health.memory.DefaultMemoryManager] 831603097 memory requested, 798150656 free
2024-10-08T19:45:47.622+0530 [DEBUG] [org.gradle.workers.internal.WorkerDaemonExpiration] Will attempt to release 793 of memory
2024-10-08T19:45:47.622+0530 [DEBUG] [org.gradle.process.internal.health.memory.DefaultMemoryManager] 831603097 memory requested, 0 released, 798150656 free
2024-10-08T19:45:52.615+0530 [DEBUG] [org.gradle.process.internal.health.memory.DefaultMemoryManager] 831603097 memory requested, 798773248 free
2024-10-08T19:45:52.615+0530 [DEBUG] [org.gradle.workers.internal.WorkerDaemonExpiration] Will attempt to release 793 of memory
2024-10-08T19:45:52.616+0530 [DEBUG] [org.gradle.process.internal.health.memory.DefaultMemoryManager] 831603097 memory requested, 0 released, 798773248 free
2024-10-08T19:45:56.926+0530 [DEBUG] [org.gradle.cache.internal.DefaultFileLockManager] Waiting to acquire shared lock on daemon addresses registry.
2024-10-08T19:45:56.926+0530 [DEBUG] [org.gradle.cache.internal.DefaultFileLockManager] Lock acquired on daemon addresses registry.
2024-10-08T19:45:56.927+0530 [DEBUG] [org.gradle.cache.internal.DefaultFileLockManager] Releasing lock on daemon addresses registry.
2024-10-08T19:45:56.928+0530 [DEBUG] [org.gradle.cache.internal.DefaultFileLockManager] Waiting to acquire shared lock on daemon addresses registry.
2024-10-08T19:45:56.928+0530 [DEBUG] [org.gradle.cache.internal.DefaultFileLockManager] Lock acquired on daemon addresses registry.
2024-10-08T19:45:56.928+0530 [DEBUG] [org.gradle.cache.internal.DefaultFileLockManager] Releasing lock on daemon addresses registry.
2024-10-08T19:45:56.929+0530 [DEBUG] [org.gradle.cache.internal.DefaultFileLockManager] Waiting to acquire shared lock on daemon addresses registry.
2024-10-08T19:45:56.929+0530 [DEBUG] [org.gradle.cache.internal.DefaultFileLockManager] Lock acquired on daemon addresses registry.
2024-10-08T19:45:56.930+0530 [DEBUG] [org.gradle.cache.internal.DefaultFileLockManager] Releasing lock on daemon addresses registry.
2024-10-08T19:45:57.612+0530 [DEBUG] [org.gradle.process.internal.health.memory.DefaultMemoryManager] 831603097 memory requested, 817278976 free
2024-10-08T19:45:57.613+0530 [DEBUG] [org.gradle.workers.internal.WorkerDaemonExpiration] Will attempt to release 793 of memory
2024-10-08T19:45:57.613+0530 [DEBUG] [org.gradle.process.internal.health.memory.DefaultMemoryManager] 831603097 memory requested, 0 released, 817278976 free
2024-10-08T19:46:02.611+0530 [DEBUG] [org.gradle.process.internal.health.memory.DefaultMemoryManager] 831603097 memory requested, 820789248 free
2024-10-08T19:46:02.611+0530 [DEBUG] [org.gradle.workers.internal.WorkerDaemonExpiration] Will attempt to release 793 of memory
2024-10-08T19:46:02.612+0530 [DEBUG] [org.gradle.process.internal.health.memory.DefaultMemoryManager] 831603097 memory requested, 0 released, 820789248 free
2024-10-08T19:46:06.925+0530 [DEBUG] [org.gradle.cache.internal.DefaultFileLockManager] Waiting to acquire shared lock on daemon addresses registry.
2024-10-08T19:46:06.925+0530 [DEBUG] [org.gradle.cache.internal.DefaultFileLockManager] Lock acquired on daemon addresses registry.
2024-10-08T19:46:06.926+0530 [DEBUG] [org.gradle.cache.internal.DefaultFileLockManager] Releasing lock on daemon addresses registry.
2024-10-08T19:46:06.926+0530 [DEBUG] [org.gradle.cache.internal.DefaultFileLockManager] Waiting to acquire shared lock on daemon addresses registry.
2024-10-08T19:46:06.926+0530 [DEBUG] [org.gradle.cache.internal.DefaultFileLockManager] Lock acquired on daemon addresses registry.
2024-10-08T19:46:06.926+0530 [DEBUG] [org.gradle.cache.internal.DefaultFileLockManager] Releasing lock on daemon addresses registry.
2024-10-08T19:46:06.927+0530 [DEBUG] [org.gradle.cache.internal.DefaultFileLockManager] Waiting to acquire shared lock on daemon addresses registry.
2024-10-08T19:46:06.927+0530 [DEBUG] [org.gradle.cache.internal.DefaultFileLockManager] Lock acquired on daemon addresses registry.
2024-10-08T19:46:06.927+0530 [DEBUG] [org.gradle.cache.internal.DefaultFileLockManager] Releasing lock on daemon addresses registry.
2024-10-08T19:46:07.619+0530 [DEBUG] [org.gradle.process.internal.health.memory.DefaultMemoryManager] 831603097 memory requested, 818069504 free
2024-10-08T19:46:07.620+0530 [DEBUG] [org.gradle.workers.internal.WorkerDaemonExpiration] Will attempt to release 793 of memory
2024-10-08T19:46:07.620+0530 [DEBUG] [org.gradle.process.internal.health.memory.DefaultMemoryManager] 831603097 memory requested, 0 released, 818069504 free
2024-10-08T19:46:12.616+0530 [DEBUG] [org.gradle.process.internal.health.memory.DefaultMemoryManager] 831603097 memory requested, 823574528 free
2024-10-08T19:46:12.616+0530 [DEBUG] [org.gradle.workers.internal.WorkerDaemonExpiration] Will attempt to release 793 of memory
2024-10-08T19:46:12.616+0530 [DEBUG] [org.gradle.process.internal.health.memory.DefaultMemoryManager] 831603097 memory requested, 0 released, 823574528 free
2024-10-08T19:46:16.922+0530 [DEBUG] [org.gradle.cache.internal.DefaultFileLockManager] Waiting to acquire shared lock on daemon addresses registry.
2024-10-08T19:46:16.922+0530 [DEBUG] [org.gradle.cache.internal.DefaultFileLockManager] Lock acquired on daemon addresses registry.
2024-10-08T19:46:16.922+0530 [DEBUG] [org.gradle.cache.internal.DefaultFileLockManager] Releasing lock on daemon addresses registry.
2024-10-08T19:46:16.922+0530 [DEBUG] [org.gradle.cache.internal.DefaultFileLockManager] Waiting to acquire shared lock on daemon addresses registry.
2024-10-08T19:46:16.922+0530 [DEBUG] [org.gradle.cache.internal.DefaultFileLockManager] Lock acquired on daemon addresses registry.
2024-10-08T19:46:16.923+0530 [DEBUG] [org.gradle.cache.internal.DefaultFileLockManager] Releasing lock on daemon addresses registry.
2024-10-08T19:46:16.923+0530 [DEBUG] [org.gradle.cache.internal.DefaultFileLockManager] Waiting to acquire shared lock on daemon addresses registry.
2024-10-08T19:46:16.923+0530 [DEBUG] [org.gradle.cache.internal.DefaultFileLockManager] Lock acquired on daemon addresses registry.
2024-10-08T19:46:16.923+0530 [DEBUG] [org.gradle.cache.internal.DefaultFileLockManager] Releasing lock on daemon addresses registry.
2024-10-08T19:46:17.607+0530 [DEBUG] [org.gradle.process.internal.health.memory.DefaultMemoryManager] 831603097 memory requested, 817131520 free
2024-10-08T19:46:17.607+0530 [DEBUG] [org.gradle.workers.internal.WorkerDaemonExpiration] Will attempt to release 793 of memory
2024-10-08T19:46:17.607+0530 [DEBUG] [org.gradle.process.internal.health.memory.DefaultMemoryManager] 831603097 memory requested, 0 released, 817131520 free
2024-10-08T19:46:22.606+0530 [DEBUG] [org.gradle.process.internal.health.memory.DefaultMemoryManager] 831603097 memory requested, 820699136 free
2024-10-08T19:46:22.606+0530 [DEBUG] [org.gradle.workers.internal.WorkerDaemonExpiration] Will attempt to release 793 of memory
2024-10-08T19:46:22.607+0530 [DEBUG] [org.gradle.process.internal.health.memory.DefaultMemoryManager] 831603097 memory requested, 0 released, 820699136 free
2024-10-08T19:46:26.916+0530 [DEBUG] [org.gradle.cache.internal.DefaultFileLockManager] Waiting to acquire shared lock on daemon addresses registry.
2024-10-08T19:46:26.916+0530 [DEBUG] [org.gradle.cache.internal.DefaultFileLockManager] Lock acquired on daemon addresses registry.
2024-10-08T19:46:26.917+0530 [DEBUG] [org.gradle.cache.internal.DefaultFileLockManager] Releasing lock on daemon addresses registry.
2024-10-08T19:46:26.917+0530 [DEBUG] [org.gradle.cache.internal.DefaultFileLockManager] Waiting to acquire shared lock on daemon addresses registry.
2024-10-08T19:46:26.918+0530 [DEBUG] [org.gradle.cache.internal.DefaultFileLockManager] Lock acquired on daemon addresses registry.
2024-10-08T19:46:26.918+0530 [DEBUG] [org.gradle.cache.internal.DefaultFileLockManager] Releasing lock on daemon addresses registry.
2024-10-08T19:46:26.919+0530 [DEBUG] [org.gradle.cache.internal.DefaultFileLockManager] Waiting to acquire shared lock on daemon addresses registry.
2024-10-08T19:46:26.919+0530 [DEBUG] [org.gradle.cache.internal.DefaultFileLockManager] Lock acquired on daemon addresses registry.
2024-10-08T19:46:26.919+0530 [DEBUG] [org.gradle.cache.internal.DefaultFileLockManager] Releasing lock on daemon addresses registry.
2024-10-08T19:46:27.612+0530 [DEBUG] [org.gradle.process.internal.health.memory.DefaultMemoryManager] 831603097 memory requested, 826425344 free
2024-10-08T19:46:27.613+0530 [DEBUG] [org.gradle.workers.internal.WorkerDaemonExpiration] Will attempt to release 793 of memory
2024-10-08T19:46:27.613+0530 [DEBUG] [org.gradle.process.internal.health.memory.DefaultMemoryManager] 831603097 memory requested, 0 released, 826425344 free
2024-10-08T19:46:32.614+0530 [DEBUG] [org.gradle.process.internal.health.memory.DefaultMemoryManager] 831603097 memory requested, 829440000 free
2024-10-08T19:46:32.614+0530 [DEBUG] [org.gradle.workers.internal.WorkerDaemonExpiration] Will attempt to release 793 of memory
2024-10-08T19:46:32.614+0530 [DEBUG] [org.gradle.process.internal.health.memory.DefaultMemoryManager] 831603097 memory requested, 0 released, 829440000 free
2024-10-08T19:46:36.921+0530 [DEBUG] [org.gradle.cache.internal.DefaultFileLockManager] Waiting to acquire shared lock on daemon addresses registry.
2024-10-08T19:46:36.921+0530 [DEBUG] [org.gradle.cache.internal.DefaultFileLockManager] Lock acquired on daemon addresses registry.
2024-10-08T19:46:36.922+0530 [DEBUG] [org.gradle.cache.internal.DefaultFileLockManager] Releasing lock on daemon addresses registry.
2024-10-08T19:46:36.923+0530 [DEBUG] [org.gradle.cache.internal.DefaultFileLockManager] Waiting to acquire shared lock on daemon addresses registry.
2024-10-08T19:46:36.923+0530 [DEBUG] [org.gradle.cache.internal.DefaultFileLockManager] Lock acquired on daemon addresses registry.
2024-10-08T19:46:36.923+0530 [DEBUG] [org.gradle.cache.internal.DefaultFileLockManager] Releasing lock on daemon addresses registry.
2024-10-08T19:46:36.924+0530 [DEBUG] [org.gradle.cache.internal.DefaultFileLockManager] Waiting to acquire shared lock on daemon addresses registry.
2024-10-08T19:46:36.924+0530 [DEBUG] [org.gradle.cache.internal.DefaultFileLockManager] Lock acquired on daemon addresses registry.
2024-10-08T19:46:36.924+0530 [DEBUG] [org.gradle.cache.internal.DefaultFileLockManager] Releasing lock on daemon addresses registry.
2024-10-08T19:46:37.621+0530 [DEBUG] [org.gradle.process.internal.health.memory.DefaultMemoryManager] 831603097 memory requested, 831004672 free
2024-10-08T19:46:37.621+0530 [DEBUG] [org.gradle.workers.internal.WorkerDaemonExpiration] Will attempt to release 793 of memory
2024-10-08T19:46:37.621+0530 [DEBUG] [org.gradle.process.internal.health.memory.DefaultMemoryManager] 831603097 memory requested, 0 released, 831004672 free
2024-10-08T19:46:46.915+0530 [DEBUG] [org.gradle.cache.internal.DefaultFileLockManager] Waiting to acquire shared lock on daemon addresses registry.
2024-10-08T19:46:46.916+0530 [DEBUG] [org.gradle.cache.internal.DefaultFileLockManager] Lock acquired on daemon addresses registry.
2024-10-08T19:46:46.916+0530 [DEBUG] [org.gradle.cache.internal.DefaultFileLockManager] Releasing lock on daemon addresses registry.
2024-10-08T19:46:46.918+0530 [DEBUG] [org.gradle.cache.internal.DefaultFileLockManager] Waiting to acquire shared lock on daemon addresses registry.
2024-10-08T19:46:46.918+0530 [DEBUG] [org.gradle.cache.internal.DefaultFileLockManager] Lock acquired on daemon addresses registry.
2024-10-08T19:46:46.919+0530 [DEBUG] [org.gradle.cache.internal.DefaultFileLockManager] Releasing lock on daemon addresses registry.
2024-10-08T19:46:46.919+0530 [DEBUG] [org.gradle.cache.internal.DefaultFileLockManager] Waiting to acquire shared lock on daemon addresses registry.
2024-10-08T19:46:46.919+0530 [DEBUG] [org.gradle.cache.internal.DefaultFileLockManager] Lock acquired on daemon addresses registry.
2024-10-08T19:46:46.920+0530 [DEBUG] [org.gradle.cache.internal.DefaultFileLockManager] Releasing lock on daemon addresses registry.
2024-10-08T19:46:56.928+0530 [DEBUG] [org.gradle.cache.internal.DefaultFileLockManager] Waiting to acquire shared lock on daemon addresses registry.
2024-10-08T19:46:56.929+0530 [DEBUG] [org.gradle.cache.internal.DefaultFileLockManager] Lock acquired on daemon addresses registry.
2024-10-08T19:46:56.929+0530 [DEBUG] [org.gradle.cache.internal.DefaultFileLockManager] Releasing lock on daemon addresses registry.
2024-10-08T19:46:56.930+0530 [DEBUG] [org.gradle.cache.internal.DefaultFileLockManager] Waiting to acquire shared lock on daemon addresses registry.
2024-10-08T19:46:56.930+0530 [DEBUG] [org.gradle.cache.internal.DefaultFileLockManager] Lock acquired on daemon addresses registry.
2024-10-08T19:46:56.931+0530 [DEBUG] [org.gradle.cache.internal.DefaultFileLockManager] Releasing lock on daemon addresses registry.
2024-10-08T19:46:56.931+0530 [DEBUG] [org.gradle.cache.internal.DefaultFileLockManager] Waiting to acquire shared lock on daemon addresses registry.
2024-10-08T19:46:56.931+0530 [DEBUG] [org.gradle.cache.internal.DefaultFileLockManager] Lock acquired on daemon addresses registry.
2024-10-08T19:46:56.932+0530 [DEBUG] [org.gradle.cache.internal.DefaultFileLockManager] Releasing lock on daemon addresses registry.
2024-10-08T19:47:02.608+0530 [DEBUG] [org.gradle.process.internal.health.memory.DefaultMemoryManager] 831603097 memory requested, 685371392 free
2024-10-08T19:47:02.608+0530 [DEBUG] [org.gradle.workers.internal.WorkerDaemonExpiration] Will attempt to release 793 of memory
2024-10-08T19:47:02.608+0530 [DEBUG] [org.gradle.process.internal.health.memory.DefaultMemoryManager] 831603097 memory requested, 0 released, 685371392 free
2024-10-08T19:47:06.923+0530 [DEBUG] [org.gradle.cache.internal.DefaultFileLockManager] Waiting to acquire shared lock on daemon addresses registry.
2024-10-08T19:47:06.923+0530 [DEBUG] [org.gradle.cache.internal.DefaultFileLockManager] Lock acquired on daemon addresses registry.
2024-10-08T19:47:06.923+0530 [DEBUG] [org.gradle.cache.internal.DefaultFileLockManager] Releasing lock on daemon addresses registry.
2024-10-08T19:47:06.924+0530 [DEBUG] [org.gradle.cache.internal.DefaultFileLockManager] Waiting to acquire shared lock on daemon addresses registry.
2024-10-08T19:47:06.924+0530 [DEBUG] [org.gradle.cache.internal.DefaultFileLockManager] Lock acquired on daemon addresses registry.
2024-10-08T19:47:06.925+0530 [DEBUG] [org.gradle.cache.internal.DefaultFileLockManager] Releasing lock on daemon addresses registry.
2024-10-08T19:47:06.925+0530 [DEBUG] [org.gradle.cache.internal.DefaultFileLockManager] Waiting to acquire shared lock on daemon addresses registry.
2024-10-08T19:47:06.926+0530 [DEBUG] [org.gradle.cache.internal.DefaultFileLockManager] Lock acquired on daemon addresses registry.
2024-10-08T19:47:06.926+0530 [DEBUG] [org.gradle.cache.internal.DefaultFileLockManager] Releasing lock on daemon addresses registry.
2024-10-08T19:47:07.615+0530 [DEBUG] [org.gradle.process.internal.health.memory.DefaultMemoryManager] 831603097 memory requested, 778100736 free
2024-10-08T19:47:07.615+0530 [DEBUG] [org.gradle.workers.internal.WorkerDaemonExpiration] Will attempt to release 793 of memory
2024-10-08T19:47:07.615+0530 [DEBUG] [org.gradle.process.internal.health.memory.DefaultMemoryManager] 831603097 memory requested, 0 released, 778100736 free
2024-10-08T19:47:12.619+0530 [DEBUG] [org.gradle.process.internal.health.memory.DefaultMemoryManager] 831603097 memory requested, 826978304 free
2024-10-08T19:47:12.620+0530 [DEBUG] [org.gradle.workers.internal.WorkerDaemonExpiration] Will attempt to release 793 of memory
2024-10-08T19:47:12.620+0530 [DEBUG] [org.gradle.process.internal.health.memory.DefaultMemoryManager] 831603097 memory requested, 0 released, 826978304 free
2024-10-08T19:47:14.595+0530 [DEBUG] [org.gradle.internal.remote.internal.inet.TcpIncomingConnector] Accepted connection from /127.0.0.1:60295 to /127.0.0.1:60143.
2024-10-08T19:47:14.610+0530 [DEBUG] [org.gradle.launcher.daemon.server.SynchronizedDispatchConnection] thread 746: received class org.gradle.launcher.daemon.protocol.Build
2024-10-08T19:47:14.610+0530 [DEBUG] [org.gradle.launcher.daemon.server.DefaultDaemonConnection] thread 746: Received non-IO message from client: Build{id=874d5c8d-0f3f-42ee-87d9-15a8cbdf56c8, currentDir=C:\Users\Prerana Shelke\Downloads\Android-Attendance-App-2023}
2024-10-08T19:47:14.611+0530 [INFO] [org.gradle.launcher.daemon.server.DefaultIncomingConnectionHandler] Received command: Build{id=874d5c8d-0f3f-42ee-87d9-15a8cbdf56c8, currentDir=C:\Users\Prerana Shelke\Downloads\Android-Attendance-App-2023}.
2024-10-08T19:47:14.611+0530 [DEBUG] [org.gradle.launcher.daemon.server.DefaultIncomingConnectionHandler] Starting executing command: Build{id=874d5c8d-0f3f-42ee-87d9-15a8cbdf56c8, currentDir=C:\Users\Prerana Shelke\Downloads\Android-Attendance-App-2023} with connection: socket connection from /127.0.0.1:60143 to /127.0.0.1:60295.
2024-10-08T19:47:14.612+0530 [DEBUG] [org.gradle.launcher.daemon.server.DaemonStateCoordinator] Command execution: started DaemonCommandExecution[command = Build{id=874d5c8d-0f3f-42ee-87d9-15a8cbdf56c8, currentDir=C:\Users\Prerana Shelke\Downloads\Android-Attendance-App-2023}, connection = DefaultDaemonConnection: socket connection from /127.0.0.1:60143 to /127.0.0.1:60295] after 1.0 minutes of idle
2024-10-08T19:47:14.612+0530 [INFO] [org.gradle.launcher.daemon.server.DaemonRegistryUpdater] Marking the daemon as busy, address: [a3fff6cb-3efc-4464-8d73-09d128813481 port:60143, addresses:[localhost/127.0.0.1]]
2024-10-08T19:47:14.612+0530 [DEBUG] [org.gradle.launcher.daemon.registry.PersistentDaemonRegistry] Marking busy by address: [a3fff6cb-3efc-4464-8d73-09d128813481 port:60143, addresses:[localhost/127.0.0.1]]
2024-10-08T19:47:14.613+0530 [DEBUG] [org.gradle.cache.internal.DefaultFileLockManager] Waiting to acquire exclusive lock on daemon addresses registry.
2024-10-08T19:47:14.614+0530 [DEBUG] [org.gradle.cache.internal.DefaultFileLockManager] Lock acquired on daemon addresses registry.
2024-10-08T19:47:14.615+0530 [DEBUG] [org.gradle.cache.internal.DefaultFileLockManager] Releasing lock on daemon addresses registry.
2024-10-08T19:47:14.615+0530 [DEBUG] [org.gradle.launcher.daemon.server.DaemonStateCoordinator] resetting idle timer
2024-10-08T19:47:14.615+0530 [DEBUG] [org.gradle.launcher.daemon.server.DaemonStateCoordinator] daemon is running. Sleeping until state changes.
2024-10-08T19:47:14.616+0530 [INFO] [org.gradle.launcher.daemon.server.exec.StartBuildOrRespondWithBusy] Daemon is about to start building Build{id=874d5c8d-0f3f-42ee-87d9-15a8cbdf56c8, currentDir=C:\Users\Prerana Shelke\Downloads\Android-Attendance-App-2023}. Dispatching build started information...
2024-10-08T19:47:14.616+0530 [DEBUG] [org.gradle.launcher.daemon.server.SynchronizedDispatchConnection] thread 748: dispatching org.gradle.launcher.daemon.protocol.BuildStarted@6aa2adea
2024-10-08T19:47:14.618+0530 [DEBUG] [org.gradle.launcher.daemon.server.SynchronizedDispatchConnection] thread 746: received class org.gradle.launcher.daemon.protocol.CloseInput
2024-10-08T19:47:14.618+0530 [DEBUG] [org.gradle.launcher.daemon.server.exec.EstablishBuildEnvironment] Configuring env variables: [USERDOMAIN_ROAMINGPROFILE, IGCCSVC_DB, LOCALAPPDATA, PROCESSOR_LEVEL, USERDOMAIN, LOGONSERVER, SESSIONNAME, ALLUSERSPROFILE, PROCESSOR_ARCHITECTURE, PSModulePath, SystemDrive, OneDrive, APPDATA, USERNAME, ProgramFiles(x86), CommonProgramFiles, Path, PyCharm, PATHEXT, DriverData, OS, OneDriveConsumer, COMPUTERNAME, PROCESSOR_REVISION, CommonProgramW6432, ComSpec, ProgramData, ProgramW6432, TEMP, HOMEPATH, SystemRoot, PROCESSOR_IDENTIFIER, HOMEDRIVE, USERPROFILE, EFC_1420, TMP, POWERSHELL_DISTRIBUTION_CHANNEL, CommonProgramFiles(x86), ProgramFiles, PUBLIC, windir, NUMBER_OF_PROCESSORS, =::, ZES_ENABLE_SYSMAN]
2024-10-08T19:47:14.618+0530 [DEBUG] [org.gradle.launcher.daemon.server.DefaultDaemonConnection] thread 746: Received IO message from client: org.gradle.launcher.daemon.protocol.CloseInput@3125aa68
2024-10-08T19:47:14.619+0530 [DEBUG] [org.gradle.launcher.daemon.server.exec.LogToClient] About to start relaying all logs to the client via the connection.
2024-10-08T19:47:14.619+0530 [INFO] [org.gradle.launcher.daemon.server.exec.LogToClient] The client will now receive all logging from the daemon (pid: 18596). The daemon log file: C:\Users\Prerana Shelke\Downloads\Android-Attendance-App-2023\daemon\7.2\daemon-18596.out.log
2024-10-08T19:47:14.620+0530 [INFO] [org.gradle.launcher.daemon.server.exec.LogAndCheckHealth] Starting 7th build in daemon [uptime: 13 mins 8.136 secs, performance: 100%, non-heap usage: 61% of 256 MiB]
2024-10-08T19:47:14.620+0530 [DEBUG] [org.gradle.launcher.daemon.server.exec.ExecuteBuild] The daemon has started executing the build.
2024-10-08T19:47:14.621+0530 [DEBUG] [org.gradle.launcher.daemon.server.exec.ExecuteBuild] Executing build with daemon context: DefaultDaemonContext[uid=90c16ccf-a23e-40ef-b3c1-30a98073b18f,javaHome=C:\Users\Prerana Shelke\.jdks\corretto-11.0.24,daemonRegistryDir=C:\Users\Prerana Shelke\Downloads\Android-Attendance-App-2023\daemon,pid=18596,idleTimeout=10800000,priority=NORMAL,daemonOpts=--add-opens,java.base/java.util=ALL-UNNAMED,--add-opens,java.base/java.lang=ALL-UNNAMED,--add-opens,java.base/java.lang.invoke=ALL-UNNAMED,--add-opens,java.base/java.util=ALL-UNNAMED,--add-opens,java.prefs/java.util.prefs=ALL-UNNAMED,--add-opens,java.prefs/java.util.prefs=ALL-UNNAMED,--add-opens,java.base/java.nio.charset=ALL-UNNAMED,--add-opens,java.base/java.net=ALL-UNNAMED,--add-opens,java.base/java.util.concurrent.atomic=ALL-UNNAMED,-XX:MaxMetaspaceSize=256m,-XX:+HeapDumpOnOutOfMemoryError,-Xms256m,-Xmx512m,-Dfile.encoding=UTF-8,-Duser.country=IN,-Duser.language=en,-Duser.variant]
AGPBI: {"kind":"warning","text":"We recommend using a newer Android Gradle plugin to use compileSdk = 33\n\nThis Android Gradle plugin (7.1.1) was tested up to compileSdk = 32\n\nThis warning can be suppressed by adding\n    android.suppressUnsupportedCompileSdk=33\nto this project's gradle.properties\n\nThe build will continue, but you are strongly encouraged to update your project to\nuse a newer Android Gradle Plugin that has been tested with compileSdk = 33","sources":[{}]}

Deprecated Gradle features were used in this build, making it incompatible with Gradle 8.0.

You can use '--warning-mode all' to show the individual deprecation warnings and determine if they come from your own scripts or plugins.

See https://docs.gradle.org/7.2/userguide/command_line_interface.html#sec:command_line_warnings

BUILD SUCCESSFUL in 865ms
28 actionable tasks: 28 up-to-date
2024-10-08T19:47:15.480+0530 [DEBUG] [org.gradle.launcher.daemon.server.exec.ExecuteBuild] The daemon has finished executing the build.
2024-10-08T19:47:15.498+0530 [DEBUG] [org.gradle.launcher.daemon.server.DaemonStateCoordinator] daemon is running. Sleeping until state changes.
2024-10-08T19:47:15.499+0530 [DEBUG] [org.gradle.launcher.daemon.server.DaemonStateCoordinator] Command execution: finished waiting for DaemonCommandExecution[command = Build{id=874d5c8d-0f3f-42ee-87d9-15a8cbdf56c8, currentDir=C:\Users\Prerana Shelke\Downloads\Android-Attendance-App-2023}, connection = DefaultDaemonConnection: socket connection from /127.0.0.1:60143 to /127.0.0.1:60295]. Result org.gradle.launcher.daemon.server.DaemonStateCoordinator@3c1f3009 with state Busy
2024-10-08T19:47:15.499+0530 [DEBUG] [org.gradle.launcher.daemon.server.DaemonStateCoordinator] Command execution: completed DaemonCommandExecution[command = Build{id=874d5c8d-0f3f-42ee-87d9-15a8cbdf56c8, currentDir=C:\Users\Prerana Shelke\Downloads\Android-Attendance-App-2023}, connection = DefaultDaemonConnection: socket connection from /127.0.0.1:60143 to /127.0.0.1:60295]
2024-10-08T19:47:15.499+0530 [DEBUG] [org.gradle.launcher.daemon.server.DaemonStateCoordinator] resetting idle timer
2024-10-08T19:47:15.499+0530 [INFO] [org.gradle.launcher.daemon.server.DaemonRegistryUpdater] Marking the daemon as idle, address: [a3fff6cb-3efc-4464-8d73-09d128813481 port:60143, addresses:[localhost/127.0.0.1]]
2024-10-08T19:47:15.499+0530 [DEBUG] [org.gradle.launcher.daemon.registry.PersistentDaemonRegistry] Marking busy by address: [a3fff6cb-3efc-4464-8d73-09d128813481 port:60143, addresses:[localhost/127.0.0.1]]
2024-10-08T19:47:15.503+0530 [DEBUG] [org.gradle.cache.internal.DefaultFileLockManager] Waiting to acquire exclusive lock on daemon addresses registry.
2024-10-08T19:47:15.504+0530 [DEBUG] [org.gradle.cache.internal.DefaultFileLockManager] Lock acquired on daemon addresses registry.
2024-10-08T19:47:15.505+0530 [DEBUG] [org.gradle.cache.internal.DefaultFileLockManager] Releasing lock on daemon addresses registry.
2024-10-08T19:47:15.505+0530 [DEBUG] [org.gradle.launcher.daemon.server.DaemonStateCoordinator] daemon is running. Sleeping until state changes.
2024-10-08T19:47:15.506+0530 [DEBUG] [org.gradle.launcher.daemon.server.exec.ReturnResult] Daemon is dispatching the build result: Success[value=org.gradle.launcher.exec.BuildActionResult@5648a8ab]
2024-10-08T19:47:15.506+0530 [DEBUG] [org.gradle.launcher.daemon.server.SynchronizedDispatchConnection] thread 745: dispatching Success[value=org.gradle.launcher.exec.BuildActionResult@5648a8ab]
2024-10-08T19:47:15.506+0530 [DEBUG] [org.gradle.launcher.daemon.server.DefaultIncomingConnectionHandler] Finishing executing command: Build{id=874d5c8d-0f3f-42ee-87d9-15a8cbdf56c8, currentDir=C:\Users\Prerana Shelke\Downloads\Android-Attendance-App-2023}
2024-10-08T19:47:15.506+0530 [DEBUG] [org.gradle.launcher.daemon.server.SynchronizedDispatchConnection] thread 746: received class org.gradle.launcher.daemon.protocol.Finished
2024-10-08T19:47:15.506+0530 [DEBUG] [org.gradle.launcher.daemon.server.DefaultDaemonConnection] thread 746: Received non-IO message from client: org.gradle.launcher.daemon.protocol.Finished@3fe2423c
2024-10-08T19:47:15.507+0530 [DEBUG] [org.gradle.launcher.daemon.server.DefaultIncomingConnectionHandler] Received finished message: org.gradle.launcher.daemon.protocol.Finished@3fe2423c
2024-10-08T19:47:15.507+0530 [DEBUG] [org.gradle.launcher.daemon.server.SynchronizedDispatchConnection] thread 745: stopping connection
2024-10-08T19:47:15.507+0530 [DEBUG] [org.gradle.internal.remote.internal.inet.SocketConnection] Discarding EOFException: java.io.EOFException
2024-10-08T19:47:15.507+0530 [DEBUG] [org.gradle.launcher.daemon.server.SynchronizedDispatchConnection] thread 746: received null
2024-10-08T19:47:15.507+0530 [DEBUG] [org.gradle.launcher.daemon.server.DefaultDaemonConnection] thread 746: Received end-of-input from client.
2024-10-08T19:47:15.507+0530 [DEBUG] [org.gradle.launcher.daemon.server.SynchronizedDispatchConnection] thread 745: stopping connection
2024-10-08T19:47:16.927+0530 [DEBUG] [org.gradle.cache.internal.DefaultFileLockManager] Waiting to acquire shared lock on daemon addresses registry.
2024-10-08T19:47:16.927+0530 [DEBUG] [org.gradle.cache.internal.DefaultFileLockManager] Lock acquired on daemon addresses registry.
2024-10-08T19:47:16.928+0530 [DEBUG] [org.gradle.cache.internal.DefaultFileLockManager] Releasing lock on daemon addresses registry.
2024-10-08T19:47:16.929+0530 [DEBUG] [org.gradle.cache.internal.DefaultFileLockManager] Waiting to acquire shared lock on daemon addresses registry.
2024-10-08T19:47:16.929+0530 [DEBUG] [org.gradle.cache.internal.DefaultFileLockManager] Lock acquired on daemon addresses registry.
2024-10-08T19:47:16.930+0530 [DEBUG] [org.gradle.cache.internal.DefaultFileLockManager] Releasing lock on daemon addresses registry.
2024-10-08T19:47:17.606+0530 [DEBUG] [org.gradle.process.internal.health.memory.DefaultMemoryManager] 831603097 memory requested, 797614080 free
2024-10-08T19:47:17.606+0530 [DEBUG] [org.gradle.workers.internal.WorkerDaemonExpiration] Will attempt to release 793 of memory
2024-10-08T19:47:17.606+0530 [DEBUG] [org.gradle.process.internal.health.memory.DefaultMemoryManager] 831603097 memory requested, 0 released, 797614080 free
2024-10-08T19:47:22.609+0530 [DEBUG] [org.gradle.process.internal.health.memory.DefaultMemoryManager] 831603097 memory requested, 808386560 free
2024-10-08T19:47:22.609+0530 [DEBUG] [org.gradle.workers.internal.WorkerDaemonExpiration] Will attempt to release 793 of memory
2024-10-08T19:47:22.609+0530 [DEBUG] [org.gradle.process.internal.health.memory.DefaultMemoryManager] 831603097 memory requested, 0 released, 808386560 free
2024-10-08T19:47:26.918+0530 [DEBUG] [org.gradle.cache.internal.DefaultFileLockManager] Waiting to acquire shared lock on daemon addresses registry.
2024-10-08T19:47:26.918+0530 [DEBUG] [org.gradle.cache.internal.DefaultFileLockManager] Lock acquired on daemon addresses registry.
2024-10-08T19:47:26.918+0530 [DEBUG] [org.gradle.cache.internal.DefaultFileLockManager] Releasing lock on daemon addresses registry.
2024-10-08T19:47:26.919+0530 [DEBUG] [org.gradle.cache.internal.DefaultFileLockManager] Waiting to acquire shared lock on daemon addresses registry.
2024-10-08T19:47:26.919+0530 [DEBUG] [org.gradle.cache.internal.DefaultFileLockManager] Lock acquired on daemon addresses registry.
2024-10-08T19:47:26.919+0530 [DEBUG] [org.gradle.cache.internal.DefaultFileLockManager] Releasing lock on daemon addresses registry.
2024-10-08T19:47:26.919+0530 [DEBUG] [org.gradle.cache.internal.DefaultFileLockManager] Waiting to acquire shared lock on daemon addresses registry.
2024-10-08T19:47:26.919+0530 [DEBUG] [org.gradle.cache.internal.DefaultFileLockManager] Lock acquired on daemon addresses registry.
2024-10-08T19:47:26.919+0530 [DEBUG] [org.gradle.cache.internal.DefaultFileLockManager] Releasing lock on daemon addresses registry.
2024-10-08T19:47:27.618+0530 [DEBUG] [org.gradle.process.internal.health.memory.DefaultMemoryManager] 831603097 memory requested, 765140992 free
2024-10-08T19:47:27.618+0530 [DEBUG] [org.gradle.workers.internal.WorkerDaemonExpiration] Will attempt to release 793 of memory
2024-10-08T19:47:27.618+0530 [DEBUG] [org.gradle.process.internal.health.memory.DefaultMemoryManager] 831603097 memory requested, 0 released, 765140992 free
2024-10-08T19:47:32.621+0530 [DEBUG] [org.gradle.process.internal.health.memory.DefaultMemoryManager] 831603097 memory requested, 778653696 free
2024-10-08T19:47:32.621+0530 [DEBUG] [org.gradle.workers.internal.WorkerDaemonExpiration] Will attempt to release 793 of memory
2024-10-08T19:47:32.621+0530 [DEBUG] [org.gradle.process.internal.health.memory.DefaultMemoryManager] 831603097 memory requested, 0 released, 778653696 free
2024-10-08T19:47:36.920+0530 [DEBUG] [org.gradle.cache.internal.DefaultFileLockManager] Waiting to acquire shared lock on daemon addresses registry.
2024-10-08T19:47:36.921+0530 [DEBUG] [org.gradle.cache.internal.DefaultFileLockManager] Lock acquired on daemon addresses registry.
2024-10-08T19:47:36.921+0530 [DEBUG] [org.gradle.cache.internal.DefaultFileLockManager] Releasing lock on daemon addresses registry.
2024-10-08T19:47:36.922+0530 [DEBUG] [org.gradle.cache.internal.DefaultFileLockManager] Waiting to acquire shared lock on daemon addresses registry.
2024-10-08T19:47:36.922+0530 [DEBUG] [org.gradle.cache.internal.DefaultFileLockManager] Lock acquired on daemon addresses registry.
2024-10-08T19:47:36.922+0530 [DEBUG] [org.gradle.cache.internal.DefaultFileLockManager] Releasing lock on daemon addresses registry.
2024-10-08T19:47:36.923+0530 [DEBUG] [org.gradle.cache.internal.DefaultFileLockManager] Waiting to acquire shared lock on daemon addresses registry.
2024-10-08T19:47:36.923+0530 [DEBUG] [org.gradle.cache.internal.DefaultFileLockManager] Lock acquired on daemon addresses registry.
2024-10-08T19:47:36.924+0530 [DEBUG] [org.gradle.cache.internal.DefaultFileLockManager] Releasing lock on daemon addresses registry.
2024-10-08T19:47:37.619+0530 [DEBUG] [org.gradle.process.internal.health.memory.DefaultMemoryManager] 831603097 memory requested, 777879552 free
2024-10-08T19:47:37.619+0530 [DEBUG] [org.gradle.workers.internal.WorkerDaemonExpiration] Will attempt to release 793 of memory
2024-10-08T19:47:37.619+0530 [DEBUG] [org.gradle.process.internal.health.memory.DefaultMemoryManager] 831603097 memory requested, 0 released, 777879552 free
2024-10-08T19:47:42.613+0530 [DEBUG] [org.gradle.process.internal.health.memory.DefaultMemoryManager] 831603097 memory requested, 784486400 free
2024-10-08T19:47:42.613+0530 [DEBUG] [org.gradle.workers.internal.WorkerDaemonExpiration] Will attempt to release 793 of memory
2024-10-08T19:47:42.613+0530 [DEBUG] [org.gradle.process.internal.health.memory.DefaultMemoryManager] 831603097 memory requested, 0 released, 784486400 free
2024-10-08T19:47:46.922+0530 [DEBUG] [org.gradle.cache.internal.DefaultFileLockManager] Waiting to acquire shared lock on daemon addresses registry.
2024-10-08T19:47:46.922+0530 [DEBUG] [org.gradle.cache.internal.DefaultFileLockManager] Lock acquired on daemon addresses registry.
2024-10-08T19:47:46.923+0530 [DEBUG] [org.gradle.cache.internal.DefaultFileLockManager] Releasing lock on daemon addresses registry.
2024-10-08T19:47:46.924+0530 [DEBUG] [org.gradle.cache.internal.DefaultFileLockManager] Waiting to acquire shared lock on daemon addresses registry.
2024-10-08T19:47:46.924+0530 [DEBUG] [org.gradle.cache.internal.DefaultFileLockManager] Lock acquired on daemon addresses registry.
2024-10-08T19:47:46.924+0530 [DEBUG] [org.gradle.cache.internal.DefaultFileLockManager] Releasing lock on daemon addresses registry.
2024-10-08T19:47:46.925+0530 [DEBUG] [org.gradle.cache.internal.DefaultFileLockManager] Waiting to acquire shared lock on daemon addresses registry.
2024-10-08T19:47:46.925+0530 [DEBUG] [org.gradle.cache.internal.DefaultFileLockManager] Lock acquired on daemon addresses registry.
2024-10-08T19:47:46.925+0530 [DEBUG] [org.gradle.cache.internal.DefaultFileLockManager] Releasing lock on daemon addresses registry.
2024-10-08T19:47:47.615+0530 [DEBUG] [org.gradle.process.internal.health.memory.DefaultMemoryManager] 831603097 memory requested, 781291520 free
2024-10-08T19:47:47.615+0530 [DEBUG] [org.gradle.workers.internal.WorkerDaemonExpiration] Will attempt to release 793 of memory
2024-10-08T19:47:47.615+0530 [DEBUG] [org.gradle.process.internal.health.memory.DefaultMemoryManager] 831603097 memory requested, 0 released, 781291520 free
2024-10-08T19:47:52.614+0530 [DEBUG] [org.gradle.process.internal.health.memory.DefaultMemoryManager] 831603097 memory requested, 784699392 free
2024-10-08T19:47:52.614+0530 [DEBUG] [org.gradle.workers.internal.WorkerDaemonExpiration] Will attempt to release 793 of memory
2024-10-08T19:47:52.615+0530 [DEBUG] [org.gradle.process.internal.health.memory.DefaultMemoryManager] 831603097 memory requested, 0 released, 784699392 free
2024-10-08T19:47:56.927+0530 [DEBUG] [org.gradle.cache.internal.DefaultFileLockManager] Waiting to acquire shared lock on daemon addresses registry.
2024-10-08T19:47:56.927+0530 [DEBUG] [org.gradle.cache.internal.DefaultFileLockManager] Lock acquired on daemon addresses registry.
2024-10-08T19:47:56.928+0530 [DEBUG] [org.gradle.cache.internal.DefaultFileLockManager] Releasing lock on daemon addresses registry.
2024-10-08T19:47:56.928+0530 [DEBUG] [org.gradle.cache.internal.DefaultFileLockManager] Waiting to acquire shared lock on daemon addresses registry.
2024-10-08T19:47:56.928+0530 [DEBUG] [org.gradle.cache.internal.DefaultFileLockManager] Lock acquired on daemon addresses registry.
2024-10-08T19:47:56.928+0530 [DEBUG] [org.gradle.cache.internal.DefaultFileLockManager] Releasing lock on daemon addresses registry.
2024-10-08T19:47:56.928+0530 [DEBUG] [org.gradle.cache.internal.DefaultFileLockManager] Waiting to acquire shared lock on daemon addresses registry.
2024-10-08T19:47:56.928+0530 [DEBUG] [org.gradle.cache.internal.DefaultFileLockManager] Lock acquired on daemon addresses registry.
2024-10-08T19:47:56.928+0530 [DEBUG] [org.gradle.cache.internal.DefaultFileLockManager] Releasing lock on daemon addresses registry.
2024-10-08T19:47:57.618+0530 [DEBUG] [org.gradle.process.internal.health.memory.DefaultMemoryManager] 831603097 memory requested, 779272192 free
2024-10-08T19:47:57.619+0530 [DEBUG] [org.gradle.workers.internal.WorkerDaemonExpiration] Will attempt to release 793 of memory
2024-10-08T19:47:57.619+0530 [DEBUG] [org.gradle.process.internal.health.memory.DefaultMemoryManager] 831603097 memory requested, 0 released, 779272192 free
2024-10-08T19:48:02.617+0530 [DEBUG] [org.gradle.process.internal.health.memory.DefaultMemoryManager] 831603097 memory requested, 793288704 free
2024-10-08T19:48:02.618+0530 [DEBUG] [org.gradle.workers.internal.WorkerDaemonExpiration] Will attempt to release 793 of memory
2024-10-08T19:48:02.618+0530 [DEBUG] [org.gradle.process.internal.health.memory.DefaultMemoryManager] 831603097 memory requested, 0 released, 793288704 free
2024-10-08T19:48:06.914+0530 [DEBUG] [org.gradle.cache.internal.DefaultFileLockManager] Waiting to acquire shared lock on daemon addresses registry.
2024-10-08T19:48:06.915+0530 [DEBUG] [org.gradle.cache.internal.DefaultFileLockManager] Lock acquired on daemon addresses registry.
2024-10-08T19:48:06.915+0530 [DEBUG] [org.gradle.cache.internal.DefaultFileLockManager] Releasing lock on daemon addresses registry.
2024-10-08T19:48:06.916+0530 [DEBUG] [org.gradle.cache.internal.DefaultFileLockManager] Waiting to acquire shared lock on daemon addresses registry.
2024-10-08T19:48:06.916+0530 [DEBUG] [org.gradle.cache.internal.DefaultFileLockManager] Lock acquired on daemon addresses registry.
2024-10-08T19:48:06.917+0530 [DEBUG] [org.gradle.cache.internal.DefaultFileLockManager] Releasing lock on daemon addresses registry.
2024-10-08T19:48:06.917+0530 [DEBUG] [org.gradle.cache.internal.DefaultFileLockManager] Waiting to acquire shared lock on daemon addresses registry.
2024-10-08T19:48:06.918+0530 [DEBUG] [org.gradle.cache.internal.DefaultFileLockManager] Lock acquired on daemon addresses registry.
2024-10-08T19:48:06.918+0530 [DEBUG] [org.gradle.cache.internal.DefaultFileLockManager] Releasing lock on daemon addresses registry.
2024-10-08T19:48:07.611+0530 [DEBUG] [org.gradle.process.internal.health.memory.DefaultMemoryManager] 831603097 memory requested, 782938112 free
2024-10-08T19:48:07.611+0530 [DEBUG] [org.gradle.workers.internal.WorkerDaemonExpiration] Will attempt to release 793 of memory
2024-10-08T19:48:07.611+0530 [DEBUG] [org.gradle.process.internal.health.memory.DefaultMemoryManager] 831603097 memory requested, 0 released, 782938112 free
2024-10-08T19:48:12.612+0530 [DEBUG] [org.gradle.process.internal.health.memory.DefaultMemoryManager] 831603097 memory requested, 787886080 free
2024-10-08T19:48:12.612+0530 [DEBUG] [org.gradle.workers.internal.WorkerDaemonExpiration] Will attempt to release 793 of memory
2024-10-08T19:48:12.612+0530 [DEBUG] [org.gradle.process.internal.health.memory.DefaultMemoryManager] 831603097 memory requested, 0 released, 787886080 free
2024-10-08T19:48:16.918+0530 [DEBUG] [org.gradle.cache.internal.DefaultFileLockManager] Waiting to acquire shared lock on daemon addresses registry.
2024-10-08T19:48:16.918+0530 [DEBUG] [org.gradle.cache.internal.DefaultFileLockManager] Lock acquired on daemon addresses registry.
2024-10-08T19:48:16.918+0530 [DEBUG] [org.gradle.cache.internal.DefaultFileLockManager] Releasing lock on daemon addresses registry.
2024-10-08T19:48:16.918+0530 [DEBUG] [org.gradle.cache.internal.DefaultFileLockManager] Waiting to acquire shared lock on daemon addresses registry.
2024-10-08T19:48:16.918+0530 [DEBUG] [org.gradle.cache.internal.DefaultFileLockManager] Lock acquired on daemon addresses registry.
2024-10-08T19:48:16.918+0530 [DEBUG] [org.gradle.cache.internal.DefaultFileLockManager] Releasing lock on daemon addresses registry.
2024-10-08T19:48:16.919+0530 [DEBUG] [org.gradle.cache.internal.DefaultFileLockManager] Waiting to acquire shared lock on daemon addresses registry.
2024-10-08T19:48:16.919+0530 [DEBUG] [org.gradle.cache.internal.DefaultFileLockManager] Lock acquired on daemon addresses registry.
2024-10-08T19:48:16.919+0530 [DEBUG] [org.gradle.cache.internal.DefaultFileLockManager] Releasing lock on daemon addresses registry.
2024-10-08T19:48:17.613+0530 [DEBUG] [org.gradle.process.internal.health.memory.DefaultMemoryManager] 831603097 memory requested, 775483392 free
2024-10-08T19:48:17.613+0530 [DEBUG] [org.gradle.workers.internal.WorkerDaemonExpiration] Will attempt to release 793 of memory
2024-10-08T19:48:17.614+0530 [DEBUG] [org.gradle.process.internal.health.memory.DefaultMemoryManager] 831603097 memory requested, 0 released, 775483392 free
2024-10-08T19:48:20.900+0530 [DEBUG] [org.gradle.internal.remote.internal.inet.TcpIncomingConnector] Accepted connection from /127.0.0.1:60323 to /127.0.0.1:60143.
2024-10-08T19:48:20.904+0530 [DEBUG] [org.gradle.internal.remote.internal.inet.TcpIncomingConnector] Accepted connection from /127.0.0.1:60324 to /127.0.0.1:60143.
2024-10-08T19:48:20.909+0530 [DEBUG] [org.gradle.launcher.daemon.server.SynchronizedDispatchConnection] thread 851: received class org.gradle.launcher.daemon.protocol.StopWhenIdle
2024-10-08T19:48:20.909+0530 [DEBUG] [org.gradle.launcher.daemon.server.SynchronizedDispatchConnection] thread 853: received class org.gradle.launcher.daemon.protocol.StopWhenIdle
2024-10-08T19:48:20.909+0530 [DEBUG] [org.gradle.launcher.daemon.server.DefaultDaemonConnection] thread 851: Received non-IO message from client: StopWhenIdle[id=2922cf20-49e3-4703-9da8-603cd0eee5d8]
2024-10-08T19:48:20.909+0530 [DEBUG] [org.gradle.launcher.daemon.server.DefaultDaemonConnection] thread 853: Received non-IO message from client: StopWhenIdle[id=a6b9309a-65b9-4e23-9a20-0de1b508a346]
2024-10-08T19:48:20.909+0530 [INFO] [org.gradle.launcher.daemon.server.DefaultIncomingConnectionHandler] Received command: StopWhenIdle[id=2922cf20-49e3-4703-9da8-603cd0eee5d8].
2024-10-08T19:48:20.909+0530 [INFO] [org.gradle.launcher.daemon.server.DefaultIncomingConnectionHandler] Received command: StopWhenIdle[id=a6b9309a-65b9-4e23-9a20-0de1b508a346].
2024-10-08T19:48:20.909+0530 [DEBUG] [org.gradle.launcher.daemon.server.DefaultIncomingConnectionHandler] Starting executing command: StopWhenIdle[id=2922cf20-49e3-4703-9da8-603cd0eee5d8] with connection: socket connection from /127.0.0.1:60143 to /127.0.0.1:60323.
2024-10-08T19:48:20.909+0530 [DEBUG] [org.gradle.launcher.daemon.server.DefaultIncomingConnectionHandler] Starting executing command: StopWhenIdle[id=a6b9309a-65b9-4e23-9a20-0de1b508a346] with connection: socket connection from /127.0.0.1:60143 to /127.0.0.1:60324.
2024-10-08T19:48:20.909+0530 [DEBUG] [org.gradle.launcher.daemon.server.DaemonRegistryUpdater] Storing daemon stop event: stop command received
2024-10-08T19:48:20.913+0530 [DEBUG] [org.gradle.launcher.daemon.registry.PersistentDaemonRegistry] Storing daemon stop event with timestamp 1728397100909
2024-10-08T19:48:20.915+0530 [DEBUG] [org.gradle.cache.internal.DefaultFileLockManager] Waiting to acquire exclusive lock on daemon addresses registry.
2024-10-08T19:48:20.916+0530 [DEBUG] [org.gradle.cache.internal.DefaultFileLockManager] Lock acquired on daemon addresses registry.
2024-10-08T19:48:20.918+0530 [DEBUG] [org.gradle.cache.internal.DefaultFileLockManager] Releasing lock on daemon addresses registry.
2024-10-08T19:48:20.920+0530 [LIFECYCLE] [org.gradle.launcher.daemon.server.DaemonStateCoordinator] Daemon will be stopped at the end of the build stop command received
2024-10-08T19:48:20.920+0530 [DEBUG] [org.gradle.launcher.daemon.server.DaemonStateCoordinator] Marking daemon stopped due to stop command received. The daemon is running a build: false
2024-10-08T19:48:20.920+0530 [DEBUG] [org.gradle.launcher.daemon.server.DaemonRegistryUpdater] Storing daemon stop event: stop command received
2024-10-08T19:48:20.921+0530 [DEBUG] [org.gradle.launcher.daemon.registry.PersistentDaemonRegistry] Storing daemon stop event with timestamp 1728397100921
2024-10-08T19:48:20.921+0530 [DEBUG] [org.gradle.launcher.daemon.server.DaemonStateCoordinator] daemon has stopped.
2024-10-08T19:48:20.921+0530 [DEBUG] [org.gradle.launcher.daemon.server.Daemon] stop() called on daemon
2024-10-08T19:48:20.921+0530 [INFO] [org.gradle.launcher.daemon.server.Daemon] Stop requested. Daemon is removing its presence from the registry...
2024-10-08T19:48:20.922+0530 [DEBUG] [org.gradle.cache.internal.DefaultFileLockManager] Waiting to acquire exclusive lock on daemon addresses registry.
2024-10-08T19:48:20.922+0530 [DEBUG] [org.gradle.launcher.daemon.server.SynchronizedDispatchConnection] thread 852: dispatching Success[value=null]
2024-10-08T19:48:20.922+0530 [DEBUG] [org.gradle.launcher.daemon.server.DefaultIncomingConnectionHandler] Finishing executing command: StopWhenIdle[id=a6b9309a-65b9-4e23-9a20-0de1b508a346]
2024-10-08T19:48:20.922+0530 [DEBUG] [org.gradle.cache.internal.DefaultFileLockManager] Lock acquired on daemon addresses registry.
2024-10-08T19:48:20.922+0530 [DEBUG] [org.gradle.launcher.daemon.server.SynchronizedDispatchConnection] thread 853: received class org.gradle.launcher.daemon.protocol.Finished
2024-10-08T19:48:20.923+0530 [DEBUG] [org.gradle.launcher.daemon.server.DefaultDaemonConnection] thread 853: Received non-IO message from client: org.gradle.launcher.daemon.protocol.Finished@295dd120
2024-10-08T19:48:20.923+0530 [DEBUG] [org.gradle.internal.remote.internal.inet.SocketConnection] Discarding EOFException: java.io.EOFException
2024-10-08T19:48:20.923+0530 [DEBUG] [org.gradle.launcher.daemon.server.SynchronizedDispatchConnection] thread 853: received null
2024-10-08T19:48:20.923+0530 [DEBUG] [org.gradle.launcher.daemon.server.DefaultDaemonConnection] thread 853: Received end-of-input from client.
2024-10-08T19:48:20.923+0530 [DEBUG] [org.gradle.launcher.daemon.server.DaemonRegistryUpdater] Removing our presence to clients, eg. removing this address from the registry: [a3fff6cb-3efc-4464-8d73-09d128813481 port:60143, addresses:[localhost/127.0.0.1]]
2024-10-08T19:48:20.923+0530 [DEBUG] [org.gradle.launcher.daemon.server.DefaultIncomingConnectionHandler] Received finished message: null
2024-10-08T19:48:20.923+0530 [DEBUG] [org.gradle.launcher.daemon.server.SynchronizedDispatchConnection] thread 852: stopping connection
2024-10-08T19:48:20.924+0530 [DEBUG] [org.gradle.launcher.daemon.server.SynchronizedDispatchConnection] thread 852: stopping connection
2024-10-08T19:48:20.924+0530 [DEBUG] [org.gradle.cache.internal.DefaultFileLockManager] Releasing lock on daemon addresses registry.
2024-10-08T19:48:20.925+0530 [DEBUG] [org.gradle.launcher.daemon.registry.PersistentDaemonRegistry] Removing daemon address: [a3fff6cb-3efc-4464-8d73-09d128813481 port:60143, addresses:[localhost/127.0.0.1]]
2024-10-08T19:48:20.925+0530 [DEBUG] [org.gradle.launcher.daemon.server.SynchronizedDispatchConnection] thread 850: dispatching Success[value=null]
2024-10-08T19:48:20.925+0530 [DEBUG] [org.gradle.launcher.daemon.server.DefaultIncomingConnectionHandler] Finishing executing command: StopWhenIdle[id=2922cf20-49e3-4703-9da8-603cd0eee5d8]
2024-10-08T19:48:20.925+0530 [DEBUG] [org.gradle.launcher.daemon.server.SynchronizedDispatchConnection] thread 851: received class org.gradle.launcher.daemon.protocol.Finished
2024-10-08T19:48:20.925+0530 [DEBUG] [org.gradle.launcher.daemon.server.DefaultDaemonConnection] thread 851: Received non-IO message from client: org.gradle.launcher.daemon.protocol.Finished@7dc7eee9
2024-10-08T19:48:20.925+0530 [DEBUG] [org.gradle.launcher.daemon.server.DefaultIncomingConnectionHandler] Received finished message: org.gradle.launcher.daemon.protocol.Finished@7dc7eee9
2024-10-08T19:48:20.925+0530 [DEBUG] [org.gradle.launcher.daemon.server.SynchronizedDispatchConnection] thread 850: stopping connection
2024-10-08T19:48:20.926+0530 [DEBUG] [org.gradle.internal.remote.internal.inet.SocketConnection] Discarding EOFException: java.io.EOFException
2024-10-08T19:48:20.926+0530 [DEBUG] [org.gradle.launcher.daemon.server.SynchronizedDispatchConnection] thread 851: received null
2024-10-08T19:48:20.926+0530 [DEBUG] [org.gradle.launcher.daemon.server.DefaultDaemonConnection] thread 851: Received end-of-input from client.
2024-10-08T19:48:20.927+0530 [DEBUG] [org.gradle.launcher.daemon.server.SynchronizedDispatchConnection] thread 850: stopping connection
2024-10-08T19:48:20.929+0530 [DEBUG] [org.gradle.cache.internal.DefaultFileLockManager] Waiting to acquire exclusive lock on daemon addresses registry.
2024-10-08T19:48:20.930+0530 [DEBUG] [org.gradle.cache.internal.DefaultFileLockManager] Lock acquired on daemon addresses registry.
2024-10-08T19:48:20.931+0530 [DEBUG] [org.gradle.cache.internal.DefaultFileLockManager] Releasing lock on daemon addresses registry.
2024-10-08T19:48:20.932+0530 [DEBUG] [org.gradle.launcher.daemon.server.DaemonRegistryUpdater] Address removed from registry.
2024-10-08T19:48:20.934+0530 [DEBUG] [org.gradle.cache.internal.LockOnDemandCrossProcessCacheAccess] Releasing file lock for jars (C:\Users\Prerana Shelke\Downloads\Android-Attendance-App-2023\caches\jars-9)
2024-10-08T19:48:20.934+0530 [DEBUG] [org.gradle.cache.internal.DefaultFileLockManager] Releasing lock on jars (C:\Users\Prerana Shelke\Downloads\Android-Attendance-App-2023\caches\jars-9).
2024-10-08T19:48:20.976+0530 [DEBUG] [org.gradle.cache.internal.LockOnDemandCrossProcessCacheAccess] Releasing file lock for file content cache (C:\Users\Prerana Shelke\Downloads\Android-Attendance-App-2023\caches\7.2\fileContent)
2024-10-08T19:48:20.976+0530 [DEBUG] [org.gradle.cache.internal.DefaultFileLockManager] Releasing lock on file content cache (C:\Users\Prerana Shelke\Downloads\Android-Attendance-App-2023\caches\7.2\fileContent).
2024-10-08T19:48:20.978+0530 [DEBUG] [org.gradle.cache.internal.LockOnDemandCrossProcessCacheAccess] Releasing file lock for Artifact transforms cache (C:\Users\Prerana Shelke\Downloads\Android-Attendance-App-2023\caches\transforms-3)
2024-10-08T19:48:20.978+0530 [DEBUG] [org.gradle.internal.watch.registry.impl.DefaultFileWatcherRegistry] Finished listening to file system change events
2024-10-08T19:48:20.978+0530 [DEBUG] [org.gradle.cache.internal.DefaultFileLockManager] Releasing lock on Artifact transforms cache (C:\Users\Prerana Shelke\Downloads\Android-Attendance-App-2023\caches\transforms-3).
2024-10-08T19:48:20.979+0530 [DEBUG] [org.gradle.cache.internal.LockOnDemandCrossProcessCacheAccess] Releasing file lock for artifact cache (C:\Users\Prerana Shelke\Downloads\Android-Attendance-App-2023\caches\modules-2)
2024-10-08T19:48:20.979+0530 [DEBUG] [org.gradle.cache.internal.btree.BTreePersistentIndexedCache] Closing cache module-metadata.bin (C:\Users\Prerana Shelke\Downloads\Android-Attendance-App-2023\caches\modules-2\metadata-2.97\module-metadata.bin)
2024-10-08T19:48:20.979+0530 [DEBUG] [org.gradle.cache.internal.btree.BTreePersistentIndexedCache] Closing cache module-artifact.bin (C:\Users\Prerana Shelke\Downloads\Android-Attendance-App-2023\caches\modules-2\metadata-2.97\module-artifact.bin)
2024-10-08T19:48:20.979+0530 [DEBUG] [org.gradle.cache.internal.btree.BTreePersistentIndexedCache] Closing cache module-artifacts.bin (C:\Users\Prerana Shelke\Downloads\Android-Attendance-App-2023\caches\modules-2\metadata-2.97\module-artifacts.bin)
2024-10-08T19:48:20.980+0530 [DEBUG] [org.gradle.cache.internal.btree.BTreePersistentIndexedCache] Closing cache resource-at-url.bin (C:\Users\Prerana Shelke\Downloads\Android-Attendance-App-2023\caches\modules-2\metadata-2.97\resource-at-url.bin)
2024-10-08T19:48:20.980+0530 [DEBUG] [org.gradle.cache.internal.DefaultFileLockManager] Releasing lock on artifact cache (C:\Users\Prerana Shelke\Downloads\Android-Attendance-App-2023\caches\modules-2).
2024-10-08T19:48:20.981+0530 [DEBUG] [org.gradle.cache.internal.DefaultCacheAccess] Cache Generated Gradle JARs cache (C:\Users\Prerana Shelke\Downloads\Android-Attendance-App-2023\caches\7.2\generated-gradle-jars) was closed 0 times.
2024-10-08T19:48:20.981+0530 [DEBUG] [org.gradle.cache.internal.LockOnDemandCrossProcessCacheAccess] Releasing file lock for journal cache (C:\Users\Prerana Shelke\Downloads\Android-Attendance-App-2023\caches\journal-1)
2024-10-08T19:48:20.981+0530 [DEBUG] [org.gradle.cache.internal.btree.BTreePersistentIndexedCache] Closing cache file-access.bin (C:\Users\Prerana Shelke\Downloads\Android-Attendance-App-2023\caches\journal-1\file-access.bin)
2024-10-08T19:48:20.981+0530 [DEBUG] [org.gradle.cache.internal.DefaultFileLockManager] Releasing lock on journal cache (C:\Users\Prerana Shelke\Downloads\Android-Attendance-App-2023\caches\journal-1).
2024-10-08T19:48:20.983+0530 [DEBUG] [org.gradle.cache.internal.LockOnDemandCrossProcessCacheAccess] Releasing file lock for file hash cache (C:\Users\Prerana Shelke\Downloads\Android-Attendance-App-2023\caches\7.2\fileHashes)
2024-10-08T19:48:20.983+0530 [DEBUG] [org.gradle.cache.internal.btree.BTreePersistentIndexedCache] Closing cache fileHashes.bin (C:\Users\Prerana Shelke\Downloads\Android-Attendance-App-2023\caches\7.2\fileHashes\fileHashes.bin)
2024-10-08T19:48:20.983+0530 [DEBUG] [org.gradle.cache.internal.btree.BTreePersistentIndexedCache] Closing cache resourceHashesCache.bin (C:\Users\Prerana Shelke\Downloads\Android-Attendance-App-2023\caches\7.2\fileHashes\resourceHashesCache.bin)
2024-10-08T19:48:20.983+0530 [DEBUG] [org.gradle.cache.internal.DefaultFileLockManager] Releasing lock on file hash cache (C:\Users\Prerana Shelke\Downloads\Android-Attendance-App-2023\caches\7.2\fileHashes).
2024-10-08T19:48:20.984+0530 [DEBUG] [org.gradle.cache.internal.LockOnDemandCrossProcessCacheAccess] Releasing file lock for execution history cache (C:\Users\Prerana Shelke\Downloads\Android-Attendance-App-2023\caches\7.2\executionHistory)
2024-10-08T19:48:20.984+0530 [DEBUG] [org.gradle.cache.internal.btree.BTreePersistentIndexedCache] Closing cache executionHistory.bin (C:\Users\Prerana Shelke\Downloads\Android-Attendance-App-2023\caches\7.2\executionHistory\executionHistory.bin)
2024-10-08T19:48:20.985+0530 [DEBUG] [org.gradle.cache.internal.DefaultFileLockManager] Releasing lock on execution history cache (C:\Users\Prerana Shelke\Downloads\Android-Attendance-App-2023\caches\7.2\executionHistory).
2024-10-08T19:48:20.986+0530 [DEBUG] [org.gradle.cache.internal.LockOnDemandCrossProcessCacheAccess] Releasing file lock for Java compile cache (C:\Users\Prerana Shelke\Downloads\Android-Attendance-App-2023\caches\7.2\javaCompile)
2024-10-08T19:48:20.987+0530 [DEBUG] [org.gradle.cache.internal.btree.BTreePersistentIndexedCache] Closing cache jarAnalysis.bin (C:\Users\Prerana Shelke\Downloads\Android-Attendance-App-2023\caches\7.2\javaCompile\jarAnalysis.bin)
2024-10-08T19:48:20.987+0530 [DEBUG] [org.gradle.cache.internal.btree.BTreePersistentIndexedCache] Closing cache classAnalysis.bin (C:\Users\Prerana Shelke\Downloads\Android-Attendance-App-2023\caches\7.2\javaCompile\classAnalysis.bin)
2024-10-08T19:48:20.987+0530 [DEBUG] [org.gradle.cache.internal.DefaultFileLockManager] Releasing lock on Java compile cache (C:\Users\Prerana Shelke\Downloads\Android-Attendance-App-2023\caches\7.2\javaCompile).
2024-10-08T19:48:21.006+0530 [DEBUG] [org.gradle.cache.internal.VersionSpecificCacheCleanupAction] Processed version-specific caches at C:\Users\Prerana Shelke\Downloads\Android-Attendance-App-2023\caches for cleanup in 0.017 secs
Daemon vm is shutting down... The daemon has exited normally or was terminated in response to a user interrupt.
2024-10-08T19:48:21.015+0530 [DEBUG] [org.gradle.launcher.daemon.registry.PersistentDaemonRegistry] Removing daemon address: [a3fff6cb-3efc-4464-8d73-09d128813481 port:60143, addresses:[localhost/127.0.0.1]]
2024-10-08T19:48:21.017+0530 [DEBUG] [org.gradle.cache.internal.DefaultFileLockManager] Waiting to acquire exclusive lock on daemon addresses registry.
2024-10-08T19:48:21.017+0530 [DEBUG] [org.gradle.cache.internal.DefaultFileLockManager] Lock acquired on daemon addresses registry.
2024-10-08T19:48:21.018+0530 [DEBUG] [org.gradle.cache.internal.DefaultFileLockManager] Releasing lock on daemon addresses registry.
